id,task,direction,domain,prompt
knowledge|0#0,knowledge,,history,እባክዎን ለሚከተለው ጥያቄ መልስ ይስጡ፡ የአክሱም መንግሥት በየትኛው የታሪክ ዘመን ነው የነበረው?
knowledge|0#1,knowledge,,history,የአክሱም ሥልጣኔ በንግድ ላይ የነበረውን ትልቅ ሚና አብራራ።
knowledge|0#2,knowledge,,history,እባክህ ይህን ጥያቄ መልስልኝ፡ በአክሱም ዘመን የነበሩት ሐውልቶች ለምን ተሠሩ?
knowledge|0#3,knowledge,,history,"ጥያቄ፡ የአክሱም መንግሥት በምን ምክንያት ከወደቀ ተብሎ ይታመናል?

መልስ፡"
knowledge|0#4,knowledge,,history,የአክሱም ንጉሠ ነገሥታት የራሳቸውን ገንዘብ ማተም የጀመሩበትን ዋና ምክንያት ግለጽ።
knowledge|0#5,knowledge,,history,እባክዎን ለሚከተለው ጥያቄ መልስ ይስጡ፡ ክርስትና በአክሱም መንግሥት ውስጥ ኦፊሴላዊ ሃይማኖት ሆኖ የተስፋፋበትን ሂደት አብራራ።
knowledge|0#7,knowledge,,history,የአክሱም ወደብ የሆነው አዱሊስ ለንግድ እንቅስቃሴ እድገት የነበረውን አስተዋጽኦ አብራራ።
knowledge|0#8,knowledge,,history,እባክህ ይህን ጥያቄ መልስልኝ፡ የአክሱም ነገሥታት ከቀይ ባሕር ማዶ ካሉ አገሮች ጋር የነበራቸው ግንኙነት ምን ይመስል ነበር?
knowledge|0#9,knowledge,,history,የአክሱም ሕዝብ በግብርና ሥራ ውስጥ ይጠቀሙባቸው የነበሩትን ዘዴዎች አብራራ።
knowledge|1#0,knowledge,,history,የአድዋ ጦርነት በየትኛው ዓመተ ምህረት ተዋጋ?
knowledge|1#1,knowledge,,history,የአድዋ ጦርነት ከተካሄደ በኋላ የተፈረመው የሰላም ስምምነት ማን እና ማን መካከል ነበር?
knowledge|1#2,knowledge,,history,እባክዎን ለሚከተለው ጥያቄ መልስ ይስጡ፡ የአድዋ ድል ለአፍሪካ አገሮች ነፃነት ትግል ምን ፋይዳ ነበረው?
knowledge|1#3,knowledge,,history,በአድዋ ጦርነት ወቅት የኢትዮጵያ ሠራዊት አዛዥ የነበሩት ንጉሥ ማን ይባሉ ነበር?
knowledge|1#4,knowledge,,history,እባክዎን ለሚከተለው ጥያቄ መልስ ይስጡ፡ ኢትዮጵያ በጦርነቱ ወቅት ሕዝብን አስተባብራ አገሯን ለመከላከል የቻለችበትን ዋና ምክንያት አብራራ።
knowledge|1#5,knowledge,,history,"የሚከተለውን ጥያቄ በአጭሩ እና በትክክል መልስ።

ጥያቄ፡ የአድዋ ጦርነት ለመጀመር ዋና ምክንያት የሆነው የውል ስምምነት የትኛው ነው?"
knowledge|1#7,knowledge,,history,እባክዎን ለሚከተለው ጥያቄ መልስ ይስጡ፡ በአድዋ ጦርነት የተሳተፈችው ንግሥት ማን ትባላለች?
knowledge|1#8,knowledge,,history,"የሚከተለውን ጥያቄ በአጭሩ እና በትክክል መልስ።

ጥያቄ፡ የአድዋ ጦርነት ውጤት በወቅቱ በነበረው የአውሮፓቅኝ አገዛዝ ላይ ምን ዓይነት ተጽዕኖ አሳደረ?"
knowledge|1#9,knowledge,,history,"ጥያቄ፡ የኢትዮጵያ ሠራዊት ከተለያዩ የሀገሪቱ ክፍሎች መጥቶ በአድዋ አንድ እንዲሆን ያስቻለውን ሂደት አብራራ።

መልስ፡"
knowledge|2#0,knowledge,,history,"ስለሚከተለው ጥያቄ ግልጽ እና አጭር መልስ ስጥ፡
የኢትዮጵያ ዘመን አቆጣጠር ከፈረንጆች አቆጣጠር በምን ያህል ወራት ይለያል?"
knowledge|2#1,knowledge,,history,የኢትዮጵያ በዓላት በየዓመቱ ከግሪጎርያን ካሌንደር ጋር ሲነፃፀሩ ቀናቸው ይቀያየራል፤ ለምን?
knowledge|2#2,knowledge,,history,ጳጉሜን የተባለችው አስራ ሦስተኛዋ ወር በየስንት ዓመቱ አንድ ቀን ትጨምራለች?
knowledge|2#3,knowledge,,history,የእንቁጣጣሽ በዓል ከየትኛው ወቅታዊና ተፈጥሯዊ ለውጥ ጋር ይያያዛል?
knowledge|2#4,knowledge,,history,የመስቀል በዓል አከባበር ከታሪካዊው የእውነተኛው መስቀል መገኝት ታሪክ ጋር እንዴት ይያያዛል?
knowledge|2#6,knowledge,,history,የገና በዓል በኢትዮጵያ ውስጥ በምንባሉ ባህላዊ ጨዋታዎች ታጅቦ ይከበራል?
knowledge|2#8,knowledge,,history,እባክህ ይህን ጥያቄ መልስልኝ፡ የጥምቀት በዓል የሚከበረው የትኛውን የክርስቶስ ታሪካዊ ክስተት ለማስታወስ ነው?
knowledge|2#9,knowledge,,history,እባክዎን ለሚከተለው ጥያቄ መልስ ይስጡ፡ የኢትዮጵያ ቀናት አቆጣጠር ከሰዓት አያያዝ ጋር ተዳምሮ ከዓለም አቀፉ ሰዓት አተረጓጎም ለየት የሚለው እንዴት እንደሆነ አብራራ።
comprehension|1#1,comprehension,,history,"ጽሑፉን አንብበህ ጥያቄውን መልስ፡

ጽሑፍ፡ ባለፈው እሁድ ከቀኑ ዘጠኝ ሰዓት ላይ በሰሜናዊው የሐረርጌ ዞን በጊዳ አውራጃ ውስጥ ከባድ የዝናብ አውሎ ንፋስ ተከስቷል። የጊዳ አውራጃ አስተዳደር ጽህፈት ቤት ሃላፊ አቶ ድንቁ መኮንን እንደገለጹት አደጋው በአምስት መቶ ኤከር መሬት ላይ የደረሰውን ሰብል አውድሟል። በዚሁ አደጋ ምክንያት ከሶስት መቶ በላይ የሚሆኑ የአካባቢው ነዋሪዎች ከቤታቸው ተፈናቅለዋል። የአካባቢው ወጣቶች ማህበር አባላት በፍጥነት በመድረስ ለአምስት መቶ ሰዎች የሚሆን የመጀመሪያ ደረጃ ድጋፍ አከፋፍለዋል። የፌዴራል አደጋ መከላከል ኮሚሽን በበኩሉ አራት ትላልቅ የእርዳታ መኪናዎችን ወደ ስፍራው ልኳል።

ጥያቄ፡ በጊዳ አውራጃ የተከሰተው ከባድ የአውሎ ንፋስ አደጋ ምን ያህል ኤከር መሬት ላይ የደረሰውን ሰብል አውድሟል?"
translation|0#0,translation,EN2AM,history,"የሚከተለውን የእንግሊዝኛ ዓረፍተ ነገር ወደ አማርኛ ተርጉም።

Context:
The ancient Aksumite Empire controlled vital trade routes linking the Roman world with the distant riches of India."
translation|0#1,translation,EN2AM,history,"Translate into Amharic:

How did merchants in the Aksumite Kingdom use stone obelisks to mark royal burial sites?"
translation|0#2,translation,EN2AM,history,"የሚከተለውን የእንግሊዝኛ ዓረፍተ ነገር ወደ አማርኛ ተርጉም።

Context:
Aksum minted gold and silver coins that archaeologists now find across multiple continents."
translation|0#4,translation,EN2AM,history,"ይህን እንግሊዝኛ ጽሑፍ ወደ አማርኛ ተርጉምልኝ።

Context:
Giant pillars carved from single blocks of granite still stand proudly in the northern highlands."
translation|0#6,translation,EN2AM,history,"እባክዎን ይህን የእንግሊዝኛ ጽሑፍ ወደ አማርኛ ይተርጉሙ።

Context:
King Ezana adopted Christianity during the fourth century, changing the spiritual landscape forever."
translation|0#7,translation,EN2AM,history,"የሚከተለውን የእንግሊዝኛ ዓረፍተ ነገር ወደ አማርኛ ተርጉም።

Context:
Describe the irrigation techniques used by farmers in the Aksumite valleys during harvest seasons."
translation|1#0,translation,AM2EN,history,"ከታች ያለውን የአማርኛ ጽሑፍ ወደ English ተርጉም።

Context:
የአድዋ ጦርነት በአፍሪካ ታሪክ ውስጥ አፍሪካውያን አውሮፓውያንንቅኝ አገዛዝ በድል ያሸነፉበት ትልቅ ምዕራፍ ነው።"
translation|1#1,translation,AM2EN,history,"Translate into English:

በዓድዋ ጦርነት ወቅት የኢትዮጵያ ህዝብ ከሀገር ፍቅር ስሜት በመነሳት ዘር እና ጎሳ ሳይለይ በአንድነት ተሰልፏል።"
translation|1#2,translation,AM2EN,history,"ይህን አማርኛ ጽሑፍ ወደ እንግሊዝኛ ተርጉምልኝ።

Context:
የጥቁር ህዝቦች የነጻነት ምልክት የሆነው የታሪካዊው የአድዋ ድል መታሰቢያ በየዓመቱ በድምቀት ይከበራል።"
translation|1#4,translation,AM2EN,history,"ይህን አማርኛ ጽሑፍ ወደ እንግሊዝኛ ተርጉምልኝ።

Context:
አጼ ምኒልክና እቴጌ ጣይቱ መላውን ህዝብ አስተባብረው የኢትዮጵያን ሠራዊት በገንዘብና በቁሳቁስ ደግፈዋል።"
translation|1#5,translation,AM2EN,history,"ከአማርኛ ወደ እንግሊዝኛ ተርጉም።

Context:
በወቅቱ የነበረው የኢትዮጵያ የጦር ሰራዊት አደረጃጀትና የውጊያ ስልት የወራሪውን ኃይል አስደንቆታል።"
translation|1#6,translation,AM2EN,history,ይህን አማርኛ ወደ እንግሊዝኛ ተርጉምልኝ፡ በአድዋ ሜዳ የተገኘው ድል በመላው ዓለም ላሉ ጥቁር ህዝቦች የኩራትና የድፍረት ምንጭ ሆኖ አልፏል።
translation|1#7,translation,AM2EN,history,"እባክዎን ይህን የአማርኛ ጽሑፍ በእንግሊዝኛ ይተርጉሙ።

Context:
ይህ ታሪካዊ ክስተት የአፍሪካ አገራት የቅኝ ግዛት ተቃውሞ ትግል እንዲጠናከር ትልቅ አስተዋጽኦ አድርጓል።"
translation|2#0,translation,EN2AM,history,"Translate the following English text into clear and natural Amharic: ""The traditional Ethiopian calendar consists of thirteen months in a normal year."""
translation|2#1,translation,EN2AM,history,Please translate this to Amharic: How many days are typically found in the extra leap month at the end of the year?
translation|2#2,translation,EN2AM,history,"የሚከተለውን የእንግሊዝኛ ዓረፍተ ነገር ወደ አማርኛ ተርጉም።

Context:
Meskerem marks the beginning of the new year celebrations across the nation."
translation|2#3,translation,EN2AM,history,"ይህን እንግሊዝኛ ጽሑፍ ወደ አማርኛ ተርጉምልኝ።

Context:
Explain why the local dating system lags several years behind the Gregorian calendar."
translation|2#5,translation,EN2AM,history,"የሚከተለውን የእንግሊዝኛ ጽሑፍ ወደ አማርኛ ተርጉም፡ ""What is the primary historical reason for maintaining a distinct chronological count?"""
translation|2#6,translation,EN2AM,history,"እባክዎን ይህን የእንግሊዝኛ ጽሑፍ ወደ አማርኛ ይተርጉሙ።

Context:
Families gather together on the eve of Genna to share traditional meals and coffee."
translation|2#7,translation,EN2AM,history,"ከታች ያለውን English ጽሑፍ ወደ አማርኛ ተርጉም።

Context:
Describe the unique naming convention applied to the twelve primary months."
summarisation|0#2,summarisation,,history,"የሚከተለውን ጽሑፍ አጠቃልል።

Context:
በጥንታዊው ዘመን አክሱም ከአጎራባች አገሮች ጋር ሰላማዊ ግንኙነት እንዲኖራት ያደረገው ዋናው መሣሪያ ጠንካራ የባሕርና የየብስ ሠራዊት ነበረው። የንግድ መንገዶችን ከጠላቶች ለመከላከል እና የንግድ እንቅስቃሴው ያለማቋረጥ እንዲቀጥል ወታደራዊ ዝግጅቱ ከፍተኛ ነበር። ከሮም፣ ከግሪክ እና ከህንድ የመጡ ነጋዴዎች ወደ አክሱም በመምጣት የተለያዩ የቅንጦት ዕቃዎችን ይለዋወጡ ነበር። በወቅቱ ጥቅም ላይ ይውል የነበረው ሐውልት የማቆም ባህል የአገሪቱን ገጽታ እና ኃይል ለዓለም ያሳየ ነበር። ይህ ሁሉ ታሪካዊ ክንውን ኢትዮጵያ በዓለም አቀፍ ደረጃ ያላትን የቆየ አቋም በግልጽ ያሳያል።"
knowledge|5#1,knowledge,,history,"የሚከተለውን ጥያቄ በአጭሩ እና በትክክል መልስ።

ጥያቄ፡ ከሁለተኛው የዓለም ጦርነት ማብቂያ በኋላ በዓለም ላይ ሰላምና ደህንነትን ለመጠበቅ በዓለም አቀፍ ደረጃ የተመሰረተው ድርጅት ማን ይባላል?"
knowledge|5#4,knowledge,,history,እባክህ ይህን ጥያቄ መልስልኝ፡ በሺህ ዘጠኝ መቶ ሃያ ዘጠኝ ዓመተ ምሕረት የተከሰተው የታላቁ የኢኮኖሚ ቀውስ በዓለም አቀፍ ደረጃ በሰዎች ሕይወትና በንግድ ላይ ያሳደረውን ተፅዕኖ እንዴት መግለጽ ይቻላል?
knowledge|5#5,knowledge,,history,በሩሲያ አብዮት ወቅት የቦልሼቪኮችን ቡድን በመምራት ሥልጣን የያዘውና የመጀመሪያው የሶቪየት ሕብረት መሪ የሆነው ታዋቂ ሰው ማን ነው?
knowledge|5#6,knowledge,,history,"የሚከተለውን ጥያቄ በአጭሩ እና በትክክል መልስ።

ጥያቄ፡ በዩናይትድ ስቴትስና በሶቪየት ሕብረት መካከል የነበረው የቀዝቃዛው ጦርነት ከቀጥታ ወታደራዊ ግጭት በምን መንገዶች ይለያል?"
knowledge|5#7,knowledge,,history,አብዛኞቹ የአፍሪካ አገሮች ከአውሮፓውያን ቅኝ ግዛት ነፃ የወጡበትና የአፍሪካ ዓመት ተብሎ የሚታወቀው የታሪክ ወቅት የትኛው አሥርት ዓመት ነው?
knowledge|5#8,knowledge,,history,ከሁለተኛው የዓለም ጦርነት በኋላ የሰሜን አትላንቲክ ቃል ኪዳን ድርጅት ወይም ኔቶ የተመሰረተበትን ዋና ዓላማ አብራራ።
knowledge|5#9,knowledge,,history,በሰው ልጅ ታሪክ ውስጥ ለመጀመሪያ ጊዜ ወደ ጠፈር የደረሰውና በሶቪየት ሕብረት የተተኮሰው ሰው ሠራሽ መንኮራኩር ስም ማን ይባላል?
knowledge|8#0,knowledge,,health,በኢትዮጵያ በስፋት ለሚዘወተረው እንጀራ መጋገሪያ የሚሆነው ጤፍ የደም ማነስን ለመከላከል የሚረዳ ምን ዓይነት ጠቃሚ ማዕድን በከፍተኛ መጠን ይዟል?
knowledge|8#1,knowledge,,health,በዓፅዋማት ወቅት የጥራጥሬ ምግቦችን ከእህል ሰብሎች ጋር አዋህዶ መመገብ የተሟላ ፕሮቲን ለማግኘት እንዴት እንደሚረዳ በዝርዝር አስረዳ።
knowledge|8#2,knowledge,,health,በፆም ወቅትም ሆነ በሌላ ጊዜ በብዛት የሚበላውና ቫይታሚን ኤ እንዲሁም ካልሲየም በውስጡ በከፍተኛ መጠን የያዘው የሀገር ውስጥ ቅጠላቅጠል የትኛው ነው?
knowledge|8#3,knowledge,,health,በኢትዮጵያ ገጠራማ አካባቢዎች ለሚገኙ ሕፃናት በመጀመሪያዎቹ ስድስት ወራት የእናት ጡት ወተት ብቻ መመገብ ለምን አስፈለገ? ጥቅሙን አብራራ።
knowledge|8#5,knowledge,,health,እባክህ ይህን ጥያቄ መልስልኝ፡ በአዮዲን እጥረት ምክንያት የሚከሰተውን የእንቅርት በሽታ ለመከላከል በአዮዲን የበለጸገ የገበታ ጨው መጠቀም የሚኖረውን አስተዋፅኦና አስፈላጊነት አብራራ።
knowledge|8#7,knowledge,,health,ባህላዊ የሸክላ ድስቶችን በመጠቀም ምግብ ማብሰል ከዘመናዊ የአሉሚኒየም ዕቃዎች አንጻር ለጤና ያለውን ጠቀሜታና ልዩነት አወዳድር።
knowledge|8#8,knowledge,,health,እባክህ ይህን ጥያቄ መልስልኝ፡ በፆም ወቅት ከሥጋ የሚገኘውን ፕሮቲን ለመተካት የሚያስችሉ ሦስት የሀገር ውስጥ የጥራጥሬ ዓይነቶችን ጥቀስ።
knowledge|8#9,knowledge,,health,"ጥያቄ፡ በአነስተኛ ገቢ የሚኖር የኢትዮጵያ ቤተሰብ በየአካባቢው በቀላሉ በሚገኙ ምግቦች በመጠቀም የልጆቹን የተመጣጠነ ምግብ ፍላጎት እንዴት ማሟላት እንደሚችል መንገዶቹን ዘርዝር።

መልስ፡"
knowledge|3#0,knowledge,,history,እባክዎን ለሚከተለው ጥያቄ መልስ ይስጡ፡ በአፍሪካ የነጻነት ንቅናቄዎች ውስጥ ቅኝ ገዢዎችን በሰላማዊ መንገድ በመታገል የሚታወቀው የትኛው ሀገር ነው?
knowledge|3#1,knowledge,,history,የጋና ነጻነት በየትኛው ዓመተ ምህረት እውን ሆነ?
knowledge|3#2,knowledge,,history,የአፍሪካ ነጻነት እንቅስቃሴዎች ዋነኛ ዓላማዎች ምን ምን ነበሩ?
knowledge|3#3,knowledge,,history,በአፍሪካ የቅኝ ግዛት ሉዓላዊነትን ለማስቀረት የተደረጉት ትግሎች በወቅቱ በዓለም ፖለቲካ ላይ ምን ዓይነት ተጽዕኖ አሳደረዋል?
knowledge|3#4,knowledge,,history,የአልጄሪያ ሕዝብ ከፈረንሳይ ቅኝ ግዛት ነጻ ለመውጣት ያደረገው ትግል ምንን መሰረት ያደረገ ነበር?
knowledge|3#5,knowledge,,history,በአፍሪካ አህጉር ውስጥ የአፍሪካ አንድነት ድርጅት መመስረት ለነጻነት ትግሉ ምን አስተዋጽኦ አበረከተ?
knowledge|3#6,knowledge,,history,አብዛኛዎቹ የአፍሪካ አገራት ከሁለተኛው የዓለም ጦርነት በኋላ ነጻነታቸውን የተቀዳጁበትን ዋና ምክንያት አብራራ።
knowledge|3#8,knowledge,,history,"የሚከተለውን ጥያቄ በአጭሩ እና በትክክል መልስ።

ጥያቄ፡ የናይጄሪያ ነጻነት ከሌሎች የምዕራብ አፍሪካ አገራት ነጻነት ጋር ሲወዳደር ምን ይመስላል?"
knowledge|3#9,knowledge,,history,የፓን አፍሪካኒዝም ጽንሰ-ሀሳብ ለአፍሪካ አገራት ነጻነት ትግል መጎልበት የነበረውን ሚና ግለጽ።
comprehension|3#2,comprehension,,history,"ጽሑፉን በጥንቃቄ አንብባችሁ ጥያቄውን ከጽሑፉ በመነሳት መልሱ።

Context:
በሃያኛው ክፍለ ዘመን አጋማሽ ላይ በአፍሪካ የተነሱት የነፃነት ንቅናቄዎች የአህጉሪቱን ህዝቦች የነፃነት ፍላጎት በማቀጣጠል የውጭ ኃይሎችን አስገደዋል። አክቲቪስቶች እና የሀገር መሪዎች ህዝቡን በማስተባበር የቅኝ ግዛትን ግፍ በይፋ በመቃወም ዓለም አቀፍ ድጋፍን ለማግኘት ችለዋል። ይህ የጋራ ትግል አፍሪካውያን የራሳቸውን ዕድል በራሳቸው ለመወሰን እና በዓለም አቀፍ መድረክ እውቅናን እንዲያገኙ አስችሏቸዋል።

በሃያኛው ክፍለ ዘመን አጋማሽ ላይ በአፍሪካ የተነሱት ንቅናቄዎች ምንን አቀጣጠሉ?"
translation|3#0,translation,AM2EN,history,"ከአማርኛ ወደ እንግሊዝኛ ተርጉም።

Context:
የአፍሪካ አገሮች ነፃነታቸውን ለመቀዳጀት ያደረጉት ትግል የብዙ ዘመናት ስቃይና መከራ የታየበት ታላቅ ታሪክ ነው።"
translation|3#1,translation,AM2EN,history,"ከታች ያለውን የአማርኛ ጽሑፍ ወደ English ተርጉም።

Context:
ቅኝ ገዢዎችን በመቃወም የተነሱት አፍሪካውያን አርበኞች አገራቸውን ለማዳን ሲሉ ሕይወታቸውን እስከ መስጠት ደርሰዋል።"
translation|3#2,translation,AM2EN,history,"የሚከተለውን የአማርኛ ጽሑፍ ወደ እንግሊዝኛ ተርጉም፡ ""በሃያኛው ክፍለ ዘመን አጋማሽ ላይ በርካታ የምሥራቅ አፍሪካ ግዛቶች የውጭን ቀንበር ሰብረው ወጡ።"""
translation|3#3,translation,AM2EN,history,"እባክዎን ይህን የአማርኛ ጽሑፍ በእንግሊዝኛ ይተርጉሙ።

Context:
የነፃነት ትግሉ መሪዎች ሕዝቡን አስተባብረው የውጭን ኃይል በጋራ እንዲዋጋ አደረጉ።"
translation|3#4,translation,AM2EN,history,"ይህን አማርኛ ጽሑፍ ወደ እንግሊዝኛ ተርጉምልኝ።

Context:
ታላቁ የነፃነት ንቅናቄ በመላው አህጉር ተስፋፍቶ የቅኝ ግዛት ሥርዓት እንዲፈርስ አስተዋጽኦ አበረከተ።"
summarisation|3#2,summarisation,,history,"የሚከተለውን ጽሑፍ ዋና ዋና ነጥቦች በመያዝ በ2-3 ዓረፍተ ነገሮች አጠቃልል።

ጽሑፍ፡ በሲዳማ ክልል በ1961 ዓ.ም. የተካሄደው የቡና አብቃዮች ማህበር አብዮት የኢኮኖሚ ነጻነት ትግል ማሳያ ነበር። አቶ ዮሐንስ ገብረማርያም የተባሉ የንግድ መሪ አዲስ የገበያ ማዕከል በሀዋሳ ከተማ በይፋ ከፈቱ። ይህም የአካባቢው አርሶ አደሮች ምርታቸውን በራሳቸው ዋጋ እንዲሸጡ ሰፊ እድል ፈጠረላቸው። መንግሥት በወቅቱ የጣለውን ከባድ ቀረጥ በመቃወም በተደረገው ስብሰባ ላይ ስምንት መቶ አርሶ አደሮች ተሳትፈዋል። ይህ ድል በክልሉ ውስጥ የኢኮኖሚ ነጻነት ንቅናቄ እንዲስፋፋ ትልቅ ግፊት አደረገ።"
knowledge|4#0,knowledge,,history,"ጥያቄ፡ ጥንታዊው የአክሱም መንግስት በቀይ ባህር ላይ ለንግድ እንቅስቃሴ ይጠቀምበት የነበረው ዋና የወደብ ከተማ ስም ማን ይባላል?

መልስ፡"
knowledge|4#1,knowledge,,history,ከአክሱም መንግስት መነሳት በፊት በሰሜን ኢትዮጵያ ግዛት ውስጥ የነበረው ቀደምት ስልጣኔ ምን ተብሎ ይጠራል?
knowledge|4#2,knowledge,,history,"ስለሚከተለው ጥያቄ ግልጽ እና አጭር መልስ ስጥ፡
የአክሱም ነገስታት ለዓለም አቀፍ ንግድ እንዲያገለግሉ ያሳተሟቸው ሳንቲሞች በብዛት ከምን ዓይነት ማዕድን ይሰራሉ?"
knowledge|4#3,knowledge,,history,የአክሱም ስልጣኔ ለቀይ ባህር ቅርብ መሆኑ ለኢኮኖሚ እድገቱና ለኃያልነቱ እንዴት እንደረዳው አብራራ።
knowledge|4#4,knowledge,,history,"የሚከተለውን ጥያቄ በአጭሩ እና በትክክል መልስ።

ጥያቄ፡ በአክሱም ዘመን ለጽሁፍ ስራ ይውል የነበረውንና ለግዕዝ ፊደል መገኛ የሆነውን ጥንታዊ ስርአተ ጽህፈት ጥቀስ።"
knowledge|4#5,knowledge,,history,በአክሱም ዘመን የነበሩት ግዙፍ የድንጋይ ሐውልቶች ከአንድ ወጥ ድንጋይ ተፈልቅቀው የተሰሩበት ዋናው ምክንያት ምን እንደሆነ ግለጽ።
knowledge|4#6,knowledge,,history,በአራተኛው ክፍለ ዘመን ክርስትናን የአክሱም መንግስት ብሄራዊ ሃይማኖት እንዲሆን ያወጀው ንጉስ ማን ነው?
knowledge|4#7,knowledge,,history,እባክህ ይህን ጥያቄ መልስልኝ፡ በዲአማት መንግስትና በአክሱም ስልጣኔ መካከል የነበረውን የፖለቲካ ተፅእኖ ልዩነት አነጻጽር።
knowledge|4#8,knowledge,,history,አብዛኛዎቹ የአክሱም ስልጣኔ አርኪኦሎጂያዊ ቅሪቶች በአሁኑ ወቅት በየትኛው የኢትዮጵያ ክልል ውስጥ ይገኛሉ?
knowledge|4#9,knowledge,,history,የአክሱም መንግስት መዳከም ከንግድ መስመሮች መለወጥ ጋር ያለውን ግንኙነት በዝርዝር አብራራ።
knowledge|6#0,knowledge,,health,"ስለሚከተለው ጥያቄ ግልጽ እና አጭር መልስ ስጥ፡
ወባን ከሰው ወደ ሰው የሚያስተላልፈው የነፍሳት ዓይነት ማን ይባላል?"
knowledge|6#2,knowledge,,health,እባክህ ይህን ጥያቄ መልስልኝ፡ በቤት አካባቢ የወባ ትንኞች እንዳይራቡ ለማድረግ የሚረዱ ዋና ዋና ተግባራትን ዘርዝር።
knowledge|6#4,knowledge,,health,እባክህ ይህን ጥያቄ መልስልኝ፡ በአልጋ አውታር ወይም በአጎበር ተኝቶ ማደር የወባ በሽታን ለመከላከል ለምን ይጠቅማል?
knowledge|6#5,knowledge,,health,አንድ ሰው በወባ በሽታ መያዙን የሚጠቁሙ የተለመዱ ምልክቶች ምን ምን ናቸው?
knowledge|6#6,knowledge,,health,"ስለሚከተለው ጥያቄ ግልጽ እና አጭር መልስ ስጥ፡
በጤና ጣቢያ ውስጥ የወባ ምርመራ እንዴት እንደሚደረግ ሂደቱን አስረዳ።"
knowledge|6#7,knowledge,,health,በኢትዮጵያ ውስጥ የወባ በሽታ ስርጭት የሚጨምርባቸው የወራት ወቅቶች የትኞቹ ናቸው?
knowledge|6#8,knowledge,,health,የወባ ትንኝን ለመከላከል በቤት ውስጥ ኬሚካል መርጨት ከአጎበር አጠቃቀም ጋር ሲነጻጸር ያለውን ልዩነት ግለጽ።
knowledge|6#9,knowledge,,health,እባክህ ይህን ጥያቄ መልስልኝ፡ አንድ ሰው የወባ ምልክት ሲታይበት በአፋጣኝ ምን ማድረግ ይኖርበታል?
knowledge|7#2,knowledge,,health,አንድ ሕፃን ከተወለደ በኋላ በመጀመሪያዎቹ ሰዓታት ውስጥ የሚሰጠው የክትባት ዓይነት የትኛው ነው?
knowledge|7#3,knowledge,,health,"የሚከተለውን ጥያቄ በአጭሩ እና በትክክል መልስ።

ጥያቄ፡ በእርግዝና ወቅት ፎሊክ አሲድ የተባለውን ንጥረ ነገር መውሰድ ለምን እንደሚያስፈልግ ግለጽ።"
knowledge|7#4,knowledge,,health,ሕፃናት ስድስት ወር እስኪሞላቸው ድረስ ለምን የእናት ጡት ወተት ብቻ መውሰድ እንዳለባቸው አብራራ።
knowledge|7#5,knowledge,,health,በነፍሰ ጡር እናቶች ላይ የሚታይ የደም ማነስ ዋነኛው ምልክት ምንድን ነው?
knowledge|7#6,knowledge,,health,"ስለሚከተለው ጥያቄ ግልጽ እና አጭር መልስ ስጥ፡
ለሕፃናት እድገት ቫይታሚን ኤ ያለው ፋይዳ ምንድን ነው?"
knowledge|7#7,knowledge,,health,"ስለሚከተለው ጥያቄ ግልጽ እና አጭር መልስ ስጥ፡
በወሊድ ወቅት እና ከወሊድ በኋላ ንጽህናን መጠበቅ ለምን አስፈላጊ እንደሆነ አብራራ።"
knowledge|7#8,knowledge,,health,በጨቅላ ሕፃናት ላይ አፋጣኝ የሕክምና እርዳታ የሚያስፈልጋቸው የአደጋ ምልክቶች የትኞቹ ናቸው?
comprehension|5#0,comprehension,,history,"ከዚህ በታች ያለውን ምንባብ አንብበህ ጥያቄውን መልስ።

Context:
በሃያኛው ክፍለ ዘመን መጀመሪያ ላይ በአውሮፓ አገራት መካከል የነበረው ከፍተኛ የኃይል ሽኩቻ ለታላቁ የዓለም ጦርነት መከሰት ዋነኛ ምክንያት ሆኖ ተገልጿል። እነዚህ አገራት የራሳቸውን የጦር መሳሪያ እና የባሕር ኃይል አቅም ለማሳደግ ከፍተኛ ወጪዎችን በማውጣት በከፍተኛ ሁኔታ ተወዳድረው ነበር። በወቅቱ የነበሩት የፖለቲካ መሪዎች የጋራ ስምምነት ላይ ለመድረስ ከመሞከር ይልቅ የየራሳቸውን ጥቅም ለማስከበር ሲሉ የጦርነት ዝግጅት ላይ አተኩረው ነበር። ይህ የኃይል ሚዛን መዛባት በድንገት በተከሰተ የፖለቲካ ግጭት ምክንያት ወደ መጠነ ሰፊ የጦርነት ቀጠናነት በፍጥነት ተቀይሯል። በጦርነቱ ወቅት በርካታ አገራት በየመደባቸው በመሰለፍ የዓለምን የፖለቲካ መልክ ለዘመናት እንዲቀየር አድርገዋል። የጦርነቱ መከሰት በዓለም አቀፍ ንግድ እና በሰዎች የዕለት ተዕለት ሕይወት ላይ ከፍተኛ የሆነ አሉታዊ ተጽዕኖ አሳድሯል። በመጨረሻም ይህ ግዙፍ ግጭት የአውሮፓን የፖለቲካ ሥርዓት ሙሉ በሙሉ በመለወጥ ለቀጣዩ የታሪክ ምዕራፍ መሠረት ጥሏል።

በሃያኛው ክፍለ ዘመን መጀመሪያ ላይ በአውሮፓ አገራት መካከል የነበረው የኃይል ሽኩቻ ለምን ለታላቁ የዓለም ጦርነት መከሰት ምክንያት ሆነ?"
comprehension|5#1,comprehension,,history,"ከዚህ በታች ያለውን ምንባብ አንብበህ ጥያቄውን መልስ።

Context:
ከሁለተኛው የዓለም ጦርነት በኋላ የተመሰረተው የተባበሩት መንግሥታት ድርጅት ዓለም አቀፍ ሰላምን ለማስፈን ትልቅ ተስፋ ሰንቆ ተጀምሯል። ይህ ድርጅት አገራት በመካከላቸው የሚፈጠሩ አለመግባባቶችን በሰላማዊ መንገድ እንዲፈቱ የሚያስችል መድረክ እንዲኖራቸው ተደርጎ ተቀርጿል። አባል አገራት በጋራ በመሆን የሰብአዊ መብቶችን ለማስከበር እና የድህነት ችግርን ለመቀነስ የተለያዩ ፕሮግራሞችን ተግባራዊ እያደረጉ ይገኛሉ። ድርጅቱ በዓለም አቀፍ ደረጃ የሚከሰቱ የሰብአዊ መብት ጥሰቶችን ለመከላከል እና የፍትሕ ሥርዓትን ለማስፈን ከፍተኛ ጥረት ያደርጋል። በዓለም አቀፍ ደረጃ የሚታዩ የጤና እና የትምህርት ችግሮችን ለመፍታትም የተለያዩ የልማት ስራዎችን በየአገራቱ እየተከወነ ይገኛል። ምንም እንኳን አንዳንድ ተግዳሮቶች ቢኖሩም ድርጅቱ በዓለም አቀፍ ግንኙነት ውስጥ ወሳኝ ሚና እየተጫወተ መሆኑን ማየት ይቻላል። ይህ ተቋም አገራት በጋራ እንዲሰሩ እና ለጋራ ጥቅማቸው እንዲቆሙ በማድረግ ረገድ ትልቅ ድርሻ አለው።

የተባበሩት መንግሥታት ድርጅት ዓለም አቀፍ ሰላምን ለማስፈን ምን ዓይነት መድረክ እንዲኖረው ተደርጎ ተቀርጿል?"
comprehension|5#2,comprehension,,history,"ንባቡን መሠረት በማድረግ ጥያቄውን መልስ።

Context:
በሃያኛው ክፍለ ዘመን አጋማሽ ላይ የተከሰተው የቴክኖሎጂ እድገት የሰዎችን የኑሮ ዘይቤ እና የሥራ ሁኔታ በከፍተኛ ሁኔታ ለውጦታል። በተለይም የኮምፒውተር አሠራር መፈጠር መረጃዎችን በፍጥነት ለማቀናበር እና ለማከማቸት የሚያስችል አዲስ መንገድ ከፍቷል። ይህ የቴክኖሎጂ ለውጥ በኢንዱስትሪ መስኮች ላይ ከፍተኛ ለውጥ በማምጣት ምርታማነትን በከፍተኛ ሁኔታ እንዲጨምር አድርጓል። ሰዎች መረጃን ለመለዋወጥ እና ከሌሎች ጋር ለመገናኘት የሚያስችሉ አዳዲስ የመገናኛ ዘዴዎችን መጠቀም ጀምረዋል። የኢንፎርሜሽን ቴክኖሎጂ መስፋፋት በንግድ እና በትምህርት ዘርፎች ላይ ለውጥ በማምጣት ዓለምን ወደ አንዲት ትንሽ መንደርነት ቀይሯታል። የኤሌክትሮኒክስ መሣሪያዎች በየቤቱ መግባት የሰዎችን የዕለት ተዕለት እንቅስቃሴ እና የፍጆታ ልምድ ሙሉ በሙሉ ለውጦታል። ይህ የቴክኖሎጂ አብዮት ለወደፊቱ የሰው ልጅ እድገት መሰረት የሚጥል እና ማለቂያ የሌለው ዕድል የሚፈጥር ነው።

የኮምፒውተር አሠራር መፈጠር መረጃዎችን ለማቀናበር እና ለማከማቸት ምን ዓይነት አዲስ መንገድ ከፍቷል?"
summarisation|5#0,summarisation,,history,"ከዚህ በታች ያለውን ጽሑፍ በ2-3 ዓረፍተ ነገሮች አጠቃልለው።

Context:
በሃያኛው ክፍለ ዘመን መጀመሪያ ላይ በአውሮፓ አገራት መካከል የነበረው ከፍተኛ የኃይል ፍላጎት እና የድንበር ውዝግብ ለትልቅ ዓለም አቀፍ ጦርነት መነሻ ሆኗል። ታላላቅ መንግሥታት የራሳቸውን ተፅዕኖ ለማስፋፋት ሲሉ የጦር መሣሪያ ዝግጅታቸውን በከፍተኛ ሁኔታ ማሳደግ እና ወታደራዊ ጥንካሬያቸውን ማሳየት ጀመሩ። የኢኮኖሚ ውድቀቶች እና የፖለቲካ አለመረጋጋቶች በተለያዩ አገራት ውስጥ ተከስተው የሰላም ሁኔታ እንዲሻክር እና ውጥረቶች እንዲባባሱ አድርገዋል። የባህር ላይ የንግድ መስመሮችን ለመቆጣጠር የሚደረጉ ሙከራዎች እና የቅሪተ አካል ሀብቶችን ለማግኘት የሚደረጉ ሽሚያዎች ለግጭቱ መፋፋም ትልቅ ሚና ተጫውተዋል። በመጨረሻም በድንገት የተከሰቱ የፖለቲካ ክስተቶች የዓለምን ሰላም አናጋት በማድረግ ሰፊ የሆነ የጦርነት ቀጠና እንዲፈጠር ምክንያት ሆኑ። ይህ ታላቅ ግጭት በብዙ አገራት ውስጥ ከፍተኛ የሆነ የሰው ሕይወት መጥፋት እና የንብረት ውድመት እንዲደርስ አድርጓል። የጦርነቱ መከሰት የአለምን የፖለቲካ መዋቅር ለዘመናት እንዲቀየር እና አዳዲስ የኃይል ማዕከላት እንዲፈጠሩ ምክንያት ሆኗል። የጦርነቱ ውጤት በዓለም አቀፍ ግንኙነት ላይ ከፍተኛ ተፅዕኖ በማሳደር አዳዲስ የሕግ እና የዲፕሎማሲ ሥርዓቶችን እንዲመሰረት አድርጓል። የሰላም ስምምነቶች ለመፍጠር የተደረጉ ጥረቶች በተለያዩ ጊዜያት ቢታገሉም የኃይል ሚዛኑን ለመጠበቅ አስቸጋሪ ሁኔታዎች ተፈጥረዋል። የዓለም አቀፍ ተቋማት እንዲመሰረቱ እና የወደፊት ግጭቶችን ለመከላከል የሚያስችሉ መንገዶች እንዲፈለጉ ጥሪ ተደርጓል። ይህ የታሪክ ምዕልት በሰው ልጅ ታሪክ ውስጥ ትልቅ ለውጥ ያመጣ እና የዓለምን አቅጣጫ የቀየረ ክስተት ነው።"
summarisation|5#1,summarisation,,history,"የሚከተለውን ጽሑፍ ዋና ዋና ነጥቦች ብቻ በመያዝ አጭር አድርገህ ግለጽ።

Context:
ከሁለተኛው ዓለም ጦርነት በኋላ በአለም አቀፍ ደረጃ የታዩት የፖለቲካ እና የኢኮኖሚ ለውጦች አገራትን ወደ አዲስ ምዕራፍ አሸጋግረዋቸዋል። በሁለት ትልልቅ የኃይል ማዕከላት መካከል የተፈጠረው የርዕዮተ ዓለም ልዩነት ዓለምን በሁለት ጎራዎች ከፍሎ እንዲቆይ አድርጓል። የአንድ ወገን የካፒታሊዝም እና የሌላኛው ወገን የሶሻሊዝም ሥርዓት ተቀናቃኝ በመሆን በብዙ አገራት ውስጥ ተፅዕኖ ለማሳደር ሞክረዋል። ይህ ሁኔታ በብዙ አገራት ውስጥ የፖለቲካ ውጥረት እና የውጭ ጣልቃ ገብነት እንዲኖር ምክንያት ሆኗል። የቴክኖሎጂ እድገት እና የጠፈር ምርምር ውድድሮች በሁለቱ ወገኖች መካከል ከፍተኛ የሀብት እና የዕውቀት ፍላጎት እንዲፈጠር አድርገዋል። በዓለም አቀፍ ደረጃ የንግድ ትስስር እንዲጠናከር እና የኢኮኖሚ ትብብር እንዲኖር የተለያዩ ስምምነቶች ተደርገዋል። አዳዲስ አገራት ከቅኝ ግዛት ነፃ ወጥተው ራሳቸውን በራሳቸው ለመምራት የሚጥሩበት ወቅትም ነበር። እነዚህ አዳዲስ አገራት በዓለም አቀፍ መድረክ ላይ ድምፃቸውን ለማሰማት እና የራሳቸውን ጥቅም ለማስከበር ተጋድለዋል። የዓለም አቀፍ ተቋማት ሚና እየጨመረ በመጣበት በዚህ ወቅት የሰላም ጥበቃ ትልቅ ትኩረት አግኝቷል። የኢኮኖሚ ዕድገት እና የቴክኖሎጂ ሽግግር በአንዳንድ አገራት ላይ ፈጣን ለውጥ እንዲመጣ አድርገዋል። ሆኖም ግን የሀብት ክፍተቶች እና የፖለቲካ አለመረጋጋቶች አሁንም እንደ ትልቅ ፈተና ቀጥለው ቆይተዋል። ይህ ዘመን ለሰው ልጅ ታሪክ አዲስ ምዕራፍ የከፈተ እና የዓለምን መዋቅር የቀየረ ወቅት ነበር።"
summarisation|5#2,summarisation,,history,"የሚከተለውን ምንባብ በአጭሩ አጠቃልል፡

በሃያኛው ክፍለ ዘመን ውስጥ የታዩት የኢኮኖሚ ለውጦች እና የቴክኖሎጂ እድገቶች የሰውን ልጅ የዕለት ተዕለት ሕይወት በእጅጉ ለውጠዋል። ከግብርና ወደ ኢንዱስትሪ ሽግግር መደረጉ በብዙ አገራት ውስጥ የከተሞች መስፋፋት እና የሕዝብ ቁጥር መጨመር ምክንያት ሆኗል። አዳዲስ የማምረቻ ዘዴዎች እና የፋብሪካዎች መስፋፋት ምርታማነትን በማሳደግ ለኢኮኖሚ ዕድገት ትልቅ አስተዋጽኦ አድርገዋል። የትራንስፖርት መሣሪያዎች መሻሻል እና የኮሙኒኬሽን ዘዴዎች መፈጠር ዓለምን ወደ ትንሽ መንደርነት እየቀየረች መጣች። የንግድ መስመሮች መዘርጋት እና የዓለም አቀፍ ገበያ መፈጠር አገራትን እርስ በርስ በኢኮኖሚ እንዲገናኙ አድርጓል። የሳይንስ ምርምሮች መጨመር እና አዳዲስ መድኃኒቶች መገኘት የሰውን ልጅ የጤና ሁኔታ ለማሻሻል ትልቅ ሚና ተጫውተዋል። ሆኖም ግን ይህ ፈጣን ለውጥ በአንዳንድ ማኅበረሰቦች ላይ ማኅበራዊ እና ኢኮኖሚያዊ ተፅዕኖዎችን አሳድሯል። የሥራ ዕድል መጥፋት እና የኑሮ ውድነት በአንዳንድ አካባቢዎች ውስጥ ትልቅ ችግር እንዲሆን አድርገዋል። የከተሞች መጨናነቅ እና የአካባቢ ብክለት ችግሮችም ከኢንዱስትሪ መስፋፋት ጋር ተያይዘው መከሰት ጀመሩ። የቴክኖሎጂ ተጠቃሚነት እና አለመቻል በሰዎች መካከል ያለውን ልዩነት ይበልጥ አጉልቶ አሳይቷል። የኢኮኖሚ ሥርዓቶች መለወጥ እና አዳዲስ የንግድ ሕጎች መፈጠር የዓለምን ገበያ አቀፋዊ አድርጎታል። ይህ የለውጥ ዘመን ለሰው ልጅ ዕድገት መሰረት የጣለ እና ታላቅ ለውጦችን ያመጣ ነበር።"
knowledge|9#0,knowledge,,health,ከምግብ በፊት እና ከሽንት ቤት አጠቃቀም በኋላ እጅን በሳሙና መታጠብ ለምን አስፈለገ?
knowledge|9#1,knowledge,,health,በቤት ውስጥ የሚገኙ የቆሻሻ ማስወገጃ ቦታዎች ንፁህ መሆን ያለባቸው ለምንድን ነው?
knowledge|9#2,knowledge,,health,"ስለሚከተለው ጥያቄ ግልጽ እና አጭር መልስ ስጥ፡
የመጠጥ ውሃን በፈላ ውሃ መጠቀም ለጤና ያለውን ጥቅም አብራራ።"
knowledge|9#3,knowledge,,health,"ጥያቄ፡ በአካባቢ ላይ የሚገኙ የቆሻሻ ክምችቶች ለበሽታ መሰራጨት እንዴት ምክንያት ይሆናሉ?

መልስ፡"
knowledge|9#6,knowledge,,health,"ስለሚከተለው ጥያቄ ግልጽ እና አጭር መልስ ስጥ፡
በአካባቢ ንፅህና ላይ የሳሙና አጠቃቀም ያለውን ሚና ግለጽ።"
knowledge|9#7,knowledge,,health,የተበከለ ውሃ ለተለያዩ የሆድ ዕቃ በሽታዎች እንዴት ይዳርጋል?
knowledge|9#8,knowledge,,health,የቤት ውስጥ ቁሳቁሶችን በየጊዜው ማፅዳት ለጤናማ አኗኗር ያለውን አስፈላጊነት አብራራ።
knowledge|10#1,knowledge,,health,"ጥያቄ፡ በኢትዮጵያ የክትባት ፕሮግራም ውስጥ የሚሰጡ ዋና ዋና የክትባት ዓይነቶች የትኞቹ ናቸው?

መልስ፡"
knowledge|10#2,knowledge,,health,እባክዎን ለሚከተለው ጥያቄ መልስ ይስጡ፡ ክትባት ከመሰጠቱ በፊት እና ከመሰጠቱ በኋላ ሊታዩ የሚችሉ የጤና ሁኔታዎች ምን ይመስላሉ?
knowledge|10#3,knowledge,,health,አንድ ሕፃን በተቀመጠለት የክትባት መርሃ ግብር መሠረት መከተል ያለበት ለምን?
knowledge|10#6,knowledge,,health,እባክዎን ለሚከተለው ጥያቄ መልስ ይስጡ፡ የክትባት መርጃ መሣሪያዎች ለምን በንጽህና መያዝ አለባቸው?
knowledge|10#7,knowledge,,health,"የሚከተለውን ጥያቄ በአጭሩ እና በትክክል መልስ።

ጥያቄ፡ የክትባት መዘግየት በሕፃናት ጤና ላይ ምን ዓይነት ተጽዕኖ ሊያሳድር ይችላል?"
knowledge|10#8,knowledge,,health,እባክህ ይህን ጥያቄ መልስልኝ፡ ክትባት ለእናቶችና ለሕፃናት ጤና ያለው ጠቀሜታ ምንድን ነው?
knowledge|11#0,knowledge,,health,የደም መፍሰስ ሲከሰት የመጀመሪያ እርዳታ ለመስጠት መደረግ ያለበት ዋና ተግባር ምንድን ነው?
knowledge|11#1,knowledge,,health,አንድ ሰው በድንገት በምግብ ወይም በሌላ ነገር ቢሰናከል ምን መደረግ እንዳለበት አብራራ?
knowledge|11#2,knowledge,,health,"የሚከተለውን ጥያቄ በአጭሩ እና በትክክል መልስ።

ጥያቄ፡ የቃጠሎ ጉዳት ሲያጋጥም በቆሰለ አካባቢ ላይ ቀዝቃዛ ውሃ መጠቀም ለምን አስፈላጊ ነው?"
knowledge|11#3,knowledge,,health,በጣም ከፍተኛ የሰውነት ሙቀት መጨመር ሲከሰት እንዴት መታከም እንዳለበት ግለጽ?
knowledge|11#4,knowledge,,health,እባክዎን ለሚከተለው ጥያቄ መልስ ይስጡ፡ የእጅ ወይም የግርጌ ቁስል በንጹህ ውሃና በሳሙና መታጠብ ለምን ያስፈልጋል?
knowledge|11#7,knowledge,,health,በእሳት አደጋ ወቅት ጭስ በብዛት በሚኖርበት ጊዜ መተንፈሻ አካልን ለመጠበቅ እንዴት መጓዝ ይገባል?
knowledge|11#8,knowledge,,health,"የሚከተለውን ጥያቄ በአጭሩ እና በትክክል መልስ።

ጥያቄ፡ አንድ ሰው በድንገት ቢቀልጥ ወይም ቢሰናከል ለምን በፍጥነት የድንገተኛ አደጋ እርዳታ መጥራት ያስፈልጋል?"
knowledge|12#0,knowledge,,science,"ጥያቄ፡ የውሃ ዑደት ውስጥ ትነት የሚባለው ሂደት እንዴት ይከናወናል?

መልስ፡"
knowledge|12#1,knowledge,,science,"ጥያቄ፡ በኢትዮጵያ የአየር ሁኔታ ላይ የዝናብ መዝነብ ለምን አስፈላጊ ነው?

መልስ፡"
knowledge|12#2,knowledge,,science,"ጥያቄ፡ ደመና እንዴት ይፈጠራል?

መልስ፡"
knowledge|12#3,knowledge,,science,እባክህ ይህን ጥያቄ መልስልኝ፡ የፀሐይ ሙቀት በውሃ ላይ ያለው ተጽዕኖ ምንድን ነው?
knowledge|12#4,knowledge,,science,በአየር ላይ ያለውን እርጥበት ለመለካት የምንጠቀምበት መሣሪያ ምን ይባላል?
knowledge|12#5,knowledge,,science,ከዝናብ በኋላ ውሃ ወደ መሬት ውስጥ የሚሰርገው እንዴት ነው?
knowledge|12#6,knowledge,,science,በከፍተኛ ተራራማ ቦታዎች ላይ ዝናብ ወደ በረዶነት የሚቀየርበት ምክንያት ምንድን ነው?
knowledge|12#7,knowledge,,science,የእንቅፋት ዝናብ ወይም የተራራ ዝናብ እንዴት ይፈጠራል?
knowledge|12#8,knowledge,,science,እባክዎን ለሚከተለው ጥያቄ መልስ ይስጡ፡ በአየር ንብረት እና በውሃ ዑደት መካከል ያለው ግንኙነት ምንድን ነው?
knowledge|13#0,knowledge,,science,ዕፅዋት ምግብ ለማዘጋጀት ምን ዓይነት የብርሃን ምንጭ ያስፈልጋቸዋል?
knowledge|13#1,knowledge,,science,በዕፅዋት ውስጥ የፎቶሲንተሲስ ሂደት የሚከናወነው በየትኛው የዕፅዋት ክፍል ነው?
knowledge|13#2,knowledge,,science,"ጥያቄ፡ ዕፅዋት ለፎቶሲንተሲስ ሂደት የሚያስፈልጋቸውን ካርቦን ዳይኦክሳይድ ከየት ነው የሚያገኙት?

መልስ፡"
knowledge|13#3,knowledge,,science,የፎቶሲንተሲስ ሂደት ለሰው ልጆችና ለሌሎች እንስሳት ኦክስጅንን እንዴት ያቀርባል?
knowledge|13#4,knowledge,,science,"ጥያቄ፡ ዕፅዋት ለፎቶሲንተሲስ ሂደት የሚጠቀሙበትን አረንጓዴ ቀለም የሚሰጠው ንጥረ ነገር ምን ይባላል?

መልስ፡"
knowledge|13#5,knowledge,,science,የፀሐይ ብርሃን በዕፅዋት ላይ ለሚከናወነው የምግብ ዝግጅት ሂደት ያለውን አስፈላጊነት አብራራ።
knowledge|13#6,knowledge,,science,ዕፅዋት ከማንኛውም ሌላ አካል በተለየ ለራሳቸው ምግብ ማዘጋጀት የሚችሉት ለምን እንደሆነ አስረዳ።
knowledge|13#7,knowledge,,science,እባክዎን ለሚከተለው ጥያቄ መልስ ይስጡ፡ የፎቶሲንተሲስ ሂደት ካልተከናወነ በዕፅዋትና በምድር ላይ ባሉ ሌሎች ሕይወት ላላቸው ነገሮች ምን ዓይነት ችግር ይፈጠራል?
knowledge|13#8,knowledge,,science,"ስለሚከተለው ጥያቄ ግልጽ እና አጭር መልስ ስጥ፡
በዕፅዋት ውስጥ የሚከናወነው የፎቶሲንተሲስ ሂደት በምን ደረጃዎች እንደሚከናወን አብራራ።"
knowledge|14#0,knowledge,,science,"የሚከተለውን ጥያቄ በአጭሩ እና በትክክል መልስ።

ጥያቄ፡ የሰው ልጅ የደም ዝውውር ሥርዓት ዋና ተግባር ምንድን ነው?"
knowledge|14#1,knowledge,,science,እባክዎን ለሚከተለው ጥያቄ መልስ ይስጡ፡ አንጎል በሰውነታችን ውስጥ ያለውን መረጃ እንዴት ይተረጉማል?
knowledge|14#2,knowledge,,science,የሳንባ ሥርዓት በሰውነት ውስጥ ኦክስጅንን እንዴት ያከፋፍላል?
knowledge|14#3,knowledge,,science,"የሚከተለውን ጥያቄ በአጭሩ እና በትክክል መልስ።

ጥያቄ፡ አጥንቶች ለሰውነታችን መዋቅር ያላቸው ጠቀሜታ ምንድን ነው?"
knowledge|14#5,knowledge,,science,"ጥያቄ፡ የልብ ምት መጨመር በሰውነት ላይ የሚያመጣው ለውጥ ምንድን ነው?

መልስ፡"
knowledge|14#6,knowledge,,science,የቆዳ ሥርዓት ከበሽታዎች ለመከላከል እንዴት ይረዳናል?
knowledge|14#7,knowledge,,science,እባክዎን ለሚከተለው ጥያቄ መልስ ይስጡ፡ ጡንቻዎች ለሰውነት እንቅስቃሴ ያላቸው ሚና ምንድን ነው?
knowledge|14#8,knowledge,,science,"የሚከተለውን ጥያቄ በአጭሩ እና በትክክል መልስ።

ጥያቄ፡ የኩላሊት ሥርዓት በደም ውስጥ ያለን አላስፈላጊ ነገሮች እንዴት ያስወግዳል?"
knowledge|14#9,knowledge,,science,ነርቮች መልእክትን ከአካል ክፍሎች ወደ አእምሮ እንዴት ያደርሳሉ?
knowledge|15#0,knowledge,,science,የኤሌክትሪክ ኃይልን ለማስተላለፍ የሚያገለግሉ ቁሶች ምን ይባላሉ?
knowledge|15#1,knowledge,,science,ባትሪ እንዴት የኤሌክትሪክ ኃይልን ማከማቸት ይችላል?
knowledge|15#2,knowledge,,science,በኤሌክትሪክ ወረዳ ውስጥ የቮልቴጅ ልዩነት ለምን አስፈላጊ ነው?
knowledge|15#3,knowledge,,science,የፀሐይ ብርሃን ወደ ኤሌክትሪክ ኃይል እንዴት ይቀየራል?
knowledge|15#4,knowledge,,science,እባክዎን ለሚከተለው ጥያቄ መልስ ይስጡ፡ በብረት እና በላስቲክ መካከል ያለውን የኤሌክትሪክ መሪነት ልዩነት ግለጽ?
knowledge|15#5,knowledge,,science,እባክዎን ለሚከተለው ጥያቄ መልስ ይስጡ፡ የኤሌክትሪክ ኃይል ተከታታይ ወረዳ እና ትይዩ ወረዳ ልዩነታቸው ምንድነው?
knowledge|15#6,knowledge,,science,እባክህ ይህን ጥያቄ መልስልኝ፡ የኤሌክትሪክ ፍሰት በኤሌክትሪክ ገመድ ውስጥ እንዴት ይጓዛል?
knowledge|15#7,knowledge,,science,የኤሌክትሪክ ኃይልን ለመቀነስ ምን ዓይነት እርምጃዎች መወሰድ አለባቸው?
knowledge|15#8,knowledge,,science,የኤሌክትሪክ ኃይል ምንጮች በሁለት ዋና ዋና ክፍሎች እንዴት ይከፈላሉ?
knowledge|15#9,knowledge,,science,"ስለሚከተለው ጥያቄ ግልጽ እና አጭር መልስ ስጥ፡
የኤሌክትሪክ ፍሰት በቁሶች ውስጥ ለምን ይለያያል?"
knowledge|16#0,knowledge,,science,እባክህ ይህን ጥያቄ መልስልኝ፡ ፀሐይ በምድር ላይ ያለውን ሙቀትና ብርሃን እንዴት ታመነጫለች?
knowledge|16#2,knowledge,,science,እባክዎን ለሚከተለው ጥያቄ መልስ ይስጡ፡ በምድር ላይ የሚገኙ የባሕርና የየብስ ክፍሎች ልዩነት ምንድን ነው?
knowledge|16#4,knowledge,,science,የምድር አየር ንብረት በየወቅቱ ለምን ይለዋወጣል?
knowledge|16#6,knowledge,,science,እባክህ ይህን ጥያቄ መልስልኝ፡ በምድር ላይ የሚከሰቱ የጎርፍ መጥለቅለቅ ምክንያቶች ምንድን ናቸው?
knowledge|16#7,knowledge,,science,ከመሬት በላይ ያለው የከባቢ አየር ለሕይወት አስፈላጊ የሆነው ለምንድን ነው?
knowledge|17#1,knowledge,,science,የምግብ ጨው በውሃ ውስጥ ሲሟሟ ምን ዓይነት ለውጥ ይታያል?
knowledge|17#2,knowledge,,science,ለምግብ ማብሰያ የምንጠቀምበት ኮምጣጣ (አሲድ) በምግብ ላይ ያለው ጥቅም ምንድን ነው?
knowledge|17#4,knowledge,,science,"ጥያቄ፡ የሎሚ ጭማቂ ለምን አሲዳማ ነው ተብሎ ይታሰባል?

መልስ፡"
knowledge|17#5,knowledge,,science,"የሚከተለውን ጥያቄ በአጭሩ እና በትክክል መልስ።

ጥያቄ፡ የቤት ውስጥ ማቀዝቀዣ በውስጡ ያለውን ሙቀት እንዴት ያስወግዳል?"
knowledge|17#6,knowledge,,science,"የሚከተለውን ጥያቄ በአጭሩ እና በትክክል መልስ።

ጥያቄ፡ በአየር ውስጥ የሚገኘው ኦክስጅን ለሰው ልጅ መተንፈስ ለምን አስፈላጊ ነው?"
knowledge|17#7,knowledge,,science,"የሚከተለውን ጥያቄ በአጭሩ እና በትክክል መልስ።

ጥያቄ፡ የእንቁላል ነጭ ክፍል ሲፈላ ለምን ጠንካራ ይሆናል?"
knowledge|17#8,knowledge,,science,በመስታወት ላይ የሚፈጠር ጭጋግ እንዴት ሊፈጠር ይችላል?
knowledge|18#0,knowledge,,agriculture,"ስለሚከተለው ጥያቄ ግልጽ እና አጭር መልስ ስጥ፡
ጤፍ በኢትዮጵያ ውስጥ ለምን እንደ ዋና የሰብል አይነት ይታወቃል?"
knowledge|18#1,knowledge,,agriculture,እባክዎን ለሚከተለው ጥያቄ መልስ ይስጡ፡ የጤፍ ምርታማነትን ለመጨመር የሚረዱ አበልጣሪ ዘዴዎች ምንድን ናቸው?
knowledge|18#2,knowledge,,agriculture,በጤፍ እርሻ ወቅት የሚከሰቱ ዋና ዋና ተባዮች የትኞቹ ናቸው?
knowledge|18#3,knowledge,,agriculture,የጤፍ ምርት ከሌሎች የጥራጥሬ እህሎች በምን ይለያል?
knowledge|18#4,knowledge,,agriculture,"የሚከተለውን ጥያቄ በአጭሩ እና በትክክል መልስ።

ጥያቄ፡ የጤፍን ምርት ለመሰብሰብ የሚከናወነው ሂደት በምን ደረጃዎች ይከፈላል?"
knowledge|18#5,knowledge,,agriculture,በጤፍ እርሻ ላይ የአፈር ለምነትን ለመጠበቅ ምን መደረግ አለበት?
knowledge|18#6,knowledge,,agriculture,እባክህ ይህን ጥያቄ መልስልኝ፡ የጤፍ ዘር ለመዝራት ተመራጭ የሆነው የአየር ንብረት ሁኔታ ምንድን ነው?
knowledge|18#7,knowledge,,agriculture,በጤፍ እርሻ ወቅት የውሃ አቅርቦት ለምን አስፈላጊ ነው?
knowledge|18#8,knowledge,,agriculture,የጤፍ ምርት ከእርሻ በኋላ እንዴት ተለይቶ እንዲቀመጥ ይደረጋል?
knowledge|18#9,knowledge,,agriculture,በጤፍ እርሻ ላይ የሚከናወኑ የዝግጅት ስራዎች ምንድን ናቸው?
knowledge|19#0,knowledge,,agriculture,ቡና ለማምረት የሚያስፈልጉ ዋና ዋና የአየር ንብረት ሁኔታዎች ምንድን ናቸው?
knowledge|19#1,knowledge,,agriculture,"ስለሚከተለው ጥያቄ ግልጽ እና አጭር መልስ ስጥ፡
በዓለም ላይ ከፍተኛ የቡና ምርት ከሚያስተላልፉ አገራት መካከል የትኞቹ ናቸው?"
knowledge|19#2,knowledge,,agriculture,የቡና ፍሬ ከዛፍ ላይ ከተሰበሰበ በኋላ ለተሻለ ጣዕም እንዲሆን እንዴት ይታጠባል?
knowledge|19#3,knowledge,,agriculture,የቡና ተክል ለጤናማ እድገት ምን ዓይነት የአፈር ሁኔታ ያስፈልገዋል?
knowledge|19#4,knowledge,,agriculture,እባክዎን ለሚከተለው ጥያቄ መልስ ይስጡ፡ በአረንጓዴ ቡና እና በደረቅ ቡና መካከል ያለው ልዩነት ምንድን ነው?
knowledge|19#5,knowledge,,agriculture,የቡና ምርትን ለመጨመር የሚረዱ የግብርና ዘዴዎች ምንድን ናቸው?
knowledge|19#6,knowledge,,agriculture,በቡና ተክሎች ላይ የሚከሰቱ በሽታዎች እንዴት መከላከል ይቻላል?
knowledge|19#7,knowledge,,agriculture,የቡና ምርት ሂደት ከእርባታ እስከ ሽያጭ ያለውን ደረጃ በአጭሩ ግለጽ?
knowledge|19#8,knowledge,,agriculture,የቡና ተክሎችን ጥላ ስር ማሳደግ ለምን አስፈላጊ ይሆናል?
knowledge|19#9,knowledge,,agriculture,"የሚከተለውን ጥያቄ በአጭሩ እና በትክክል መልስ።

ጥያቄ፡ ከቡና ምርት ጋር ተያይዞ የሚመጣውን የኢኮኖሚ ጥቅም አብራራ?"
knowledge|20#1,knowledge,,agriculture,እባክዎን ለሚከተለው ጥያቄ መልስ ይስጡ፡ በተራራማ አካባቢዎች የአፈር መሸራሸትን ለመቀነስ አዝመራን በደረጃ መልክ ማዘጋጀት ለምን ያስፈልጋል?
knowledge|20#2,knowledge,,agriculture,"ጥያቄ፡ የደን መጨፍጨፍ በአፈር ጥበቃ ላይ የሚያሳድረው አሉታዊ ተጽዕኖ ምንድን ነው?

መልስ፡"
knowledge|20#3,knowledge,,agriculture,የተከረረ መሬት ለዝናብ ወቅት ዝግጁ ሲሆን የአፈር መሸራሸት ለምን ይጨምራል?
knowledge|20#4,knowledge,,agriculture,እባክዎን ለሚከተለው ጥያቄ መልስ ይስጡ፡ የመሬት ተዳፋት መጠን በአፈር መሸራሸት ፍጥነት ላይ ያለውን ተጽዕኖ ግለጽ።
knowledge|20#5,knowledge,,agriculture,የእንስሳት መሬት ላይ መራመድ የአፈር መዋቅርን እንዴት ይጎዳል?
knowledge|20#6,knowledge,,agriculture,በአፈር ጥበቃ ስራዎች ውስጥ የድንጋይ ግንብ ግንባታ ለምን ጥቅም ላይ ይውላል?
knowledge|20#8,knowledge,,agriculture,በተራራማ የኢትዮጵያ ገጽታ ላይ የአፈር መሸራሸትን ለመከላከል የአረንጓዴ አሻራ ስራ እንዴት ይረዳል?
knowledge|21#0,knowledge,,agriculture,ከብት ለጤናማ እድገት ምን ዓይነት የተመጣጠነ ምግብ ያስፈልገዋል?
knowledge|21#1,knowledge,,agriculture,በከብት እርባታ ወቅት የቤት ውስጥ ንፅህና መጠበቅ ለምን አስፈላጊ ነው?
knowledge|21#2,knowledge,,agriculture,የአውራ ዶሮዎች በቂ እንቁላል እንዲጥሉ ምን ዓይነት ሁኔታዎች መሟላት አለባቸው?
knowledge|21#3,knowledge,,agriculture,በመሰባሰቢያ ወቅት የእንስሳት በሽታዎች በፍጥነት እንዲሰራጩ የሚያደርገው ምክንያት ምንድን ነው?
knowledge|21#4,knowledge,,agriculture,ለበግ እርባታ ተስማሚ የሆነው የአየር ንብረት ዓይነት የትኛው ነው?
knowledge|21#5,knowledge,,agriculture,የእንስሳት መኖ አዘገጃጀት ሂደት እንዴት ነው?
knowledge|21#6,knowledge,,agriculture,"ስለሚከተለው ጥያቄ ግልጽ እና አጭር መልስ ስጥ፡
ከብቶች በቂ ውሃ አለማግኘት በጤናቸው ላይ ምን ዓይነት ተጽዕኖ ያሳድራል?"
knowledge|21#7,knowledge,,agriculture,የወተት ላብራቶሪ ምርመራ ማድረግ ለምን አስፈለገ?
knowledge|21#9,knowledge,,agriculture,"የሚከተለውን ጥያቄ በአጭሩ እና በትክክል መልስ።

ጥያቄ፡ የእንስሳት በሽታ መከላከያ ክትባት መስጠት ለምን የግድ ነው?"
knowledge|22#0,knowledge,,agriculture,በእርጥበት መቆጣጠሪያ ዘዴዎች ውስጥ የጠብታ መስኖ ምን ጥቅም ይሰጣል?
knowledge|22#1,knowledge,,agriculture,"ስለሚከተለው ጥያቄ ግልጽ እና አጭር መልስ ስጥ፡
በኢትዮጵያ ውስጥ ለተለያዩ የግብርና ስራዎች የሚያገለግሉ ዋና ዋና የውሃ ምንጮች የትኞቹ ናቸው?"
knowledge|22#2,knowledge,,agriculture,ከዝናብ ውጭ ያለውን የውሃ አቅርቦት ለመጠቀም የሚረዱ መንገዶች ምን ምን ናቸው?
knowledge|22#3,knowledge,,agriculture,"የሚከተለውን ጥያቄ በአጭሩ እና በትክክል መልስ።

ጥያቄ፡ በመሬት ላይ በሚፈስ መስኖ ወቅት የአፈር መሸርሸር ለምን ይከሰታል?"
knowledge|22#5,knowledge,,agriculture,በመስኖ ስራ ወቅት የውሃ ብክነትን ለመቀነስ ምን ዓይነት ጥንቃቄዎች መደረግ አለባቸው?
knowledge|22#6,knowledge,,agriculture,የውሃ ማጠራቀሚያ ስፍራዎች ለግብርና ስራ ለምን አስፈላጊ ናቸው?
knowledge|23#0,knowledge,,agriculture,"ስለሚከተለው ጥያቄ ግልጽ እና አጭር መልስ ስጥ፡
በጤፍ ሰብል ላይ የሚከሰት የሰንደቅ በሽታ ምልክቶች ምንድን ናቸው?"
knowledge|23#1,knowledge,,agriculture,የተባይ መከላከል ዘዴዎች ከኬሚካል ውድመት ለመዳን እንዴት ይረዳሉ?
knowledge|23#3,knowledge,,agriculture,የቆላ አካባቢ ሰብሎች ለምን በተባይ ጥቃት የመጋለጥ እድላቸው ከፍተኛ ነው?
knowledge|23#4,knowledge,,agriculture,በጥራጥሬ ሰብሎች ላይ የሚከሰት የሰብል መጥፋት መንስኤ ምንድን ነው?
knowledge|23#5,knowledge,,agriculture,ተፈጥሯዊ የፀረ ተባይ ዘዴዎችን መጠቀም ከኬሚካል አጠቃቀም ለምን ይመረጣል?
knowledge|23#6,knowledge,,agriculture,"ጥያቄ፡ የበቆሎ ሰብል ላይ የሚከሰት የጥቁር ቡናማ በሽታ እንዴት ይከላከላል?

መልስ፡"
knowledge|23#8,knowledge,,agriculture,"ጥያቄ፡ የተባይ መቆጣጠሪያ መድሃኒቶችን ስንጠቀም ጥንቃቄ ማድረግ ያለብን ለምን ነው?

መልስ፡"
knowledge|23#9,knowledge,,agriculture,የተለያዩ ሰብሎችን በተራ በተራ በመዝራት በሽታን እንዴት መከላከል ይቻላል?
knowledge|24#0,knowledge,,news,በአዲስ አበባ ከተማ ውስጥ የሚገኙ ታዋቂ የባህል ትርኢቶች በምን ዓይነት ቦታዎች ላይ ይከናወናሉ?
knowledge|24#1,knowledge,,news,"ስለሚከተለው ጥያቄ ግልጽ እና አጭር መልስ ስጥ፡
የአካባቢ ማህበረሰብ የጽዳት ዘመቻ ለምን አስፈላጊ ነው?"
knowledge|24#3,knowledge,,news,"ጥያቄ፡ የአገር ውስጥ የሸቀጦች ገበያ ለሰፈር ነዋሪዎች ምን ዓይነት ጥቅምና ፋይዳ አለው?

መልስ፡"
knowledge|24#4,knowledge,,news,"ስለሚከተለው ጥያቄ ግልጽ እና አጭር መልስ ስጥ፡
በከተማ ውስጥ የሚገኙ የሕዝብ መዝናኛ ፓርኮች ለልጆች እድገት እንዴት ይረዳሉ?"
knowledge|24#5,knowledge,,news,የመንደሩ ወጣቶች በበጎ ፈቃድ አገልግሎት ላይ እንዲሳተፉ የሚያደርጋቸው ዋና ምክንያት ምንድን ነው?
knowledge|24#6,knowledge,,news,"ስለሚከተለው ጥያቄ ግልጽ እና አጭር መልስ ስጥ፡
በአካባቢው የሚደረጉ የውድድር ስፖርታዊ መርሃ ግብሮች ማህበረሰቡን እንዴት አንድ ያደርጋሉ?"
knowledge|24#7,knowledge,,news,"የሚከተለውን ጥያቄ በአጭሩ እና በትክክል መልስ።

ጥያቄ፡ የአካባቢው የእጅ ጥበብ አርታኢዎች ምርታቸውን ለገበያ ለማቅረብ ምን ዓይነት ሂደትን ይከተላሉ?"
knowledge|24#8,knowledge,,news,"ጥያቄ፡ በአንድ ማህበረሰብ ውስጥ የጋራ ስብሰባዎች ማድረግ ለሰላም ግንባታ ያለውን ሚና ግለጽ?

መልስ፡"
knowledge|24#9,knowledge,,news,የአካባቢው የግብርና ዝግጅቶች ለምርት መሻሻል እንዴት አስተዋጽኦ ያደርጋሉ?
knowledge|25#0,knowledge,,news,የዓለም የገንዘብ ድርጅት ዋና ዓላማ ምንድን ነው?
knowledge|25#1,knowledge,,news,የዋጋ ግሽበት በሀገር ውስጥ ገበያ ላይ የሚያስከትለው ተጽዕኖ እንዴት ይገለጻል?
knowledge|25#2,knowledge,,news,የመንግሥት ወጪ በሀገር ኢኮኖሚ ላይ ያለውን ሚና አብራራ።
knowledge|25#3,knowledge,,news,በአለም አቀፍ ንግድ ውስጥ የወርቅ ዋጋ ለምን ከፍተኛ ትኩረት ይሰጠዋል?
knowledge|25#5,knowledge,,news,የውጭ ምንዛሬ ክምችት ለሀገር እድገት ለምን አስፈላጊ ነው?
knowledge|25#6,knowledge,,news,እባክዎን ለሚከተለው ጥያቄ መልስ ይስጡ፡ የአቅርቦት ሰንሰለት መስተጓጎል በሸማቾች ላይ የሚያሳድረውን ጫና ግለጽ።
knowledge|25#7,knowledge,,news,የአክሲዮን ገበያ መለዋወጥ ምን ምን ምክንያቶች ሊኖሩት ይችላሉ?
knowledge|25#8,knowledge,,news,በኢኮኖሚ ውስጥ የሰው ኃይል ምርታማነት ለምን ወሳኝ ነው?
knowledge|25#9,knowledge,,news,እባክህ ይህን ጥያቄ መልስልኝ፡ የተባበሩት መንግሥታት የንግድ ድርጅት በዓለም አቀፍ የንግድ ሕጎች ላይ ያለው ሚና ምንድን ነው?
knowledge|26#0,knowledge,,news,"የሚከተለውን ጥያቄ በአጭሩ እና በትክክል መልስ።

ጥያቄ፡ በኢትዮጵያ የትምህርት ሥርዓት ውስጥ የአንደኛ ደረጃ ትምህርት የሚጀምረው ከየትኛው ክፍል ነው?"
knowledge|26#1,knowledge,,news,እባክህ ይህን ጥያቄ መልስልኝ፡ በአንድ ሀገር የቴክኒክና ሙያ ትምህርት መስፋፋት ለኢኮኖሚ እድገት እንዴት አስተዋጽኦ ያደርጋል?
knowledge|26#2,knowledge,,news,የመጀመሪያ ደረጃ ተማሪዎች በቋንቋ ትምህርት ላይ ትኩረት ማድረግ ለምን አስፈላጊ ነው?
knowledge|26#3,knowledge,,news,በኢትዮጵያ ከፍተኛ ትምህርት ተቋማት ውስጥ የሚሰጡ የትምህርት አይነቶች መካከል ዋና ዋናዎቹ የትኞቹ ናቸው?
knowledge|26#4,knowledge,,news,አዲስ የትምህርት ሥርዓት በመተግበር ሂደት ውስጥ መምህራን ምን ዓይነት ዝግጅት ማድረግ አለባቸው?
knowledge|26#5,knowledge,,news,በአካባቢ ጥበቃ ትምህርት ላይ ትኩረት ማድረግ ለተፈጥሮ ሀብት ጥበቃ ያለውን ፋይዳ አብራራ።
knowledge|26#6,knowledge,,news,እባክዎን ለሚከተለው ጥያቄ መልስ ይስጡ፡ የዲጂታል ትምህርት አሰጣጥ ዘዴ ከባህላዊው የክፍል ውስጥ ትምህርት ጋር ሲነፃፀር ያለው ልዩነት ምንድን ነው?
knowledge|26#7,knowledge,,news,"ጥያቄ፡ በአንድ ትምህርት ቤት ውስጥ የተማሪዎችን የሥነ-ምግባር ሁኔታ ለማሻሻል ምን ዓይነት እርምጃዎች ሊወሰዱ ይችላሉ?

መልስ፡"
knowledge|26#8,knowledge,,news,እባክዎን ለሚከተለው ጥያቄ መልስ ይስጡ፡ የመማር ማስተማር ሂደቱን ውጤታማ ለማድረግ የቤተሰብ ድጋፍ ለምን ያስፈልጋል?
knowledge|26#9,knowledge,,news,እባክዎን ለሚከተለው ጥያቄ መልስ ይስጡ፡ በመሰረታዊ ትምህርት ደረጃ የሳይንስ ትምህርቶች አስፈላጊነት በምን ምክንያት ይገለጻል?
knowledge|27#0,knowledge,,news,እባክዎን ለሚከተለው ጥያቄ መልስ ይስጡ፡ በኢትዮጵያ የአየር ንብረት ለውጥ በግብርናው ዘርፍ ላይ የሚያሳድረው ተጽዕኖ ምንድን ነው?
knowledge|27#1,knowledge,,news,እባክህ ይህን ጥያቄ መልስልኝ፡ የአባይ ወንዝ ለኢትዮጵያ የሥነ-ምህዳር ጥበቃ ያለውን ጠቀሜታ ጥቀስ?
knowledge|27#2,knowledge,,news,የደን መጨፍጨፍ ለምድር ሙቀት መጨመር እንዴት ምክንያት ይሆናል?
knowledge|27#3,knowledge,,news,እባክዎን ለሚከተለው ጥያቄ መልስ ይስጡ፡ በኢትዮጵያ ውስጥ የሚገኙ ዋና ዋና የተፈጥሮ ሀብቶች ምን ምን ናቸው?
knowledge|27#5,knowledge,,news,"የሚከተለውን ጥያቄ በአጭሩ እና በትክክል መልስ።

ጥያቄ፡ ከዝናብ መዛባታ ጋር ተያይዞ የሚከሰተውን ድርቅ እንዴት ማቃለል ይቻላል?"
knowledge|27#6,knowledge,,news,"የሚከተለውን ጥያቄ በአጭሩ እና በትክክል መልስ።

ጥያቄ፡ በአካባቢ ጥበቃ ረገድ የችግኝ ተከላ ያለውን አስፈላጊነት አብራራ?"
knowledge|27#8,knowledge,,news,የአየር ንብረት ለውጥ በአብዛኛው የሚከሰተው በምን ምክንያት ነው?
knowledge|27#9,knowledge,,news,"ጥያቄ፡ በኢትዮጵያ ውስጥ የሚገኙ የተፈጥሮ ፓርኮች ጥቅማቸው ምንድን ነው?

መልስ፡"
knowledge|28#1,knowledge,,news,የአውሮፕላን ማረፊያ ግንባታ ለሀገር ኢኮኖሚ እድገት እንዴት አስተዋፅኦ ያደርጋል?
knowledge|28#2,knowledge,,news,"የሚከተለውን ጥያቄ በአጭሩ እና በትክክል መልስ።

ጥያቄ፡ የባህር ላይ መጓጓዣ በዓለም አቀፍ ንግድ ውስጥ ያለውን ሚና ግለጽ?"
knowledge|28#3,knowledge,,news,እባክህ ይህን ጥያቄ መልስልኝ፡ በመንገድ ላይ የሚፈጠሩ መጨናነቆች ለምን ሊከሰቱ ይችላሉ?
knowledge|28#4,knowledge,,news,የወንዝ ድልድዮች ለትራንስፖርት ግንባታ ለምን ያስፈልጋሉ?
knowledge|28#6,knowledge,,news,እባክህ ይህን ጥያቄ መልስልኝ፡ የከተማ የሕዝብ ትራንስፖርት ሥርዓት ለከተማ ነዋሪዎች ምቾት እንዴት ይረዳል?
knowledge|28#7,knowledge,,news,አዳዲስ መንገዶች መገንባታቸው በገጠር አካባቢዎች ለሚኖሩ ሰዎች ምን ዓይነት ለውጥ ያመጣል?
knowledge|28#9,knowledge,,news,"ጥያቄ፡ የባቡር ጉዞ ከሌላ የመሬት ትራንስፖርት ዘዴ ጋር ሲነጻጸር ያለው ጠቀሜታ ምንድን ነው?

መልስ፡"
knowledge|29#0,knowledge,,news,በዓለም አቀፍ የእግር ኳስ ውድድር ላይ የአለም ዋንጫ የሚካሄደው በስንት ዓመታት ልዩነት ነው?
knowledge|29#1,knowledge,,news,"የሚከተለውን ጥያቄ በአጭሩ እና በትክክል መልስ።

ጥያቄ፡ አንድ የሩጫ ተወዳዳጅ በአንድ ውድድር ላይ ድል እንዲቀዳጅ ምን አይነት የሰውነት ዝግጅት ማድረግ አለበት?"
knowledge|29#2,knowledge,,news,በኦሊምፒክ ጨዋታዎች ላይ የሚካተቱ ዋና ዋና የስፖርት አይነቶች ምንድን ናቸው?
knowledge|29#3,knowledge,,news,በቴኒስ ጨዋታ ውስጥ የኳስ መወራረድ ለምን አስፈላጊ እንደሆነ አብራራ?
knowledge|29#4,knowledge,,news,"የሚከተለውን ጥያቄ በአጭሩ እና በትክክል መልስ።

ጥያቄ፡ የዓለም ቻምፒዮንሺፕ ውድድርን ከክልላዊ ውድድር ጋር በማነፃፀር ልዩነታቸውን ግለጽ?"
knowledge|29#5,knowledge,,news,"ጥያቄ፡ በመዋኛ ውድድር ወቅት ተወዳዳሪዎች በውሃ ውስጥ የሚጠቀሙባቸው መሣሪያዎች ምንድን ናቸው?

መልስ፡"
knowledge|29#6,knowledge,,news,እባክህ ይህን ጥያቄ መልስልኝ፡ አትሌቶች በረጅም ርቀት ሩጫ ወቅት የትንፋሽ አቅማቸውን እንዴት ማሳደግ ይችላሉ?
knowledge|29#7,knowledge,,news,በእግር ኳስ ጨዋታ ወቅት ዳኞች ለምን ቀይ ካርድ ይሰጣሉ?
knowledge|29#8,knowledge,,news,የባስኬትቦል ተጫዋቾች በጨዋታው ወቅት የሚያደርጉት ዋና ዋና እንቅስቃሴዎች ምንድን ናቸው?
knowledge|29#9,knowledge,,news,በስፖርታዊ ውድድሮች ላይ የተጫዋቾች ቁጥር ለምን ወሳኝ እንደሆነ አስረዳ?
knowledge|30#1,knowledge,,technology,"ጥያቄ፡ በሞባይል ገንዘብ አገልግሎት እና በተለመደው የባንክ አገልግሎት መካከል ያለው ዋና ልዩነት ምንድን ነው?

መልስ፡"
knowledge|30#2,knowledge,,technology,"የሚከተለውን ጥያቄ በአጭሩ እና በትክክል መልስ።

ጥያቄ፡ ስማርት ስልኮች እንዴት ነው ከኢንተርኔት ጋር የሚገናኙት?"
knowledge|30#3,knowledge,,technology,የስልክ ሲም ካርድ ዋና ተግባር ምንድን ነው?
knowledge|30#5,knowledge,,technology,በሞባይል ገንዘብ ክፍያ ወቅት ደህንነትን ለመጠበቅ ምን መደረግ አለበት?
knowledge|30#6,knowledge,,technology,የተንቀሳቃሽ ስልክ መረጃዎች በስልኩ ውስጥ እንዴት ይቀመጣሉ?
knowledge|30#7,knowledge,,technology,የሞባይል ስልክ ሶፍትዌር ማዘመን ለምን ያስፈልጋል?
knowledge|30#8,knowledge,,technology,እባክዎን ለሚከተለው ጥያቄ መልስ ይስጡ፡ የዋይፋይ ግንኙነት ከሞባይል ዳታ በምን ይለያል?
knowledge|30#9,knowledge,,technology,"ጥያቄ፡ የሞባይል ስልክ አፕሊኬሽኖች እንዴት ነው ስልክ ላይ የሚጫኑት?

መልስ፡"
knowledge|32#0,knowledge,,technology,ሰው ሰራሽ አስተውሎት ምንድን ነው?
knowledge|32#1,knowledge,,technology,"ስለሚከተለው ጥያቄ ግልጽ እና አጭር መልስ ስጥ፡
በማሽን ትምህርት እና በሰው ሰራሽ አስተውሎት መካከል ያለው ልዩነት ምንድን ነው?"
knowledge|32#2,knowledge,,technology,"የሚከተለውን ጥያቄ በአጭሩ እና በትክክል መልስ።

ጥያቄ፡ የመረጃ ትንተና ለሰው ሰራሽ አስተውሎት እድገት ለምን አስፈላጊ ነው?"
knowledge|32#3,knowledge,,technology,ነርቭ መዋቅር መሰል ትምህርት እንዴት ነው የሚሰራው?
knowledge|32#4,knowledge,,technology,"ጥያቄ፡ በሰው ሰራሽ አስተውሎት ውስጥ ዳታ ወይም መረጃ ለምን ጥቅም ላይ ይውላል?

መልስ፡"
knowledge|32#5,knowledge,,technology,"ጥያቄ፡ አልጎሪዝም ለሰው ሰራሽ አስተውሎት ስርዓት ምን አይነት ሚና አለው?

መልስ፡"
knowledge|32#6,knowledge,,technology,"ስለሚከተለው ጥያቄ ግልጽ እና አጭር መልስ ስጥ፡
አውቶማቲክ መኪናዎች በምን አይነት ቴክኖሎጂ ነው የሚሰሩት?"
knowledge|32#7,knowledge,,technology,"ስለሚከተለው ጥያቄ ግልጽ እና አጭር መልስ ስጥ፡
የሰው ሰራሽ አስተውሎት ለሰው ልጅ ስራዎች እንዴት እገዛ ሊያደርግ ይችላል?"
knowledge|32#8,knowledge,,technology,በሰው ሰራሽ አስተውሎት ውስጥ ስህተት መፈጠር ለምን ሊከሰት ይችላል?
knowledge|32#9,knowledge,,technology,"ስለሚከተለው ጥያቄ ግልጽ እና አጭር መልስ ስጥ፡
የመረጃ ጥራት ለትክክለኛ ትንበያ ለምን ወሳኝ ነው?"
knowledge|33#0,knowledge,,technology,የፀሐይ ብርሃን ወደ ኤሌክትሪክ ኃይል ለመቀየር የሚያገለግለው መሣሪያ ምን ይባላል?
knowledge|33#1,knowledge,,technology,"ጥያቄ፡ የፀሐይ ኃይልን መጠቀም ለአካባቢ ጥበቃ የሚጠቅመው ለምንድን ነው?

መልስ፡"
knowledge|33#2,knowledge,,technology,በፀሐይ ፓነሎች ውስጥ የኤሌክትሪክ ፍሰትን ለመቆጣጠር የሚያገለግለው ክፍል የትኛው ነው?
knowledge|33#3,knowledge,,technology,ከነዳጅ እና ከፀሐይ ኃይል መካከል ያለውን ልዩነት አብራራ?
knowledge|33#4,knowledge,,technology,የፀሐይ ኃይል ማመንጫዎች ለምን በደመናማ ቀናት ዝቅተኛ የኤሌክትሪክ መጠን ያመነጫሉ?
knowledge|33#5,knowledge,,technology,የፀሐይ ብርሃን በፓነሎች ላይ ሲያርፍ ለምን የኤሌክትሪክ ኃይል ይፈጥራል?
knowledge|33#6,knowledge,,technology,"የሚከተለውን ጥያቄ በአጭሩ እና በትክክል መልስ።

ጥያቄ፡ የፀሐይ ኃይልን ለማከማቸት የሚያገለግለው መሣሪያ ምን ይባላል?"
knowledge|33#7,knowledge,,technology,የፀሐይ ኃይልን በቤት ውስጥ ለመጠቀም የሚያስፈልጉ ዋና ዋና ነገሮች ምንድን ናቸው?
knowledge|33#8,knowledge,,technology,እባክዎን ለሚከተለው ጥያቄ መልስ ይስጡ፡ የፀሐይ ኃይል ምን ዓይነት የታዳሽ ኃይል ምንጭ ነው?
knowledge|33#9,knowledge,,technology,በፀሐይ ኃይል ሥርዓት ውስጥ የኢንቨርተር ሚና ምንድን ነው?
knowledge|34#0,knowledge,,technology,"ጥያቄ፡ የኮምፒውተር ዋና ዋና ክፍሎች ምን ምን ናቸው?

መልስ፡"
knowledge|34#1,knowledge,,technology,"የሚከተለውን ጥያቄ በአጭሩ እና በትክክል መልስ።

ጥያቄ፡ የመረጃ ማከማቻ መሣሪያ ለምን ያስፈልጋል?"
knowledge|34#2,knowledge,,technology,"ስለሚከተለው ጥያቄ ግልጽ እና አጭር መልስ ስጥ፡
በኮምፒውተር ውስጥ ሶፍትዌር እና ሃርድዌር ያላቸው ልዩነት ምንድን ነው?"
knowledge|34#3,knowledge,,technology,የማዘን መሣሪያ ለምን ጥቅም ላይ ይውላል?
knowledge|34#4,knowledge,,technology,ኢንተርኔት ማለት ምን ማለት ነው?
knowledge|34#5,knowledge,,technology,የኮምፒውተር ማዘንበሪያ ለምን ሙቀት ይፈጠራል?
knowledge|34#7,knowledge,,technology,የኮምፒውተር ፕሮሰሰር እንዴት ነው ሥራውን የሚያከናውነው?
knowledge|34#8,knowledge,,technology,"ስለሚከተለው ጥያቄ ግልጽ እና አጭር መልስ ስጥ፡
የመረጃ መፈለጊያ ሞተር ጥቅሙ ምንድን ነው?"
knowledge|34#9,knowledge,,technology,እባክዎን ለሚከተለው ጥያቄ መልስ ይስጡ፡ የኮምፒውተር መረጃን ለመጠበቅ ለምን የይለፍ ቃል ያስፈልጋል?
knowledge|35#0,knowledge,,technology,"ስለሚከተለው ጥያቄ ግልጽ እና አጭር መልስ ስጥ፡
በኢንተርኔት ላይ የግል መረጃዎችን ለሌሎች ሰዎች አለመስጠት ለምን አስፈላጊ ነው?"
knowledge|35#1,knowledge,,technology,ጠንካራ የይለፍ ቃል ለመፍጠር ምን ምን ነገሮችን ማካተት ያስፈልጋል?
knowledge|35#2,knowledge,,technology,"ስለሚከተለው ጥያቄ ግልጽ እና አጭር መልስ ስጥ፡
የማህበራዊ ሚዲያ አካውንቶችን ከሌላ ሰው ለመጠበቅ የሚረዱ ሶስት መንገዶች ምንድን ናቸው?"
knowledge|35#3,knowledge,,technology,"ጥያቄ፡ አንድ ሰው በስልኩ ላይ የማያውቀውን ሊንክ ለምን መጫን የለበትም?

መልስ፡"
knowledge|35#4,knowledge,,technology,የባንክ መረጃዎችን በስልክ መልእክት ለሚጠየቁ ሰዎች ምላሽ አለመስጠት ለምን አስፈለገ?
knowledge|35#5,knowledge,,technology,በዲጂታል ዓለም ውስጥ የሳይበር ጥቃት ማለት ምን ማለት ነው?
knowledge|35#6,knowledge,,technology,እባክዎን ለሚከተለው ጥያቄ መልስ ይስጡ፡ በስልክ ላይ የሚላኩ አጠራጣሪ መልእክቶችን እንዴት መለየት ይቻላል?
knowledge|35#7,knowledge,,technology,እባክዎን ለሚከተለው ጥያቄ መልስ ይስጡ፡ የመረጃ ደህንነትን ለመጠበቅ የሁለት ደረጃ ማረጋገጫ ዘዴ እንዴት ይረዳል?
knowledge|35#9,knowledge,,technology,እባክህ ይህን ጥያቄ መልስልኝ፡ የሕዝብ የኢንተርኔት አገልግሎት በአደባባይ በሚገኙ ቦታዎች ላይ መጠቀም ለምን አደገኛ ሊሆን ይችላል?
knowledge|36#0,knowledge,,daily_life,"ጥያቄ፡ እንጀራ ለመስራት የሚያገለግለው ዋና የእህል ዓይነት የትኛው ነው?

መልስ፡"
knowledge|36#1,knowledge,,daily_life,እባክዎን ለሚከተለው ጥያቄ መልስ ይስጡ፡ ምግብ ከመበላቱ በፊት እጅን በሳሙና መታጠብ ለምን አስፈላጊ ነው?
knowledge|36#3,knowledge,,daily_life,የእንስሳት ሥጋ ለሰው ልጅ የሚያስፈልገውን የፕሮቲን መጠን እንዴት ይሸፍናል?
knowledge|36#4,knowledge,,daily_life,በኩሽና ውስጥ የሚገኙ ስለታም መሣሪያዎችን በጥንቃቄ ለመጠቀም ምን መደረግ አለበት?
knowledge|36#5,knowledge,,daily_life,አትክልቶችን ከበላ በኋላ በውሃ መታጠብ ለምን ያስፈልጋል?
knowledge|36#7,knowledge,,daily_life,በቤት ውስጥ ምግብ ሲበስል የሚወጣው ሽታ ለምግብ ፍላጎት እንዴት ይረዳል?
knowledge|36#8,knowledge,,daily_life,የተለያዩ የፍራፍሬ ዓይነቶች በሰውነት ውስጥ ያላቸውን የቪታሚን ጥቅም አብራራ?
knowledge|36#9,knowledge,,daily_life,ቅባት የበዛባቸው ምግቦችን ከመጠን በላይ መመገብ በጤና ላይ የሚያመጣው ጉዳት ምንድን ነው?
knowledge|37#0,knowledge,,daily_life,እባክዎን ለሚከተለው ጥያቄ መልስ ይስጡ፡ በኢትዮጵያ ባህል ውስጥ የአባት ወንድም ምን ይባላል?
knowledge|37#1,knowledge,,daily_life,የአባት እናት ልጅ ምን ይባላል?
knowledge|37#2,knowledge,,daily_life,"የሚከተለውን ጥያቄ በአጭሩ እና በትክክል መልስ።

ጥያቄ፡ በኢትዮጵያ ቤተሰብ ውስጥ ታላቅ ልጅ ለታናሽ ልጆች ያለውን ድርሻ አስረዳ።"
knowledge|37#3,knowledge,,daily_life,"ጥያቄ፡ የአባት እናት ወንድም በቤተሰብ ውስጥ ምን ዓይነት ግንኙነት አለው?

መልስ፡"
knowledge|37#4,knowledge,,daily_life,"የሚከተለውን ጥያቄ በአጭሩ እና በትክክል መልስ።

ጥያቄ፡ በኢትዮጵያ ማኅበራዊ ሕይወት ውስጥ ለታላቅ ሰዎች የሚሰጠው ክብር ለምን አስፈላጊ ነው?"
knowledge|37#5,knowledge,,daily_life,እህት እና ወንድም በመካከላቸው ስላላቸው ግንኙነት አጭር ማብራሪያ ስጥ።
knowledge|37#6,knowledge,,daily_life,"ስለሚከተለው ጥያቄ ግልጽ እና አጭር መልስ ስጥ፡
አንድ ሰው የአባቱን እህት ልጅ ሲያገኝ ምን ዓይነት ዝምድና ይኖራቸዋል?"
knowledge|37#8,knowledge,,daily_life,የእናትን ወንድም ልጅ በምን ይባላል?
knowledge|37#9,knowledge,,daily_life,እባክዎን ለሚከተለው ጥያቄ መልስ ይስጡ፡ በቤተሰብ ውስጥ የታናሽ ልጆች ለታላላቅ ወንድሞችና እህቶች ሊኖራቸው የሚገባውን አቀራረብ አብራራ።
knowledge|38#0,knowledge,,daily_life,እባክህ ይህን ጥያቄ መልስልኝ፡ በገበያ ውስጥ የሚሸጡ አትክልቶች ምንድን ናቸው?
knowledge|38#2,knowledge,,daily_life,"ጥያቄ፡ አንድ ሰው በገበያ ለመገበያየት ምን ምን ነገሮችን ማዘጋጀት አለበት?

መልስ፡"
knowledge|38#3,knowledge,,daily_life,"የሚከተለውን ጥያቄ በአጭሩ እና በትክክል መልስ።

ጥያቄ፡ የአትክልትና ፍራፍሬ ገበያዎች ለምን አስፈላጊ ናቸው?"
knowledge|38#5,knowledge,,daily_life,"ስለሚከተለው ጥያቄ ግልጽ እና አጭር መልስ ስጥ፡
የምግብ ዋጋ መጨመር በቤተሰብ የዕለት ተዕለት ሕይወት ላይ ምን ተጽዕኖ ያሳድራል?"
knowledge|38#6,knowledge,,daily_life,እባክዎን ለሚከተለው ጥያቄ መልስ ይስጡ፡ የተሰበሰቡ ሰዎችን ለማግኘት የትኛው የገበያ ዓይነት ይመረጣል?
knowledge|38#8,knowledge,,daily_life,በገበያ ውስጥ የምንገዛቸውን ምግቦች ጥራት እንዴት ማረጋገጥ እንችላለን?
knowledge|38#9,knowledge,,daily_life,"የሚከተለውን ጥያቄ በአጭሩ እና በትክክል መልስ።

ጥያቄ፡ የመደብሮች መከፋፈል በገበያ ውስጥ ለምን ያስፈልጋል?"
knowledge|39#0,knowledge,,daily_life,እባክዎን ለሚከተለው ጥያቄ መልስ ይስጡ፡ አውሮፕላን ለመንዳት ምን ዓይነት የሥልጠና መስፈርት ያስፈልጋል?
knowledge|39#1,knowledge,,daily_life,"ጥያቄ፡ በባቡር ጉዞ ወቅት ጥንቃቄ ማድረግ ያለብን ለምንድን ነው?

መልስ፡"
knowledge|39#2,knowledge,,daily_life,"የሚከተለውን ጥያቄ በአጭሩ እና በትክክል መልስ።

ጥያቄ፡ የባሕር ላይ መርከቦች በውቅያኖስ ላይ እንዴት መጓዝ ይችላሉ?"
knowledge|39#4,knowledge,,daily_life,ከብስክሌት ጉዞ ጋር ተያይዞ የሚመጡ ጥቅሞች ምንድን ናቸው?
knowledge|39#5,knowledge,,daily_life,እባክህ ይህን ጥያቄ መልስልኝ፡ የአየር መንገድ ጉዞ ከየብስ ጉዞ በምን ይለያል?
knowledge|39#6,knowledge,,daily_life,በመንገድ ላይ ለሚገኙ ተጓዦች የትራፊክ ምልክቶች ለምን አስፈላጊ ናቸው?
knowledge|39#7,knowledge,,daily_life,አዲስ ቦታ ለመጎብኘት የጉዞ ዕቅድ ማውጣት ለምን ይጠቅማል?
knowledge|39#8,knowledge,,daily_life,የታክሲ አገልግሎት ለመጠቀም ምን ማድረግ ያስፈልጋል?
knowledge|39#9,knowledge,,daily_life,በሕዝብ ትራንስፖርት መጠቀም ለአካባቢ ጥበቃ የሚሰጠው ጥቅም ምንድን ነው?
knowledge|40#0,knowledge,,daily_life,ተማሪዎች በትምህርት ቤት ውስጥ ለትምህርት የሚያስፈልጋቸውን መሣሪያዎች በምን ይመድባሉ?
knowledge|40#4,knowledge,,daily_life,ተማሪዎች ከትምህርት ቤታቸው ጋር በተያያዘ ለምን የትምህርት ቤት ቤት ወይም መኖሪያ ያስፈልጋቸዋል?
knowledge|40#5,knowledge,,daily_life,በትምህርት ቤት ውስጥ የሚደረጉ የቡድን ሥራዎች ለተማሪዎች ማኅበራዊ ግንኙነት ምን ዓይነት ፋይዳ አላቸው?
knowledge|40#6,knowledge,,daily_life,እባክህ ይህን ጥያቄ መልስልኝ፡ ተማሪዎች በትምህርት ቤት ውስጥ የሚጠቀሙባቸው ዋና ዋና የጽሕፈት መሣሪያዎች የትኞቹ ናቸው?
knowledge|40#7,knowledge,,daily_life,አንድ ተማሪ በትምህርት ቤቱ ውስጥ ስነ-ሥርዓት እንዲከተል የሚያደርጉት ምክንያቶች ምንድን ናቸው?
knowledge|40#8,knowledge,,daily_life,በመማር ማስተማር ሂደት ውስጥ የቤተ-መጽሐፍት አገልግሎት ለምን አስፈላጊ ነው?
knowledge|40#9,knowledge,,daily_life,"የሚከተለውን ጥያቄ በአጭሩ እና በትክክል መልስ።

ጥያቄ፡ ተማሪዎች ከትምህርት ሰዓት ውጭ በክለቦችና በተለያዩ እንቅስቃሴዎች መሳተፍ ለምን ይጠቅማቸዋል?"
knowledge|41#0,knowledge,,daily_life,የመስቀል በዓል በኢትዮጵያ ሲከበር ምን ዓይነት ትርጉም አለው?
knowledge|41#1,knowledge,,daily_life,"የሚከተለውን ጥያቄ በአጭሩ እና በትክክል መልስ።

ጥያቄ፡ በኢትዮጵያ ባህል ውስጥ ለምን በዓላት ወቅት ልዩ የሆኑ ምግቦች ይዘጋጃሉ?"
knowledge|41#2,knowledge,,daily_life,የእንቁጣጣሽ በዓል በምን ዓይነት ሥርዓት ነው የሚከበረው?
knowledge|41#3,knowledge,,daily_life,"ስለሚከተለው ጥያቄ ግልጽ እና አጭር መልስ ስጥ፡
በኢትዮጵያ ኦርቶዶክስ ተዋሕዶ ቤተክርስቲያን ለምን የጾም ወቅት ይኖራል?"
knowledge|41#4,knowledge,,daily_life,የጥምቀት በዓል በምን ሥርዓት ይከናወናል?
knowledge|41#5,knowledge,,daily_life,እባክዎን ለሚከተለው ጥያቄ መልስ ይስጡ፡ በኢትዮጵያ የሰርግ ሥነ-ሥርዓት ላይ የሚደረጉ ዋና ዋና ተግባራት ምንድን ናቸው?
knowledge|41#6,knowledge,,daily_life,የኢትዮጵያ አዲስ ዓመት መቼ ይውላል?
knowledge|41#7,knowledge,,daily_life,በኢትዮጵያ የቡና ሥነ-ሥርዓት ለምን ማኅበራዊ ትስስር ይፈጥራል?
knowledge|41#8,knowledge,,daily_life,የፋሲካ በዓል በኢትዮጵያ ሕዝብ ዘንድ ያለው ፋይዳ ምንድን ነው?
knowledge|41#9,knowledge,,daily_life,በኢትዮጵያ የባህል ልብስ አጠቃቀም እና በዓላት መካከል ያለው ግንኙነት ምንድን ነው?
knowledge|42#0,knowledge,,history,እባክዎን ለሚከተለው ጥያቄ መልስ ይስጡ፡ የዓድዋ ጦርነት የተካሄደው በየትኛው የኢትዮጵያ ክልል ውስጥ ነው?
knowledge|42#1,knowledge,,history,በዓድዋ ጦርነት ወቅት የኢትዮጵያን ጦር የመሩት መሪዎች እነማን ነበሩ?
knowledge|42#2,knowledge,,history,"የሚከተለውን ጥያቄ በአጭሩ እና በትክክል መልስ።

ጥያቄ፡ ኢትዮጵያ በዓድዋ ጦርነት ያገኘችው ድል ለሀገሪቱ ነፃነት ምን ትርጉም ነበረው?"
knowledge|42#3,knowledge,,history,የዓድዋ ጦርነት ለምን ተከሰተ? ዋና ዋና ምክንያቶቹን ግለጽ።
knowledge|42#4,knowledge,,history,"ጥያቄ፡ በጦርነቱ ወቅት የኢትዮጵያ ጦር ያገኘው ድል በአፍሪካ አገራት ላይ ምን ዓይነት ተጽዕኖ አሳደረ?

መልስ፡"
knowledge|42#5,knowledge,,history,እባክዎን ለሚከተለው ጥያቄ መልስ ይስጡ፡ የጣሊያን ወታደራዊ ጥቃት በኢትዮጵያ ላይ ለምን ሊካሄድ ተገደደ?
knowledge|42#7,knowledge,,history,በጣሊያን እና በኢትዮጵያ መካከል የተፈረመው ውል በጦርነቱ ምክንያት እንዴት ተቀየረ?
knowledge|42#8,knowledge,,history,የዓድዋ ጦርነት ውጤት በዓለም አቀፍ ግንኙነት ላይ ያስከተለውን ለውጥ አብራራ።
knowledge|42#9,knowledge,,history,እባክህ ይህን ጥያቄ መልስልኝ፡ በጦርነቱ ወቅት የኢትዮጵያ የጦር መሪዎች የተጠቀሙባቸው ስልቶች ምን ይመስሉ ነበር?
knowledge|43#0,knowledge,,history,"የሚከተለውን ጥያቄ በአጭሩ እና በትክክል መልስ።

ጥያቄ፡ የኢትዮጵያ ዘመን አቆጣጠር ከፈጣሪ ልደት ጋር ያለው ግንኙነት ምንድን ነው?"
knowledge|43#1,knowledge,,history,በኢትዮጵያ የቀን አቆጣጠር ውስጥ በየዓመቱ የሚታዩት አሥራ ሁለት ወራት ስማቸው ምንድን ነው?
knowledge|43#2,knowledge,,history,የኢትዮጵያ አዲስ ዓመት በየትኛው ወር ነው የሚከበረው?
knowledge|43#3,knowledge,,history,እባክህ ይህን ጥያቄ መልስልኝ፡ በኢትዮጵያ የቀን አቆጣጠር መሠረት በየዓመቱ የሚታዩት አስራ ሶስተኛ ወራት ለምን አስፈላጊ ናቸው?
knowledge|43#5,knowledge,,history,እባክህ ይህን ጥያቄ መልስልኝ፡ መስቀል በኢትዮጵያ በምን ዓይነት ሥርዓት ነው የሚከበረው?
knowledge|43#6,knowledge,,history,"የሚከተለውን ጥያቄ በአጭሩ እና በትክክል መልስ።

ጥያቄ፡ በኢትዮጵያ የዘመን አቆጣጠር ውስጥ የጳጉሜ ወር ባህሪያት ምንድን ናቸው?"
knowledge|43#7,knowledge,,history,"የሚከተለውን ጥያቄ በአጭሩ እና በትክክል መልስ።

ጥያቄ፡ የኢትዮጵያ የዓመተ ምሕረት አቆጣጠር ከሌሎች ዓለም አቀፍ አቆጣጠሮች በምን ይለያል?"
knowledge|43#8,knowledge,,history,"ጥያቄ፡ እንቁጣጣሽ በኢትዮጵያ ሕዝብ ዘንድ ያለውን ትርጉም ግለጽ?

መልስ፡"
knowledge|43#9,knowledge,,history,በኢትዮጵያ የቅዱሳን በዓላት አከባበር ላይ የቤተክርስቲያን ሚና ምንድን ነው?
knowledge|44#0,knowledge,,history,በአፍሪካ አህጉር የነፃነት እንቅስቃሴዎች መነሻ ምክንያት ምን ነበር?
knowledge|44#1,knowledge,,history,የፓን አፍሪካኒዝም ዓላማ ምንድን ነው?
knowledge|44#2,knowledge,,history,"ስለሚከተለው ጥያቄ ግልጽ እና አጭር መልስ ስጥ፡
በአፍሪካ አገራት የቅኝ ግዛት አገዛዝ ሲያበቃ የተከሰተው ዋና ለውጥ ምንድን ነው?"
knowledge|44#4,knowledge,,history,የአፍሪካ ነፃነት ተዋጊዎች ለምን በሰላማዊ መንገድ እና በታጠቀ ትግል መካከል መረጡ?
knowledge|44#5,knowledge,,history,"የሚከተለውን ጥያቄ በአጭሩ እና በትክክል መልስ።

ጥያቄ፡ በአፍሪካ አህጉር የነፃነት ንቅናቄዎችን ያፋጠኑ ምክንያቶች ምንድን ናቸው?"
knowledge|44#7,knowledge,,history,እባክህ ይህን ጥያቄ መልስልኝ፡ በአፍሪካ ነፃነት ዘመን የነበሩ የብሔራዊ አንድነት አስፈላጊነት ለምን ተሰማ?
knowledge|44#8,knowledge,,history,የአፍሪካ አገራት ነፃነት ማግኘታቸው በአህጉሪቱ ኢኮኖሚ ላይ ያመጣው ተጽዕኖ ምን ይመስላል?
knowledge|44#9,knowledge,,history,"የሚከተለውን ጥያቄ በአጭሩ እና በትክክል መልስ።

ጥያቄ፡ በቅኝ ግዛት ሥርዓት እና በነፃነት ንቅናቄዎች መካከል ያለው ዋነኛ ልዩነት ምንድን ነው?"
knowledge|45#0,knowledge,,history,"ስለሚከተለው ጥያቄ ግልጽ እና አጭር መልስ ስጥ፡
በጥንታዊ ግብፅ ስልጣኔ ውስጥ የናይል ወንዝ ለሰዎች ህይወት ምን ጥቅም ይሰጥ ነበር?"
knowledge|45#1,knowledge,,history,እባክህ ይህን ጥያቄ መልስልኝ፡ የመጀመሪያዎቹ የጽሁፍ ስርዓቶች የትኞቹ ጥንታዊ ስልጣኔዎች ነበሩ?
knowledge|45#2,knowledge,,history,እባክህ ይህን ጥያቄ መልስልኝ፡ በጥንታዊ ሜሶፖጣሚያ ውስጥ የነበሩት የከተማ መንግስታት እንዴት ይተዳደሩ ነበር?
knowledge|45#3,knowledge,,history,"ስለሚከተለው ጥያቄ ግልጽ እና አጭር መልስ ስጥ፡
የቻይና ጥንታዊ ስልጣኔ ለዓለም ያስረከባቸው ዋና ዋና የቴክኖሎጂ ውጤቶች ምንድን ናቸው?"
knowledge|45#4,knowledge,,history,በጥንታዊ ግሪክ ውስጥ የዲሞክራሲ መፈጠር ለምን አስፈላጊ ነበር?
knowledge|45#5,knowledge,,history,የሮም ስልጣኔ በታላቅ የጦርነት አቅም እና በሕግ ስርዓት እንዴት ሊስፋፋ ቻለ?
knowledge|45#6,knowledge,,history,በጥንታዊ ኢንዲ ወንዝ ዙሪያ የነበረው ስልጣኔ ለግብፅ ስልጣኔ ምን ይመስል ነበር?
knowledge|45#7,knowledge,,history,"ጥያቄ፡ የጥንታዊ ስልጣኔዎች መፈጠር ከግብርና እድገት ጋር እንዴት ይገናኛል?

መልስ፡"
knowledge|45#8,knowledge,,history,"ስለሚከተለው ጥያቄ ግልጽ እና አጭር መልስ ስጥ፡
የመካከለኛው አሜሪካ ጥንታዊ ስልጣኔዎች ለምን በታላላቅ ህንጻዎች ይታወቃሉ?"
knowledge|45#9,knowledge,,history,የጥንታዊ ስልጣኔዎች መፈራረስ በዋናነት በምን ምክንያቶች ሊከሰት ይችላል?
knowledge|46#0,knowledge,,history,እባክህ ይህን ጥያቄ መልስልኝ፡ በሁለተኛው የዓለም ጦርነት ወቅት ኢትዮጵያን የወረሩት የትኞቹ የአውሮፓ ሀገራት ኃይሎች ናቸው?
knowledge|46#1,knowledge,,history,"የሚከተለውን ጥያቄ በአጭሩ እና በትክክል መልስ።

ጥያቄ፡ በኢትዮጵያ ታሪክ ውስጥ የፋሺስት ጣልቃ ገብነትን ለመቋቋም የተደረገው ትግል እንዴት ነበር?"
knowledge|46#2,knowledge,,history,በአፍሪካ ውድድር ድርጅት ምስረታ ላይ የኢትዮጵያ ሚና ምን ይመስል ነበር?
knowledge|46#3,knowledge,,history,በሃያኛው ክፍለ ዘመን መጀመሪያ ላይ የኢትዮጵያ መንግሥት የነበረው የዲፕሎማሲያዊ ግንኙነት አቅጣጫ ለምን ለውጥ አደረገ?
knowledge|46#4,knowledge,,history,"ስለሚከተለው ጥያቄ ግልጽ እና አጭር መልስ ስጥ፡
በኢትዮጵያ የነበረው የንጉሠ ነገሥት ሥርዓት በዓለም አቀፍ ደረጃ እንዴት ይታወቅ ነበር?"
knowledge|46#5,knowledge,,history,"ስለሚከተለው ጥያቄ ግልጽ እና አጭር መልስ ስጥ፡
በኢትዮጵያ የፖለቲካ ታሪክ ውስጥ የቅኝ ግዛት ተቃውሞ ለምን አስፈላጊ ነበር?"
knowledge|46#6,knowledge,,history,"ጥያቄ፡ በኢትዮጵያና በጣሊያን መካከል የተደረገው የአድዋ ጦርነት ውጤት ምን ነበር?

መልስ፡"
knowledge|46#7,knowledge,,history,በሃያኛው ክፍለ ዘመን መካከለኛ ዘመን የኢትዮጵያ ኢኮኖሚ በምን ዓይነት የለውጥ ሂደት ውስጥ አልፎ ነበር?
knowledge|46#8,knowledge,,history,እባክህ ይህን ጥያቄ መልስልኝ፡ በኢትዮጵያ የነበረው የፌዴራል ሥርዓት መዋቅር ከቀድሞው ሥርዓት ጋር እንዴት ይለያል?
knowledge|46#9,knowledge,,history,እባክዎን ለሚከተለው ጥያቄ መልስ ይስጡ፡ በኢትዮጵያ ታሪክ ውስጥ የዓለም አቀፍ ተቋማት ተጽዕኖ እንዴት ሊገለጽ ይችላል?
knowledge|47#0,knowledge,,health,እባክህ ይህን ጥያቄ መልስልኝ፡ ወባን ለመከላከል በቤት ውስጥ ምን ዓይነት መከላከያዎችን መጠቀም ይቻላል?
knowledge|47#1,knowledge,,health,እባክዎን ለሚከተለው ጥያቄ መልስ ይስጡ፡ የወባ ትንኝ በብዛት የሚባዝነው በየትኛው የሰዓት ክፍለ ጊዜ ነው?
knowledge|47#2,knowledge,,health,እባክዎን ለሚከተለው ጥያቄ መልስ ይስጡ፡ በአካባቢ ላይ የቆመ ውሃ ለወባ በሽታ መከሰት ለምን ምክንያት ይሆናል?
knowledge|47#4,knowledge,,health,ወባን ለመከላከል የቤት ውስጥ አካባቢን ንጽህና መጠበቅ ለምን አስፈላጊ ነው?
knowledge|47#5,knowledge,,health,"ስለሚከተለው ጥያቄ ግልጽ እና አጭር መልስ ስጥ፡
በአካባቢ ላይ የሚገኙ የውሃ ማቆሚያዎችን በማጥፋት የወባ ስርጭትን እንዴት መቀነስ ይቻላል?"
knowledge|47#6,knowledge,,health,የወባ በሽታን ለመከላከል የሚረዱ ዋና ዋና መንገዶች ምንድን ናቸው?
knowledge|47#7,knowledge,,health,በቤት ውስጥ የሚረጩ መከላከያ መድኃኒቶች የወባ ትንኝን እንዴት ይከላከላሉ?
knowledge|47#9,knowledge,,health,እባክዎን ለሚከተለው ጥያቄ መልስ ይስጡ፡ በአካባቢ ላይ የቆሙ የቆሻሻ ክምችቶች ለወባ በሽታ መስፋፋት ለምን ምክንያት ይሆናሉ?
knowledge|48#0,knowledge,,health,"ጥያቄ፡ የእናቶች ጤናን ለመጠበቅ በወሊድ ወቅት ምን ዓይነት የሕክምና ክትትል ያስፈልጋል?

መልስ፡"
knowledge|48#2,knowledge,,health,የእናቶች የብረት ማዕድን እጥረት ለምን ለጤና ችግር ምክንያት ይሆናል?
knowledge|48#3,knowledge,,health,ከወሊድ በኋላ ለሚሰጡ የክትባት አገልግሎቶች ዋና ዓላማ ምንድን ነው?
knowledge|48#5,knowledge,,health,"የሚከተለውን ጥያቄ በአጭሩ እና በትክክል መልስ።

ጥያቄ፡ በእርግዝና ወቅት በቂ የፈሳሽ መጠን መያዝ ለምን አስፈላጊ ነው?"
knowledge|48#6,knowledge,,health,"የሚከተለውን ጥያቄ በአጭሩ እና በትክክል መልስ።

ጥያቄ፡ የሕፃናት መኮማተርን ለመከላከል ምን ዓይነት የንጽህና አጠባበቅ እርምጃዎች መወሰድ አለባቸው?"
knowledge|48#8,knowledge,,health,"የሚከተለውን ጥያቄ በአጭሩ እና በትክክል መልስ።

ጥያቄ፡ ለሕፃናት እድገት አስፈላጊ የሆኑ ዋና ዋና የአመጋገብ ንጥረ ነገሮች የትኞቹ ናቸው?"
knowledge|48#9,knowledge,,health,እባክዎን ለሚከተለው ጥያቄ መልስ ይስጡ፡ በእርግዝና ወቅት ከፍተኛ የደም ግፊት መኖር ለምን አደገኛ ሊሆን ይችላል?
knowledge|49#0,knowledge,,health,"ጥያቄ፡ የተመጣጠነ ምግብ ማለት ምን ማለት ነው?

መልስ፡"
knowledge|49#1,knowledge,,health,ሰውነታችን ለኃይል የሚያስፈልገውን ንጥረ ነገር ከየትኛው የምግብ ዓይነት እናገኛለን?
knowledge|49#2,knowledge,,health,"የሚከተለውን ጥያቄ በአጭሩ እና በትክክል መልስ።

ጥያቄ፡ በሰውነታችን ውስጥ የቫይታሚን እጥረት መኖር ምን ዓይነት ችግሮችን ሊያስከትል ይችላል? አብራራ።"
knowledge|49#3,knowledge,,health,"ስለሚከተለው ጥያቄ ግልጽ እና አጭር መልስ ስጥ፡
ፕሮቲን ለሰውነታችን የሚያበረክተው ጥቅም ምንድን ነው?"
knowledge|49#4,knowledge,,health,ለጤናማ የአጥንት እድገት የሚያስፈልገው ዋናው ማዕድን የትኛው ነው?
knowledge|49#5,knowledge,,health,በምግብ ውስጥ የፋይበር መጠን መጨመር ለምግብ መፈጨት ሥርዓት እንዴት ይረዳል? አብራራ።
knowledge|49#7,knowledge,,health,የብረት ማዕድን በብዛት የሚገኝባቸውን የምግብ ዓይነቶች ጥቀስ።
knowledge|49#8,knowledge,,health,ውሃ ለሰውነት አስፈላጊ የሆነበትን ሂደት አብራራ።
knowledge|49#9,knowledge,,health,እባክህ ይህን ጥያቄ መልስልኝ፡ ጤናማ የሰውነት ክብደት ለመጠበቅ ምን ዓይነት የምግብ አዘገጃጀት ሥርዓት መከተል ያስፈልጋል?
knowledge|50#0,knowledge,,health,የተመረቀ ወይም ንጹህ ውሃ ለመጠጣት ምን መደረግ አለበት?
knowledge|50#1,knowledge,,health,እባክህ ይህን ጥያቄ መልስልኝ፡ እጅን በሳሙና መታጠብ ለምን አስፈላጊ ነው?
knowledge|50#2,knowledge,,health,"ስለሚከተለው ጥያቄ ግልጽ እና አጭር መልስ ስጥ፡
በቤት ውስጥ ያለን የቆሻሻ ማስወገጃ ሥርዓት እንዴት ማሻሻል ይቻላል?"
knowledge|50#3,knowledge,,health,ምግብ ከመብላት በፊት እጅን መታጠብ ለምን ያስፈልጋል?
knowledge|50#4,knowledge,,health,እባክዎን ለሚከተለው ጥያቄ መልስ ይስጡ፡ የአካባቢ ንጽህናን መጠበቅ ለጤና ያለውን ጥቅም አብራራ።
knowledge|50#5,knowledge,,health,የተበከለ ውሃ ለተለያዩ በሽታዎች መከሰት እንዴት ምክንያት ይሆናል?
knowledge|50#6,knowledge,,health,የሽንት ቤት አጠቃቀም እና ንጽህና ለጤናማ ማህበረሰብ ያለው ፋይዳ ምንድን ነው?
knowledge|50#7,knowledge,,health,"ስለሚከተለው ጥያቄ ግልጽ እና አጭር መልስ ስጥ፡
በቤት ውስጥ ያለን የውሃ ማጠራቀሚያ ንጹህ ሆኖ እንዲቆይ ምን መደረግ አለበት?"
knowledge|50#8,knowledge,,health,የአትክልትና ፍራፍሬዎችን በደንብ ማጠብ ለምን ያስፈልጋል?
knowledge|50#9,knowledge,,health,"የሚከተለውን ጥያቄ በአጭሩ እና በትክክል መልስ።

ጥያቄ፡ በአካባቢ ላይ የሚከማቹ ቆሻሻዎች ለበሽታ መሰራጨት እንዴት ምክንያት ይሆናሉ?"
knowledge|51#0,knowledge,,health,"ስለሚከተለው ጥያቄ ግልጽ እና አጭር መልስ ስጥ፡
ክትባት ለምን ለጤና አስፈላጊ ነው?"
knowledge|51#1,knowledge,,health,የክትባት ጥቅሞች ምንድን ናቸው?
knowledge|51#2,knowledge,,health,በክትባት አማካኝነት ምን ዓይነት በሽታዎችን መከላከል ይቻላል?
knowledge|51#3,knowledge,,health,"ጥያቄ፡ ክትባት በሰውነት ውስጥ እንዴት በሽታ የመከላከል አቅምን ይገነባሉ?

መልስ፡"
knowledge|51#4,knowledge,,health,የመጀመሪያ ደረጃ ክትባቶች ለምን ለሕፃናት ይሰጣሉ?
knowledge|51#5,knowledge,,health,በክትባት እና በሕክምና መካከል ያለው ልዩነት ምንድን ነው?
knowledge|51#6,knowledge,,health,የክትባት ሂደት እንዴት ነው የሚከናወነው?
knowledge|51#7,knowledge,,health,እባክህ ይህን ጥያቄ መልስልኝ፡ ክትባት ከመወሰዱ በፊት ምን ዓይነት ዝግጅት ያስፈልጋል?
knowledge|51#8,knowledge,,health,የክትባት መዘግየት በጤና ላይ ምን ዓይነት ተጽዕኖ ሊኖረው ይችላል?
knowledge|51#9,knowledge,,health,በአንድ ማኅበረሰብ ውስጥ የክትባት ሽፋን መጨመር ለምን አስፈላጊ ነው?
knowledge|52#0,knowledge,,health,በጣም የጋለ እሳት ወይም ትኩሳት ሲኖር የመጀመሪያ እርዳታ ለመስጠት ምን መደረግ አለበት?
knowledge|52#2,knowledge,,health,"ጥያቄ፡ በቆዳ ላይ የሚከሰት ትንሽ ቁስል ወይም መቧጨር ሲኖር እንዴት መታከም አለበት?

መልስ፡"
knowledge|52#3,knowledge,,health,የደም መፍሰስ በሚኖርበት ጊዜ ደሙ እንዲቆም ለማድረግ የሚወሰዱ ቅደም ተከተሎች ምንድን ናቸው?
knowledge|52#4,knowledge,,health,"ስለሚከተለው ጥያቄ ግልጽ እና አጭር መልስ ስጥ፡
በሙቅ ነገር ምክንያት የቆዳ መቃጠል ሲከሰት ለምን በረዶ በቀጥታ መጠቀም የለብንም?"
knowledge|52#5,knowledge,,health,እባክህ ይህን ጥያቄ መልስልኝ፡ ሰው በድንገት ራሱን ስቶ ቢወድቅ ለመርዳት መጀመሪያ መደረግ ያለበት ተግባር ምንድን ነው?
knowledge|52#6,knowledge,,health,"ጥያቄ፡ የእግር መገጣጠሚያ ወይም ጡንቻ ሲወጠር የሚሰማውን ህመም ለመቀነስ ምን መደረግ አለበት?

መልስ፡"
knowledge|52#7,knowledge,,health,አንድ ሰው በከፍተኛ ሙቀት ምክንያት የሰውነት ፈሳሽ ሲያጣ ለምን ብዙ ውሃ መጠጣት ያስፈልገዋል?
knowledge|52#8,knowledge,,health,እባክዎን ለሚከተለው ጥያቄ መልስ ይስጡ፡ ዓይን ውስጥ አሸዋ ወይም አቧራ ቢገባ እንዴት በጥንቃቄ ማጽዳት ይቻላል?
knowledge|52#9,knowledge,,health,በድንገተኛ አደጋ ወቅት ለምን የአካባቢውን ደህንነት መጀመሪያ ማረጋገጥ ያስፈልጋል?
knowledge|53#0,knowledge,,science,"ስለሚከተለው ጥያቄ ግልጽ እና አጭር መልስ ስጥ፡
የውሃ ዑደት ምን ማለት ነው?"
knowledge|53#1,knowledge,,science,በአየር ላይ የሚታዩ ደመናዎች እንዴት ይፈጠራሉ?
knowledge|53#3,knowledge,,science,ፀሐይ በውሃ ዑደት ውስጥ ያለውን ሚና አብራራ።
knowledge|53#4,knowledge,,science,እባክዎን ለሚከተለው ጥያቄ መልስ ይስጡ፡ እንዲህ ዓይነት ዝናብ የሚጥለው የአየር ሁኔታ ምን ይመስላል?
knowledge|53#5,knowledge,,science,"ጥያቄ፡ የእንፋሎት መለወጥ ሂደት በሳይንሳዊ መንገድ እንዴት ይገለጻል?

መልስ፡"
knowledge|53#6,knowledge,,science,በአየር ውስጥ ያለው እርጥበት በከፍተኛ ሁኔታ ሲጨምር ምን ሊከሰት ይችላል?
knowledge|53#8,knowledge,,science,በአየር ግፊት እና በዝናብ መዝነብ መካከል ያለውን ግንኙነት ግለጽ።
knowledge|53#9,knowledge,,science,የመሬት ላይ ውሃ ወደ ሰማይ የሚወጣው በምን ዓይነት ሂደት ነው?
knowledge|54#0,knowledge,,science,ዕፅዋት ምግብ ለማዘጋጀት ምን ዓይነት የብርሃን ዓይነት ያስፈልጋቸዋል?
knowledge|54#1,knowledge,,science,"ስለሚከተለው ጥያቄ ግልጽ እና አጭር መልስ ስጥ፡
በፎቶሲንተሲስ ሂደት ውስጥ ዕፅዋት ከአየር ውስጥ የሚ absorbs የሚያደርጉት ጋዝ ምንድን ነው?"
knowledge|54#2,knowledge,,science,በዕፅዋት ቅጠል ውስጥ የሚገኘውና ለፎቶሲንተሲስ ሂደት አስፈላጊ የሆነው አረንጓዴ ቀለም ምን ይባላል?
knowledge|54#3,knowledge,,science,ዕፅዋት ለፎቶሲንተሲስ ሂደት የሚያስፈልጋቸውን ውሃ ከየት ነው የሚያገኙት?
knowledge|54#4,knowledge,,science,ፎቶሲንተሲስ በዕፅዋት ውስጥ እንዴት እንደሚከናወን አጭር ማብራሪያ ስጥ?
knowledge|54#5,knowledge,,science,እባክህ ይህን ጥያቄ መልስልኝ፡ ዕፅዋት ለፎቶሲንተሲስ ሂደት የፀሐይ ብርሃንን ለምን ይጠቀማሉ?
knowledge|54#6,knowledge,,science,"ጥያቄ፡ በፎቶሲንተሲስ ሂደት ውጤት መልክ የሚወጣውና ለሰው ልጅ መተንፈሻነት የሚያገለግለው ጋዝ የትኛው ነው?

መልስ፡"
knowledge|54#7,knowledge,,science,የዕፅዋት ቅጠሎች ለምን አረንጓዴ ቀለም እንዲኖራቸው ተደረገ?
knowledge|54#8,knowledge,,science,በፎቶሲንተሲስ ሂደት እና በመተንፈስ ሂደት መካከል ያለውን ልዩነት አብራራ?
knowledge|54#9,knowledge,,science,እባክህ ይህን ጥያቄ መልስልኝ፡ የፀሐይ ብርሃን በዕፅዋት ዕድገት ላይ ያለው ተጽዕኖ ምንድን ነው?
knowledge|55#1,knowledge,,science,የአንቀጽ አጥንት ሥርዓት ለሰውነት መዋቅር ምን ዓይነት አስተዋጽኦ ያደርጋል?
knowledge|55#2,knowledge,,science,የሳንባ ሥርዓት እንዴት ኦክስጅንን ወደ ደም ውስጥ ያስገባል?
knowledge|55#3,knowledge,,science,የምግብ መፈጨት ሥርዓት ምግብ ወደ ንጥረ ነገር ለመለወጥ የሚከተለውን ሂደት አብራራ።
knowledge|55#4,knowledge,,science,"ስለሚከተለው ጥያቄ ግልጽ እና አጭር መልስ ስጥ፡
በሰውነት ውስጥ የነርቭ ሥርዓት መረጃን እንዴት ያስተላልፋል?"
knowledge|55#5,knowledge,,science,የልብ ትርታ ለሰውነት አስፈላጊ የሆነው ለምንድን ነው?
knowledge|55#6,knowledge,,science,"ስለሚከተለው ጥያቄ ግልጽ እና አጭር መልስ ስጥ፡
የቆዳ ሥርዓት ሰውነትን ከውጭ ከሚመጡ አደጋዎች እንዴት ይከላከላል?"
knowledge|55#7,knowledge,,science,እባክዎን ለሚከተለው ጥያቄ መልስ ይስጡ፡ የሽንት ሥርዓት በሰውነት ውስጥ ያለ ትርፍ ፈሳሽና መርዛማ ነገሮችን እንዴት ያስወግዳል?
knowledge|55#8,knowledge,,science,የጡንቻ ሥርዓትና የአጥንት ሥርዓት በጋራ እንዴት ይሠራሉ?
knowledge|55#9,knowledge,,science,"የሚከተለውን ጥያቄ በአጭሩ እና በትክክል መልስ።

ጥያቄ፡ የሰውነት በሽታ የመከላከል ሥርዓት ከሕዋሳት ጋር ያለውን ግንኙነት ግለጽ።"
knowledge|56#0,knowledge,,science,የኤሌክትሪክ ፍሰት በሽቦ ውስጥ እንዲሄድ የሚያደርገው ምንድን ነው?
knowledge|56#1,knowledge,,science,"ስለሚከተለው ጥያቄ ግልጽ እና አጭር መልስ ስጥ፡
የኤሌክትሪክ ኃይል ምንጮች በሁለት ዋና ዋና ክፍሎች እንዴት ሊከፈሉ ይችላሉ?"
knowledge|56#2,knowledge,,science,"ጥያቄ፡ የኤሌክትሪክ ቮልቴጅ እና የኤሌክትሪክ ኮረንት ልዩነታቸው ምንድን ነው?

መልስ፡"
knowledge|56#3,knowledge,,science,ባትሪዎች እንዴት የኤሌክትሪክ ኃይልን ማከማቸት ይችላሉ?
knowledge|56#4,knowledge,,science,ኤሌክትሪክ ለምን ለሰው ልጅ ጥቅም ላይ ይውላል?
knowledge|56#5,knowledge,,science,እባክህ ይህን ጥያቄ መልስልኝ፡ የኤሌክትሪክ መከላከያ መሳሪያዎች ለምን አስፈላጊ ናቸው?
knowledge|56#7,knowledge,,science,የኤሌክትሪክ ገመዶች ለምን በብረት ይሠራሉ?
knowledge|56#8,knowledge,,science,የኤሌክትሪክ ኃይል በቤታችን ውስጥ እንዴት ሊሰራጭ ይችላል?
knowledge|56#9,knowledge,,science,በኤሌክትሪክ መሣሪያዎች እና በሙቀት መካከል ያለው ግንኙነት ምንድን ነው?
knowledge|57#0,knowledge,,science,"ስለሚከተለው ጥያቄ ግልጽ እና አጭር መልስ ስጥ፡
በፀሐይ ሥርዓት ውስጥ ትልቁ ፕላኔት የትኛው ነው?"
knowledge|57#1,knowledge,,science,እባክዎን ለሚከተለው ጥያቄ መልስ ይስጡ፡ ምድር በፀሐይ ዙሪያ ለመዞር የምትወስደውን ጊዜ እንዴት መግለጽ ይቻላል?
knowledge|57#3,knowledge,,science,"ጥያቄ፡ ከመሬት በታች የሚገኘው የላቫ ስብስብ ምን ይባላል?

መልስ፡"
knowledge|57#4,knowledge,,science,እባክዎን ለሚከተለው ጥያቄ መልስ ይስጡ፡ በጠፈር ውስጥ ያሉ ከዋክብት ብርሃን የሚሰጡት እንዴት ነው?
knowledge|57#6,knowledge,,science,በምድር ላይ የሚገኙ የአየር ንብረት ለውጦች በምን ምክንያት ሊከሰቱ ይችላሉ?
knowledge|57#8,knowledge,,science,የአየር ግፊት ምን ማለት እንደሆነ ግለጽ?
knowledge|57#9,knowledge,,science,"የሚከተለውን ጥያቄ በአጭሩ እና በትክክል መልስ።

ጥያቄ፡ በፀሐይ ሥርዓት ውስጥ በውሃ የተሸፈኑ ፕላኔቶች የትኞቹ ናቸው?"
knowledge|58#0,knowledge,,science,"ስለሚከተለው ጥያቄ ግልጽ እና አጭር መልስ ስጥ፡
በዕለት ተዕለት ሕይወታችን ውስጥ የምንጠቀመው የጨው ሳይንሳዊ ስም ምንድን ነው?"
knowledge|58#1,knowledge,,science,የብረት ዕቃዎች ለረጅም ጊዜ አየር እና እርጥበት ሲጋለጡ ለምን ዝገት ይይዛሉ?
knowledge|58#2,knowledge,,science,ለምግብ ዝግጅት የምንጠቀምባቸው አሲዶች ለምሳሌ እንደ ሎሚ ያሉ ነገሮች በውስጣቸው ምን ዓይነት ንጥረ ነገር ይዘዋል?
knowledge|58#3,knowledge,,science,እባክህ ይህን ጥያቄ መልስልኝ፡ የመጥበሻ ዘይት በጣም ሲጋል እንዲቃጠል የሚያደርገው የኬሚካል ለውጥ እንዴት ይከሰታል?
knowledge|58#4,knowledge,,science,በቤት ውስጥ የምንጠቀምባቸው ሳሙናዎች እንዴት በቆሻሻ እና በውሃ መካከል ያለውን ግንኙነት በማመቻቸት ማጽዳት ይችላሉ?
knowledge|58#6,knowledge,,science,"ስለሚከተለው ጥያቄ ግልጽ እና አጭር መልስ ስጥ፡
ለቤት ውስጥ አገልግሎት የምንጠቀምባቸው የጽዳት ውህዶች ለምን ተፈጥሯዊ አሲዶች እና ቤዞች ይዘዋል?"
knowledge|58#7,knowledge,,science,በውሃ ውስጥ የሚሟሟ ጨው እና የማይሟሟ አሸዋ ያላቸው ልዩነት ምንድን ነው?
knowledge|58#8,knowledge,,science,እባክዎን ለሚከተለው ጥያቄ መልስ ይስጡ፡ የእንፋሎት ሂደት በውሃ እና በሙቀት መካከል ያለውን ግንኙነት እንዴት ይገልጻል?
knowledge|58#9,knowledge,,science,"ጥያቄ፡ በአየር ውስጥ የሚገኘው ኦክስጅን ለሕይወት አስፈላጊ የሆነው በምን ዓይነት የኬሚካል ሂደት ነው?

መልስ፡"
knowledge|59#1,knowledge,,agriculture,የጤፍ ምርታማነትን ለመጨመር የሚያስፈልጉ ዋና ዋና የግብርና ዘዴዎች ምንድን ናቸው?
knowledge|59#4,knowledge,,agriculture,የጤፍ ምርት ከሌሎች እህሎች ለምን በውስጡ ባለው ንጥረ ነገር ይለያል?
knowledge|59#5,knowledge,,agriculture,በተከታታይ የአዝመራ ወቅት የአፈር ለምነት እንዲቀንስ የሚያደርጉ ምክንያቶች ምንድን ናቸው?
knowledge|59#7,knowledge,,agriculture,"የሚከተለውን ጥያቄ በአጭሩ እና በትክክል መልስ።

ጥያቄ፡ የተሻሻሉ የጤፍ ዝርያዎችን መጠቀም በገበሬዎች ምርት ላይ ምን ዓይነት ለውጥ ያመጣል?"
knowledge|59#8,knowledge,,agriculture,"ጥያቄ፡ በእርሻ ማሳ ላይ አረም መኖር በጤፍ እድገት ላይ የሚያመጣው ተጽዕኖ ምንድን ነው?

መልስ፡"
knowledge|59#9,knowledge,,agriculture,"የሚከተለውን ጥያቄ በአጭሩ እና በትክክል መልስ።

ጥያቄ፡ በኢትዮጵያ የ céréal ወይም የእህል እርሻ ላይ የሚከናወኑ ዋና ዋና የዝግጅት ሂደቶች እንዴት ናቸው?"
comprehension|4#0,comprehension,,history,"ንባቡን መሠረት በማድረግ ጥያቄውን መልስ።

Context:
የጥንታዊቷ ግብፅ ስልጣኔ በናይል ወንዝ ዳርቻ ላይ ለብዙ ሺህ ዓመታት በከፍተኛ ሁኔታ እያደገ መጥቷል። ይህ ወንዝ በየዓመቱ በሚያደርገው የጎርፍ መጥለቅለቅ አማካኝነት ለግብፃውያን ለም መሬትና ለግብርና አስፈላጊ የሆነ አፈር ያቀርብላቸዋል። ግብፃውያን ከዚህ የተገኘውን የተፈጥሮ በረከት በመጠቀም ትላልቅ የሰብል ምርቶችን በማምረት ለሕዝባቸው ምግብ ማቅረብ ችለዋል። በወንዙ ዳርቻ ላይ የተገነቡት ትላልቅ የድንጋይ ህንጻዎችና መቃብሮች የጥንታዊው ሥልጣኔ የቴክኖሎጂና የሥነ ጥበብ ብቃት ምን ያህል የላቀ እንደነበር ያሳያሉ። የናይል ወንዝ ለንግድ ልውውጥና ለትራንስፖርት አገልግሎትም በመጠቀም በየክልሉ መካከል ያለውን ግንኙነት በጣም ቀላል አድርጎታል። ስለዚህ ይህ ወንዝ ለግብፅ ሥልጣኔ መኖርና እድገት ዋነኛውና መሰረታዊ የሆነው ምክንያት ተደርጎ ይወሰዳል።

የናይል ወንዝ ለግብፃውያን ግብርና በጣም አስፈላጊ የሆነውን አፈር የሚያቀርበው እንዴት ነው?"
comprehension|4#1,comprehension,,history,"ከዚህ በታች ያለውን ምንባብ አንብበህ ጥያቄውን መልስ።

Context:
የሜሶጶጣሚያ ስልጣኔ በኤፍራተስና በታይግሪስ ወንዞች መካከል ባለው ለም መሬት ላይ በታላቅ ሁኔታ ተመስርቶ ነበር። የዚህ ስልጣኔ ሰዎች መጻፍና መቁጠር እንዲችሉ የሚያስችላቸውን የመጀመሪያውን የጽሕፈት ሥርዓት በዓለም ላይ ፈጥረዋል። በዚያ ዘመን የነበሩት ከተሞች በከፍተኛ የሕዝብ ቁጥርና በታላቅ የከተማ መዋቅር የታወቁና የበለጸጉ ነበሩ። የሕግ ሥርዓታቸውም በወቅቱ የነበሩትን ሰዎች ሰላማዊና ሥርዓት ያለው ሕይወት እንዲመሩ በማድረግ ረገድ ትልቅ ሚና ተጫውቷል። የግብይት ሥርዓቱም በንግድና በሸቀጦች ልውውጥ ላይ በመመስረት በሰፊው ዓለም ውስጥ እንዲታወቅ አድርጎታል። የዚህ ስልጣኔ መሠረት በወንዞቹ ዳርቻ ላይ የተገነቡት ጠንካራ የከተማ መንደሮችና የግብርና ምርቶች ናቸው።

በሜሶጶጣሚያ ስልጣኔ ሰዎች መጻፍና መቁጠር እንዲችሉ ያደረጋቸው ምን ዓይነት ፈጠራ ነው?"
comprehension|6#1,comprehension,,health,"ከሚከተለው ጽሑፍ በመነሳት ጥያቄውን መልስ።

የወባ ትንኞች በብዛት የሚራቡባቸው የቆሙ ውሃዎች በቤት አካባቢ መኖራቸው ለበሽታው ስርጭት ዋነኛ ምክንያት በመሆኑ እነዚህን የውሃ መሰብሰቢያ ቦታዎች ማስወገድ ያስፈልጋል። ሰዎች በየሳምንቱ በየቤታቸው አካባቢ ያሉ የቆሙ ውሃዎችን በማጽዳትና የውሃ መከማቻዎችን በመሸፈን የትንኝ መራቢያ እድልን ማጥፋት ይችላሉ። ይህንን ቀላል ተግባር በየጊዜው ማከናወን በቤተሰብ ውስጥ የሚከሰቱ የወባ ስርጭቶችን በከፍተኛ ሁኔታ ለመቀነስ ይረዳል። የውሃ መቆማትን መከላከል ለጤናማ ህይወት መሰረት ነው።

ጥያቄ፡ የወባ ትንኞች በብዛት የሚራቡባቸው የውሃ መሰብሰቢያ ቦታዎች ምን ዓይነት ችግር ይፈጥራሉ?"
comprehension|6#2,comprehension,,health,"እባክዎን ከታች ያለውን ጽሑፍ አንብበው ለሚከተለው ጥያቄ መልስ ይስጡ።

Context:
በአንዳንድ የኢትዮጵያ አካባቢዎች የሚገኙ የጤና ጣቢያዎች ለነፍሰ ጡር እናቶች የወባ መከላከያ መድኃኒቶችን በነጻ እንዲወስዱ የሚያበረታታ ልዩ የጤና ፕሮግራም በመተግበር ላይ ይገኛሉ። እነዚህ እናቶች በየሦስት ወሩ ወደ ጤና ጣቢያ በመሄድ አስፈላጊውን የክትትልና የሕክምና አገልግሎት ማግኘት ይኖርባቸዋል። ይህ የጤና አገልግሎት እናትና ህጻን ከወባ በሽታ ተጽዕኖ እንዲጠበቁ ለማድረግ ታስቦ የተዘጋጀ ነው። ፕሮግራሙ በየአካባቢው ባሉ የጤና ሰራተኞች አማካኝነት በስፋት እየተተገበረ ነው።

ነፍሰ ጡር እናቶች የክትትልና የሕክምና አገልግሎት ለማግኘት በየስንት ወሩ ወደ ጤና ጣቢያ መሄድ አለባቸው?"
comprehension|7#0,comprehension,,health,"ንባቡን መሠረት በማድረግ ጥያቄውን መልስ።

Context:
ጤናማ እርግዝና ለእናቶች እና ለሕፃናት ደህንነት እጅግ አስፈላጊ የሆነ መሠረታዊ የጤና አጠባበቅ ሂደት ነው። ነፍሰ ጡር ሴቶች በየጊዜው ወደ ጤና ተቋማት በመሄድ የሕክምና ክትትል ማድረግ አለባቸው። ይህ ክትትል በየሦስት ወሩ መደረግ ያለበት ሲሆን ይህም የሕፃኑን እድገት ለመከታተል ይረዳል። በሕክምና ወቅት የሚሰጡ የቪታሚን እንክብካቤዎች እና የአመጋገብ ምክሮች ለእናቶች ጥንካሬ ወሳኝ ናቸው። በተጨማሪም በጤና ተቋማት ውስጥ የሚሰጡ የክትባት አገልግሎቶች ሕፃናት በሽታ እንዳይይዛቸው ይከላከላሉ። በቂ እረፍት ማግኘት እና ንጹህ ውሃ መጠጣት ለእናቶች ጤናማነት ትልቅ አስተዋጽኦ ያደርጋሉ።

ነፍሰ ጡር ሴቶች የሕክምና ክትትል ማድረግ ያለባቸው በየስንት ወሩ ነው?"
comprehension|7#1,comprehension,,health,"የተሰጠውን ጽሑፍ በጥንቃቄ ካነበብክ በኋላ የቀረበውን ጥያቄ መልስ።

ጽሑፍ፡ አዲስ ለተወለዱ ሕፃናት የሚሰጡ የክትባት አገልግሎቶች ከከባድ ተላላፊ በሽታዎች ለመከላከል ከፍተኛ ሚና ይጫወታሉ። እነዚህ ክትባቶች ሕፃናት በደካማ የበሽታ መከላከል አቅማቸው ምክንያት ሊያዙ የሚችሉትን አደጋ ይቀንሳሉ። ወላጆች ሕፃናቸው በተቀመጠላቸው የክትባት መርሃ ግብር መሠረት ወደ ጤና ጣቢያ መውሰድ ይኖርባቸዋል። በክትባት ወቅት የሚታዩ መጠነኛ የሙቀት መጨመሮች ወይም የሰውነት መቁሰል ተፈጥሯዊ የጤና ለውጦች ናቸው። በክትባት አማካኝነት የሚከላከሏቸው በሽታዎች ሕፃናት በጤናማ ሁኔታ እንዲያድጉ ትልቅ ዕድል ይሰጣሉ። ወላጆች ስለ ክትባቱ አስፈላጊነት ትክክለኛ መረጃ ካገኙ ለሕፃናቸው የተሻለ እንክብካቤ ማድረግ ይችላሉ።

ጥያቄ፡ በክትባት ወቅት የሚታዩ መጠነኛ የሙቀት መጨመሮች ምን ተደርገው ይታያሉ?"
comprehension|8#0,comprehension,,health,"ከሚከተለው ጽሑፍ በመነሳት ጥያቄውን መልስ።

በኢትዮጵያ ውስጥ የሚገኙ የጤና ባለሙያዎች ለህፃናት እድገት የተመጣጠነ ምግብ አስፈላጊነትን በየጊዜው ለወላጆች በማስረዳት ላይ ይገኛሉ። በተለይም በየቀኑ በምግብ ውስጥ የተለያዩ የጥራጥሬ አይነቶችን ማካተት ለሰውነት የሚያስፈልጉ ፕሮቲኖችን ለማግኘት በጣም ጠቃሚ ነው። እንደ ምስር እና አተር ያሉ ጥራጥሬዎች ለጡንቻ ግንባታ እና ለሰውነት ጥንካሬ ከፍተኛ የሆነ የንጥረ ነገር ድጋፍ ይሰጣሉ። በተጨማሪም አረንጓዴ ቅጠላቅጠል ያላቸው ምግቦች በውስጣቸው የብረት ንጥረ ነገር ስላላቸው የደም ማነስ እንዳይከሰት ይረዳሉ። ፍራፍሬዎችን በየቀኑ መመገብ ለሰውነት በሽታ የመከላከል አቅምን ለመገንባት እና ለቆዳ ጤንነት በጣም አስፈላጊ ነው። ወተት እና የወተት ተዋጽኦዎች ለጥርስ እና ለአጥንት ጥንካሬ የሚያስፈልጉ ካልሲየም ንጥረ ነገሮችን በብዛት ይይዛሉ። ወላጆች ልጆቻቸው በቂ ምግብ እንዲያገኙ በማድረግ የወደፊት የጤና ሁኔታቸውን በአግባቡ መቅረጽ ይችላሉ። ስለዚህ የተመጣጠነ ምግብ አዘገጃጀት ለቤተሰብ ጤና መሰረት መሆኑን መረዳት ለሁሉም ሰው የግድ ነው።

ጥያቄ፡ በምግብ ውስጥ አረንጓዴ ቅጠላቅጠል ያላቸው ምግቦችን ማካተት ለምን አስፈላጊ ነው?"
comprehension|8#1,comprehension,,health,"ንባቡን መሠረት በማድረግ ጥያቄውን መልስ።

Context:
ጤናማ የአኗኗር ዘይቤ ለመከተል በምግብ ውስጥ የሚወሰዱ የጨው እና የስኳር መጠኖችን መቀነስ በጣም ወሳኝ ተግባር ነው። ከመጠን በላይ የሆነ የጨው አጠቃቀም በሰውነት ውስጥ የደም ግፊት እንዲጨምር በማድረግ ለልብ ህመም ሊዳርግ ይችላል። የስኳር መጠንን መቀነስ ደግሞ ለሰውነት ክብደት መቆጣጠር እና ለስኳር በሽታ መከላከል ትልቅ አስተዋጽኦ ያደርጋል። በምትኩ ተፈጥሯዊ ጣዕም ያላቸውን ፍራፍሬዎች መጠቀም ለጤናማነት የተሻለ አማራጭ መሆኑን የጤና ባለሙያዎች ይመክራሉ። በምግብ ዝግጅት ወቅት በቂ የውሃ መጠን መጠቀም እና ብዙ አትክልቶችን ማካተት ለምግብ መፈጨት ስርዓት ይረዳል። በቤት ውስጥ የሚዘጋጁ ምግቦች በንጽህና መዘጋጀታቸውን ማረጋገጥ ለተለያዩ የሆድ ዕቃ በሽታዎች መከላከያ መንገድ ነው። በየቀኑ በቂ ውሃ መጠጣት ለሰውነት እርጥበት እንዲጠበቅ እና ለተስተካከለ የሰውነት ሙቀት በጣም አስፈላጊ ነው። እነዚህን ቀላል የጤና ልምዶች በመከተል ብዙ አይነት ተላላፊ ያልሆኑ በሽታዎችን በብቃት መከላከል ይቻላል።

በምግብ ውስጥ የጨው መጠን መጨመር በሰውነት ላይ ምን አይነት ተጽዕኖ ሊያሳድር ይችላል?"
comprehension|8#2,comprehension,,health,"ከዚህ በታች የቀረበውን መረጃ በመጠቀም ለጥያቄው መልስ ስጥ።

Context:
የተመጣጠነ ምግብ ማለት ለሰውነት የሚያስፈልጉ አምስቱን ዋና ዋና ንጥረ ነገሮች በአግባቡ ማካተት ማለት ነው። እነዚህም ካርቦሃይድሬት፣ ፕሮቲን፣ ቅባት፣ ቫይታሚኖች እና ማዕድናት ተብለው በስፋት ይታወቃሉ። ካርቦሃይድሬት ለሰውነት ጉልበት ለመስጠት የሚያስፈልጉትን ዋና ዋና የኃይል ምንጮችን በውስጣቸው ይይዛሉ። ፕሮቲኖች ደግሞ የሰውነት ህዋሳት እንዲጠገኑ እና አዳዲስ ህዋሳት እንዲፈጠሩ በማድረግ ረገድ ትልቅ ሚና አላቸው። ቅባቶች ለተወሰኑ ቫይታሚኖች መ absorbsion እና ለሞለኪውል መዋቅር አስፈላጊ ቢሆኑም መጠናቸው መጠበቅ አለበት። ቫይታሚኖች እና ማዕድናት ደግሞ የሰውነትን የስራ ሂደቶች ለማስተካከል እና በሽታዎችን ለመከላከል ይረዳሉ። እነዚህን አምስት ንጥረ ነገሮች በአንድ ላይ ማጣመር ለጤናማ እድገት እና ለተስተካከለ የሰውነት ተግባር መሰረት ነው። ምግቦችን በየአይነታቸው ማቀናጀት የሰውነትን የተሟላ የጤና ፍላጎት ለማሟላት በጣም አስፈላጊ ተግባር ነው።

ለሰውነት እድገት እና ለጤና አስፈላጊ የሆኑት አምስት ዋና ዋና የንጥረ ነገር አይነቶች ምን ምን ናቸው?"
comprehension|9#0,comprehension,,health,"ጽሑፉን በጥንቃቄ አንብባችሁ ጥያቄውን ከጽሑፉ በመነሳት መልሱ።

Context:
በሰኔ ፲፪ ቀን በዘመናዊው የዝቅተኛ መሬት አካባቢ በሚገኘው አባይ ከተማ ውስጥ የንፅህና አጠባበቅ ማሰልጠኛ ፕሮግራም በሰላም ተጠናቀቀ። የሰማይ ሰላም የበጎ አድራጎት ድርጅት በበላይነት በመሪነት በሰጠው ስልጠና አማካኝነት ፬፻ን አምሳ ሰዎችን ስለ እጅ መታጠብ እና ስለ ውሃ አያያዝ አስፈላጊነት ግንዛቤ ፈጥሯል። በስልጠናው ወቅት የተሰጡት የሳሙና እና የንፅህና ቁሳቁሶች በጠቅላላው ፭፻ ሃምሳ ኪሎ ግራም ለከተማዋ ነዋሪዎች በነፃ ተከፋፍለዋል።

በሰማይ ሰላም የበጎ አድራጎት ድርጅት ስልጠና አማካኝነት ስንት ሰዎች ስለ እጅ መታጠብ እና ስለ ውሃ አያያዝ ግንዛቤ አግኝተዋል?"
comprehension|9#2,comprehension,,health,"ከዚህ በታች ያለውን ምንባብ አንብበህ ጥያቄውን መልስ።

Context:
የአባይ ከተማ የውሃ አቅርቦት ባለስልጣን በሰኔ ፲፭ ቀን በወጣው መግለጫ መሰረት በከተማዋ ውስጥ የሚገኙ ፳፬ የትምህርት ቤቶች የውሃ መፋሰሻ መስመሮች ተጠግነዋል። የፕሮጀክቱ አስተባባሪ የሆኑት ወይዘሪት ሳራ አበበ በፕሮጀክቱ ወቅት በጠቅላላው ፯ ሚሊዮን ብር ወጪ መደረጉን እና የውሃ ብክነት በ፳ በመቶ መቀነሱን ገልጻለች። ይህ የጽዳት ማሻሻያ ተማሪዎች ንፁህ ውሃ እንዲያገኙ እና የትምህርት ቤቱን የንፅህና ደረጃ እንዲያሻሽሉ ታስቦ የተከናወነ ነው።

የውሃ መፋሰሻ መስመሮች ጥገና የተከናወነው በየትኞቹ የከተማዋ ተቋማት ውስጥ ነው?"
comprehension|10#2,comprehension,,health,"ከዚህ በታች ያለውን ምንባብ አንብበህ ጥያቄውን መልስ።

Context:
በአለም አቀፍ ደረጃ የሚካሄዱ የክትባት ዘመቻዎች በየዓመቱ በብዙ ሀገራት ውስጥ በከፍተኛ ትኩረት እና በስፋት ተግባራዊ ይደረጋሉ። እነዚህ ዘመቻዎች በተለይ በድሆች እና በገለልተኞች ማህበረሰቦች ውስጥ ያሉ ተላላፊ በሽታዎችን ለመቆጣጠር ትልቅ ሚና ይጫወታሉ። የክትባት ክትትል ስርዓት መዘርጋት የትኞቹ የህብረተሰብ ክፍሎች ክትባት እንደሚያስፈልጋቸው በትክክል ለመለየት እና ለማቀድ ይረዳል። በጤና ዘርፍ ላይ የሚደረጉ ጥናቶች እንደሚያሳዩት በክትባት የተጠበቁ ህፃናት ከሌሉ በክትባት ያልተጠበቁ ህፃናት ለበሽታ የመጋለጥ እድላቸው ከፍተኛ ነው። የጤና ባለሙያዎች የክትባት ቁሳቁሶችን በጥንቃቄ በማከማቸት እና በትክክለኛ የሙቀት መጠን በመያዝ ለተጠቃሚዎች እንዲደርሱ ያደርጋሉ። የክትባት ስርጭት ስኬታማ እንዲሆን የሀገር ውስጥ እና የዓለም አቀፍ የጤና ተቋማት በጋራ መስራት ይኖርባቸዋል።

የክትባት ክትትል ስርዓት መዘርጋት ለምን ይጠቅማል?"
comprehension|11#0,comprehension,,health,"ከዚህ በታች የቀረበውን መረጃ በመጠቀም ለጥያቄው መልስ ስጥ።

Context:
በቤት ውስጥ በሚከሰቱ አነስተኛ ቁስሎች ላይ መጀመሪያ ማድረግ ያለብን ቁስሉን በንጹህ ውሃና በሳሙና በጥንቃቄ መታጠብ ነው። ቁስሉ ከታጠበ በኋላ ደም የሚፈስ ከሆነ ንጹህ ጨርቅ በመጠቀም በትንሹ መጫን ለተወሰኑ ደቂቃዎች መቀጠል ይገባል። ደሙ መቆሙን ካረጋገጥን በኋላ ቁስሉን በንጹህ መድኃኒት በመቀባት በባክቴሪያ እንዳይበከል መከላከል በጣም አስፈላጊ የሆነ ተግባር ነው። ቁስሉ በጣም ጥልቅ ከሆነ ወይም ደሙ መቆም ካልቻለ በአቅራቢያ በሚገኝ የጤና ተቋም ውስጥ የሕክምና እርዳታ መፈለግ የግድ ነው። በቁስሉ ላይ አቧራ ወይም አሸዋ ካለ በንጹህ ውሃ ብቻ መታጠብ እንጂ በጠንካራ ብሩሽ መፋፋት የለብንም። ቁስሉ ከታጠበ በኋላ አየር እንዲያገኝ ክፍት ማድረግ ይቻላል ነገር ግን በቆሻሻ እንዳይነካ በፋሻ መሸፈን ይመከራል። በቤት ውስጥ የሚገኙ የሕክምና ቁሳቁሶች ሁልጊዜ በንጽህና መቀመጥና ለድንገተኛ አደጋዎች ዝግጁ መሆን አለባቸው።

ቁስል ከታጠበ በኋላ ደሙ መቆሙን ለማረጋገጥ ምን መደረግ አለበት?"
comprehension|11#2,comprehension,,health,"ከዚህ በታች ያለውን ምንባብ አንብበህ ጥያቄውን መልስ።

Context:
አንድ ሰው በድንገት በድንጋይ ወይም በሌላ ጠንካራ ነገር ተመትቶ ራሱን ካቆሰለ መጀመሪያ የሰውየውን የንቃተ ህሊና ሁኔታ ማረጋገጥ ያስፈልጋል። ሰውየው ንቁ ከሆነና ደም የሚፈስ ከሆነ ንጹህ ጨርቅ በመጠቀም በቁስሉ ላይ ጫና በመፍጠር ደሙ እንዲቆም ማድረግ ይቻላል። ነገር ግን ሰውየው ራሱን ካላወቀና ትንፋሽ ካቀረበ በአፋጣኝ የድንገተኛ አደጋ ሰራተኞችን መጥራትና የመጀመሪያ እርዳታ መስጠት በጣም አስፈላጊ ነው። በራስ ጉዳት ወቅት የራስ ቅል መሰበር ካለ በጉዳቱ አካባቢ ላይ ከፍተኛ ጫና ማድረግ የጉዳቱን ሁኔታ ሊያባብስ ስለሚችል ጥንቃቄ ማድረግ ያስፈልጋል። የሰውየውን አንገት ወይም ትከሻ እንዳይነቃነቅ በማድረግ የአከርካሪ አጥንት ጉዳት እንዳይከሰት መከላከል ለህይወት መትረፍ ትልቅ አስተዋጽኦ አለው። በቁስሉ ላይ የሚፈስ ደም በጣም ከፍተኛ ከሆነና መቆም ካልቻለ በጨርቅ እየተሸፈኑ ወደ ህክምና ተቋም መውሰድ ይገባል። በድንገተኛ አደጋ ወቅት መረጋጋትና በሰላም እርዳታ መስጠት ለተጎጂው ደህንነት ወሳኝ የሆነ ተግባር ነው።

በራስ ጉዳት ወቅት የአከርካሪ አጥንት ጉዳት እንዳይከሰት ምን መደረግ አለበት?"
comprehension|12#0,comprehension,,science,"ጽሑፉን በጥንቃቄ አንብባችሁ ጥያቄውን ከጽሑፉ በመነሳት መልሱ።

Context:
የፀሐይ ሙቀት በውቅያኖሶች እና በወንዞች ላይ ያለውን ውሃ ወደ ጋዝ በመቀየር ወደ ላይ እንዲወጣ ያደርጋል። ይህ ሂደት ትነት ይባላል እና በከባቢ አየር ውስጥ ያለው የውሃ እንፋሎት ወደ ላይ በመውጣት ደመና እንዲፈጠር ይረዳል። ደመናዎች ሲከማቹ እና በከባቢ አየር ውስጥ ያለው እርጥበት ሲጨምር ዝናብ ወይም በረዶ መሬት ላይ እንዲወርድ ያደርጋሉ።

ትነት የሚባለው ሂደት በምን ምክንያት እና እንዴት ይከሰታል?"
comprehension|12#1,comprehension,,science,"ንባቡን መሠረት በማድረግ ጥያቄውን መልስ።

Context:
የውሃ ዑደት በምድር ላይ ያለውን የውሃ መጠን በቋሚነት ለመጠበቅ እና ለተፈጥሮ ህይወት አስፈላጊ የሆነውን እርጥበት ለማቅረብ በጣም አስፈላጊ ነው። ውሃ ከምድር ወደ ሰማይ ሲወጣ እና ከሰማይ ወደ ምድር ሲመለስ በምድር ላይ ያለውን የውሃ ሚዛን ይጠብቃል። ይህ ተከታታይ ሂደት ለተለያዩ ተክሎች እና ለእንስሳት መኖር መሰረታዊ የሆነውን የውሃ አቅርቦት በየጊዜው ያረጋግጣል።

የውሃ ዑደት በምድር ላይ ያለውን የውሃ ሚዛን እንዴት ይጠብቃል?"
comprehension|13#0,comprehension,,science,"ጽሑፉን አንብበህ ጥያቄውን መልስ፡

ጽሑፍ፡ በኢትዮጵያ ከፍተኛ የዝናብ መጠን በሚገኝባቸው የደጋማ አካባቢዎች የሚገኙ አረንጓዴ ተክሎች ለምግብ አቅርቦት ትልቅ አስተዋጽኦ ያደርጋሉ። እነዚህ ተክሎች ለዕድገታቸው የሚያስፈልጋቸውን ምግብ ለማምረት የፀሐይ ብርሃንን፣ ውሃን እና ካርቦን ዳይኦክሳይድን በውስጣቸው ይጠቀማሉ። በዚህ ሂደት ውስጥ በቅጠሎቻቸው ውስጥ የሚገኘው ክሎሮፊል የተባለ ንጥረ ነገር የፀሐይ ብርሃን ጉልበትን በመ absorbs ማድረግ ላይ ይገኛል። ተክሎች ካርቦን ዳይኦክሳይድን በመውሰድ ኦክስጅንን ወደ አየር መልሰው በመለቀቅ ለሰው ልጆችና ለእንስሳት መተንፈሻ እንዲሆን ያደርጋሉ። ይህ ተፈጥሯዊ ሂደት ፎቶሲንተሲስ በመባል የሚታወቅ ሲሆን ለምድር ሕይወት መኖር መሰረታዊ የሆነ የኃይል ምንጭ ነው። ተክሎች ይህንን ምግብ ሲያዘጋጁ ስኳር የተባለውን ንጥረ ነገር ለራሳቸው እድገትና ለተለያዩ የሰውነት ክፍሎቻቸው ግንባታ ይጠቀማሉ።

ጥያቄ፡ ተክሎች ለራሳቸው እድገትና ለተለያዩ የሰውነት ክፍሎቻቸው ግንባታ የሚጠቀሙት የትኛውን ንጥረ ነገር ነው?"
comprehension|13#2,comprehension,,science,"በሚከተለው ጽሑፍ መሠረት ጥያቄውን በአጭሩ መልስ።

Context:
በኢትዮጵያ ደኖች ውስጥ የሚገኙ ትላልቅ ዛፎች ለሥነ-ምህዳሩ ጥንካሬና ለአየር ንብረት መረጋጋት ከፍተኛ ጥቅም ይሰጣሉ። እነዚህ ዛፎች በቅጠሎቻቸው አማካኝነት የፀሐይ ብርሃንን በመጠቀም ካርቦን ዳይኦክሳይድን ወደ ተክሉ ምግብነት ይለውጣሉ። ለዚህ ሂደት የሚያስፈልገው ውሃ ከሥር በኩል ወደ ላይኛው ክፍል እንዲወጣ በውስጣቸው ባሉ ስሮች አማካኝነት ይከናወናል። ፎቶሲንተሲስ በሚከናወንበት ወቅት ተክሎች ኦክስጅንን ወደ ውጭ በመለቀቅ የአየር ንብረቱን እንዲታደስ ያደርጋሉ። ይህ ሂደት ተክሎች ስኳር የተባለውን ምግብ እንዲያመርቱና ለተለያዩ የሕይወት ተግባራት እንዲጠቀሙበት ይረዳቸዋል። ተክሎች ይህንን ምግብ ለማዘጋጀት ሦስት ዋና ዋና ነገሮችን ማለትም ፀሐይን፣ ውሃንና ካርቦን ዳይኦክሳይድን ይጠቀማሉ።

ተክሎች ፎቶሲንተሲስን ለመፈጸም የሚጠቀሙባቸው ሦስት ዋና ዋና ነገሮች ምን ምን ናቸው?"
comprehension|14#0,comprehension,,science,"ጽሑፉን አንብበህ ጥያቄውን መልስ፡

ጽሑፍ፡ በሰኔ ፲፪ ቀን በደቡብ አውራጃ በምትገኘው በዝቅታ ከተማ ውስጥ የባለሙያ የጤና ተመራማሪዎች ቡድን በአዲስ ግኝት ላይ ሰርተዋል። የሰላም ጤና ተቋም አባላት በሰውነታችን ውስጥ የሚገኘውን የደም ዝውውር ሥርዓት በተመለከተ ጥልቅ ምርምር ማካሄዳቸውን በሰኞ ዕለት በሰጡት መግለጫ አረጋግጠዋል። በምርምሩ ወቅት የዶክተር አበበ በቀለ ቡድን አባላት በሰውነት ውስጥ ያሉ የደም ስሮች እንዴት ኦክስጅንን እንደሚያሰራጩ በዝርዝር አጠናቀዋል። ይህ ጥናት በከተማዋ በሚገኘው በታላቁ የጤና ማዕከል ውስጥ ለሚገኙ ፪፻፶ አዳዲስ ታካሚዎች መረጃ መሰብሰብ ላይ ያተኮረ ነበር። ተመራማሪዎቹ በሰውነታችን ውስጥ ያለው የልብ ምት ከደም ስሮች እንቅስቃሴ ጋር ያለውን ግንኙነት በቁጥር ማሳየት ችለዋል። በምርምሩ ወቅት የተገኙት ውጤቶች የሰውነት ክፍሎች እንዴት ተቀናጅተው እንደሚሰሩ ግልጽ የሆነ መረጃ ለሳይንስ ሊቃውንት ሰጥተዋል። የጤና ተቋሙ የሥራ አስኪያጅ በሰጡት መግለጫ መሰረት ይህ ግኝት ለወደፊቱ የሕክምና ስልጠና ትልቅ አስተዋጽኦ ይኖረዋል።

ጥያቄ፡ የሰላም ጤና ተቋም ተመራማሪዎች በምርምራቸው ወቅት በታላቁ የጤና ማዕከል ውስጥ ስንት አዳዲስ ታካሚዎችን መረጃ መሰብሰብ ችለዋል?"
comprehension|14#1,comprehension,,science,"ከዚህ በታች የቀረበውን መረጃ በመጠቀም ለጥያቄው መልስ ስጥ።

Context:
በአባይ ወንዝ ዳርቻ በሚገኘው በሰላም መንደር ውስጥ የነዋሪዎች የጤና ሁኔታን ለመገምገም የሰሜን የጤና መኮንን ድርጅት ልዩ ዘመቻ አድርጓል። በሐምሌ ፭ ቀን የተጀመረው ይህ የጤና ዘመቻ በሰውነታችን ውስጥ ስላለው የምግብ መፈጨት ሥርዓት ግንዛቤ ለመፍጠር ታስቦ የተዘጋጀ ነው። በዘመቻው ወቅት የዶክተር መቅዱስ ተከታዮች በሰላም መንደር ለሚኖሩ ፬፻ ሰዎችን ስለ ሆድ እና ስለ አንጀት ጤና ግንዛቤ ሰጥተዋል። በሰውነታችን ውስጥ ያሉ የሆድ ውስጥ አካላት ምግብን እንዴት ወደ ጉልበት እንደሚቀይሩ በዝርዝር ማብራሪያ ተሰጥቷል። የድርጅቱ ተወካዮች በሰጡት መግለጫ መሰረት በሰላም መንደር የሚገኙ ወጣቶች ስለ ምግብ መፈጨት ሂደት ያላቸው እውቀት በጣም ዝቅተኛ ነበር። በዘመቻው ወቅት የተሰበሰቡት መረጃዎች በሰውነት ውስጥ ያሉ የውስጥ አካላት ስራን በተመለከተ አዳዲስ ጥናቶችን ለመጀመር ይረዳሉ። ይህ የጤና ዘመቻ በሰሜን አውራጃ ውስጥ ለሚገኙ ሌሎች መንደሮችም እንዲደርስ በታቀደ መልኩ እየተከናወነ ይገኛል።

የሰሜን የጤና መኮንን ድርጅት በሰላም መንደር የጤና ዘመቻ ያካሄደው በሰውነታችን ውስጥ ስላለው የትኛው የሰውነት ሥርዓት ግንዛቤ ለመፍጠር ነው?"
comprehension|14#2,comprehension,,science,"ከዚህ በታች ያለውን ምንባብ አንብበህ ጥያቄውን መልስ።

Context:
በጥቅምት ፲፭ ቀን በምስራቅ አውራጃ በሚገኘው በብርሃን ከተማ ውስጥ የነርቭ ሥርዓትን በተመለከተ ትልቅ የሳይንስ ኮንፈረንስ ተካሂዷል። የብሩክ ሳይንስ ማዕከል አባላት በሰውነታችን ውስጥ ስላለው የአንጎል እና ስለ ነርቭ ሴሎች ግንኙነት አዳዲስ መረጃዎችን ለተሳታፊዎች አቅርበዋል። በኮንፈረንሱ ላይ የዶክተር ሳራ አሰፋ ያቀረቡት ጥናት የሰው ልጅ አእምሮ መረጃዎችን እንዴት እንደሚቀበል በዝርዝር ያሳየ ነበር። በዝግጅቱ ላይ የተገኙት ፻፳ ሳይንቲስቶች በሰውነት ውስጥ ያሉ የነርቭ መስመሮች መረጃን እንዴት እንደሚያስተላልፉ በምሳሌ አሳይተዋል። የከተማዋ የትምህርት ባለሥልጣን በሰጡት ንግግር መሰረት ይህ የሳይንስ መድረክ ለተማሪዎች ትልቅ ዕውቀት ሰጥቷል። በኮንፈረንሱ ወቅት የተነሱት ጥያቄዎች በሰውነት ውስጥ ስላለው የነርቭ ሥርዓት ውስብስብነት እና ስለ አሠራሩ ላይ ያተኮሩ ነበሩ። የሳይንስ ማዕከሉ በቀጣይ ዓመት በነርቭ ሥርዓት ላይ የሚያተኩር ሌላ ትልቅ የጥናት ፕሮጀክት ለመጀመር መወሰኑ ተገልጿል።

በብርሃን ከተማ በተካሄደው የሳይንስ ኮንፈረንስ ላይ የዶክተር ሳራ አሰፋ ያቀረቡት ጥናት በዋናነት የሚያተኩረው በምን ላይ ነው?"
comprehension|15#2,comprehension,,science,"ይህን ምንባብ መሠረት በማድረግ ለጥያቄው መልስ ስጥ።

ምንባብ፡ በመጋቢት ወር ውስጥ በታላቁ የንብሮት የኃይል ማከማቻ ማዕከል ውስጥ በድንገት የኤሌክትሪክ ፍሰት መቋረጥ በመከሰቱ ምክንያት ከፍተኛ ጉዳት ደርሷል። የማዕከሉ ቴክኒሻን የሆኑት አቶ ዮናስ ታምራት እንደገለጹት የችግሩ መንስኤ በዋናው የኃይል ማከማቻ ባትሪ ውስጥ የነበረው የቮልቴጅ መጠን ከሚገባው በላይ መጨመሩ ነው። ይህ ያልተጠበቀ ክስተት በከተማዋ ውስጥ ለሁለት ሰዓታት ያህል የኤሌክትሪክ መቋረጥ እንዲከሰትና የበርካታ መሣሪያዎች መበላሸት ምክንያት ሆኗል።

ጥያቄ፡ በማዕከሉ የኤሌክትሪክ ፍሰት መቋረጥ ምክንያት በከተማዋ ውስጥ ለምን ያህል ጊዜ የኤሌክትሪክ መቋረጥ ተፈጥሮ ነበር?"
comprehension|16#0,comprehension,,science,"ጽሑፉን በጥንቃቄ አንብባችሁ ጥያቄውን ከጽሑፉ በመነሳት መልሱ።

Context:
ፀሐይ በሥርዓተ ሰማይ ውስጥ ትልቁ የብርሃንና የሙቀት ምንጭ በመሆኗ ለሕይወት አስፈላጊ የሆነውን ጉልበት ለምድር በየቀኑ ታቀርባለች። በምድር ዙሪያ የሚሽከረከሩት ፕላኔቶች በሙሉ በፀሐይ የስበት ኃይል አማካኝነት በታቀደ መሠረት በሥርዓት ይጓዛሉ። ምድር በራሷ ዘንግ ላይ ስትሽከረከር በቀንና በሌሊት መፈጠራቸውን የምናውቅበትን ሂደት በየጊዜው እንረዳለን። የፀሐይ ብርሃን ወደ ምድር ለመድረስ የሚያስፈልገውን ረጅም መንገድ በብርሃን ፍጥነት ብቻ በማለፍ ለሕይወት አስፈላጊ የሆነውን ሙቀት ይሰጣል። በጠፈር ውስጥ ያሉ ሌሎች አካላትም እንደ ፀሐይ ሁሉ የራሳቸው የሆነ የስበት ኃይልና ብርሃን ሊኖራቸው ይችላል። ይህ ሁሉ የጠፈር እንቅስቃሴ ለምድር የአየር ንብረትና ለተፈጥሮ ሚዛን መጠበቅ ትልቅ ሚና ይጫወታል።

ፀሐይ ለምድር አስፈላጊ የሆነውን ሙቀትና ብርሃን የምታቀርበው በምን ዓይነት ፍጥነት ነው?"
comprehension|16#1,comprehension,,science,"ከሚከተለው ጽሑፍ በመነሳት ጥያቄውን መልስ።

ጨረቃ በምድር ዙሪያ የምትሽከረከር ብቸኛ የሰማይ አካል በመሆኗ በምድር ላይ ለሚታዩ ተፈጥሯዊ ለውጦች ትልቅ አስተዋጽኦ ታደርጋለች። የጨረቃ የስበት ኃይል በውቅያኖሶች ላይ ከፍተኛ ተጽዕኖ በማሳደር የባሕር ሞገድ እንዲፈጠርና እንዲቀያየር ያደርጋል። ጨረቃ የራሷ የሆነ ብርሃን ባይኖራትም ከፀሐይ የሚመጣውን ብርሃን በማንጸባረቅ በሌሊት ጊዜ በሰማይ ላይ እንድትታይ ታደርጋለች። በጨረቃና በምድር መካከል ያለው ርቀት በጣም ሰፊ በመሆኑትም የጨረቃ ቅርጽ በየወሩ እንደሚቀያየር እንመለከታለን። የጨረቃ እንቅስቃሴ በምድር ላይ ባሉ የባሕር አካላትና በሕይወት ላላቸው ፍጥረታት ለተፈጥሮ ሚዛን መጠበቅ እጅግ አስፈላጊ ነው። ጨረቃ በምድር ዙሪያ የምታደርገው ጉዞ በየቀኑ የሚታይ የሰማይ ክስተት ሆኖ ይቆጠራል።

ጥያቄ፡ ጨረቃ በሌሊት ጊዜ በሰማይ ላይ እንድትታይ የሚያደርጋት እንዴት ነው?"
comprehension|16#2,comprehension,,science,"ምንባቡን ካነበብሽ በኋላ ለጥያቄው መልስ ስጪ።

Context:
የምድር ከባቢ አየር ለሕይወት አስፈላጊ የሆኑ ጋዞችን በመያዝ በፕላኔቷ ላይ ያለውን ሙቀት መጠን ተመጣጣኝ በሆነ ሁኔታ ይጠብቃል። በከባቢ አየር ውስጥ የሚገኙት የተለያዩ ጋዞች ከፀሐይ የሚመጣውን ጎጂ ጨረር በመከላከል ለሰው ልጆችና ለእንስሳት ደህንነት ይሠራሉ። በከባቢ አየር ውስጥ ያለው ኦክስጅን ለሕይወት አስፈላጊ የሆነውን መተንፈስ ሂደት ለማከናወን ለፍጥረታት ሁሉ ወሳኝ ነው። ከባቢ አየር በውስጡ የያዛቸው የጋዝ ዓይነቶች እንደየከፍታው መጠንና እንደየቦታው ሁኔታ በከፍተኛ ሁኔታ ሊለያዩ ይችላሉ። የምድር ከባቢ አየር ከጠፈር የሚመጡ አደገኛ የሆኑ የድንጋይ ስብርባሪዎችንና የጠፈር አካላትን በመጋፈጥ ወደ ምድር እንዳይገቡ ያደርጋል። ይህ የተፈጥሮ መከላከያ ሥርዓት ለፕላኔታችን መኖርና ለተፈጥሮ ሚዛን መጠበቅ እጅግ በጣም አስፈላጊ ነው።

የምድር ከባቢ አየር ከጠፈር የሚመጡ አደገኛ የሆኑ የድንጋይ ስብርባሪዎችን እንዴት ይከላከላል?"
comprehension|17#1,comprehension,,science,"ንባቡን መሠረት በማድረግ ጥያቄውን መልስ።

Context:
በጥቅምት 5 ቀን 2015 ዓ.ም በሰሜን ተራራማ አካባቢ በሚገኘው ዘይት ወንዝ ከተማ ውስጥ የኬሚስት ርዕሰ መምህር ሳራ ተሰማ አዲስ ሙከራ አድርጋለች። ሳራ ተሰማ በቤታችን ውስጥ የምንጠቀምባቸውን የሎሚ ጭማቂ እና የዳቦ ዱቄት ውህዶች ስለአሲድነት ባህሪያቸው ለተማሪዎች አብራርታለች። በሙከራው ወቅት 15 ተማሪዎች በየተራ የተለያዩ የኬሚካል ውህዶችን በመጠቀም የውሃውን ቀለም መቀየር መለማመድ ችለዋል። የዘይት ወንዝ ሳይንስ ማዕከል ለዚህ ሙከራ 30 ኪሎ ግራም የሎሚ ጭማቂ እና 10 ኪሎ ግራም የዱቄት ፓኬቶችን አቅርቧል። ተማሪዎቹ በሙከራው ወቅት የኬሚካል ለውጦችን በቅርብ እንዲመለከቱ ልዩ የላብራቶሪ መሣሪያዎች ተሰጥተዋቸዋል። ይህ የኬሚስትሪ ትምህርት በከተማዋ ውስጥ ለሚገኙ ትምህርት ቤቶች በየዓመቱ እንዲሰጥ ውሳኔ ተላልፏል። የሳይንስ ቡድኑ ውጤት በጣም አስደሳች መሆኑን እና ተማሪዎቹ ለኬሚስትሪ ትምህርት ፍላጎታቸው መጨመሩን ገልጿል።

ሳራ ተሰማ ለሙከራው እንዲውሉ ከሳይንስ ማዕከሉ የትኞቹን ቁሳቁሶች አግኝታለች?"
comprehension|17#2,comprehension,,science,"ጽሑፉን አንብበህ ጥያቄውን መልስ፡

ጽሑፍ፡ በካቲት 20 ቀን 2017 ዓ.ም በምስራቅ ሜዳ በኩል በሚገኘው አዲስ ሰፈር ውስጥ የኬሚስት ዮናስ ታደሰ አዲስ የኬሚካል ምርምር አቅርቧል። ዮናስ ታደሰ በየቀኑ ለሚጠቀሙባቸው የቤት ውስጥ የፋብሪካ ውጤቶች የሚያገለግል ተፈጥሯዊ ማቀዝቀዣ ዘዴን አዘጋጅቷል። ይህ ዘዴ በኬሚካል ግብረመልስ አማካኝነት ሙቀትን ለመቀነስ የሚረዳ እና ምንም አይነት ጉዳት የማያደርስ ነው። በምርምሩ ወቅት 40 የቤት ውስጥ እቃዎች ላይ ሙከራ የተደረገ ሲሆን ውጤቱም በጣም አበረታች ነበር። የአዲስ ሰፈር የንግድ ማኅበር ይህንን አዲስ ዘዴ ለነዋሪዎች በቅናሽ ዋጋ ለማቅረብ ዝግጅት እያደረገ ነው። የዮናስ ታደሰ ምርምር በኬሚስትሪ እውቀት አማካኝነት የሰዎችን የዕለት ተዕለት ሕይወት እንዴት ማቅለል እንደሚቻል አሳይቷል። የሳይንስ ተመራማሪዎቹ በቀጣይ 100 ተጨማሪ ቤቶችን በመቅደም ይህንን ዘዴ ተግባራዊ ለማድረግ አቅደዋል።

ጥያቄ፡ ዮናስ ታደሰ የፈጠረው አዲስ የኬሚካል ዘዴ በምን ዓይነት መንገድ ሙቀትን ለመቀነስ ይረዳል?"
comprehension|18#2,comprehension,,agriculture,"ጽሑፉን አንብበህ ጥያቄውን መልስ፡

ጽሑፍ፡ በዘመናዊ ግብርና ውስጥ አዳዲስ የቴክኖሎጂ ውጤቶች ለተሻለ ምርት ለማግኘት በየጊዜው ጥቅም ላይ እየዋሉ ይገኛሉ። ለምሳሌ የዘመናዊ ማዳበሪያ አጠቃቀም እና የውሃ መቆጠቢያ ዘዴዎች በሰብል ምርት መጠን ላይ ከፍተኛ ለውጥ ማምጣት ይችላሉ። እነዚህን ዘዴዎች በአግባቡ መጠቀም የሰብል በሽታዎችን ለመከላከል እና የአየር ንብረት ለውጥ የሚያመጣውን ተጽዕኖ ለመቋቋም ይረዳል።

ጥያቄ፡ ዘመናዊ የቴክኖሎጂ ውጤቶችን በአግባቡ መጠቀም ለምን ይረዳል?"
comprehension|19#0,comprehension,,agriculture,"ጽሑፉን አንብበህ ጥያቄውን መልስ፡

ጽሑፍ፡ በሰኔ ፲፪ ቀን በታላቁ አባይ ሸለቆ ውስጥ በሚገኘው ዘመናዊው አባይ ቡና ማቀነባበሪያ ፋብሪካ አዲስ የቴክኖሎጂ ማሽን ተገጥሟል። ይህ አዲስ ማሽን በታዋቂው የዘርፉ ባለሙያ አቶ በቀለ ተስፋዬ አማካኝነት በታላቁ የግብርና ማሻሻያ ኮሚቴ ስር ተገቢው ስልጠና ተሰጥቶታል። ፋብሪካው በየዓመቱ ከ፪ ሚሊዮን በላይ የቡና ፍሬዎችን በማቀነባበር ለዓለም አቀፍ ገበያ በከፍተኛ ጥራት ያቀርባል። አዲሱ ማሽን የቡናውን ጣዕም ሳይቀይር በሰዓት ፭ መቶ ኪሎ ግራም ቡናን የማጽዳት አቅም እንዳለው የፋብሪካው ስራ አስኪያጅ ወይዘሪት ሳራ አቤል ገልጸዋል። ይህ የቴክኖሎጂ ሽግግር በክልሉ ውስጥ የሚገኙ ፳፪ አነስተኛ የቡና አምራች ማህበራትን የገቢ መጠን እንዲጨምር ከፍተኛ እገዛ ያደርጋል። በቀጣይ ዓመት ፋብሪካው ምርቱን በ፳ በመቶ ለማሳደግ ትልቅ እቅድ አውጥቶ እየሰራ ይገኛል።

ጥያቄ፡ አዲሱ የማሽን አቅም በሰዓት ስንት ኪሎ ግራም ቡናን የማጽዳት ችሎታ አለው?"
comprehension|19#1,comprehension,,agriculture,"ምንባቡን ካነበብሽ በኋላ ለጥያቄው መልስ ስጪ።

Context:
በመጋቢት ፭ ቀን በወንጌል ተራራ አካባቢ በሚገኙት ሰላም እርሻዎች ውስጥ የቡና ምርትን ለመጨመር አዲስ የጥበቃ ዘዴ ተተገብሯል። የሰላም እርሻዎች ማህበር ሰብሳቢ የሆኑት አቶ ዮናስ ታደሰ በዘርፉ የተሰማሩ ፲፭ ወጣት ሰራተኞችን በማሰልጠን አዲሱን ዘዴ ተግባራዊ አድርገዋል። ይህ አዲስ ዘዴ የቡና ተክሎችን ከተባይ በሽታ ለመከላከል ሲባል በየሳምንቱ ልዩ የባዮ-ኬሚካል ውህዶችን በመርጨት የሚከናወን ተግባር ነው። በዘንድሮው የቡና መሰብሰቢያ ወቅት ማህበሩ ፬ መቶ ቶን ምርት ለማግኘት ከፍተኛ ተስፋ አድርጓል። የጥበቃ ዘዴው ውጤታማ መሆኑን ለማረጋገጥ በየወሩ የቡና ተክሎችን ጤናማነት የሚመረምር ቡድን በየቦታው ተሰማርቷል። ይህ ስራ በክልሉ ውስጥ ያለውን የቡና ምርታማነት ለመጨመር ትልቅ ሚና ይጫወታል።

አዲሱ የጥበቃ ዘዴ የቡና ተክሎችን ከምን ዓይነት ችግር ለመከላከል ታስቦ የተዘጋጀ ነው?"
comprehension|19#2,comprehension,,agriculture,"ምንባቡን ካነበብሽ በኋላ ለጥያቄው መልስ ስጪ።

Context:
በጥቅምት ፳ ቀን በዝቅተኛው አርባ ምንጭ ተራራማ አካባቢ በሚገኘው የብሩክ ቡና ማዕከል የዓመታዊ የቡና ምርት ሪፖርት ለህዝብ ይፋ ሆኗል። የሪፖርቱ አቅራቢ የድርጅቱ ዋና ኦዲተር ወይዘሮ አልማዝ በቀለ እንደገለጹት ማዕከሉ በዚህ ዓመት ፯ መቶ ፳ ሺህ ኪሎ ግራም ቡና አመርቷል። ይህ ውጤት ካለፈው ዓመት ጋር ሲነጻጸር በ፲ አምስት በመቶ እድገት የታየ ትልቅ ስኬት መሆኑን ሪፖርቱ ያሳያል። የቡና ምርቱ ጥራት እንዲጨምር ለማድረግ ማዕከሉ በየዓመቱ ለተመራማሪዎች ፭ መቶ ሺህ ብር የገንዘብ ድጋፍ ያደርጋል። የብሩክ ቡና ማዕከል በክልሉ ውስጥ ካሉ ትላልቅ የቡና አምራች ድርጅቶች አንዱ መሆኑን ሪፖርቱ በዝርዝር አብራርቷል። በቀጣይ በታቀደው የልማት እቅድ መሰረት ተጨማሪ ፲ አርብ አምራቾችን ወደ ማዕከሉ አባል ለማድረግ ታቅዷል።

በዚህ ዓመት የብሩክ ቡና ማዕከል ያመረተው የቡና መጠን ስንት ኪሎ ግራም ነው?"
comprehension|20#0,comprehension,,agriculture,"ይህን ምንባብ መሠረት በማድረግ ለጥያቄው መልስ ስጥ።

ምንባብ፡ በኢትዮጵያ ከፍተኛ የዝናብ መጠን በሚኖርባቸው የደጋማ አካባቢዎች የአፈር መሸራሸት ለግብርና ምርታማነት ትልቅ ስጋት በመሆኑ የአፈር ጥበቃ ዘዴዎችን መጠቀም አስፈላጊ ነው። የአፈር መሸራሸትን ለመከላከል በየተራራው ዳርቻዎች ላይ እርጥብ አፈርን በመሰብሰብ የድንጋይ ግንብ ወይም የ terraces መስራት የአፈር መፋሰስን በእጅጉ ይቀንሳል። በተጨማሪም በየአካባቢው የሚገኙ የደን መሬቶችን በመንከባከብ እና አዳዲስ ችግኞችን በመትከል የአፈርን ንጣፍ በቅጠላቅጠል ለመሸፈን መሞከር ይገባል። በየዓመቱ በሚመጣው ዝናብ ምክንያት የሚፈጠረውን የውሃ ፍሰት ለመቆጣጠር አነስተኛ የውሃ መቆያ ጉድጓዶችን መቆፈር ለገበሬዎች ጠቃሚ መፍትሄ ነው። እነዚህ ዘዴዎች የአፈርን ለምነት በመጠበቅ ለረጅም ጊዜ ምርታማ እንዲሆን እና የአፈር ንጣፉ እንዳይጠፋ ይረዳሉ። የአፈር ጥበቃ ስራዎች በቤተሰብ ደረጃ ከተከናወኑ የአካባቢው ስነ-ምህዳር ተመጣጣኝ የሆነ ለውጥ ማምጣት ይችላሉ። በገበሬዎች ዘንድ የሚሰጡ ስልጠናዎች ስለ አፈር ጥበቃ አዳዲስ ቴክኖሎጂዎችን ለመረዳት ትልቅ እገዛ ያደርጋሉ።

ጥያቄ፡ በደጋማ አካባቢዎች የአፈር መሸራሸትን ለመከላከል የሚከናወኑ ዋና ዋና ተግባራት ምንድን ናቸው?"
comprehension|21#0,comprehension,,agriculture,"ከዚህ በታች ያለውን ምንባብ አንብበህ ጥያቄውን መልስ።

Context:
በሰኔ ፲፪ ቀን በወሎ ክልል በሚገኘው አባይ ሸለቆ የእርሻ ማህበር በሰላም ተስፋዮሽ የሚመራው የከብት እንክብካቤ ስልጠና ለ፳፭ አርሶ አደሮች በነፃ ተሰጥቷል። በዚህ ስልጠና ላይ አርሶ አደሮች በከብቶቻቸው ላይ የሚከሰቱ የቆዳ በሽታዎችን እንዴት መከላከል እንደሚችሉ እና ተገቢውን የአመጋገብ ስርዓት እንዴት መከተል እንዳለባቸው በዝርዝር ተምረዋል። ስልጠናው በክልሉ በሚገኘው አዲስ ገበሬ ማዕከል ውስጥ ለሶስት ቀናት ተከታታይነት ባለው መልኩ ሲካሄድ የነበረ መሆኑን ማህበሩ በሰጠው መግለጫ አረጋግጧል።

በአባይ ሸለቆ የእርሻ ማህበር የተሰጠው ስልጠና ለስንት አርሶ አደሮች ተሰጥቷል?"
comprehension|22#0,comprehension,,agriculture,"ከዚህ በታች ያለውን ምንባብ አንብበህ ጥያቄውን መልስ።

Context:
በኢትዮጵያ የግብርና ዘርፍ ውስጥ በዝናብ ላይ ብቻ መደገፍ ለምርት መቀነስ እና ለምግብ ዋስትና ችግር ምክንያት ሊሆን ይችላል። ዘመናዊ የመስኖ ዘዴዎችን በመጠቀም ገበሬዎች በዓመት ውስጥ ከአንድ ጊዜ በላይ ምርት ማምረት ይችላሉ። የንፋስ ኃይልን ወይም የፀሐይ ብርሃንን በመጠቀም የሚሰሩ የውሃ ፓምፖች ለትናንሽ አርሶ አደሮች በጣም ጠቃሚ ናቸው። እነዚህ መሣሪያዎች ከነዳጅ ወጪ በመቆጠብ የአፈር እርጥበትን በአግባቡ ለመጠበቅ ይረዳሉ። የውሃ አጠቃቀምን ለማሻሻል በጠብታ መስኖ ዘዴ መጠቀም የውሃ ብክነትን በከፍተኛ ሁኔታ ይቀንሳል። በዚህም ምክንያት አርሶ አደሩ ጥቂት ውሃ በመጠቀም ከፍተኛ ምርት ማግኘት ይቻላል።

በጠብታ መስኖ ዘዴ መጠቀም ለምን ይመረጣል?"
comprehension|22#2,comprehension,,agriculture,"ምንባቡን ካነበብሽ በኋላ ለጥያቄው መልስ ስጪ።

Context:
የመስኖ ፕሮጀክቶች በገጠር አካባቢዎች የሚኖሩ ማህበረሰቦችን የኑሮ ደረጃ ለማሻሻል ትልቅ ሚና ይጫወታሉ። በወንዞች ላይ የሚገነቡ ትናንሽ ግድቦች ለእንስሳት መጠጥ እና ለሰብል እርጥበት በጣም አስፈላጊ ናቸው። እነዚህ ግድቦች በዓመት ውስጥ የሚኖረውን የውሃ ፍሰት በመቆጣጠር ለተከታታይ ምርት መሰረት ይሆናሉ። የውሃ ማስተላለፊያ ቦዮችን በድንጋይ እና በሲሚንቶ በማጠናከር የውሃ መፍሰስ ችግርን ማስወገድ ይቻላል። አርሶ አደሮች ስለ መስኖ ጥገና ትምህርት ሲወስዱ የፕሮጀክቶቹን እድሜ ማራዘም ይችላሉ። በውሃ አጠቃቀም ላይ የተመሰረቱ ስራዎች በገበሬዎች የገቢ መጠን ላይ ከፍተኛ ለውጥ ያመጣሉ።

የውሃ ማስተላለፊያ ቦዮችን በድንጋይ እና በሲሚንቶ ማጠናከር ለምን ያስፈልጋል?"
comprehension|23#0,comprehension,,agriculture,"ከዚህ በታች ያለውን ምንባብ አንብበህ ጥያቄውን መልስ።

Context:
በአብዛኛው የአርሶ አደር ማህበረሰብ ዘንድ የሚታዩት የሰብል በሽታዎች ምርትን በከፍተኛ ሁኔታ በመቀነስ ምክንያት የኢኮኖሚ መዳከምን ያስከትላሉ። በተለይም በጤፍ እና በገብስ ሰብሎች ላይ የሚከሰቱ የፈንገስ በሽታዎች በዝናብ ወቅት በሚበራው እርጥበት ምክንያት በፍጥነት ይሰራጫሉ። እነዚህን በሽታዎች ለመከላከል አርሶ አደሮች መሬታቸውን በየጊዜው ማልማት እና የተመጣጠነ ንጥረ ነገር ያላቸውን ማዳበሪያ መጠቀም ይኖርባቸዋል። ከተጨማሪ እርግማጥ እና ተባይ መከላከያ ውህዶች ይልቅ በተፈጥሮአዊ ዘዴዎች ላይ ማተኮር ለአካባቢ ጥበቃ ትልቅ ፋይዳ አለው። የሰብል በሽታን ለመቆጣጠር መጀመሪያ የቅጠሎችን ቀለም እና ቅርጽ በቅርብ መከታተል በጣም አስፈላጊ የሆነ ተግባር ነው። በቅጠሎች ላይ የሚታዩ ነጠብጣቦች ወይም የደረቁ ምልክቶች የፈንገስ መኖርን በግልጽ የሚያሳዩ ምልክቶች ናቸው። ሰብሎችን በየወቅቱ በመቀየር የአፈርን ለውጥ መከላከል ለተሻለ ምርት መሰረት ይጥላል።

የሰብል በሽታዎች በምን ምክንያት የኢኮኖሚ መዳከምን ያስከትላሉ?"
comprehension|23#1,comprehension,,agriculture,"ጽሑፉን በጥንቃቄ አንብባችሁ ጥያቄውን ከጽሑፉ በመነሳት መልሱ።

Context:
በአትክልት ስፍራዎች ላይ የሚከሰቱ ተባዮችን ለመቆጣጠር የሚረዱ የተፈጥሮ ዘዴዎች ለጤናማ ምርት መገኘት ወሳኝ ሚና ይጫወታሉ። ለምሳሌ እንደ ነጭ ዝንብ እና አረንጓዴ ተባዮች ያሉ አደገኛ ፍጥረታትን ለመከላከል በቅጠሎች መካከል የጥቁር አዝሙን ዘር መዝራት ይቻላል። እነዚህ ተባዮች ሰብሎችን በመብላት እና በቫይረስ በመተላለፍ ምክንያት የሰብል እድገትን በእጅጉ ያውካሉ። አርሶ አደሮች ተባዮችን ለመከላከል ሲሉ በየሳምንቱ የሰብል ስፍራውን መጎብኘት እና የቅጠሎችን ሁኔታ ማየት ይኖርባቸዋል። የተባዮችን ቁጥር ለመቀነስ በተፈጥሮ የሚገኙ ጠንካራ ነፍሳትን ማበረታታት ለረጅም ጊዜ የሚቆይ መፍትሄ ይሰጣል። በኬሚካል መከላከያዎች ላይ ብቻ ጥገኛ መሆን የአፈርን ለምነት እና የውሃን ጥራት ሊጎዳ ይችላል። ስለዚህ የተፈጥሮ ዘዴዎችን እና የዘመናዊ የእውቀት አጠቃቀምን ማጣመር ለተሻለ ውጤት ይረዳል።

በአትክልት ስፍራዎች ላይ የሚገኙ ተባዮችን ለመከላከል ምን ዓይነት የተፈጥሮ ዘዴ መጠቀም ይቻላል?"
comprehension|23#2,comprehension,,agriculture,"የተሰጠውን ጽሑፍ በጥንቃቄ ካነበብክ በኋላ የቀረበውን ጥያቄ መልስ።

ጽሑፍ፡ የሰብል በሽታ አምጪ ተህዋሲያን በአፈር ውስጥ ተደብቀው ሊቆዩ የሚችሉ በመሆናቸው ጥንቃቄ ማድረግ ያስፈልጋል። በተለይም በደረቅ ወቅት የሚከሰቱ የሰብል በሽታዎች በፀሐይ ሙቀት ምክንያት የአፈርን ንጣፍ በመቀየር ይሰራጫሉ። እነዚህን ችግሮች ለመቀነስ አርሶ አደሮች በሽታ የለባቸውም የተረጋገጠ ዘር መጠቀም እና መሬቱን በደንብ ማጽዳት አለባቸው። በሰብል ስፍራ ውስጥ የሚታዩ የቅጠል መድረቅ ምልክቶች በወቅቱ ካልታከሙ ሙሉ ምርትን ሊያጠፉ ይችላሉ። በሽታን ለመከላከል መሬቱን በቂ የፀሐይ ብርሃን እንዲያገኝ ማድረግ እና የአየር ዝውውር እንዲኖር ማድረግ ይገባል። የተባባሱ በሽታዎችን ለመቆጣጠር የተወሰኑ የሰብል አይነቶችን በየዓመቱ መቀያየር በጣም ውጤታማ የሆነ ዘዴ ነው። በዚህም የአፈር ውስጥ በሽታ አምጪ ተህዋሲያን የመራባት እድላቸው በከፍተኛ ሁኔታ ይቀንሳል።

ጥያቄ፡ በሽታ አምጪ ተህዋሲያን የአፈርን ሁኔታ እንዴት ሊጠቀሙ ይችላሉ?"
comprehension|24#0,comprehension,,news,"ንባቡን መሠረት በማድረግ ጥያቄውን መልስ።

Context:
በአዲስ ሰንበት ከተማ በሚገኘው የጥቁር አባይ መናፈሻ ውስጥ ባለፈ ቅዳሜ የባህር ዳር የጥበብ ማህበር በዓመት አንድ ጊዜ የሚያካሂደውን የባህል ትርኢት በታላቅ ድምቀት አከናውኗል። በዝግጅቱ ላይ ከሃምሳ በላይ የሆኑ ወጣቶች የባህላዊ ጨዋታዎችን እና የሙዚቃ ትርኢቶችን በማቅረብ ለከተማዋ ነዋሪዎች ልዩ መዝናኛን ሰጥተዋል። የፕሮግራሙ አስተባባሪ የሆኑት አቶ በቀለ ተስፋዬ በንግግራቸው ላይ ለቀጣዩ ዓመት ሁለት እጥፍ ተሳታፊዎችን ለማግኘት አቅጣጫ ማስቀመጣቸውን ለሚመለከታቸው አካላት ገልጸዋል።

የባህር ዳር የጥበብ ማህበር የባህል ትርኢቱን ያካሄደው በየትኛው ቦታ ነው?"
comprehension|24#1,comprehension,,news,"ይህን ምንባብ መሠረት በማድረግ ለጥያቄው መልስ ስጥ።

ምንባብ፡ የአባይ ወንዝ የልማት ማህበር በሰኔ አሥራ አምስት ቀን በጀመረው አዲስ ፕሮጀክት መሠረት በጎንደር ተራራማ አካባቢ ለሚገኙ አምስት መንደሮች የንጹህ ውሃ አቅርቦት ለማድረስ ሦስት አዳዲስ የውሃ ጉድጓዶችን ቁልጭ አድርጓል። ይህንን ታላቅ ስራ ለመፈጸም ማህበሩ ከባንክ የተገኘውን ሁለት ሚሊዮን ብር በጀት ሙሉ በሙሉ ለግንባታ ስራው እንዲውል አድርጓል። የፕሮጀክቱ መሪ የሆኑት ወይዘሮ አልማዝ አሰፋ በዝግጅቱ ላይ በመገኘት ለነዋሪዎቹ የተሻለ የጤና ሁኔታ እንደሚመጣ ተስፋ ሰጥተዋል።

ጥያቄ፡ ለአዲሱ የውሃ አቅርቦት ፕሮጀክት ጥቅም ላይ የዋለው የገንዘብ መጠን ስንት ነው?"
comprehension|25#1,comprehension,,news,"እባክዎን ከታች ያለውን ጽሑፍ አንብበው ለሚከተለው ጥያቄ መልስ ይስጡ።

Context:
በአረንጓዴ ተራራ ግዛት ውስጥ የሚገኘው የኮከብ ምርት ማቀነባበሪያ ድርጅት የዓመቱ መጀመሪያ የትርፍ ሪፖርቱን ለህዝብ ይፋ አድርጓል። ድርጅቱ በባለፈው የፋይናንስ ዓመት 85 ሚሊዮን ብር ትርፍ ማግኘቱን የፋይናንስ ባለሙያው ወይዘሮ አልማዝ አሰፋ ገልጸዋል። ይህ ከፍተኛ የትርፍ ጭማሪ የተገኘው በድርጅቱ አዳዲስ የቴክኖሎጂ መሣሪያዎችን በመጠቀም የምርት ሂደቱን በማቀላጠፍ ምክንያት እንደሆነ ተገልጿል። ድርጅቱ በቀጣይ ዓመት ምርቱን ወደ ጎረቤት አገራት ለማስፋፋት 120 ሚሊዮን ብር ተጨማሪ በጀት መድቧል። የገበያ ጥናት እንደሚያሳየው በድርጅቱ ምርቶች ላይ ያለው ፍላጎት በየዓመቱ በ15 በመቶ እየጨመረ መምጣቱ ተመዝግቧል።

የኮከብ ምርት ማቀነባበሪያ ድርጅት ባለፈው ዓመት ያገኘው የትርፍ መጠን ስንት ነው?"
comprehension|25#2,comprehension,,news,"ከዚህ በታች ያለውን ምንባብ አንብበህ ጥያቄውን መልስ።

Context:
በአዲሱ የንግድ ዘመን በዝቅተኛው የደቡብ አቅጣጫ በሚገኘው የሸዋ ወንዝ አካባቢ የሸማቾች የኑሮ ውድነት ከፍተኛ መሆኑ ተመዝግቧል። የክልሉ የንግድና ኢንዱስትሪ ቢሮ ሪፖርት እንደሚያሳየው የሸቀጦች ዋጋ በሰኔ ወር ውስጥ በ20 በመቶ ጭማሪ አሳይቷል። ይህ የዋጋ ንረት በዋናነት በምግብ እና በቤት ውስጥ መገልገያ ቁሳቁሶች ላይ የታየ መሆኑን የቢሮው ኃላፊ አቶ ታደሰ ለማብራራት ሞክረዋል። የንግድ ማህበሩ አባላት በዋጋ መናር ምክንያት የንግድ እንቅስቃሴያቸው እየቀነሰ መምጣቱን ለክልሉ መንግስት በጽሁፍ አሳውቀዋል። መንግስት ችግሩን ለመቅረፍ የገበያ ቁጥጥር ስራዎችን በከፍተኛ ሁኔታ ለማጠናከር መወሰኑን በጋዜጣዊ መግለጫ አረጋግጧል።

በደቡብ አቅጣጫ በሚገኘው የሸዋ ወንዝ አካባቢ የሸቀጦች ዋጋ በሰኔ ወር ውስጥ ምን ያህል ጭማሪ አሳይቷል?"
comprehension|26#0,comprehension,,news,"የተሰጠውን ጽሑፍ በጥንቃቄ ካነበብክ በኋላ የቀረበውን ጥያቄ መልስ።

ጽሑፍ፡ በአባይ ወንዝ ዳርቻ በሚገኘው አዲስ ተስፋ ከተማ ውስጥ የዘመናዊ የቴክኖሎጂ ትምህርት ማዕከል ግንባታ በታላቅ ድምቀት ተጀምሯል። ይህንን ግዙፍ ፕሮጀክት በገንዘብ ለመደገፍ የሰማያዊ ኮከብ የልማት ድርጅት በአንድ መቶ ሃምሳ ሚሊዮን ብር መዋዕለ ንዋይ አውጥቷል። የፕሮጀክቱ መሪ የሆኑት አቶ በቀለ ተሰማ እንደገለጹት ግንባታው በሁለት ዓመት ውስጥ ተጠናቆ ለተማሪዎች ክፍት ይሆናል። ማዕከሉ በውስጡ ዘጠኝ ዘመናዊ የኮምፒውተር ክፍሎችን እና አምስት የሳይንስ ሙከራ ላቦራቶሪዎችን እንዲይዝ ተደርጎ ተቀርጿል። በአካባቢው የሚገኙ አምስት መሠረታዊ ትምህርት ቤቶች ከዚህ ማዕከል ጋር ተቀናጅተው እንዲሰሩ ስምምነት ተደርጓል። የከተማዋ አስተዳደር በፕሮጀክቱ አማካኝነት ለሁለት መቶ ወጣት የቴክኖሎጂ ባለሙያዎች የሥራ ዕድል እንደሚፈጠር ገልጿል። ማዕከሉ በየሳምንቱ ቅዳሜ እና እሁድ ለሕዝብ ክፍት የሆነ የክህሎት ማሻሻያ ሥልጠናዎችን ይሰጣል። ይህ ታላቅ ስራ በአካባቢው ያለውን የትምህርት ጥራት በከፍተኛ ደረጃ ለማሻሻል ያለመ ነው።

ጥያቄ፡ የሰማያዊ ኮከብ የልማት ድርጅት ለቴክኖሎጂ ማዕከሉ ግንባታ ምን ያህል ገንዘብ መድቧል?"
comprehension|26#1,comprehension,,news,"ከሚከተለው ጽሑፍ በመነሳት ጥያቄውን መልስ።

በደቡብ አውራጃ በሚገኘው የጥቁር አዝሙድ መንደር ውስጥ የሴቶች የሙያ ማሰልጠኛ ማዕከል አዲስ የትምህርት መርሃ ግብር ጀምሯል። ማዕከሉ በቅርቡ በወይዘሮ አልማዝ አበበ አማካኝነት የተገኘውን አምሳ ሺህ ብር በመጠቀም አዳዲስ መሣሪያዎችን ገዝቷል። በዚህ መርሃ ግብር ውስጥ የልብስ ስፌት እና የእንጨት ሥራ ሙያዎችን የሚያስተምሩ አራት ዋና ዋና ክፍሎች ይገኛሉ። በየቀኑ ከጠዋት እስከ ከሰዓት ድረስ በቁጥር ሰማንያ የሚሆኑ ሴቶች በሥልጠናው ላይ ይሳተፋሉ። ሰልጣኞቹ ስልጠናውን ሲያጠናቅቁ የሙያ ማረጋገጫ የምስክር ወረቀት እንዲያገኙ ተደርጎ ተዘጋጅቷል። የፕሮግራሙ አስተባባሪ የሆኑት ወይዘሪት ሳራ በቀለ ስልጠናው ለሰባት ወራት እንደሚቆይ አረጋግጠዋል። ማዕከሉ በየወሩ አንድ ጊዜ የሥራ ውጤቶችን ለከተማው ነዋሪዎች የሚያሳይ የኤግዚቢሽን ቀን ያዘጋጃል። ይህ ተነሳሽነት በሴቶች የኢኮኖሚ አቅም ላይ ትልቅ ለውጥ እንደሚያመጣ ተገምቷል።

ጥያቄ፡ በአዲሱ የሙያ ማሰልጠኛ ማዕከል ውስጥ የሚሰጡት የትምህርት ዓይነቶች የትኞቹ ናቸው?"
comprehension|26#2,comprehension,,news,"ጽሑፉን አንብበህ ጥያቄውን መልስ፡

ጽሑፍ፡ በሰሜን ተራራማ አካባቢ በሚገኘው የብርሃን ተራራ ትምህርት ቤት የዓመታዊ የሳይንስ ውድድር በታላቅ ጉልበት ተካሂዷል። በውድድሩ ላይ ከተለያዩ አካባቢዎች የመጡ ሁለት መቶ አምሳ ተማሪዎች በከፍተኛ ተወዳዳሪነት ተሳትፈዋል። የውድድሩ ዋና ዓላማ ተማሪዎች በፈጠራ የታጀቡ የሳይንስ መሣሪያዎችን እንዲፈጥሩ ማበረታታት ነው። የውድድሩ አሸናፊ የሆኑት የሰባተኛ ክፍል ተማሪዎች በገንዘብ እና በሳንቲም የተከፋፈለ ሽልማት አግኝተዋል። የትምህርት ቤቱ ርዕሰ መምህር አቶ ታደሰ ከበሩ የውድድሩ ውጤት በጣም የሚያስደስት መሆኑን ገልጸዋል። ተማሪዎቹ የፈጠሯቸው የፀሐይ ብርሃን መሣሪያዎች ለትምህርት ቤቱ መብራት አገልግሎት እንዲውሉ ታስቧል። በውድድሩ ላይ የነበሩት ዳኞች የፈጠራ ሥራዎቹን ጥራት እና አሠራራቸውን በጥንቃቄ መዝግበዋል። ይህ የሳይንስ ውድድር በየዓመቱ በታህሳስ ወር እንዲካሄድ በቦርድ ውሳኔ ተወስኗል።

ጥያቄ፡ በሳይንስ ውድድሩ ላይ የተሳተፉ ተማሪዎች ብዛት ስንት ነው?"
comprehension|27#0,comprehension,,news,"እባክዎን ከታች ያለውን ጽሑፍ አንብበው ለሚከተለው ጥያቄ መልስ ይስጡ።

Context:
በሰኔ ፲፪ ቀን በወንጌል ተራራ አካባቢ በሚገኘው አረንጓዴ ተስፋ ማህበር አማካኝነት በሰባት ወራት ውስጥ አምስት መቶ አዳዲስ የጥቁር እንጨት ችግኞች ተተክለዋል። ይህ ፕሮጀክት በክልሉ ያለውን የአየር ንብረት መዛባት ለመቀነስና የአፈር መሸርሸርን ለመከላከል ታስቦ የተዘጋጀ ሲሆን በባለሙያዎች የታገዘ ነው። ፕሮጀክቱ በጠቅላላው በሁለት ሚሊዮን ብር በጀት የተከናወነ ሲሆን የአካባቢው ነዋሪዎች በስራ ተሳትፈዋል።

በወንጌል ተራራ አካባቢ የተተከሉት አዳዲስ የጥቁር እንጨት ችግኞች ብዛት ስንት ነው?"
comprehension|28#1,comprehension,,news,"ከሚከተለው ጽሑፍ በመነሳት ጥያቄውን መልስ።

በአዲሱ የሰላም አውሮፕላን ማረፊያ ውስጥ የደህንነት ቁጥጥር ስርዓትን ለማዘመን አዲስ ቴክኖሎጂ ለመጠቀም ውሳኔ ተላልፏል። የብሩህ ተስፋ አየር መንገድ በሐምሌ ፭ ቀን ባወጣው መግለጫ መሰረት ይህ አዲስ ስርዓት በ፲፪ አዳዲስ ካሜራዎች የታገዘ ነው። የፕሮጀክቱ መሪ ወይዘሪት ሳራ አበበ ለዚህ ስራ በአጠቃላይ ፪ ሚሊዮን ብር በጀት መመደቡን በዝርዝር አብራርታለች። አዲሱ መሣሪያ በሰዓት እስከ ፭ መቶ ሰዎችን በፍጥነት ለመፈተሽ የሚያስችል ከፍተኛ አቅም አለው። ይህ ለውጥ በረራዎች ሳይዘገዩ በሰላም እንዲከናወኑ ለማድረግ ታስቦ የተዘጋጀ መሆኑ ተገልጿል።

ጥያቄ፡ አዲሱ የደህንነት ቁጥጥር ስርዓት በሰዓት እስከ ስንት ሰዎችን በፍጥነት መፈተሽ ይችላል?"
comprehension|28#2,comprehension,,news,"በሚከተለው ጽሑፍ መሠረት ጥያቄውን በአጭሩ መልስ።

Context:
በወርቅ ወንዝ አካባቢ የሚገኘው አዲሱ የድልድይ ግንባታ ስራ በነሐሴ ፲፭ ቀን በታላቁ መሃንዲስ አቶ ተክሌ ለማሞ በይፋ ተጀምሯል። የድንጋይ ከተማ የልማት ማህበር ለዚህ ድልድይ ግንባታ ፯ መቶ የኢንጂነሪንግ ባለሙያዎችን በስራ ላይ ማሰማራቱን ገልጿል። ድልድዩ በወንዙ ላይ ለ፲ ዓመታት የሚቆይ ጠንካራ መሠረት እንዲኖረው ጥንቃቄ የተሞላበት የሲሚንቶ ስራ እየተከናወነ ይገኛል። ይህ ፕሮጀክት በሁለቱ የገጠር መንደሮች መካከል ያለውን የንግድ ትስስር በከፍተኛ ደረጃ እንደሚያሳድገው ተገምቷል። የግንባታ ስራው እስከ ታህሳስ ወር ድረስ ተጠናቆ ለሕዝብ ክፍት እንደሚሆን ተጠቁሟል።

የድንጋይ ከተማ የልማት ማህበር ለድልድዩ ግንባታ ስራ ስንት ባለሙያዎችን አሰማርቷል?"
comprehension|30#0,comprehension,,technology,"ከሚከተለው ጽሑፍ በመነሳት ጥያቄውን መልስ።

በሰኔ ፲፪ ቀን በዘመናዊው የቴክኖሎጂ ከተማ በምትገኘው አቢሲኒያ ቴክ ዞን ውስጥ የዝርጋታ ስራ የጀመረው አዲስ የሞባይል ክፍያ አገልግሎት በወር ፶፭ ሚሊዮን ብር ገቢ ለማግኘት አልሟል። ይህንን አዲስ የዲጂታል የገንዘብ ዝውውር ስርዓት የጀመረው የኩባንያው መስራች አቶ በቀለ ተስፋዬ ሲሆን አገልግሎቱም ለ፲፭ ሚሊዮን ተጠቃሚዎች በነጻ ተደራሽ እንዲሆን ተደርጎ ተዘጋጅቷል። በቅርቡ በተካሄደው የቴክኖሎጂ ጉባኤ ላይ የቀረበው መረጃ እንደሚያመለክተው ይህ አዲስ አሰራር የሰዎችን የዕለት ተዕለት የገንዘብ ልውውጥ ፍጥነት በሁለት እጥፍ ያፋጥነዋል።

ጥያቄ፡ አዲስ የሞባይል ክፍያ አገልግሎቱን የጀመረው ሰው ማን ነው?"
comprehension|30#1,comprehension,,technology,"ምንባቡን ካነበብሽ በኋላ ለጥያቄው መልስ ስጪ።

Context:
በታላቁ የሰሜን አውራጃ የኤሌክትሮኒክስ ማዕከል ውስጥ በሐምሌ ፭ ቀን የተከፈተው አዲሱ የስማርት ስልክ ማከማቻ መጋዘን በዓለም አቀፍ ደረጃ ከፍተኛ ጥራት ያላቸውን ስልኮች ለማቅረብ ተቋቁሟል። የዘርፉ ባለሙያ የሆኑት ወይዘሪት ሳራ አበበ እንደገለጹት ይህ መጋዘን በየቀኑ ፪ ሺህ አዳዲስ ስልኮችን ለገበያ በማቅረብ የሀገሪቱን የቴክኖሎጂ ፍላጎት ለማርካት በትጋት እየሰራ ይገኛል። መጋዘኑ በውስጡ የያዛቸው ስልኮች በሙሉ በልዩ የደህንነት ቁጥጥር ስር የሚገኙ በመሆናቸው ደንበኞች ያለምንም ስጋት ምርጫቸውን እንዲያደርጉ ይረዳቸዋል።

መጋዘኑ በየቀኑ ስንት አዳዲስ ስልኮችን ለገበያ ያቀርባል?"
comprehension|30#2,comprehension,,technology,"ከዚህ በታች የቀረበውን መረጃ በመጠቀም ለጥያቄው መልስ ስጥ።

Context:
በነሐሴ ፳ ቀን በታዋቂው የብሉ ስካይ የቴሌኮም ድርጅት አማካኝነት የተጀመረው አዲስ የሞባይል ባንክ መተግበሪያ በከተማው ውስጥ ለሚገኙ ወጣቶች ልዩ የክፍያ ማቅለያ ዘዴዎችን አቅርቧል። ይህ መተግበሪያ በውስጡ የያዛቸው የደህንነት መቆለፊያዎች በላቀ የሳይበር ጥበቃ ዘዴ የተገነቡ በመሆናቸው ተጠቃሚዎች ገንዘባቸውን በሰላም እንዲያስተዳድሩ ያስችላቸዋል። የድርጅቱ ዋና ስራ አስኪያጅ አቶ ታደሰ ካሳ የገለጹት መሠረት ይህ አዲስ የቴክኖሎጂ ውጤት በቅርቡ ወደ ሌሎች አጎራባች ከተሞችም ተስፋፍቶ አገልግሎት ይሰጣል።

አዲሱ የሞባይል ባንክ መተግበሪያ ለተጠቃሚዎች ምን ዓይነት የደህንነት ጥበቃ ያቀርባል?"
comprehension|31#1,comprehension,,technology,"በሚከተለው ጽሑፍ መሠረት ጥያቄውን በአጭሩ መልስ።

Context:
በአሁኑ ጊዜ በኢትዮጵያ የኢንተርኔት አገልግሎት መስፋፋት በከተሞች እና በገጠር አካባቢዎች መካከል ከፍተኛ ልዩነት ይታያል። በዋና ዋና ከተሞች ውስጥ የፋይበር ኦፕቲክስ መስመር ተዘርግቶ ከፍተኛ ፍጥነት ያለው የዳታ አገልግሎት ለተጠቃሚዎች ይቀርባል። በገጠር አካባቢዎች ግን አሁንም በሳተላይት እና በሞባይል የዳታ አገልግሎት ላይ ብቻ ጥገኛ መሆን የግድ ሆኗል። ይህ የቴክኖሎጂ ልዩነት ተማሪዎች የዲጂታል መማሪያ መሳሪያዎችን ለመጠቀም የሚያጋጥማቸውን ዕድል በእጅጉ ይገድባል። መንግስት እና የግል ኩባንያዎች የኢንተርኔት ዋጋ እንዲቀንስ እና ተደራሽነት እንዲጨምር ለማድረግ የተለያዩ ጥረቶችን እያደረጉ ነው። የዲጂታል መሠረተ ልማት ግንባታ ለሀገሪቱ የኢኮኖሚ እድገት ወሳኝ ሚና እንደሚጫወት ይታመናል።

በከተሞች እና በገጠር አካባቢዎች መካከል ያለው የኢንተርኔት አገልግሎት ልዩነት በተማሪዎች ላይ ምን ዓይነት ተጽዕኖ ያሳድራል?"
comprehension|31#2,comprehension,,technology,"ምንባቡን ካነበብሽ በኋላ ለጥያቄው መልስ ስጪ።

Context:
የማህበራዊ ሚዲያ ተጽዕኖ በኢትዮጵያ የንግድ ማስታወቂያ ዘርፍ ላይ አዲስ ለውጥ እያመጣ ይገኛል። ድርጅቶች በፌስቡክ እና በኢንስታግራም ገጾቻቸው አማካኝነት ምርቶቻቸውን ለብዙ ሺህ ደንበኞች በቀላሉ ማስተዋወቅ ይችላሉ። ይህ አዲስ የግብይት ዘዴ ከባህላዊ የሬዲዮ እና የቴሌቪዥን ማስታወቂያዎች በተሻለ መልኩ ቀጥተኛ ግንኙነት ለመፍጠር ያስችላል። የዲጂታል ማስታወቂያዎች ወጪ አነስተኛ መሆን እና ትክክለኛውን ደንበኛ ለመድረስ መቻል ትልቅ ጥቅም ይሰጣሉ። ነገር ግን የንግድ ድርጅቶች በኢንተርኔት ላይ የሚለቀቁ ምስሎች እና ጽሁፎች ጥራት ላይ ከፍተኛ ትኩረት መስጠት አለባቸው። ተጠቃሚዎችም በማህበራዊ ሚዲያ ላይ የሚያዩዋቸውን ማስታወቂያዎች በጥንቃቄ የመመርመር እና የማመዛዘን ልምድ ሊኖራቸው ይገባል።

የዲጂታል ማስታወቂያዎች ከባህላዊ የማስታወቂያ ዘዴዎች በተሻለ ሁኔታ ምን ዓይነት ጥቅም ይሰጣሉ?"
comprehension|32#0,comprehension,,technology,"በሚከተለው ጽሑፍ መሠረት ጥያቄውን በአጭሩ መልስ።

Context:
በሰኔ ፲፪ ቀን በዓባይ ቴክኖሎጂ ማዕከል ውስጥ የተካሄደው ዓመታዊ ጉባኤ አዳዲስ የሰው ሰራሽ አስተውሎት መሣሪያዎችን ለሕዝብ ለማስተዋወቅ ትልቅ ዕድል ፈጥሯል። በጉባኤው ላይ የድርጅቱ ዋና ሥራ አስፈጻሚ አቶ በቀለ ተስፋዬ የሠራቸውን አሥር አዳዲስ የኮምፒውተር ፕሮግራሞች ለተሳታፊዎች በዝርዝር አብራርተዋል። እነዚህ ፕሮግራሞች በተለይ በግብርና ዘርፍ ውስጥ ያሉትን ተግዳሮቶች ለመፍታትና ምርታማነትን ለመጨመር ታስበው የተዘጋጁ መሆናቸውን ተናግረዋል። በጉባኤው ላይ የተሳተፉት ፪፻፶ አዳዲስ የቴክኖሎጂ ባለሙያዎች በየዘርፉ ያሉትን የሰው ሰራሽ አስተውሎት ጥቅሞች በጥልቀት ተወያይተዋል። የቴክኖሎጂው ባለቤት የሆነው አባይ ቴክኖሎጂ ማዕከል ለሚቀጥሉት አምስት ዓመታት ውስጥ በዘርፉ ላይ ከፍተኛ ኢንቨስትመንት ለማድረግ አቅዷል። በዝግጅቱ ወቅት የተገለጠው መረጃ እንደሚያሳየው አዳዲስ መሣሪያዎቹ በሰላማዊ መንገድ መረጃዎችን በመተንተን ትክክለኛ ውሳኔ ለመስጠት ይረዳሉ። በዝግጅቱ መጨረሻ ላይ ተሳታፊዎች በቴክኖሎጂው አጠቃቀም ላይ ያላቸውን ጥርጣሬ በውይይት መልክ እንዲያወጡ ተደርጓል።

አቶ በቀለ ተስፋዬ በጉባኤው ላይ ለተሳታፊዎች ያብራሩት ዋናው የሥራ ውጤት ምን ነበር?"
comprehension|32#1,comprehension,,technology,"ከዚህ በታች የቀረበውን መረጃ በመጠቀም ለጥያቄው መልስ ስጥ።

Context:
በወርቅ ሸለቆ የዲጂታል ምርምር ተቋም ውስጥ በሐምሌ ፭ ቀን አዲስ የሰው ሰራሽ አስተውሎት ሥርዓት በስኬት ሥራ መጀመሩ ተገልጿል። ይህ አዲስ ሥርዓት በከተማዋ ውስጥ የሚገኙ የትራፊክ መረጃዎችን በቅጽበት በመተንተን የትራፊክ መጨናነቅን ለመቀነስ ታስቦ የተሠራ ነው። የሥርዓቱ ፈጣሪ የሆነችው ኢንጂነር ሳባ ኃይሌ ሥርዓቱ በሰባት የተለያዩ የከተማ መሠረተ ልማቶች ላይ መሥራት እንደሚችል አስታውቃለች። ተቋሙ ለዚህ ፕሮጀክት በአጠቃላይ ፭ ሚሊዮን ብር ወጪ ማድረጉን በዝርዝር መግለጫው ላይ ጠቅሷል። ሥርዓቱ በየቀኑ ከ፲፬ ሚሊዮን በላይ መረጃዎችን በመሰብሰብ ለከተማው አስተዳደር ትክክለኛ መረጃዎችን ያቀርባል። በሥርዓቱ አማካኝነት የትራፊክ ፍሰቱን በ፳ በመቶ ማሻሻል እንደሚቻል የጥናት ቡድኑ በዝግጅቱ ላይ ገልጿል። ይህ የቴክኖሎጂ ውጤት ለከተማዋ ነዋሪዎች የጊዜ ቁጠባን ከመፍጠሩም በላይ የአየር ብክለትን ለመቀነስ ይረዳል።

የወርቅ ሸለቆ የዲጂታል ምርምር ተቋም ለዚህ አዲስ የሰው ሰራሽ አስተውሎት ፕሮጀክት የፈሰሰበት የገንዘብ መጠን ስንት ነው?"
comprehension|32#2,comprehension,,technology,"ከዚህ በታች ያለውን ምንባብ አንብበህ ጥያቄውን መልስ።

Context:
በነሐሴ ፲፭ ቀን በዝቅተኛ ኮረብታ የቴክኖሎጂ መንደር ውስጥ የተመሠረተው አዲስ የትምህርት ማዕከል የሰው ሰራሽ አስተውሎት ትምህርትን ማስተማር ጀምሯል። ማዕከሉ በየሳምንቱ ለ፪፻ ተማሪዎች ስለ ኮምፒውተር አስተውሎት መሠረታዊ ነገሮች ነፃ ትምህርት ለመስጠት አቅዷል። የትምህርት ማዕከሉ መሥራች የሆነው አቶ ዮናስ አበበ ሥርዓቱ በቴክኖሎጂው የታገዘ ትምህርት ለወጣቶች ዕድል እንደሚፈጥር ገልጿል። ተማሪዎቹ በክፍለ ጊዜው ውስጥ የተለያዩ የኮዲንግ መሣሪያዎችንና የሰው ሰራሽ አስተውሎት ሞዴሎችን በተግባር እንዲለማመዱ ይደረጋል። ማዕከሉ ውስጥ የተሟላ የኮምፒውተር ላብራቶሪና ፈጣን የኢንተርኔት አገልግሎት መኖሩ ለትምህርቱ ስኬት ትልቅ አስተዋጽኦ አድርጓል። በነሐሴ ወር መጨረሻ ላይ ተማሪዎቹ የሠሩትን የመጀመሪያ የቴክኖሎጂ ውጤት ለሕዝብ ለማሳየት ታቅዷል። ይህ ፕሮጀክት በክልሉ ውስጥ ያለውን የቴክኖሎጂ እውቀት ለማሳደግ ትልቅ እርምጃ ተደርጎ ተወስዷል።

በነሐሴ ወር መጨረሻ ላይ ተማሪዎቹ ምን ለማድረግ ታቅዷል?"
comprehension|33#1,comprehension,,technology,"ከዚህ በታች የቀረበውን መረጃ በመጠቀም ለጥያቄው መልስ ስጥ።

Context:
በካቲት ፭ ቀን የሰንታ ፕላኔታሪ ተቋም በሰሜን አቅጣጫ በሚገኘው የሉሚና ከተማ ውስጥ የፀሐይ ፓነሎችን ለመትከል የሚያስችል አዲስ የጥናት ውጤት ለዓለም አቀፉ ማህበረሰብ አቅርቧል። ይህ ጥናት የሚያሳየው በከተማዋ ውስጥ የሚገኙ የፀሐይ ፓነሎች ከቀድሞዎቹ በሃያ በመቶ የሚበልጥ የኃይል መጠን ማመንጨት እንደሚችሉ ነው። የጥናቱ ተካፋይ የሆኑት ሳይንቲስቶች የከተማዋን የአየር ንብረት ሁኔታ መሠረት በማድረግ ይህ የኃይል ምንጭ ለረጅም ጊዜ ሊያገለግል እንደሚችል አረጋግጠዋል።

በሉሚና ከተማ የሚገኙ አዳዲስ የፀሐይ ፓነሎች ከቀድሞዎቹ በስንት በመቶ የሚበልጥ የኃይል መጠን ማመንጨት ይችላሉ?"
comprehension|34#0,comprehension,,technology,"ጽሑፉን አንብበህ ጥያቄውን መልስ፡

ጽሑፍ፡ ኮምፒውተር ማለት መረጃን ለመቀበል እና ለማቀነባበር የሚያገለግል በጣም አስፈላጊ የሆነ የኤሌክትሮኒክስ መሣሪያ ነው። ይህ መሣሪያ መረጃን በከፍተኛ ፍጥነት በመሥራት ለተለያዩ የሥራ ዘርፎች ትልቅ እገዛ ያደርጋል። በኮምፒውተር ውስጥ ዋና ዋና ክፍሎች ሲባሉ ማቀነባበሪያው እና መረጃን የሚያስቀምጡበት ክፍል ናቸው። ማቀነባበሪያው የኮምፒውተሩ አእምሮ ተብሎ የሚጠራ ሲሆን ሁሉንም ትዕዛዞች በዝርዝር ይፈጽማል። መረጃን የሚያስቀምጠው ክፍል ደግሞ ፋይሎችን እና ፎቶግራፎችን ለረጅም ጊዜ እንዲቆዩ ያደርጋል። እነዚህ ሁለት ክፍሎች ተቀናጅተው ሲሠሩ ኮምፒውተሩ የተሰጠውን ሥራ በትክክል ማከናወን ይችላል።

ጥያቄ፡ የኮምፒውተሩ አእምሮ ተብሎ የሚጠራው የትኛው ክፍል ነው?"
comprehension|34#1,comprehension,,technology,"ንባቡን መሠረት በማድረግ ጥያቄውን መልስ።

Context:
የኮምፒውተር መረጃ ማከማቻ ዘዴዎች በሁለት ዋና ዋና ዘርፎች ለሁለት ተከፍለው ሊታዩ ይችላሉ። የመጀመሪያው ዘርፍ መረጃን በጊዜያዊነት የሚያስቀምጥ ሲሆን ኮምፒውተሩ ሲጠፋ መረጃው ይጠፋል። ሁለተኛው ዘርፍ ደግሞ መረጃን በቋሚነት የሚያስቀምጥ እና ኮምፒውተሩ ቢጠፋም መረጃውን ሳይለቅ የሚጠብቅ ነው። ጊዜያዊ ማከማቻ መረጃን በጣም በፍጥነት ለማግኘት እና ለሥራ እንዲመች ለማድረግ ያገለግላል። ቋሚ ማከማቻ ደግሞ እንደ ፎቶግራፎች እና ሰነዶች ያሉ ጠቃሚ ፋይሎችን ለረጅም ጊዜ ለመያዝ ይረዳል። እነዚህ ሁለት የትውስታ ዓይነቶች እርስ በርሳቸው ተደጋግፈው ለኮምፒውተሩ ሥራ አስፈላጊ ናቸው።

መረጃን በቋሚነት የሚያስቀምጠው የትውስታ ዘርፍ ምን ዓይነት ጥቅም ይሰጣል?"
comprehension|34#2,comprehension,,technology,"ጽሑፉን በጥንቃቄ አንብባችሁ ጥያቄውን ከጽሑፉ በመነሳት መልሱ።

Context:
በአሁኑ ጊዜ በኢትዮጵያ ውስጥ የኮምፒውተር አጠቃቀም በየዓመቱ በከፍተኛ ሁኔታ እየጨመረ መጥቷል። ብዙ ተማሪዎች ለትምህርት አገልግሎት እና ለምርምር ስራዎች ኮምፒውተርን በብዛት መጠቀም ይጀምራሉ። የኮምፒውተር መሠረታዊ እውቀት መኖር ለወደፊት የሥራ ዕድል ለማግኘት በጣም ወሳኝ የሆነ ጉዳይ ነው። ሰዎች በኢንተርኔት አማካኝነት መረጃዎችን ለመፈለግ እና ከሌሎች ሰዎች ጋር ለመገናኘት ኮምፒውተርን ይጠቀማሉ። የቴክኖሎጂ ዕውቀቱ እየጨመረ ሲሄድ የከተማ እና የገጠር ነዋሪዎች የዲጂታል ዓለም ተጠቃሚ እየሆኑ ነው። ይህ ለሀገሪቱ የኢኮኖሚ እድገት እና ለዘመናዊ ትምህርት ሥርዓት ግንባታ ትልቅ ድጋፍ ነው።

ተማሪዎች ኮምፒውተርን ለምን ተግባር በብዛት መጠቀም ይጀምራሉ?"
comprehension|35#0,comprehension,,technology,"ምንባቡን ካነበብሽ በኋላ ለጥያቄው መልስ ስጪ።

Context:
በሰኔ ፲፪ ቀን ሁለት ሺህ አስራ ስድስት ዓመተ ምህረት በደቡብ ኢትዮጵያ በፋኖ ከተማ በሚገኘው አቢሲኒያ የቴክኖሎጂ ማዕከል ውስጥ ትልቅ የሳይበር ጥቃት ተፈጽሟል። የፋኖ የዲጂታል ደህንነት ተቋም ባወጣው መግለጫ መሰረት በዚያች ቀን በጠዋት ስምንት ሰዓት ላይ ያልታወቁ ሰዎች የባንክ መረጃዎችን ለመስረቅ ሞክረዋል። የባንኩ ሰራተኛ የነበረው አቶ በቀለ ተጋላጭ የሆነውን የኢንተርኔት መስመር ለመዝጋት ጥረት አድርጎ የጥቃቱን ሂደት ለተወሰነ ጊዜ ማቆም ችሏል። በዚህ ጥቃት ምክንያት በፋኖ ከተማ የሚገኙ ሰባት ትላልቅ የንግድ ተቋማት የደንበኞቻቸውን የግል መረጃዎች ለጥቂት ሰዓታት አሳልፈው ሰጥተዋል። የቴክኖሎጂ ባለሙያው ወይዘሪት ሰላም በሰጡት መረጃ መሰረት ጥቃቱ የተፈጸመው በሐሰተኛ የኢሜል መልእክቶች አማካኝነት መሆኑን አረጋግጠዋል። ተቋሙ ለተጠቃሚዎች በሙሉ የይለፍ ቃል እንዲቀይሩና ጥንቃቄ እንዲያደርጉ ጠንካራ መልእክት አስተላልፏል። የከተማው አስተዳደር በጉዳዩ ላይ ምርመራ ለመጀመር የሳይበር ወንጀል መርማሪዎችን ወደ ማዕከሉ መላኩን በይፋ አስታውቋል።

በፋኖ ከተማ በሚገኘው አቢሲኒያ የቴክኖሎጂ ማዕከል ላይ ጥቃቱ የተፈጸመው በምን ዓይነት ዘዴ ነው?"
comprehension|35#1,comprehension,,technology,"ከዚህ በታች ያለውን ምንባብ አንብበህ ጥያቄውን መልስ።

Context:
በሰኔ ፳፭ ዓመተ ምህረት በምስራቅ ኢትዮጵያ በወሎ ሸገር ከተማ ውስጥ የሚገኘው የዘመናዊ መገናኛ መሳሪያዎች አቅራቢ ድርጅት የዲጂታል ደህንነት ስልጠና ሰጠ። የድርጅቱ ስራ አስኪያጅ አቶ ተክሌ በሰጡት ገለጻ መሰረት በቅርብ ጊዜ ውስጥ በስልክ መተግበሪያዎች አማካኝነት የሚደረጉ የማጭበርበር ድርጊቶች በከፍተኛ ሁኔታ ጨምረዋል። ስልጠናው በከተማው በሚገኘው ሰንዓ መድረክ ውስጥ ለሁለት መቶ ሰራተኞችና ለሃያ አዳዲስ ተማሪዎች በነጻ ተሰጥቷል። በስልጠናው ወቅት ወይዘሮ ማርታ የሶሻል ሚዲያ አካውንቶችን እንዴት በጠንካራ ቁልፍ መቆለፍ እንደሚቻል በዝርዝር አሳይታለች። ተማሪዎቹ በስልጠናው ወቅት ስለ ሁለት ዓይነት የሳይበር ጥቃቶችና መከላከያ መንገዶች ሰፊ ግንዛቤ አግኝተዋል። የድርጅቱ የቴክኖሎጂ ክፍል በየሳምንቱ አዳዲስ የደህንነት መመሪያዎችን ለደንበኞቹ በጽሁፍ መላክ እንደሚጀምር ቃል ገብቷል። ይህ ስልጠና በከተማው ውስጥ ያለውን የዲጂታል ግንዛቤ ለማሳደግ ትልቅ አስተዋጽኦ ይኖረዋል ተብሎ ይጠበቃል።

በወሎ ሸገር ከተማ በተሰጠው ስልጠና ላይ ለስንት ሰዎች ትምህርት ተሰጥቷል?"
comprehension|35#2,comprehension,,technology,"ከሚከተለው ጽሑፍ በመነሳት ጥያቄውን መልስ።

በጥቅምት አምስት ቀን ሁለት ሺህ አስራ አምስት ዓመተ ምህረት በምዕራብ ኢትዮጵያ በጎንደር ተራራማ አካባቢ በሚገኘው የብርሃን የኢንተርኔት አገልግሎት መስጫ ድርጅት ውስጥ ችግር ተከስቷል። የድርጅቱ የቴክኒክ ክፍል መሪ አቶ ዮናስ እንደገለጹት አንዳንድ ተጠቃሚዎች የሐሰት የገንዘብ ክፍያ መልእክቶችን እየተቀበሉ መሆኑን አረጋግጠዋል። እነዚህ መልእክቶች የድርጅቱን ስም በመጠቀም ተጠቃሚዎች ወደ አደገኛ ድረ ገጾች እንዲገቡ የሚያደርጉ ናቸው። የድርጅቱ የደህንነት መኮንን ወይዘሪት አልማዝ በየቀኑ ለተጠቃሚዎች የሚላኩ መልእክቶችን በጥብቅ መቆጣጠር እንደሚጀምሩ ገልጻለች። ተጠቃሚዎች ማንኛውንም ያልታወቀ የሊንክ መልእክት ሲደርሳቸው መክፈት እንደሌለባቸውና ወዲያውኑ ለድርጅቱ ማሳወቅ እንዳለባቸው አሳስባለች። ድርጅቱ ለዚህ ችግር መፍትሄ ለመስጠት አዲስ የደህንነት መተግበሪያ ለደንበኞቹ በነጻ ማከፋፈል እንደሚጀምር አስታውቋል። በዚህ ሂደት ውስጥ በሺዎች የሚቆጠሩ ተጠቃሚዎች የዲጂታል ደህንነት ትምህርት እንዲያገኙ ታቅዷል።

ጥያቄ፡ ተጠቃሚዎች ያልታወቀ የሊንክ መልእክት ሲደርሳቸው ምን ማድረግ እንዳለባቸው ተመክረዋል?"
comprehension|36#1,comprehension,,daily_life,"ንባቡን መሠረት በማድረግ ጥያቄውን መልስ።

Context:
የእንጀራ ዝግጅት በኢትዮጵያ የቤት ውስጥ ማዕድ ላይ ካሉ በጣም መሰረታዊ እና አስፈላጊ ከሆኑ የምግብ አይነቶች መካከል አንዱ ነው። ለእንጀራ ዝግጅት የሚያገለግለው ጤፍ በውሃ ተበጥብጦ ለተወሰኑ ቀናት እንዲቆይ ከተደረገ በኋላ በሙቀት አማካኝነት ለስላሳ እንዲሆን ይደረጋል። ይህ ሂደት እንጀራው ለምግብ መብላት አመቺ የሆነ ተፈጥሯዊ sourness እንዲኖረው በማድረግ ለምግብ ዝግጅት ትልቅ ሚና ይጫወታል።

እንጀራ ለምግብ መብላት አመቺ የሆነ ተፈጥሯዊ sourness እንዲኖረው ለማድረግ ምን መደረግ አለበት?"
comprehension|36#2,comprehension,,daily_life,"እባክዎን ከታች ያለውን ጽሑፍ አንብበው ለሚከተለው ጥያቄ መልስ ይስጡ።

Context:
በኢትዮጵያ የቡና ሥነ ሥርዓት በየቀኑ ከሚከናወኑ ማህበራዊ ተግባራት መካከል በጣም የታወቀ እና ትልቅ ክብር የሚሰጠው የቤት ውስጥ ልማድ ነው። ቡናው መጀመሪያ በሙጫ ይቆጠራል ከዚያም በደንብ ተቀቅሎ ሲደርስ ለተሳታፊዎች በትንሹ በኩባያ ይቀርባል። ይህ የቡና አቀራረብ ሂደት በቤተሰብ እና በጎረቤቶች መካከል ያለውን መቀራረብ እና መግባባትን በየቀኑ ለማጠናከር ይረዳል።

የቡና አቀራረብ ሂደት በቤተሰብ እና በጎረቤቶች መካከል ያለውን ግንኙነት እንዴት ይረዳል።"
comprehension|37#0,comprehension,,daily_life,"ከሚከተለው ጽሑፍ በመነሳት ጥያቄውን መልስ።

በሰኔ ፲፪ ቀን በሰላም ከተማ በሚገኘው ትልቅ አዳራሽ ውስጥ የዓለም የቤተሰብ አንድነት ማኅበር ታላቅ በዓል ተካሄደ። በዓሉ ላይ የድርጅቱ መሪ የሆኑት አቶ በቀለ ተስፋዬ ለተሳታፊዎች በሙሉ ሰላምታ በመስጠት የቤተሰብ ትስስር አስፈላጊነትን በዝርዝር አብራርተዋል። በዝግጅቱ ላይ የሰባት አገራት ተወካዮች በመገኘት ስለ ቤተሰብ እሴቶችና ስለ ትውልድ ግንኙነት ሰፊ ውይይት አድርገዋል። አዳራሹ ውስጥ ለዝግጅቱ የተዘጋጁት ፪፻፶ አዳዲስ ወጣቶች በቤተሰባቸው ውስጥ ያለውን ፍቅር ለማሳየት ልዩ ትርኢት አቅርበዋል። በዝግጅቱ ማጠቃለያ ላይ የቤተሰብ መተጋገዝን የሚያበረታታ አዲስ መመሪያ በ፪፻፳፬ ዓ.ም ተግባራዊ እንደሚሆን ተገልጿል።

ጥያቄ፡ በሰላም ከተማ በተካሄደው የቤተሰብ አንድነት ማኅበር በዓል ላይ አዳዲስ ወጣቶች ምን ለማሳየት ትርኢት አቅርበዋል?"
comprehension|37#2,comprehension,,daily_life,"ይህን ምንባብ መሠረት በማድረግ ለጥያቄው መልስ ስጥ።

ምንባብ፡ በጥቅምት ወር መጨረሻ ላይ በዘመናዊው የብርሃን ከተማ ውስጥ የሚገኘው የልጆች መብት ድርጅት ለወላጆች ልዩ ስልጠና ሰጥቷል። ስልጠናው በዋናነት በወላጆችና በልጆች መካከል ያለውን ግንኙነት እንዴት ማሻሻል እንደሚቻል በሚል ርዕስ የተዘጋጀ ነው። በስልጠናው ላይ የተሳተፉት ፻፶ አምስት ወላጆች በባለሙያዎች አማካኝነት የተለያዩ የቤተሰብ ግንኙነት ዘዴዎችን ተምረዋል። ስልጠናው የተካሄደው በከተማው መሃል በሚገኘው ትልቅ የትምህርት ማዕከል ውስጥ ለሦስት ተከታታይ ቀናት ነው። በስልጠናው ማጠቃለያ ላይ ወላጆች ከልጆቻቸው ጋር በየቀኑ ፴ ደቂቃ ያህል ጥራት ያለው ጊዜ ማሳለፍ እንዳለባቸው ተመክረዋል።

ጥያቄ፡ የልጆች መብት ድርጅቱ ለወላጆች የሰጠው ስልጠና በዋናነት የሚያተኩረው በምን ጉዳይ ላይ ነው?"
comprehension|38#0,comprehension,,daily_life,"ምንባቡን ካነበብሽ በኋላ ለጥያቄው መልስ ስጪ።

Context:
በሰኔ ዐሥራ አምስት ቀን በደስታ ከተማ በሚገኘው አዲስ ገበያ ውስጥ ትልቅ የሸቀጣሸቀጥ ትርዒት ተካሂዷል። በዚያ ዕለት በገበያው ውስጥ የነበሩት ነጋዴዎች በድምሩ አምስት መቶ ሺህ ብር የሚያወጡ ምርቶችን ለደንበኞች አቅርበዋል። የገበያው አስተባባሪ የሆኑት አቶ በቀለ ተስፋዬ በንግድ እንቅስቃሴው ላይ የታየውን ከፍተኛ ለውጥ በዝርዝር ገልጸዋል። በገበያው ውስጥ በብዛት የተሸጡት ምርቶች እንደ ጤናማ እህልና የተለያዩ የቤት ውስጥ ቁሳቁሶች ተብለው ተመዝግበዋል። አዳዲስ ደንበኞች በገበያው ውስጥ በነበረው ሰላማዊ ሁኔታና በምርቶቹ ጥራት በጣም ተደስተዋል። የገበያው ባለቤት የሆነችው አቢሲኒያ የንግድ ድርጅት ለሚቀጥለው ወር አዲስ የዋጋ ቅናሽ ለማድረግ አቅዷል። በዕለቱ በገበያው ውስጥ የነበሩት የንግድ ተቋማት ቁጥር በሁለት መቶ አምሳ ከፍ ብሏል። በዚህ ትልቅ ክስተት ምክንያት በከተማዋ ውስጥ ያለው የንግድ እንቅስቃሴ በከፍተኛ ሁኔታ አድጓል።

በሰኔ ዐሥራ አምስት ቀን በተካሄደው የገበያ ትርዒት ላይ አቢሲኒያ የንግድ ድርጅት ምን ለማድረግ አቅዷል?"
comprehension|38#1,comprehension,,daily_life,"ንባቡን መሠረት በማድረግ ጥያቄውን መልስ።

Context:
በጥቅምት አሥራ ሁለት ቀን በወርቅ አደባባይ በሚገኘው የሸቀጣሸቀጥ ማዕከል ውስጥ ትልቅ የግብርና ምርቶች አውደ ጥናታ ተካሂዷል። በዝግጅቱ ላይ የተሳተፉት የገበሬዎች ማህበር አባላት በድምሩ ሰባት መቶ አርባ አዳዲስ የሰብል ዓይነቶችን ለገበያ አቅርበዋል። የማዕከሉ ስራ አስኪያጅ ወይዘሪት ሳራ አሰፋ በዝግጅቱ ወቅት የተገኙትን እንግዳ ሰዎች ቁጥር በዝርዝር አስታውሳለች። በዝግጅቱ ወቅት የተሸጡት የጥራጥሬ ምርቶች በድምሩ ዘጠና ሺህ ኪሎ ግራም መሆናቸው በሪፖርቱ ተገልጿል። የገበሬው ማህበር አባላት ምርቶቻቸውን በቅናሽ ዋጋ ለመሸጥ በወሰኑት ውሳኔ ምክንያት ብዙ ደንበኞች መጥተዋል። በዝግጅቱ ላይ የተሳተፉት የንግድ ተቋማት በሙሉ በታማኝነትና በታላቅ ትጋት ስራቸውን አከናውነዋል። ማዕከሉ ለሚቀጥለው ዓመት ተጨማሪ አምስት አዳዲስ መጋዘኖችን ለመገንባት በታላቅ እቅድ ላይ ይገኛል። በዚህ ዝግጅት ምክንያት በወርቅ አደባባይ አካባቢ ያለው የገበያ ትርፍ በከፍተኛ ደረጃ ጨምሯል።

በወርቅ አደባባይ የግብርና ምርቶች አውደ ጥናት ላይ የተሸጡት የጥራጥሬ ምርቶች በድምሩ ስንት ኪሎ ግራም ናቸው?"
comprehension|38#2,comprehension,,daily_life,"በሚከተለው ጽሑፍ መሠረት ጥያቄውን በአጭሩ መልስ።

Context:
በካቲት ሃያ ቀን በሰማይ ከተማ በሚገኘው የፋሽንና የቤት ዕቃዎች ገበያ ላይ ልዩ የሽያጭ መርሃ ግብር ተካሂዷል። በዝግጅቱ ወቅት የከተማዋ ነዋሪዎች በብዛት ተገኝተው የተለያዩ የቤት ውስጥ ቁሳቁሶችን በቅናሽ ዋጋ ገዝተዋል። የገበያው አስተባባሪ የሆኑት አቶ ዮናስ ታደሰ በሽያጩ ወቅት የታየውን ከፍተኛ ፍላጎት በዝርዝር አብራርተዋል። በዕለቱ በገበያው ውስጥ የተሸጡት የቤት ዕቃዎች በድምሩ መቶ ሃያ ሺህ ብር መሆናቸው ተገልጿል። በገበያው ውስጥ የነበሩት የንግድ ድርጅቶች በሙሉ ጥራታቸውን የጠበቁ ምርቶችን ለማቅረብ ጥረት አድርገዋል። የገበያው ስራ አስኪያጅ በሽያጩ ወቅት የታዩትን ችግሮች ለመፍታት ልዩ የጥበቃ ቡድን መድቧል። በዝግጅቱ ወቅት የተገኙት እንግዶች በገበያው ውስጥ በነበረው ሥርዓትና በምርቶቹ ውበት በጣም ተደስተዋል። በከተማዋ ውስጥ የሚገኙ የንግድ ማህበራት በቀጣይ ተመሳሳይ ዝግጅቶችን ለማድረግ ዝግጁ መሆናቸውን ገልጸዋል።

በሰማይ ከተማ የፋሽንና የቤት ዕቃዎች ገበያ ላይ በሽያጩ ወቅት የታዩትን ችግሮች ለመፍታት ምን ዓይነት እርምጃ ተወስዷል?"
comprehension|39#1,comprehension,,daily_life,"ከዚህ በታች ያለውን ምንባብ አንብበህ ጥያቄውን መልስ።

Context:
ባቡር ለመጠቀም የሚፈልጉ መንገደኞች ጉዞአቸውን ከመጀመራቸው በፊት የትኬት መቁረጫ መስኮት ዘንድ በመሄድ ተገቢውን ክፍያ መክፈል አለባቸው። የባቡር ጣቢያው ውስጥ የሚገኙ ሰራተኞች ለተጓዦች ስለ ጉዞ ሰዓት እና ስለሚቆሙባቸው ጣቢያዎች ዝርዝር መረጃ ይሰጣሉ። ባቡሩ በሰዓቱ እንዲነሳ መንገደኞች አስቀድመው መድረስ እንዳለባቸው በጣቢያው ውስጥ በሚገኙ ማስታወቂያዎች ላይ በግልጽ ተገልጿል። የባቡር ጉዞ በጣም ምቹ እና አስተማማኝ በመሆኑ ብዙ ሰዎች ይህንን አማራጭ ይመርጣሉ።

መንገደኞች የባቡር ትኬት ለመቁረጥ መጀመሪያ ምን ማድረግ አለባቸው?"
comprehension|40#0,comprehension,,daily_life,"ጽሑፉን በጥንቃቄ አንብባችሁ ጥያቄውን ከጽሑፉ በመነሳት መልሱ።

Context:
አዲስ ትምህርት ቤት ለመጀመር የሚያስፈልጉ ቁሳቁሶችን ለመግዛት ተማሪዎችና ወላጆች በየሳምንቱ በገበያ ማዕከል በመሄድ የተለያዩ ደብተሮችንና እስክሪብቶዎችን በጥንቃቄ ይመርጣሉ። ትምህርት ቤቱ በየዓመቱ አዳዲስ መጻሕፍትን ለተማሪዎች እንዲደርሱ ለማድረግ ትልቅ ዝግጅት ያደርጋል እንዲሁም የቤተመጻሕፍት አገልግሎትን በየቀኑ ያሻሽላል። ተማሪዎች በክፍል ውስጥ በንቃት ለመሳተፍ እንዲችሉ መምህራን የተለያዩ የማስተማሪያ ዘዴዎችንና የቴክኖሎጂ ውጤቶችን በመጠቀም ትምህርቱን ይበልጥ ሳቢ ያደርጉታል። በምሳ ሰዓት ተማሪዎች ከጓደኞቻቸው ጋር በመሆን በጣራ ስር በሚገኙ ሰፊ ሜዳዎች ላይ ተሰባስበው ምግብ እየበሉ ይጫወታሉ። ትምህርት ቤቱ በየወሩ ለሚካሄዱ የስፖርት ውድድቶች የሚያስፈልጉ መሣሪያዎችንና ልብሶችን ለተማሪዎች በነፃ እንዲያገኙ ያደርጋል። ተማሪዎች በትምህርታቸው ውጤታማ እንዲሆኑ ለማድረግ ትምህርት ቤቱ ልዩ የማጠናከሪያ ትምህርት ፕሮግራሞችን በየሳምንቱ መጨረሻ ያዘጋጃል።

ተማሪዎች በምሳ ሰዓት ከጓደኞቻቸው ጋር ተሰባስበው ምግብ የሚበሉት የት ነው?"
comprehension|40#2,comprehension,,daily_life,"ይህን ምንባብ መሠረት በማድረግ ለጥያቄው መልስ ስጥ።

ምንባብ፡ የአንድ ትምህርት ቤት የሥነ ጥበብ ክለብ አባላት በየሳምንቱ ቅዳሜ ዕለት በትምህርት ቤቱ አዳራሽ ውስጥ በመሰባሰብ የተለያዩ የሥዕልና የሙዚቃ ስልጠናዎችን ይወስዳሉ። ክለቡ አባላቱ የፈጠራ ችሎታቸውን እንዲያሳዩ ለማድረግ በየዓመቱ በትልቅ ደረጃ የሚታይ የጥበብ ትርኢትና የሥዕል ኤግዚቢሽን ያዘጋጃል። ተማሪዎች በክለቡ ውስጥ በመሳተፍ አዳዲስ ክህሎቶችን ከመቅሰማቸውም በላይ ከሌሎች ተማሪዎች ጋር መልካም ግንኙነት እንዲፈጥሩ ይረዳቸዋል። የክለቡ መሪዎች ለስልጠናው የሚያስፈልጉ የቀለም መሳርያዎችንና የሙዚቃ መሣሪያዎችን ከትምህርት ቤቱ አስተዳደር በወቅቱ እንዲያገኙ ያደርጋሉ። በዓመት ሁለት ጊዜ የሚካሄደው የጥበብ ትርኢት ተማሪዎች ለወላጆቻቸውና ለሌሎች እንግዶች የሥነ ጥበብ ችሎታቸውን ለማሳየት ትልቅ ዕድል ይሰጣቸዋል። ተማሪዎች በሥነ ጥበብ ዘርፍ ከፍተኛ ውጤት የሚያመጡ ሲሆኑ በትምህርት ቤቱ የክብር ተማሪ ተብለው ይጠራሉ።

ጥያቄ፡ የሥነ ጥበብ ክለብ አባላት በየሳምንቱ ቅዳሜ ዕለት ስልጠና የሚወስዱት የት ነው?"
comprehension|41#0,comprehension,,daily_life,"የተሰጠውን ጽሑፍ በጥንቃቄ ካነበብክ በኋላ የቀረበውን ጥያቄ መልስ።

ጽሑፍ፡ በአዲሱ የዝቅተኛ ኮረብታ ከተማ በታላቁ የብርሃን በዓል ምክንያት በሰኔ አስራ አምስት ቀን በዓሉ ተከብሯል። በከተማዋ የአበባ አትክልት መናፈሻ ውስጥ በሺዎች የሚቆጠሩ ሰዎች ለመሳተፍ በሰልፍ ተሰባስበዋል። የከተማዋ አስተዳደር በበዓሉ ወቅት ለታዳሚዎች በነፃ እንዲቀርብ አድርጎ ሰባት መድረኮችን አዘጋጅቷል። በዓሉን ለመምራት የብርሃን ማኅበር አባላት በቁርጠኝነትና በታላቅ ዝግጅት ስራቸውን አከናውነዋል። በበዓሉ ላይ በሰባት የተለያዩ የባህል ትርኢቶች የታጀበ ልዩ ዝግጅት ለሕዝቡ ቀርቧል። በበዓሉ መክፈቻ ላይ የከተማዋ ከንቲባ አቶ በቀለ ተስፋዬ ለሕዝቡ መልካም ምኞታቸውን ገልጸዋል። በበዓሉ ወቅት በከተማዋ ውስጥ በሃያ አምስት የተለያዩ የንግድ ድርጅቶች የሚታዩ ልዩ ቅናሾች ተደርገዋል። በበዓሉ ማጠቃለያ ላይ በሺዎች የሚቆጠሩ ሰዎች በደስታና በሰላም ወደ ቤታቸው ተመልሰዋል።

ጥያቄ፡ በአዲሱ የዝቅተኛ ኮረብታ ከተማ የብርሃን በዓል በየትኛው ወርና ቀን ተከብሯል?"
comprehension|41#1,comprehension,,daily_life,"በሚከተለው ጽሑፍ መሠረት ጥያቄውን በአጭሩ መልስ።

Context:
በሰሜናዊው የጥቁር ድንጋይ መንደር በዓመት አንድ ጊዜ የሚከበረው የጥራጥሬ በዓል ትናንት በታላቅ ድምቀት ተጠናቀቀ። የጥራጥሬ ጥበቃ ማኅበር አባላት በበዓሉ ላይ ለተሳታፊዎች በነፃ እንዲቀርብ አድርገው አምስት ዓይነት የጥራጥሬ ምግቦችን አቅርበዋል። በበዓሉ ላይ በሰላማዊ ሁኔታ የተሳተፉት የሰፈር ነዋሪዎች ቁጥር በሁለት መቶ ከሃምሳ ሰው ይገመታል። በበዓሉ ወቅት በሰባት የተለያዩ የገጠር መንደሮች የሚገኙ አርሶ አደሮች ምርታቸውን ይዘው መጥተዋል። በበዓሉ መክፈቻ ላይ ወይዘሮ አልማዝ ተስፋዬ የባህል ትርኢቱን በታላቅ ደስታ መከታተላቸው ይታወሳል። በበዓሉ ላይ የተዘጋጁት ልዩ የባህል ጨዋታዎች በሰባት የተለያዩ የቡድን አባላት ተካሂደዋል። በበዓሉ ማጠቃለያ ላይ ማኅበሩ ለተሻለ ዝግጅት በሚቀጥለው ዓመት አምስት አዳዲስ መጋዘኖችን እንደሚገዛ አስታውቋል። በበዓሉ ወቅት በከተማዋ ውስጥ ምንም ዓይነት የጸጥታ ችግር አልታየም።

በጥራጥሬ በዓሉ ላይ ለተሳታፊዎች በነፃ የቀረቡት የምግብ ዓይነቶች ብዛት ስንት ነው?"
comprehension|41#2,comprehension,,daily_life,"እባክዎን ከታች ያለውን ጽሑፍ አንብበው ለሚከተለው ጥያቄ መልስ ይስጡ።

Context:
በደቡባዊው የጥቁር አዝሙድ ገበያ ውስጥ በሰኔ ስምንት ቀን በዓይነት ልዩ የሆነው የቅመማ ቅመም በዓል ተካሂዷል። የቅመማ ቅመም ነጋዴዎች ማኅበር በበዓሉ ላይ ለተሳታፊዎች ልዩ የሆነ የዋጋ ቅናሽ አድርገው አቅርበዋል። በበዓሉ ላይ በሰባት የተለያዩ የንግድ ድርጅቶች አማካኝነት ለደንበኞች ልዩ ስጦታዎች ተሰጥተዋል። በበዓሉ መክፈቻ ላይ የገበያው አስተዳዳሪ አቶ አበበ ካሳ የንግድ እንቅስቃሴው በሰላም መጠናቀቁን ገልጸዋል። በበዓሉ ወቅት በገበያው ውስጥ በሃያ አምስት የተለያዩ የንግድ ድርጅቶች የሚታዩ ልዩ ቅናሾች ተደርገዋል። በበዓሉ ላይ የተሳተፉት የንግድ ማኅበር አባላት በቁጥር በሰማንያ ሁለት ሰው ይገመታል። በበዓሉ ማጠቃለያ ላይ ማኅበሩ ለሚቀጥለው ዓመት ዝግጅት በሰባት የተለያዩ ቦታዎች ላይ መጋዘን እንደሚከፍት አሳውቋል። በበዓሉ ወቅት በገበያው ውስጥ ምንም ዓይነት የንግድ አለመግባባት አልታየም።

በቅመማ ቅመም በዓሉ ላይ የንግድ ማኅበር አባላት በቁጥር ስንት ነበሩ?"
comprehension|42#1,comprehension,,history,"በሚከተለው ጽሑፍ መሠረት ጥያቄውን በአጭሩ መልስ።

Context:
በአዲሱ የኢትዮጵያ የንግድ ማህበር በሰኔ አስራ ሁለት ቀን በዓድዋ ከተማ አቅራቢያ በሚገኘው የጥቁር አባይ ገጽታ መድረክ ላይ ታላቅ ስብሰባ ተካሄዷል። በስብሰባው ላይ የንግድ መኮንኑ ወይዘሮ አልማዝ አበበ በሁለት መቶ አዳዲስ የንግድ ድርጅቶች አማካኝነት በዓመት አምስት ሚሊዮን ብር ገቢ ለማስገባት ማቀዷን በዝርዝር አስረድታለች። ይህ ዕቅድ በክልሉ ያለውን የኢኮኖሚ እንቅስቃሴ ለማነቃቃትና የሥራ ዕድል ለመፍጠር ታስቦ የተዘጋጀ መሆኑ ተገልጿል።

ወይዘሮ አልማዝ አበበ በዓመት ስንት ብር ገቢ ለማስገባት አቅዳለች?"
comprehension|42#2,comprehension,,history,"ከዚህ በታች የቀረበውን መረጃ በመጠቀም ለጥያቄው መልስ ስጥ።

Context:
በዓድዋ የጥንታዊ ቅርሶች ጥበቃ ኮሚቴ በጥር ሃያ ሁለት ቀን በታሪክ መዝገብ ቤት ውስጥ የተገኙ አሥራ ሁለት አዳዲስ የብረት ሰይፎችን ለሕዝብ ክፍት አድርጓል። እነዚህ ሰይፎች በታዋቂው የጥበቃ መሪ አቶ ቴዎድሮስ ከበደ አማካኝነት ከጥንታዊው የደብረ ማርቆስ ምሽግ ውስጥ ተገኝተው ለጥናትና ለትምህርት እንዲውሉ ተደርገዋል። ኮሚቴው እነዚህ ቅርሶች በታሪክ ተመራማሪዎች ዘንድ ከፍተኛ ትኩረት እንዲሰጣቸውና በጥንቃቄ እንዲጠበቁ ጥሪ አቅርቧል።

በጥንታዊ ቅርሶች ጥበቃ ኮሚቴ የተገኙት የብረት ሰይፎች ብዛት ስንት ነው?"
comprehension|43#1,comprehension,,history,"ጽሑፉን አንብበህ ጥያቄውን መልስ፡

ጽሑፍ፡ በአባይ ወንዝ ዳርቻ በሚገኘው የሰማያዊ ተራራ መንደር የዘመን መለወጫ በዓል በታላቅ ድምቀት መከበሩን የሰሜን አውራጃ ጋዜጣ ዘግቧል። በበዓሉ ላይ የሰማያዊ ተራራ የልማት ማኅበር አባል የሆኑት ወይዘሮ አልማዝ አበበ ፪፻፶፯ ዓመተ ምሕረት መሠረት አዲሱን ዓመት ለመቀበል ፳፬ የባህል ውዝዋዜዎችን ማቅረብ እንደሚቻል ተናግራለች። በበዓሉ ወቅት በሰማያዊ ተራራ መንደር ውስጥ የሚገኙ ፭ ትላልቅ ገበያዎች ለተሳታፊዎች ልዩ ቅናሽ እንዲያደርጉ ተደርጓል። የባህል ኮሚቴው በበዓሉ ወቅት ፲፭ አዳዲስ የባህል አልባሳትን ለሕዝቡ እንዲያሳይ በዝግጅት ላይ መሆኑን በሰሜን አውራጃ ጋዜጣ በኩል አሳውቋል። በበዓሉ ማጠቃለያ ላይ በሰማያዊ ተራራ መንደር ውስጥ የሚገኙ ፫ ትላልቅ መድረኮች ላይ የሰላም መልዕክት ይሰጣል።

ጥያቄ፡ ወይዘሮ አልማዝ አበበ በበዓሉ ወቅት ስንት ዓይነት የባህል ውዝዋዜዎች እንደሚቀርቡ ገልጸዋል?"
comprehension|43#2,comprehension,,history,"ንባቡን መሠረት በማድረግ ጥያቄውን መልስ።

Context:
በምስራቅ አውራጃ የሚገኘው የብርሃን ከተማ የብርሃን ቀን በዓል በነሐሴ ወር መጨረሻ ላይ መከበሩን የከተማው የቱሪስት መመሪያ ቦርድ አስታውቋል። በበዓሉ ምክንያት በከተማው ውስጥ የሚገኙ ፲፪ ትላልቅ ሆቴሎች ለጎብኚዎች ልዩ የቅናሽ አገልግሎት እንዲሰጡ መመሪያ ተሰጥቷቸዋል። የከተማው የቱሪስት መመሪያ ቦርድ ኃላፊ የሆኑት አቶ ታደሰ በቀለ በበዓሉ ወቅት ፪፻፶፯ ዓመተ ምሕረት መሠረት ፪፻፶፰ ዓመት መጀመሪያ ላይ ፳፬ የቱሪስት መመሪያዎችን ለሕዝቡ እንዲያሰራጭ አቅደዋል። በበዓሉ ወቅት በከተማው ውስጥ የሚገኙ ፭ ትላልቅ መድረኮች ላይ የባህል ትርኢቶች እንደሚቀርቡና ሕዝቡ እንዲሳተፍ ተጋብዟል። በበዓሉ ማጠቃለያ ላይ በከተማው ውስጥ የሚገኙ ፪ ትላልቅ መናፈሻዎች ለሕዝብ ክፍት መሆናቸውን ቦርዱ አረጋግጧል።

በብርሃን ከተማ የቱሪስት መመሪያ ቦርድ በበዓሉ ወቅት ለጎብኚዎች ምን ዓይነት ልዩ አገልግሎት እንዲሰጡ መመሪያ ሰጥቷል?"
comprehension|44#0,comprehension,,history,"ምንባቡን ካነበብሽ በኋላ ለጥያቄው መልስ ስጪ።

Context:
በሃያኛው ክፍለ ዘመን መካከለኛ የኢትዮጵያ የነፃነት ትግል በከፍተኛ ሁኔታ እየተጠናከረ መጣ። በወቅቱ የነበሩ የሀገር ውስጥ ተዋጊዎች የውጭ አገራትን ወራሪ ኃይሎች ለማባረር በየአካባቢው በከፍተኛ ድፍረት ይዋጉ ነበር። እነዚህ የነፃነት ተዋጊዎች በየገጠሩ እና በየከተማው በሚገኙ ተራ ህዝቦች ዘንድ ከፍተኛ ድጋፍ እና መረጃ ያገኙ ነበር። የሀገሪቱ የነፃነት ጉዞ በብዙ መስዋዕትነት እና በጠንካራ አንድነት ላይ የተመሰረተ ትልቅ ታሪካዊ ሂደት ነበር። በወቅቱ የነበሩ የፖለቲካ መሪዎች የህዝቡን ድምፅ በማዳመጥ የትግሉን አቅጣጫ ለመወሰን ከፍተኛ ጥረት ያደርጉ ነበር። የነፃነት ተዋጊዎቹ የጦር መሳሪያ የሚያገኙባቸው መንገዶች ውስን ቢሆኑም በቆራጥነት ስራቸውን ይቀጥሉ ነበር። የኢትዮጵያ ህዝብ ለሀገሩ ነፃነት ሲል ያለውን ፍቅር እና መሰዋትነት በታሪክ ውስጥ በጉልህ ይታወሳል። ይህ ታላቅ የትግል ሂደት ለቀጣዩ ትውልድ የነፃነት እና የክብር ትምህርት ሆኖ እንዲቀር ተደርጓል።

በወቅቱ የነበሩ የነፃነት ተዋጊዎች ከህዝቡ ምን ዓይነት ድጋፍ ያገኙ ነበር?"
comprehension|44#1,comprehension,,history,"ከዚህ በታች የቀረበውን መረጃ በመጠቀም ለጥያቄው መልስ ስጥ።

Context:
በኢትዮጵያ የነፃነት እንቅስቃሴ ውስጥ የትምህርት ተቋማት እና የጥበብ ሰዎች ትልቅ ሚና ነበራቸው። በተለያዩ የሀገሪቱ ክፍሎች የሚገኙ ምሁራን ስለ ነፃነት እና ስለ ሉዓላዊነት በጽሁፎቻቸው ላይ በሰፊው ይተነትኑ ነበር። እነዚህ የጥበብ ሰዎች በህዝቡ ዘንድ ግንዛቤ እንዲፈጠር እና የሀገር ፍቅር ስሜት እንዲቀጣጠል ከፍተኛ አስተዋጽኦ አድርገዋል። የነፃነት ትግሉ በጦር ሜዳ ብቻ ሳይሆን በሃሳብ እና በጽሁፍ ደረጃም በከፍተኛ ሁኔታ ይካሄድ ነበር። ብዙ መሪዎች የህዝቡን አንድነት ለማጠናከር የተለያዩ የፖለቲካ ትንታኔዎችን እና የትግል ስልቶችን ያዘጋጁ ነበር። በወቅቱ የነበሩ የጋዜጣ እና የጽሁፍ ውጤቶች የነፃነት ፍላጎትን ለማሳደግ እንደ ዋነኛ መሳሪያ ያገለግሉ ነበር። የሀገሪቱ ነፃነት እንዲረጋገጥ የነበሩት የሃሳብ መሪዎች ለትግሉ ስኬት መሰረት የጣሉ ታላላቅ ሰዎች ናቸው። ይህ የሃሳብ ትግል ከወታደራዊ እንቅስቃሴው ጋር ተቀናጅቶ የነፃነት ሂደቱን ይበልጥ አጠናክሮታል።

የጥበብ ሰዎች በነፃነት እንቅስቃሴ ውስጥ የነበራቸው ዋና ተግባር ምን ነበር?"
comprehension|44#2,comprehension,,history,"ጽሑፉን አንብበህ ጥያቄውን መልስ፡

ጽሑፍ፡ የኢትዮጵያ የነፃነት ጉዞ በብዙ የኢኮኖሚ እና የፖለቲካ ተግዳሮቶች ውስጥ አልፎ የመጣ ታላቅ ጉዞ ነው። በወቅቱ የነበሩ የሀገር ውስጥ የንግድ እና የግብር ስርዓቶች ለትግሉ አስፈላጊ የሆኑ ሀብቶችን ለማሰባሰብ ይረዱ ነበር። የሀገሪቱ ነፃነት እንዲረጋገጥ የተደረገው ትግል በየአካባቢው ባሉ የሀብት ምንጮች እና በህዝብ ድጋፍ የተደገፈ ነበር። የነፃነት ተዋጊዎች ለጦርነት የሚያስፈልጉ ቁሳቁሶችን ለማግኘት በየገጠሩ የሚገኙ የሀብት ምንጮችን ይጠቀሙ ነበር። የፖለቲካ መሪዎቹ የሀገሪቱን የኢኮኖሚ አቅም በመጠቀም የነፃነት እንቅስቃሴውን ለማጠናከር ስልታዊ እቅዶችን ያውጡ ነበር። የህዝቡ የገንዘብ እና የቁሳቁስ ድጋፍ ለነፃነት ተዋጊዎቹ የህልውና መሰረት ሆኖ አገልግሏል። ይህ የሀብት እና የሰው ኃይል ቅንጅት ለትግሉ ስኬት ወሳኝ የሆነ ሚና ተጫውቷል። የኢትዮጵያ ነፃነት በብዙ የኢኮኖሚ መስዋዕትነት እና በጠንካራ የሀብት አጠቃቀም የታጀበ ሂደት ነበር።

ጥያቄ፡ የነፃነት ተዋጊዎች ለጦርነት የሚያስፈልጉ ቁሳቁሶችን እንዴት ያገኙ ነበር?"
comprehension|45#0,comprehension,,history,"ምንባቡን ካነበብሽ በኋላ ለጥያቄው መልስ ስጪ።

Context:
የጥንታዊቷ ግብፅ ስልጣኔ በዓለም ታሪክ ውስጥ በታላቁ የናይል ወንዝ መኖር ምክንያት እጅግ በጣም ከፍተኛ የሆነ የግብርና እድገት አግኝታ ነበር። የናይል ወንዝ በየዓመቱ የሚፈስበት ውሃ ለም መሬትን ስለሚፈጥር ለብዙ ሰዎች የምግብ ዋስትናን እና የተረጋጋ የኑሮ ሁኔታን ይሰጣል። በዚህ ምክንያት የግብፅ ሰዎች በወንዙ ዳርቻ ላይ ትላልቅ ከተማዎችን በመገንባት እና የተራቀቁ የግብርና ዘዴዎችን በመጠቀም በስልጣኔው ውስጥ ትልቅ ደረጃ ላይ ደርሰዋል።

የግብፅ ስልጣኔ ከፍተኛ የግብርና እድገት እንዲያገኝ ምክንያት የሆነው ዋናው ነገር ምንድን ነው?"
comprehension|45#1,comprehension,,history,"በሚከተለው ጽሑፍ መሠረት ጥያቄውን በአጭሩ መልስ።

Context:
በጥንታዊቷ ሜሶፖታሚያ ውስጥ የነበሩ ሰዎች በሸክላ ሰሌዳዎች ላይ የጽሁፍ ምልክቶችን በመጠቀም መረጃዎችን ለመመዝገብ የሚያስችላቸውን የኩኒፎርም የተባለ ዘዴ ፈጥረዋል። ይህ የጽሁፍ ዘዴ የንግድ ልውውጦችን ለመቆጣጠር እና የሕዝብ ቁጥር መረጃዎችን በትክክል ለመያዝ ለሚፈልጉ መሪዎች ትልቅ ጠቀሜታ ነበረው። በዚያ ዘመን የነበሩ የጽሁፍ ስራዎች በብዛት በሸክላ ላይ የሚሰሩ በመሆናቸው ለብዙ ዘመናት ሳይጠፉ እንዲቆዩ አድርገዋቸዋል።

የሜሶፖታሚያ ሰዎች የንግድ ልውውጦችን ለመቆጣጠር እና መረጃዎችን ለመመዝገብ የተጠቀሙበት የጽሁፍ ዘዴ ምን ይባላል?"
comprehension|45#2,comprehension,,history,"ጽሑፉን አንብበህ ጥያቄውን መልስ፡

ጽሑፍ፡ የጥንታዊቷ ግሪክ ስልጣኔ በባህር ላይ የተመሰረተ የንግድ እንቅስቃሴ እና የፖለቲካ መዋቅር በመገንባት በዓለም ታሪክ ውስጥ ልዩ ስፍራ እንዲኖራት አድርጓታል። በወቅቱ የነበሩት የተለያዩ የከተማ መንግስታት የራሳቸውን ህግጋት እና የአስተዳደር ስርዓቶች በመዘርጋት በየራሳቸው ክልል ውስጥ ሉዓላዊነትን ለማረጋገጥ ይጥሩ ነበር። እነዚህ ከተማ መንግስታት በባህር ላይ በነበራቸው የበላይነት ምክንያት ከሌሎች የዓለም ክፍሎች ጋር የንግድ ግንኙነት እንዲፈጥሩ ረድተዋቸዋል።

ጥያቄ፡ የጥንታዊቷ ግሪክ ከተማ መንግስታት የራሳቸውን ህግጋት እና የአስተዳደር ስርዓት በመዘርጋት ለማድረግ የፈለጉት ዓላማ ምንድን ነው?"
comprehension|46#0,comprehension,,history,"ከዚህ በታች የቀረበውን መረጃ በመጠቀም ለጥያቄው መልስ ስጥ።

Context:
በአስራ ሁለት ሰኔ ቀን መቶ ዘጠኝ ዓመተ ምህረት በሰሜን አቅጣጫ በሚገኘው የዝቅታ ተራራ አካባቢ የሰላም አቀባበል ማህበር አዲስ የንግድ መስመር ከፍቷል። ይህ ድርጅት በከተማዋ ውስጥ ለሚገኙ አምስት መካከለኛ ድርጅቶች በየሳምንቱ ሁለት ሚሊዮን ብር የሚደርስ የገንዘብ ድጋፍ ለመስጠት በውል ተስማምቷል። የድርጅቱ መሪ አቶ በቀለ ተስፋዬ በሰጡት መግለጫ መሰረት ይህ ፕሮጀክት በክልሉ ውስጥ ለሚገኙ ሁለት መቶ አርባ አዳዲስ ሰራተኞች የስራ እድል ይፈጥራል። በዝቅታ ተራራ አካባቢ የሚገኙ አምስት ትላልቅ ፋብሪካዎች ከዚህ አዲስ የንግድ እንቅስቃሴ ጋር ተባብረው ለመስራት ዝግጅታቸውን አጠናቀዋል። ማህበሩ ለዚህ ስራ የሚያስፈልገውን መሠረተ ልማት ለመገንባት ከባንኩ ጋር በሰባት ዓመታት የብድር ስምምነት ላይ ደርሷል።

የሰላም አቀባበል ማህበር ለሚገኙ አምስት መካከለኛ ድርጅቶች በየሳምንቱ ምን ያህል የገንዘብ ድጋፍ ለመስጠት ተስማምቷል?"
comprehension|46#1,comprehension,,history,"እባክዎን ከታች ያለውን ጽሑፍ አንብበው ለሚከተለው ጥያቄ መልስ ይስጡ።

Context:
በአስር ዓመታት ውስጥ በታየው ታላቅ ለውጥ ምክንያት የሰማያዊ ሸለቆ የግብርና ማህበር በሰኔ ወር በሰባት መቶ ተስፋ ከተማ ትልቅ ስብሰባ አድርጓል። በስብሰባው ላይ የግብርና ባለሙያው ወይዘሮ አልማዝ አሰፋ በክልሉ ውስጥ የሚገኙ ሰማያዊ ስንዴዎችን ምርት በሃያ በመቶ ለማሳደግ አዲስ ዘዴ አቅርበዋል። ይህ አዲስ የዘር ምርት ዘዴ በሁለት መቶ አርባ አምስት ገበሬዎች አማካኝነት በታቀደው መሠረት በታህሳስ ወር ተግባራዊ ይደረጋል። ማህበሩ ለዚህ ስራ የሚያስፈልገውን ዘመናዊ መሣሪያ ለመግዛት ከአምስት መቶ ሺህ ብር በላይ በገንዘብ አሰባስብ አቅፏል። በስብሰባው ላይ የተገኙ መቶ ሃያ አባላት አዲሱን የዘር ምርት ዘዴ ለመጠቀም ሙሉ ስምምነት ሰጥተዋል።

ወይዘሮ አልማዝ አሰፋ በስብሰባው ላይ ያቀረቡት አዲስ የዘር ምርት ዘዴ በስንት ገበሬዎች አማካኝነት ተግባራዊ ይደረጋል?"
comprehension|46#2,comprehension,,history,"ከዚህ በታች ያለውን ምንባብ አንብበህ ጥያቄውን መልስ።

Context:
በአንድ መቶ ዘጠና አምስት ዓመተ ምህረት በምስራቅ አቅጣጫ በሚገኘው የብርሃን ከተማ ውስጥ የቴክኖሎጂ ጥናት ማዕከል አዲስ የኤሌክትሪክ ማመንጫ ግንብ ገንብቷል። ይህ ግንብ በከተማዋ ውስጥ ለሚገኙ አምስት መቶ ቤቶች በየቀኑ ስልሳ ሜጋ ዋት የኤሌክትሪክ ኃይል ለማቅረብ ታስቦ የተሰራ ነው። የጥናት ማዕከሉ ዋና መሐንዲስ አቶ ደመሰበ ኃይሌ ግንባታው በአምስት ወራት ውስጥ መጠናቀቁን ለሕዝቡ በሰጡት መግለጫ አረጋግጠዋል። ግንባታው ለመጠናቀቅ በአጠቃላይ አራት መቶ ሰማንያ የቴክኒክ ባለሙያዎች እና ሰልጣኞች በጋራ ሰርተዋል። ይህ አዲስ የኃይል ምንጭ በከተማዋ ውስጥ ያለውን የኢንዱስትሪ እንቅስቃሴ በሰባት እጥፍ ለማሳደግ ትልቅ ሚና ይጫወታል።

የቴክኖሎጂ ጥናት ማዕከል የገነባው አዲስ የኤሌክትሪክ ማመንጫ ግንብ በየቀኑ ለስንት ቤቶች የኤሌክትሪክ ኃይል ያቀርባል?"
comprehension|47#0,comprehension,,health,"ንባቡን መሠረት በማድረግ ጥያቄውን መልስ።

Context:
በሰኔ ፲፪ ቀን በታላቁ አባይ ሸለቆ ውስጥ በሚገኘው የዝቅተኛ ቦታ መንደር በደረሰ አዲስ መረጃ መሰረት የጤና ባለሙያዎች ከፍተኛ ጥንቃቄ እንዲደረግ አሳስበዋል። የሰለሞን የጤና ማዕከል ዶክተር አበበ በቀን ሁለት ጊዜ የአልጋ አውታር መረብ መጠቀም አስፈላጊ መሆኑን ለነዋሪዎች በሰፊው ገልጸዋል። በቅርቡ በደረሰ ጥናት መሰረት በዚያ አካባቢ የሚገኙ ፪፻፶ አባወራዎች በወባ በሽታ የመያዝ እድላቸው ከፍተኛ መሆኑ ተረጋግጧል። የጤናው ባለሙያዎች በየሳምንቱ ቅዳሜ ዕለት በየቤቱ በመዞር የቆሙ ውሃዎችን እንዲያስወግዱና አካባቢን እንዲያጸዱ ትልቅ ትዕዛዝ ሰጥተዋል። የከተማው የጤና መምሪያ በ፪፻፳፬ ዓመተ ምህረት ውስጥ ለ፲፭ ሺህ ሰዎች የቅድመ መከላከያ መድሃኒቶች ለማከፋፈል በጀት መድቧል። የዝቅተኛ ቦታው ነዋሪዎች በየቀኑ ጠዋትና ማታ በቤት ውስጥ የሚገኙ አውታር መረቦችን መጠቀም እንዳለባቸው በጽኑ ይመክራሉ። መንደሩ ውስጥ የሚገኙ የጤና ጣቢያዎች ለወባ መከላከያ ስልጠና ለመስጠት አዳዲስ ሰራተኞችን በ፲፪ ሰዎች ቁጥር ቀጥረዋል።

በሰለሞን የጤና ማዕከል ዶክተር አበበ ለነዋሪዎች የሰጡት ዋና ምክር ምንድን ነው?"
comprehension|47#1,comprehension,,health,"የተሰጠውን ጽሑፍ በጥንቃቄ ካነበብክ በኋላ የቀረበውን ጥያቄ መልስ።

ጽሑፍ፡ በአባይ ሸለቆ አቅራቢያ በሚገኘው የሰላም ከተማ ውስጥ የጤና ጥበቃ ኮሚቴ በሰኔ ፭ ቀን አዲስ መመሪያ አውጥቷል። የኮሚቴው ሰብሳቢ ወይዘሮ ማርታ በከተማዋ ውስጥ የሚገኙ ፪፻ አባወራዎች የቤት ውስጥ አየር እንዲያዘዋወሩ አሳስበዋል። በከተማዋ ውስጥ በወባ ምክንያት የሚከሰቱ የጤና ችግሮችን ለመቀነስ በየወሩ ፭ ሺህ ብር ለንጽህና ስራ እንዲውል ተወስኗል። የከተማው የጤና ጣቢያዎች በየሳምንቱ ማክሰኞ ዕለት በነዋሪዎች ቤት ውስጥ የቆመ ውሃ መኖሩን በየቤቱ በመዞር ይመረምራሉ። የጤና ጥበቃ ኮሚቴው በ፪፻፳፬ ዓመተ ምህረት ውስጥ ፳ አዳዲስ የጤና ባለሙያዎችን ለከተማዋ የጤና አገልግሎት ስራ እንዲሰማሩ ቀጥሯል። ነዋሪዎች በየቀኑ ማታ ላይ የአልጋ አውታር መረብ መጠቀም እንዳለባቸው በከተማው የድምፅ ማጉያ በኩል በየቀኑ ይነገራል። የከተማው የጤና መምሪያ በሰኔ ወር ውስጥ ለ፲፪ ሺህ ሰዎች የቅድመ መከላከያ ስልጠና ለመስጠት አቅዷል።

ጥያቄ፡ በሰላም ከተማ የጤና ጥበቃ ኮሚቴ በየወሩ ለንጽህና ስራ የሚመድበው የገንዘብ መጠን ስንት ነው?"
comprehension|47#2,comprehension,,health,"ጽሑፉን አንብበህ ጥያቄውን መልስ፡

ጽሑፍ፡ በሰኔ ፲፭ ቀን በደቡብ አቅጣጫ በሚገኘው የጥቁር አባይ ሸለቃ ውስጥ የጤና ጥበቃ ስራዎች በከፍተኛ ሁኔታ ተጀምረዋል። የደቡብ ጤና ማዕከል የጤና መኮንን አቶ በቀለ በከተማው ውስጥ የሚገኙ ፻፶ አባወራዎች የአልጋ አውታር መረብ መጠቀም እንዳለባቸው ገልጸዋል። በ፪፻፳፬ ዓመተ ምህረት ውስጥ በዚያ አካባቢ የሚገኙ ፪ ሺህ ህጻናት የቅድመ መከላከያ መድሃኒት እንዲወስዱ ታቅዷል። የጤና ማዕከሉ በየሳምንቱ ቅዳሜ ዕለት በየቤቱ በመዞር የቆሙ ውሃዎችን እንዲያስወግዱ ለነዋሪዎች ትልቅ ትዕዛዝ ሰጥቷል። በከተማው ውስጥ የሚገኙ የጤና ጣቢያዎች ለወባ መከላከያ ስልጠና ለመስጠት አዳዲስ ሰራተኞችን በ፲፭ ሰዎች ቁጥር ቀጥረዋል። የጤና መኮንኑ በየቀኑ ጠዋትና ማታ የአልጋ አውታር መረብ መጠቀም አስፈላጊ መሆኑን ለነዋሪዎች በሰፊው ገልጸዋል። የከተማው የጤና መምሪያ በሰኔ ወር ውስጥ ለ፲፬ ሺህ ሰዎች የቅድመ መከላከያ ስልጠና ለመስጠት አቅዷል።

ጥያቄ፡ በደቡብ ጤና ማዕከል የጤና መኮንን አቶ በቀለ በ፪፻፳፬ ዓመተ ምህረት ውስጥ ስንት ህጻናት መድሃኒት እንዲወስዱ አቅደዋል?"
comprehension|48#0,comprehension,,health,"በሚከተለው ጽሑፍ መሠረት ጥያቄውን በአጭሩ መልስ።

Context:
እናት በወሊድ ወቅት በቂ የፈሳሽ እና የንጥረ ነገር እጥረት ካጋጠማት ለራሷም ሆነ ለሕፃኑ ጤና ከፍተኛ አደጋ ሊያስከትል ይችላል። በጤና ተቋማት ውስጥ የሚሰጡ የቅድመ ወሊድ ክትባቶች እና የክትትል አገልግሎቶች እናትና ሕፃን ከበሽታ ለመከላከል ትልቅ ሚና ይጫወታሉ። በየጊዜው የሚደረጉ የጤና ምርመራዎች በማህፀን ውስጥ ያለውን የሕፃን እድገት ለመከታተል እና ሊመጡ የሚችሉ ችግሮችን አስቀድሞ ለማወቅ ይረዳሉ።

የቅድመ ወሊድ ክትባቶች እና የክትትል አገልግሎቶች ለምን አስፈላጊ ናቸው?"
comprehension|49#0,comprehension,,health,"ከዚህ በታች ያለውን ምንባብ አንብበህ ጥያቄውን መልስ።

Context:
በሰኔ ፲፪ ቀን በወሎ ክልል በሚገኘው ዞራ ከተማ ውስጥ የአልማዝ የጤና ማዕከል የሥርዓተ ምግብ ግንባታ ስልጠና ለሰባት ቀን አድርጓል። በዚህ ስልጠና ላይ በባለሙያዎቹ አማካኝነት በጤናማ አመጋገብ ላይ ያተኮረ ትምህርት ለሁለት መቶ አርባ አምስት ሴቶች ተሰጥቷል። ስልጠናው በዋናነት በጤናማ የጥራጥሬ አይነቶች እና በቅባት የበለፀጉ እህሎች አጠቃቀም ላይ ትኩረት አድርጎ ነበር። የጤና ማዕከሉ ተቆጣጣሪ የሆኑት አቶ በቀለ ተስፋዬ በዝግጅቱ ላይ በመገኘት የሥርዓተ ምግብ አስፈላጊነትን ለተሳታፊዎች በሰፊው አብራርተዋል። ተሳታፊዎቹ በየቀኑ በቂ የቪታሚን መጠን ያላቸውን አትክልቶች እና ፍራፍሬዎች መመገብ እንዳለባቸው በዝርዝር ተረድተዋል። ይህ ፕሮግራም በከተማዋ ውስጥ ያለውን የተመጣጠነ ምግብ እጥረት ለመቀነስ ያለመ መሆኑን ማዕከሉ ገልጿል።

በዞራ ከተማ የአልማዝ የጤና ማዕከል ለስልጠናው ያሰለጠናቸው ሰዎች ብዛት ስንት ነው?"
comprehension|49#1,comprehension,,health,"እባክዎን ከታች ያለውን ጽሑፍ አንብበው ለሚከተለው ጥያቄ መልስ ይስጡ።

Context:
በጥቅምት ፭ ቀን በደቡብ ሪጅዮን በሚገኘው አባይ ተፋሰስ አካባቢ በታየው የሥርዓተ ምግብ እጥረት ምክንያት አዲስ የጤና መርጃ ቡድን ተቋቁሟል። ይህ ቡድን በወይዘሮ ዘይነብ መሪነት በየሳምንቱ ለአምስት ቀናት የአካባቢውን ማህበረሰብ ስለ ተመጣጣኝ ምግብ ይማርራል። ቡድኑ በተለይ በልጆች እድገት ላይ ከፍተኛ ተጽዕኖ ስለሚፈጥረው የፕሮቲን መጠን ያላቸውን ምግቦች አዘውትሮ መመገብ እንደሚገባ ያስተምራል። በቡድኑ ዝግጅት መሰረት በየቀኑ ሦስት ጊዜ የተመጣጠነ ምግብ መመገብ ለጤናማ እድገት ወሳኝ መሆኑ ተገልጿል። የአካባቢው ነዋሪዎች በቡድኑ የሚሰጠው ትምህርት በቤታቸው ውስጥ ያለውን የምግብ አዘገጃጀት ለማሻሻል እንደሚረዳቸው ገልጸዋል። ይህ አዲስ ተነሳሽነት በአካባቢው ያለውን የጤና ሁኔታ ለማሻሻል ትልቅ ተስፋ ሰጪ መሆኑን የጤና ባለሙያዎች ተናግረዋል።

የአዲስ የጤና መርጃ ቡድኑ ስልጠና በሳምንት ውስጥ ለስንት ቀናት ይሰጣል?"
comprehension|49#2,comprehension,,health,"ከዚህ በታች የቀረበውን መረጃ በመጠቀም ለጥያቄው መልስ ስጥ።

Context:
በካቲት ፳ ቀን በጎጃም ክልል በሚገኘው ሰማያዊ ገበያ ውስጥ የጤና ጥበቃ ማህበር የጤናማ አመጋገብ ኤግዚቢሽን አዘጋጅቷል። በዚህ ዝግጅት ላይ በሰላም አረጋቴ የተባለ የሥርዓተ ምግብ ባለሙያ ስለ ተመጣጣኝ ምግብ አቀራረብ ሰፊ ገለጻ አድርጓል። ኤግዚቢሽኑ በዋናነት በውስብስብ የካርቦሃይድሬት አይነቶች እና በብረት ንጥረ ነገር የበለፀጉ ምግቦች ላይ ትኩረት አድርጎ ነበር። ተሳታፊዎች በዝግጅቱ ላይ የተለያዩ የጤናማ ምግቦች ናሙናዎችን በመቅመስ እና በማየት ዕውቀታቸውን አዳብረዋል። ማህበሩ በዝግጅቱ ወቅት ለተሳታፊዎች በነፃ የጤና መመሪያ መጽሐፍትን እና የቪታሚን ማሟያዎችን አድልቷል። ይህ ዝግጅት በገበያው ውስጥ የሚገኙ ነጋዴዎች እና ነዋሪዎች ስለ ተመጣጣኝ ምግብ ያላቸውን ግንዛቤ ለማሳደግ ታስቦ የተዘጋጀ ነው።

በኤግዚቢሽኑ ወቅት የጤና መመሪያ መጽሐፍትን እና የቪታሚን ማሟያዎችን ያከፋፈለው የትኛው ድርጅት ነው?"
comprehension|51#0,comprehension,,health,"ምንባቡን ካነበብሽ በኋላ ለጥያቄው መልስ ስጪ።

Context:
በሰኔ ፲፪ ቀን በወንጌል ከተማ በሚገኘው አዲሱ የጤና ጣቢያ በታላቁ የጤና ተቋም የበላይ ዶክተር አበበ በቀለ መሪነት ለህፃናት የሚሆን አዲስ የክትባት ዘመቻ ተጀምሯል። ይህ ዘመቻ በከተማዋ ውስጥ ለሚገኙ ፪ሺ ፭፻ ህፃናት በነፃ የሚሰጥ ሲሆን በዘመቻው ወቅት ወላጆች የልጆቻቸውን የጤና መታወቂያ ይዘው መቅረብ እንዳለባቸው ተገልጿል። የጤና ባለሙያዎች በየቀኑ ፻፳ ህፃናትን ለመከተብ አቅም እንዳላቸውና ዘመቻው እስከ ሰኔ ፳፬ ቀን እንደሚቆይ በጋዜጣዊ መግለጫ አስታውቀዋል።

በወንጌል ከተማ የሚካሄደው የክትባት ዘመቻ ለስንት ህፃናት አገልግሎት ይሰጣል?"
comprehension|51#2,comprehension,,health,"ጽሑፉን አንብበህ ጥያቄውን መልስ፡

ጽሑፍ፡ በአዲሱ የኢትዮጵያ የጤና ምርምር ማዕከል በዶክተር ሳራ ታደሰ መሪነት በሰኔ ፰ ቀን የተካሄደው ጥናት አዲስ የክትባት ዘዴ ውጤታማ መሆኑን በዝርዝር አሳይቷል። ጥናቱ በ፳፪ የተለያዩ የጤና ማዕከላት ውስጥ በ፪፻ ፶ ሰዎች ላይ የተደረገ ሲሆን ውጤቱም በ፻፲ አምስት በመቶ የጤና መሻሻል ማሳየቱን መረጃው አመልክቷል። ማዕከሉ በቀጣይ በሰኔ ፲፭ ቀን ተጨማሪ የክትባት ቁሳቁሶችን ወደ ፭ አዳዲስ ክልሎች ለማድረስ እቅድ እንዳለው በሰፊው አስታውቋል።

ጥያቄ፡ በዶክተር ሳራ ታደሰ የተመራው ጥናት በስንት የጤና ማዕከላት ውስጥ ተካሂዷል?"
comprehension|52#0,comprehension,,health,"ንባቡን መሠረት በማድረግ ጥያቄውን መልስ።

Context:
አንድ ሰው በድንገት በሙቅ ውሃ ወይም በሌላ ትኩስ ነገር ቢቃጠል በመጀመሪያ መደረግ ያለበት የቃጠሎውን አካባቢ በቀዝቃዛ እና ንጹህ ውሃ ለረጅም ደቂቃዎች ማርጠብ ነው። በቃጠሎው አካባቢ ላይ ቅባት ወይም ቅቤ መቀባት ቁስሉን የበለጠ ሊያባብሰው ስለሚችል በፍጹም ማድረግ የለብንም። የቃጠሎው ስፋት በጣም ከፍተኛ ከሆነ ወይም ቆዳው ሙሉ በሙሉ ከተላጠ በድንገት ወደ ህክምና ተቋም መሄድ በጣም አስፈላጊ ነው። በቃጠሎው ላይ ትናንሽ አረፋዎች ከ muncul ከሌሉ በቤት ውስጥ የሚደረጉ የመጀመሪያ እርዳታዎች ጉዳቱን ለመቀነስ ይረዳሉ። የቃጠሎው አካባቢ ላይ ያለውን ልብስ በጥንቃቄ ማስወገድ ወይም ካልተቻለ በዙሪያው መተው ይመከራል። በቁስሉ ላይ በረዶ በቀጥታ ማድረግ የደም ዝውውርን ስለሚያስተጓጉል ከቃጠሎ ህክምና ሂደት ውስጥ መወገድ አለበት።

በቃጠሎ ወቅት በቁስሉ ላይ ቅባት ወይም ቅቤ መቀባት ለምን አይመከርም?"
comprehension|52#2,comprehension,,health,"እባክዎን ከታች ያለውን ጽሑፍ አንብበው ለሚከተለው ጥያቄ መልስ ይስጡ።

Context:
አንድ ሰው በድንገት በድንገት በታየ የትንፋሽ መቆራረጥ ወይም የአለርጂ ምልክት ምክንያት ቢቸገር በአስቸኳይ እርዳታ ያስፈልገዋል። በትንፋሽ መቆራረጥ ወቅት የታመመው ሰው ቀጥ ብሎ እንዲቀመጥ ማድረግ የአየር ዝውውር እንዲሻሻል ይረዳል። የአለርጂ ምልክቶች በሰውነት ላይ በከፍተኛ ሁኔታ ከተታዩ እንደ ትልቅ እብጠት ወይም የፊት መለወጥ ያሉ ሁኔታዎች ሊኖሩ ይችላሉ። በድንገተኛ አደጋ ወቅት የታመመው ሰው ንቃተ ህሊናውን ካጣ በፍጥነት ወደ ጎን ማዘንበል የአየር መተንፈሻ መንገድ እንዳይዘጋ ይረዳል። በትንፋሽ መቆራረጥ ወቅት ሰውየው የሚጠቀምባቸውን ልዩ መድሃኒቶች ካወቁ እነሱን እንዲወስድ መርዳት አስፈላጊ ነው። የድንገተኛ አደጋ ባለሙያዎች እስኪደርሱ ድረስ የታመመውን ሰው ሁኔታ በቅርበት መከታተል እና ማረጋጋት በጣም ወሳኝ ነው።

አንድ ሰው በትንፋሽ መቆራረጥ ወቅት ንቃተ ህሊናውን ካጣ ምን ማድረግ ያስፈልጋል?"
comprehension|53#0,comprehension,,science,"እባክዎን ከታች ያለውን ጽሑፍ አንብበው ለሚከተለው ጥያቄ መልስ ይስጡ።

Context:
በኢትዮጵያ ከፍተኛ ተራራዎች ላይ የሚገኙ ደመናዎች በፀሐይ ሙቀት ምክንያት ወደ እንፋሎትነት በመለወጥ ወደ ላይ ይወጣሉ። ይህ ሂደት በሳይንሳዊ ዓለም የእንፋሎት መፈጠር ተብሎ የሚጠራ ሲሆን በምድር ላይ ያለውን የውሃ መጠን ይጠብቃል። በከፍተኛ ከፍታ ላይ ያለው አየር ቀዝቃዛ በመሆኑ እንፋሎቱ ወደ ትናንሽ የውሃ ጠብታዎች ተቀይሮ ደመናን ይፈጥራል። እነዚህ ደመናዎች በነፋስ አማካኝነት ከአንድ አካባቢ ወደ ሌላ አካባቢ በመጓዝ ዝናብ እንዲዘንብ ያደርጋሉ። ዝናቡ በኢትዮጵያ ገበሬዎች ለምግብ ሰብል ዝግጅትና ለእንስሳት እርባታ እጅግ አስፈላጊ የሆነ የውሃ ምንጭ ነው። በደመና ውስጥ ያሉት የውሃ ጠብታዎች ክብደታቸው ሲጨምር በስበት ኃይል ምክንያት ወደ መሬት ይወርዳሉ። መሬት ላይ የወረደው ውሃ በወንዞችና በዓባይ ወንዝ አማካኝነት ወደ ታችኛው ክፍል ይፈሳል። በመጨረሻም ይህ ውሃ ወደ ተለያዩ የባህር አካላትና ወደ መሬት ውስጥ በመግባት የውሃውን ዑደት ያጠናቅቃል።

ደመናዎች በከፍተኛ ከፍታ ላይ ወደ ትናንሽ የውሃ ጠብታዎች የሚቀየሩት በምን ምክንያት ነው?"
comprehension|53#1,comprehension,,science,"የተሰጠውን ጽሑፍ በጥንቃቄ ካነበብክ በኋላ የቀረበውን ጥያቄ መልስ።

ጽሑፍ፡ የአየር ሁኔታ ለኢትዮጵያ የግብርና ዘርፍ እጅግ በጣም ወሳኝ የሆነ ተጽዕኖ የሚያሳድር ተፈጥሯዊ ሂደት ነው። በየዓመቱ የሚከሰተው የክረምት ወቅት ዝናብ ለሀገሪቱ የእህል ምርታማነት ትልቅ ድጋፍ ይሰጣል። በደረቅ ወቅት ግን የውሃ እጥረት መከሰቱ የአየር ንብረት ለውጥ ምልክት ተደርጎ ይወሰዳል። የአየር ግፊት ለውጥና የሙቀት መጠን መጨመር በየጊዜው የሚታዩ የአየር ሁኔታ ለውጦች ናቸው። ዝናብ በብዛት በሚዘንብበት ወቅት የአፈር እርጥበት መጠን በመጨመሩ ለተክሎች እድገት ምቹ ሁኔታ ይፈጠራል። ነገር ግን ከመጠን በላይ የሚዘንብ ዝናብ በደጋማ አካባቢዎች ላይ የአፈር መሸርሸር እንዲከሰት ያደርጋል። የአየር ንብረት መዛባት በኢትዮጵያ የውሃ ተፋሰሶች ላይ ከፍተኛ ተጽዕኖ እያሳደረ ይገኛል። ስለዚህ የአየር ሁኔታን በትክክል መረዳት ለተሻለ የግብርና እቅድ ዝግጅት በጣም አስፈላጊ ነው።

ጥያቄ፡ በኢትዮጵያ የአየር ሁኔታ ለውጥ በምን ምክንያት የአፈር መሸርሸር እንዲከሰት ያደርጋል?"
comprehension|53#2,comprehension,,science,"ከሚከተለው ጽሑፍ በመነሳት ጥያቄውን መልስ።

የውሃ ዑደት በምድር ላይ ያለውን የውሃ መጠን በቋሚነት እንዲጠበቅ የሚያደርግ ተፈጥሯዊ ሥርዓት ነው። ፀሐይ የውሃ አካላትን በማሞቅ እንፋሎት እንዲፈጠርና ወደ ሰማይ እንዲወጣ ትልቅ ሚና ትጫወታለች። በሰማይ ላይ የሚፈጠሩት ደመናዎች በነፋስ ተገፍተው ወደ ተለያዩ የኢትዮጵያ ክልሎች ይሰራጫሉ። ዝናብ፣ በረዶ ወይም በረዶማ ዝናብ መሬት ላይ ሲወድቁ የውሃው ዑደት ቀጣይ ደረጃ ይጀምራል። የወረደው ውሃ በደኖች፣ በሜዳዎችና በሸለቆዎች ውስጥ በመተግባት ለተፈጥሮ ሕይወት መሰረት ይሆናል። በምድር ውስጥ የሚገኝ ውሃ በሥር አማካኝነት ወደ ተክሎች በመግባት ለዕድገታቸው ይረዳል። በወንዞችና በሐይቆች ውስጥ የሚገኝ ውሃ ደግሞ በፀሐይ ሙቀት አማካኝነት ተመልሶ ወደ ሰማይ ይወጣል። ይህ ሂደት ያለማቋረጥ በመከናወኑ በምድር ላይ ያለው የውሃ መጠን ሳይቀንስ ይቆያል።

ጥያቄ፡ በውሃ ዑደት ወቅት ፀሐይ ለእንፋሎት መፈጠር የምትሰጠው ሚና ምንድን ነው?"
comprehension|54#1,comprehension,,science,"ምንባቡን ካነበብሽ በኋላ ለጥያቄው መልስ ስጪ።

Context:
በአባይ ወንዝ ዳርቻ ላይ የሚበቅሉ ትላልቅ ዛፎች ለፎቶሲንተሲስ ሂደት በጣም አመቺ የሆነ እርጥበትና ሙቀት ይገኛል። እነዚህ ዛፎች ከሥሬዎቻቸው አማካኝነት ከመሬት ውስጥ ውሃና ማዕድናትን በመሳብ ወደ ቅጠሎቻቸው በረጅም የቧንቧ ሥርዓት ያስተላልፋሉ። ቅጠሎቹ በፀሐይ ብርሃን አማካኝነት ውሃውንና ካርቦን ዳይኦክሳይድን በመቀላቀል ለተክሉ የሚያስፈልገውን ምግብ ያዘጋጃሉ። ይህ ሂደት በዛፎቹ ላይ የሚገኙ ትናንሽ ቀዳዳዎች አማካኝነት አየር እንዲገባ በማድረግ ይከናወናል።

ዛፎች ከሥሬዎቻቸው አማካኝነት ከመሬት ውስጥ ምን ዓይነት ነገሮችን ወደ ቅጠሎቻቸው ያስተላልፋሉ?"
comprehension|55#1,comprehension,,science,"ጽሑፉን አንብበህ ጥያቄውን መልስ፡

ጽሑፍ፡ በአባይ ሸለቆ ውስጥ በሚገኘው የንጋት የሕክምና ማዕከል ውስጥ የነርቭ ሥርዓት ጉዳት ላይ ትልቅ ስኬት ተመዝግቧል። በሰኔ ፳፭ ቀን በወጣው ሪፖርት መሰረት የነርቭ ሴሎች መልሶ የመገንባት አቅም እንዳላቸው ተረጋግጧል። የንጋት የሕክምና ማዕከል ሳይንቲስቶች በ፳፳፪ አዳዲስ የኬሚካል ውህዶች አማካኝነት ይህንን ውጤት ማምጣት ችለዋል። የነርቭ ሥርዓት በሰውነታችን ውስጥ መረጃዎችን በፍጥነት ለማስተላለፍ የሚያስችል ወሳኝ ክፍል መሆኑን ጥናቱ ያሳያል። የዚህ ምርምር ውጤት ለነርቭ ሕመምተኞች አዲስ ተስፋን የሰጠ ታላቅ ሳይንሳዊ ግኝት ነው። ማዕከሉ በቀጣይ በ፪ ዓመታት ውስጥ ተጨማሪ ሙከራዎችን ለማድረግ አቅዷል።

ጥያቄ፡ የንጋት የሕክምና ማዕከል ሳይንቲስቶች የነርቭ ሴሎችን ለመገንባት ምን ዓይነት ውህዶችን ተጠቀሙ?"
comprehension|55#2,comprehension,,science,"ንባቡን መሠረት በማድረግ ጥያቄውን መልስ።

Context:
በአዲስ ጽጌ ማዕከል ውስጥ የሰውነት የምግብ መፈጨት ሥርዓት አሠራርን በተመለከተ አዲስ መረጃ ተለቋል። በሐምሌ ፭ ቀን በወጣው መግለጫ መሰረት የምግብ መፈጨት ሂደት በሆድ ውስጥ ባሉ ኢንዛይሞች አማካኝነት ይከናወናል። የሐምሌ ወር ምርምር እንደሚያሳየው የሆድ ውስጥ አሲድ መጠን በ፲ በመቶ ሲቀንስ የምግብ መፈጨት ይዘገያል። የሐምሌ ማዕከል የጤና ባለሙያዎች ይህንን ችግር ለመፍታት አዳዲስ የአመጋገብ ዘዴዎችን አዘጋጅተዋል። በምርምሩ ወቅት የተሳታፊዎች ቁጥር ፬ መቶ ሰማንያ ሰው መሆኑ ተገልጿል። ይህ መረጃ በሰውነት ውስጥ ያለውን የምግብ መፈጨት ሂደት ለመረዳት በጣም ጠቃሚ ነው።

በሆድ ውስጥ ያለ የአሲድ መጠን በ፲ በመቶ ሲቀንስ ምን ዓይነት ለውጥ ይከሰታል?"
comprehension|56#0,comprehension,,science,"ከዚህ በታች ያለውን ምንባብ አንብበህ ጥያቄውን መልስ።

Context:
በኢትዮጵያ ውስጥ የኤሌክትሪክ ኃይል ማመንጫ ዘዴዎች በዋናነት በውሃ ኃይል ላይ የተመሰረቱ ናቸው። በተለይም በአባይ ወንዝ እና በሌሎች ትላልቅ ወንዞች ላይ የሚገነቡ ግድቦች ከፍተኛ መጠን ያለው ኃይል ያመነጫሉ። እነዚህ ግድቦች የውሃ ፍሰትን በመጠቀም ተርባይኖችን በማሽከርከር የኤሌክትሪክ ኃይል እንዲፈጠር ያደርጋሉ። የሀገሪቱ የኤሌክትሪክ ፍላጎት በየዓመቱ እየጨመረ በመምጣቱ አዳዲስ የኃይል ማመንጫ ፕሮጀክቶች በስፋት እየተከናወኑ ይገኛሉ። ከውሃ ኃይል በተጨማሪ በፀሐይ ብርሃን አማካኝነት ኃይል የሚያመነጩ የፀሐይ ፓነሎች በገጠር አካባቢዎች እየተስፋፋሉ። የነዳጅ ውጤቶችን በመጠቀም የሚሰሩ የጄኔሬተሮች አጠቃቀም ግን በዋጋ ውድነት ምክንያት እየቀነሰ መጥቷል። የኤሌክትሪክ መስመሮች ከተማና ገጠርን ለማገናኘት በሰፊው እየተዘረጋ ይገኛል። ይህ የኃይል አቅርቦት መሻሻል በኢትዮጵያ ኢኮኖሚ እድገት ላይ ትልቅ ሚና ይጫወታል።

በኢትዮጵያ ውስጥ የኤሌክትሪክ ኃይል ለማመንጨት በዋናነት ጥቅም ላይ የሚውለው የኃይል ምንጭ ምንድን ነው?"
comprehension|56#1,comprehension,,science,"ንባቡን መሠረት በማድረግ ጥያቄውን መልስ።

Context:
የኤሌክትሪክ ኃይል በኤሌክትሮኖች እንቅስቃሴ አማካኝነት የሚፈጠር ከፍተኛ የኃይል ዓይነት ነው። በኤሌክትሪክ መስመሮች ውስጥ የሚጓዘው የኤሌክትሮኖች ፍሰት የኤሌክትሪክ ፍሰት ወይም ኮረንት ይባላል። ይህ የኤሌክትሪክ ፍሰት በሽቦዎች ውስጥ ሲያልፍ የተለያዩ የኤሌክትሪክ መሣሪያዎችን ለማንቀሳቀስ ይረዳል። የቮልቴጅ መጠን የኤሌክትሪክ ኃይልን የመግፋት አቅም የሚለካ ሲሆን ይህም በኤሌክትሪክ መስመር ላይ ወሳኝ ነው። የኤሌክትሪክ መቋቋም ወይም ሬዚስታንስ የኤሌክትሮኖች ፍሰት የሚያጋጥመው እንቅፋት በመሆኑ ለሙቀት መቀየር ምክንያት ይሆናል። የኤሌክትሪክ ኃይልን በባትሪ ውስጥ ማከማቸት ለተንቀሳቃሽ መሣሪያዎች አጠቃቀም በጣም አስፈላጊ ነው። በቤት ውስጥ የምንጠቀምባቸው መብራቶችና ስልኮች በሙሉ በዚህ የኤሌክትሪክ መርህ ላይ የተመሰረቱ ናቸው። የኤሌክትሪክ ኃይል አጠቃቀምን በጥንቃቄ መቆጣጠር ለደህንነትና ለወጪ መቀነስ ይረዳል።

የኤሌክትሪክ መቋቋም ወይም ሬዚስታንስ በኤሌክትሮኖች ፍሰት ላይ ምን ዓይነት ተጽዕኖ ያሳድራል?"
comprehension|57#0,comprehension,,science,"ጽሑፉን በጥንቃቄ አንብባችሁ ጥያቄውን ከጽሑፉ በመነሳት መልሱ።

Context:
በኢትዮጵያ ሰማይ ላይ በየዓመቱ የሚታየው የፀሐይ ግርዶሽ በምድር ላይ ያለውን ብርሃን ለጥቂት ደቂቃዎች በመቀነስ አካባቢውን ጨለማ እንዲሆን ያደርጋል። ይህ ክስተት በምድር እና በጨረቃ መካከል ያለው የፀሐይ ብርሃን መዘጋት ምክንያት የሚከሰት ድንቅ የጠፈር ክስተት ነው። የፀሐይ ግርዶሽ በሚከሰትበት ወቅት የሰዎች የዕለት ተዕለት እንቅስቃሴ ለጊዜው እንዲቆም እና የጨለማ ሁኔታ እንዲፈጠር ያደርጋል።

የፀሐይ ግርዶሽ በምድር ላይ ያለውን ብርሃን ለምን ይቀንሳል?"
comprehension|57#1,comprehension,,science,"ንባቡን መሠረት በማድረግ ጥያቄውን መልስ።

Context:
የአዳማ ከተማ አካባቢ ያለውን የአየር ሁኔታ ለመረዳት የሳይንስ ሊቃውንት በየቀኑ የሙቀት መጠን እና የንፋስ ፍጥነት መለኪያ መሣሪያዎችን በስፋት ይጠቀማሉ። እነዚህ መሣሪያዎች በከባቢ አየር ውስጥ ያለውን የትነት መጠን እና የንፋስ አቅጣጫ በትክክል ለመለካት በጣም አስፈላጊ ናቸው። የአየር ሁኔታ መረጃዎችን በትክክል መሰብሰብ ለግብርና ስራዎች እና ለከተማ ነዋሪዎች የዕለት ተዕለት ዝግጅት ትልቅ እገዛ ያደርጋል።

በአዳማ ከተማ አካባቢ የአየር ሁኔታን ለመረዳት ምን ዓይነት መሣሪያዎች ጥቅም ላይ ይውላሉ?"
comprehension|57#2,comprehension,,science,"ከዚህ በታች የቀረበውን መረጃ በመጠቀም ለጥያቄው መልስ ስጥ።

Context:
በኢትዮጵያ ከፍተኛ ተራራዎች ላይ የሚገኙ የከባቢ አየር ንብረቶች ከዝቅተኛ ቦታዎች በተለየ መልኩ በጣም ቀዝቃዛ እና አየር የሌለው ሊሆን ይችላል። በከፍተኛ ቦታዎች ላይ የአየር ግፊት በጣም ስለሚቀንስ የኦክስጅን መጠን ዝቅተኛ መሆን ለሰው ልጅ የመተንፈስ ሂደት ፈታኝ ሊሆን ይችላል። ተራራው ላይ የሚገኙ የድንጋይ እና የአፈር አይነቶችም ከታች ካሉት ሜዳማ ቦታዎች የተለየ የተፈጥሮ ስብጥር አላቸው።

በከፍተኛ ተራራዎች ላይ የአየር ግፊት መቀነስ በሰው ልጅ የመተንፈስ ሂደት ላይ ምን ዓይነት ተጽዕኖ ያሳድራል?"
comprehension|58#0,comprehension,,science,"ጽሑፉን አንብበህ ጥያቄውን መልስ፡

ጽሑፍ፡ በሰኔ ፲፪ ቀን በዘመናዊው የዝቅተኛ አየር ጫና ላቦራቶሪ ውስጥ በዶክተር አበበ ተሰጠ የኬሚካል ምርምር ውጤት በጣም አስደሳች ሆኖ ተገኝቷል። የዝቅተኛ አየር ላቦራቶሪ ሳይንቲስቶች በላብራቶሪ ውስጥ በምትገኝ ልዩ ማሽን በመታገዝ በውሃ ውስጥ ያለውን ጨው በ፲፭ ደቂቃ ውስጥ ሙሉ በሙሉ እንዲሟሟ አድርገዋል። ይህ አዲስ የኬሚካል ሂደት በውሃ ውስጥ ያሉትን ጠንካራ ቅንጣቶች በፍጥነት እንዲቀልጡ በማድረግ ለቤት ውስጥ የጽዳት ስራዎች በጣም ጠቃሚ መሆኑን ተናግረዋል። የላቦራቶሪው የበላይ ተቆጣጣሪ የሆኑት የሙያ ማህበሩ አባላት ይህ አዲስ ዘዴ በወጪ ፭፻ ብር ብቻ ለተጠቃሚዎች እንዲደርስ ለማድረግ እየሰሩ ነው። በምርምሩ ወቅት የተገኘው ውጤት በውሃ ውስጥ ያለውን የጨው መጠን በ፪ እጥፍ እንዲጨምር በማድረግ ለምግብ ማቅረቢያነት እንዲውል አድርጓል።

ጥያቄ፡ በዝቅተኛ አየር ላቦራቶሪ ውስጥ የጨው መሟሟትን ለማፋጠን የተጠቀሙት ዘዴ ለምን ጠቃሚ እንደሆነ ሳይንቲስቶቹ ምን ብለው ገልጸዋል?"
comprehension|59#1,comprehension,,agriculture,"ይህን ምንባብ መሠረት በማድረግ ለጥያቄው መልስ ስጥ።

ምንባብ፡ በአባይ ተፋሰስ በኩል በሚገኘው የጥቁር አባይ ገጠር ውስጥ የገበሬዎች መረዳጃ ማኅበር በሰኔ ፭ ቀን በሰጠው መግለጫ መሰረት የገብስ ምርት በከፍተኛ ሁኔታ ቀንሷል። በታላቁ ሸዋ ሜዳ ላይ የሚገኙ ፪፻ ፳ አርሶ አደሮች በደረቅ የአየር ሁኔታ ምክንያት በ፻፳ በመቶ የሚደርስ የሰብል ጉዳት እንደደረሰባቸው ገልጸዋል። የግብርና ምርት ተቆጣጣሪው አቶ ታደሰ ከበሩ የሰጠው መረጃ እንደሚያሳየው በዘንድሮው ወቅት የገብስ ምርት ከባለፈው ዓመት በ፻፳ ቶን በታች መውረዱ ተረጋግጧል። በክልሉ የሚገኙ የግብርና ባለሙያዎች በ፪፻፶፪ ዓመተ ምህረት የዝናብ መዛባት መኖሩን በመረጃ መሠረት ለገበሬዎች ማሳወቅ መቻላቸውን ገልጸዋል። የድርጅቱ ሥራ አስኪያጅ የሆኑት ወይዘሮ ሳራ አበበ በ፪፻ ፳ አርሶ አደሮች ላይ የድጋፍ እርዳታ ለማድረስ በ፪፻ ቶን ምርት ላይ የተመሠረተ ዕቅድ ማውጣታቸውን ተናግራለች። በአካባቢው የሚገኙ የገብስ መጋዘኖች በ፻፳ ቶን ምርት ማነስ ምክንያት ለቀጣዩ የዓመት መጨረሻ ዝግጁ አለመሆናቸው በሪፖርቱ ተገልጿል። የግብርና ማኅበሩ በቀጣይ በ፪፻፶፫ ዓመተ ምህረት የዝናብ መዛባትን ለመቋቋም የሚያስችሉ የዘር አይነቶችን ለማቅረብ ዝግጅት እያደረገ መሆኑን አረጋግጧል።

ጥያቄ፡ በአባይ ተፋሰስ በኩል በሚገኘው የጥቁር አባይ ገጠር የገብስ ምርት ለምን ቀንሷል?"
comprehension|60#1,comprehension,,agriculture,"ምንባቡን ካነበብሽ በኋላ ለጥያቄው መልስ ስጪ።

Context:
በከፍተኛ ከፍታማ ቦታዎች ላይ የሚበቅሉ የቡና ተክሎች ለተሻለ ምርት እንዲሆኑ በቂ የፀሐይ ብርሃን እና ለስላሳ የአየር ሁኔታ ያስፈልጋቸዋል። እነዚህ ተክሎች በቂ እርጥበት ካላገኙ የፍሬ መጠናቸው እንዲቀንስ እና የቡናው ጣዕም እንዲበላሽ ሊያደርጉ ይችላሉ። ስለዚህ ገበሬዎች የአየር ሁኔታውን በመከታተል ተክሎቻቸውን በወቅቱ መንከባከብ ይኖርባቸዋል።

የቡና ተክሎች በቂ እርጥበት ካላገኙ ምን ዓይነት ጉዳት ሊደርስባቸው ይችላል?"
comprehension|60#2,comprehension,,agriculture,"በሚከተለው ጽሑፍ መሠረት ጥያቄውን በአጭሩ መልስ።

Context:
ለቡና ምርት የሚሆኑ ማዳበሪያዎችን ከመጠቀም በፊት የአፈርን ሁኔታ በዝርዝር መመርመር ለተክሉ እድገት ትልቅ አስተዋጽኦ ያደርጋል። አፈሩ በቂ ንጥረ ነገሮች ካሉት ተክሉ በጤናማ ሁኔታ እንዲያድግ እና ብዙ ፍሬዎችን እንዲያፈራ ይረዳዋል። የአፈር ምርመራ አለማድረግ ግን ለተክሉ እድገት እንቅፋት ሊሆን እና ምርታማነትን ሊቀንስ ይችላል።

ለቡና ተክሎች እድገት የአፈር ሁኔታን መመርመር ለምን አስፈላጊ ነው?"
comprehension|61#1,comprehension,,agriculture,"ይህን ምንባብ መሠረት በማድረግ ለጥያቄው መልስ ስጥ።

ምንባብ፡ የተከፋፈለ የአፈር መዋቅር ለተክሎች እድገት እንቅፋት ስለሚሆን የአፈር ጥበቃ ስራዎች በጣም አስፈላጊ ናቸው። በአካባቢው የሚገኙ አርሶ አደሮች የዛፍ ተከላ ስራዎችን በማከናወን የአፈር መሸራሸትን ለመከላከል እየሰሩ ነው። ዛፎች ስራቸውን ሲሰሩ የአፈርን ንጣፍ በስራቸው አማካኝነት ይይዙታል። የአፈርን እርጥበት ለመጠበቅ ደግሞ በየወቅቱ የገለባ መሸፈኛ መጠቀም ይመከራል። ይህ ዘዴ የአፈርን ሙቀት በመቆጣጠር ለተክሎች ምቹ ሁኔታን ይፈጥራል። በአጠቃላይ የአፈር ጥበቃ ዘዴዎችን መጠቀም የአፈርን ለምነት ለረጅም ጊዜ እንዲቆይ ያደርጋል።

ጥያቄ፡ የአፈርን እርጥበት ለመጠበቅ ምን ዓይነት ዘዴ መጠቀም ይመከራል?"
comprehension|61#2,comprehension,,agriculture,"ይህን ምንባብ መሠረት በማድረግ ለጥያቄው መልስ ስጥ።

ምንባብ፡ በኢትዮጵያ የግብርና ዘርፍ ውስጥ የአፈር መሸራሸት መከላከል ለምግብ ዋስትና መረጋገጥ ወሳኝ ጉዳይ ነው። አርሶ አደሮች የአፈርን ጥራት ለመጠበቅ የተለያዩ የቴክኒክ ስልቶችን መጠቀም ይኖርባቸዋል። ለምሳሌ የአፈርን መዋቅር ለመጠበቅ የጥራጥሬ ተክሎችን በየተራ መዝራት ይቻላል። ይህ ዘዴ የአፈርን ንጥረ ነገር ሚዛን ለመጠበቅ ይረዳል። በተጨማሪም በየዓመቱ የአፈር ጥበቃ ስልጠናዎችን መውሰድ ለተሻለ ውጤት አስፈላጊ ነው። እነዚህ ስልጠናዎች አርሶ አደሮች አዳዲስ ዘዴዎችን እንዲያውቁ ያደርጋሉ። የአፈር ጥበቃ ስራዎች በአንድ ወቅት ከተጀመሩ ውጤታቸው ዘላቂ ይሆናል።

ጥያቄ፡ አርሶ አደሮች የአፈርን ንጥረ ነገር ሚዛን ለመጠበቅ ምን ዓይነት ዘዴ መጠቀም ይችላሉ?"
comprehension|63#0,comprehension,,agriculture,"ጽሑፉን በጥንቃቄ አንብባችሁ ጥያቄውን ከጽሑፉ በመነሳት መልሱ።

Context:
በዘመናዊ የግብርና ዘዴዎች ውስጥ ጠብታ መስዋዕትነት የሚባለው የውሃ አጠቃቀም ዘዴ ለተክሎች አስፈላጊ የሆነውን እርጥበት በቀጥታ ስር ድረስ እንዲደርስ በማድረግ የውሃ ብክነትን በከፍተኛ ሁኔታ ይቀንሳል። ይህ ዘዴ በየቀኑ ለሚሰጡት የውሃ መጠን ጥብቅ ቁጥጥር በማድረግ የአፈርን እርጥበት መጠን ወጥ በሆነ መልኩ ለመጠበቅ እና ለሰብል ምርታማነት ከፍተኛ አስተዋጽኦ ለማድረግ ይረዳል። ገበሬዎች ይህንን ቴክኖሎጂ በመጠቀም በውሃ እጥረት ወቅት እንኳን ሰብሎቻቸው እንዳይደርቁ እና የተሻለ ምርት እንዲያገኙ ማድረግ ይችላሉ።

የጠብታ መስዋዕትነት ዘዴ የውሃ ብክነትን እንዴት ይቀንሳል?"
comprehension|64#0,comprehension,,agriculture,"ይህን ምንባብ መሠረት በማድረግ ለጥያቄው መልስ ስጥ።

ምንባብ፡ በአብዛኛው የአገሪቱ የእርሻ መሬቶች ላይ የሚከሰት የሰብል በሽታን ለመከላከል አርሶ አደሮች የተለያዩ ዘዴዎችን መጠቀም ይኖርባቸዋል። በተለይም በዝናብ ወቅት የሚከሰቱ የፈንገስ በሽታዎች በሰብል ቅጠሎች ላይ ጥቁር ነጠብጣቦችን በመፍጠር የሰብሉን እድገት በእጅጉ ይገታሉ። እነዚህን በሽታዎች ለመቆጣጠር አርሶ አደሮች በሽታው ሳይሰራጭ መጀመሪያ ላይ መለየትና ተገቢውን መከላከያ ዘዴ መጠቀም በጣም አስፈላጊ ነው። በኬሚካል መድሃኒቶች ላይ ብቻ ከመተማመን ይልቅ የተፈጥሮ ማዳበሪያዎችንና የተሻሻሉ የዘር አይነቶችን መጠቀም ለረጅም ጊዜ መፍትሄ ይሰጣል። የሰብል በሽታዎች በምርት መጠን ላይ የሚያደርሱት ጉዳት የአርሶ አደሩን ገቢና የአገሪቱን የምግብ ዋስትና በቀጥታ ይጎዳል። ስለዚህ ዘመናዊ የግብርና መረጃዎችን በመጠቀም በሽታዎችን ቀድሞ መከላከል ለተሻለ ምርት መሰረት ነው።

ጥያቄ፡ በዝናብ ወቅት የሚከሰቱ የፈንገስ በሽታዎች በሰብል ቅጠሎች ላይ ምን ዓይነት ምልክት ያሳያሉ?"
comprehension|64#2,comprehension,,agriculture,"ከዚህ በታች ያለውን ምንባብ አንብበህ ጥያቄውን መልስ።

Context:
የሰብል በሽታዎችን ለመከላከል የሚደረገው ጥረት በሶስት ዋና ዋና ደረጃዎች ላይ ሊከፋፈል ይችላል። የመጀመሪያው ደረጃ በሽታው ሳይከሰት በፊት የሚደረግ የመከላከያ ስራ ሲሆን ይህም የተሻለ ዘር መምረጥና የአፈር ዝግጅትን ያካትታል። ሁለተኛው ደረጃ በሽታው መከሰት ሲጀምር የሚደረግ የቁጥጥር ስራ ሲሆን ይህም በሽታው ያለበትን ተክል በፍጥነት ማስወገድን ይጨምራል። ሶስተኛው ደረጃ ደግሞ በሽታው በሰፊው ከተሰራጨ በኋላ የሚደረግ የኬሚካል ወይም የተፈጥሮ መፍትሄዎችን የመጠቀም ሂደት ነው። እነዚህን ሶስት ደረጃዎች በትክክል መተግበር የአርሶ አደሩን ምርት ከከፍተኛ ኪሳራ ለመጠበቅ ይረዳል። የግብርና ባለሙያዎች አርሶ አደሩ እነዚህን ስልቶች እንዲጠቀም በየወቅቱ ስልጠና መስጠት አለባቸው።

በአንቀጹ መሰረት በሽታን ለመከላከል የሚደረጉ ስራዎች ስንት ዋና ዋና ደረጃዎች አሏቸው?"
comprehension|65#0,comprehension,,news,"ከዚህ በታች የቀረበውን መረጃ በመጠቀም ለጥያቄው መልስ ስጥ።

Context:
በአዲስ አበባ ከተማ ውስጥ በሚገኘው የዝቅተኛ ኮረብታ አካባቢ በሰኔ 12 ቀን 2016 ዓ.ም በአዲሱ አባይ መንደር የጥበብ ማዕከል ታላቅ የባህል በዓል ተካሄደ። በዝግጅቱ ላይ የሰሜን ኮረብታ የጥበብ ማኅበር አባላት በቁጥር 45 የሚሆኑ የተለያዩ የባህል ውዝዋዜዎችን ለታዳሚው አቅርበዋል። የዝግጅቱ ዋና ዓላማ በአካባቢው የሚገኙ ወጣቶች የጥንታዊ የሙዚቃ መሳሪያዎችን አጠቃቀም እንዲማሩ ዕድል ለመፍጠር ነው። በበዓሉ ላይ የሰሜን ኮረብታ የጥበብ ማኅበር መሪ የሆኑት አቶ በቀለ ተስፋዬ 120 የሚሆኑ ተማሪዎችን ለመመዝገብ ቃል ገብተዋል። በበዓሉ ወቅት የተዘጋጁት የባህል ምግቦች በጠቅላላው 500 ለሚሆኑ እንግዶች በነፃ እንዲቀርቡ ተደርጓል። የዝግጅቱ አስተባባሪ የሆኑት ወይዘሮ አልማዝ አበበ በበዓሉ ወቅት የተሳታፊዎች ቁጥር ከሚጠበቀው በላይ መሆኑን ገልጸዋል። በበዓሉ ማጠቃለያ ላይ 15 የላቀ ውጤት ያስመዘገቡ ወጣቶች የክብር ሽልማት ተበርክቶላቸዋል። ይህ በዓል በየዓመቱ በሰኔ ወር እንዲከበር በነዋሪዎች ስምምነት ተወስኗል።

በዝግጅቱ ላይ የሰሜን ኮረብታ የጥበብ ማኅበር አባላት ስንት የተለያዩ የባህል ውዝዋዜዎችን አቅርበዋል?"
comprehension|65#1,comprehension,,news,"ከዚህ በታች ያለውን ምንባብ አንብበህ ጥያቄውን መልስ።

Context:
በደቡብ አቅጣጫ በሚገኘው የሰላም ከተማ ውስጥ በሐምሌ 5 ቀን 2016 ዓ.ም በሰላም አረንጓዴ መሬት ማኅበር አዲስ የዛፍ ተከላ መርሃ ግብር ተካሄደ። በዚህ መርሃ ግብር ላይ ከከተማው የግብርና ባለሙያዎች የተውጣጡ 80 የሚሆኑ ሰዎች ተገኝተው ተሳትፈዋል። የተተከሉት የዛፎች ዓይነት በሙሉ የጥላ ሰጪነት አገልግሎት የሚሰጡና በፍጥነት የሚያድጉ የደን ዝርያዎች ናቸው። የፕሮግራሙ መሪ የሆኑት አቶ ታደሰ ከበደ በዝግጅቱ ወቅት 2,500 አዳዲስ ችግኞችን ለመትከል ማቀዳቸውን ለከተማው ነዋሪዎች አስታውቀዋል። የዛፍ ተከላው የተከናወነው በከተማዋ ሰሜናዊ ክፍል በሚገኘው በሰላም ወንዝ ዳርቻ ላይ ነው። በዝግጅቱ ወቅት 12 የትምህርት ቤት ተማሪዎች ስለ አካባቢ ጥበቃ ያላቸውን ግንዛቤ እንዲያሳድጉ ልዩ ስልጠና ተሰጥቷቸዋል። የማኅበሩ ሰብሳቢ ወይዘሮ መቅደስ አሰፋ በዝግጅቱ ላይ የተሳተፉትን ወጣቶች በሙሉ አድናቆታቸውን ገልጸዋል። ይህ የዛፍ ተከላ መርሃ ግብር በየሦስት ወሩ እንዲደገም በከተማው አስተዳደር ውሳኔ ተላልፏል።

በሰላም ከተማ የተካሄደው የዛፍ ተከላ መርሃ ግብር በየትኛው ቦታ ነው የተከናወነው?"
comprehension|65#2,comprehension,,news,"ይህን ምንባብ መሠረት በማድረግ ለጥያቄው መልስ ስጥ።

ምንባብ፡ በምስራቅ አቅጣጫ በሚገኘው የብርሃን መንደር ውስጥ በነሐሴ 20 ቀን 2016 ዓ.ም በብርሃን የሴቶች ልማት ማኅበር አዲስ የጥንቃቄ ስልጠና ተሰጥቷል። በስልጠናው ላይ ከማኅበሩ አባላት መካከል 65 የሚሆኑ ሴቶች በሙሉ ተሳትፈዋል። ስልጠናው የተዘጋጀው በሰላማዊ መንገድ የንግድ ሥራ እንዴት መጀመር እንደሚቻል ለሴቶች ግንዛቤ ለመስጠት ነው። የሥልጠናው ዋና አሰልጣኝ የሆኑት ወይዘሮ ሳራ በቀለ ስለ አነስተኛ የንግድ መመሪያዎች ለሰዓታት አብራርተዋል። በስልጠናው ወቅት 30 የሚሆኑ አዳዲስ የንግድ መመሪያ መጽሐፍት ለተሳታፊዎች በነፃ ተከፋፍለዋል። የማኅበሩ ተቆጣጣሪ የሆኑት አቶ ዮናስ ተስፋዬ ስልጠናው በሰላም መጠናቀቁንና ውጤታማ መሆኑን አረጋግጠዋል። በስልጠናው ማጠቃለያ ላይ 5 ሴቶች ምርጥ ተሳታፊ በመሆናቸው የንግድ መነሻ ካፒታል ተሰጥቷቸዋል። ይህ ስልጠና በሚቀጥለው ዓመት በጥር ወር እንደገና እንዲካሄድ በማኅበሩ ጉባኤ ተወስኗል።

ጥያቄ፡ በስልጠናው ወቅት ለተሳታፊዎች በነፃ የተከፋፈሉት የትኛውን ዓይነት ቁሳቁስ ነው?"
comprehension|66#1,comprehension,,news,"ምንባቡን ካነበብሽ በኋላ ለጥያቄው መልስ ስጪ።

Context:
የአባይ ሸለቆ የፋይናንስ ተቋም በታህሳስ ወር መጨረሻ ላይ በሰሜን ተራራ አካባቢ በሚገኙ አምስት አዳዲስ የንግድ ማህበራት ላይ የ፪፻ ሚሊዮን ብር ብድር ለመስጠት መወሰኑን በይፋ አሳውቋል። ይህ የብድር ስምምነት በድርጅቱ ዋና ስራ አስኪያጅ በወይዘሪት ሳራ አበበ አማካኝነት የተመራ ሲሆን ዓላማውም በአካባቢው ያለውን የንግድ እንቅስቃሴ ማሳደግ ነው። ማህበራቱ ይህንን የገንዘብ ድጋፍ በመጠቀም አዳዲስ የንግድ መሸጫዎችንና የትራንስፖርት አገልግሎቶችን ለማስፋፋት በዝግጅት ላይ ይገኛሉ።

የአባይ ሸቀጥ ፋይናንስ ተቋም ለንግድ ማህበራቱ የሚሰጠው ብድር በምን አይነት ዓላማ ላይ ያተኮረ ነው?"
comprehension|66#2,comprehension,,news,"እባክዎን ከታች ያለውን ጽሑፍ አንብበው ለሚከተለው ጥያቄ መልስ ይስጡ።

Context:
በአዲስ ሰላም የንግድ ማህበር በሰኔ ፭ ቀን በታቀደው መርሃ ግብር መሰረት በከተማዋ ውስጥ የሚገኙ ፲፪ አዳዲስ የሸቀጥ መለዋወጫ ማዕከላትን በዝቅተኛ ዋጋ ለመክፈት ስምምነት ላይ ደርሰዋል። ይህ ስምምነት በንግድ ምክር ቤቱ ተወካዮችና በከተማዋ ነጋዴዎች መካከል የተደረገ ሲሆን ይህም የሸቀጦችን ዋጋ ለመቀነስ ትልቅ አስተዋጽኦ ይኖረዋል። በነዚህ ማዕከላት ውስጥ በተለይ የዱቄትና የዘይት ምርቶችን በጅምላ ለማቅረብ የሚያስችል ዘመናዊ የክምችት ስርዓት ተዘርግቷል።

በአዲስ ሰላም የንግድ ማህበር እና በንግድ ምክር ቤቱ መካከል የተደረገው ስምምነት በከተማዋ ላይ ምን አይነት ለውጥ ለማምጣት ታስቦ የተዘጋጀ ነው?"
comprehension|67#0,comprehension,,news,"በሚከተለው ጽሑፍ መሠረት ጥያቄውን በአጭሩ መልስ።

Context:
በሰኔ ፲፪ ቀን በዝቅተኛው የዞን መስተዳድር መሪ አቶ በቀለ ተስፋዬ በሰጠው መግለጫ አዲስ የቴክኖሎጂ ትምህርት ማዕከል በዘርክ ከተማ እንደሚከፈት አስታውቀዋል። ይህ ትልቅ ፕሮጀክት በጠቅላላው ፭ ሚሊዮን ብር ወጪ የሚከናወን ሲሆን ለ፲፭ ዓመት የሚቆይ የትምህርት ዕቅድንም ያካተተ ነው። ማዕከሉ በየቀኑ ለ፪፻ ሃምሳ ተማሪዎች የኮምፒውተር ስልጠና ለመስጠት ታቅዶ የተዘጋጀ ሲሆን ለዚህም ፲፪ አዳዲስ ላፕቶፖች ተገዝተዋል። የትምህርት ሚኒስቴር ተወካዮች በቦታው ተገኝተው የትምህርት ጥራትን ለማሻሻል የሚደረገውን ጥረት በከፍተኛ ሁኔታ አድንቀዋል። ተማሪዎች ከቴክኖሎጂው ጋር እንዲላመዱ ለማድረግ ልዩ የክህሎት ማዳበሪያ ፕሮግራሞች በየሳምንቱ በሁለት ቀናት ውስጥ ይሰጣሉ።

በዘርክ ከተማ የሚከፈተው አዲስ የቴክኖሎጂ ማዕከል ለስንት ዓመታት የሚያገለግል የትምህርት ዕቅድ አለው?"
comprehension|67#1,comprehension,,news,"ከሚከተለው ጽሑፍ በመነሳት ጥያቄውን መልስ።

የአባይ ወንዝ አካባቢ በሚገኘው ሰላም ትምህርት ቤት ውስጥ ባለፈው ማክሰኞ በዶክተር ሊሊ አረጋይ በታቀደው መርሃ ግብር መሰረት አዲስ የሳይንስ ቤተ ሙከራ ተከፍቷል። ይህ ቤተ ሙከራ በ፪፻ ፶ ሺህ ብር ወጪ የተገነባ ሲሆን ለተማሪዎች የተሟላ የኬሚስትሪ እና የፊዚክስ መሣሪያዎችን ይዟል። በትምህርት ቤቱ ርዕሰ መምህር ወይዘሮ ማርታ በቀለ እንደገለጹት ይህ አዲስ መሣሪያ ለ፲፭ ዓመት ዕድሜ ላላቸው ተማሪዎች በተለየ ሁኔታ ተዘጋጅቷል። ተማሪዎች በቤተ ሙከራው ውስጥ በየቀኑ ለሁለት ሰዓታት የንድፈ ሃሳብ ትምህርታቸውን በተግባር እንዲለማመዱ ይደረጋል። የሳይንስ ማህበረሰቡ አባላት በፕሮጀክቱ ስኬት ላይ ያላቸውን እርካታ በሰፊው ገልጸዋል።

ጥያቄ፡ በሰላም ትምህርት ቤት የተገነባው አዲስ የሳይንስ ቤተ ሙከራ ለየትኛው የትምህርት ዓይነት መሣሪያዎችን ይዟል?"
comprehension|67#2,comprehension,,news,"ከዚህ በታች የቀረበውን መረጃ በመጠቀም ለጥያቄው መልስ ስጥ።

Context:
በአዲሱ የሰማይ አድማስ የጥናት ማዕከል በሰኔ ፭ ቀን በወጣው ሪፖርት መሰረት በዓለም አቀፍ ደረጃ የትምህርት ተሳትፎ በ፭ በመቶ ማደጉ ተገልጿል። ይህ እድገት በዋናነት በደቡብ አቅጣጫ በሚገኙ የገጠር አካባቢዎች በሚገኙ ፲፪ አዳዲስ ትምህርት ቤቶች መገንባት ምክንያት የመጣ ነው። የጥናቱ መሪ አቶ ዮናስ ታደሰ እንደገለጹት ይህ ውጤት የተገኘው በ፯ ዓመታት ውስጥ በተከናወኑ ሰፊ የገንዘብ ድጋፎች አማካኝነት ነው። ማዕከሉ በየዓመቱ ለ፪ ሚሊዮን ተማሪዎች ነፃ የትምህርት ቁሳቁስ ለማቅረብ አዲስ ስምምነት ከዓለም አቀፍ ድርጅቶች ጋር ተፈራርሟል። የትምህርት ተደራሽነትን ለማረጋገጥ የሚደረገው ጥረት በቀጣይ ዓመታት በከፍተኛ ሁኔታ እንደሚቀጥል ተገልጿል።

የሰማይ አድማስ የጥናት ማዕከል በሪፖርቱ መሰረት የትምህርት ተሳትፎ እድገት የታየው በየትኛው የጂኦግራፊ አቅጣጫ ነው?"
comprehension|68#0,comprehension,,news,"በሚከተለው ጽሑፍ መሠረት ጥያቄውን በአጭሩ መልስ።

Context:
በቅርቡ በሰሜን አውሮፓ በሚገኘው ዞልታን ሀገር ውስጥ በከፍተኛ የሙቀት መጠን ምክንያት በታላቁ የብሉ ሸለቆ አካባቢ ከፍተኛ የደን መቃጠል ተከስቷል። በዘርፉ የተሰማሩ የብሉ አካባቢ ጥበቃ ማህበር አባላት እንደገለጹት ይህ ክስተት ካለፉት አምስት ዓመታት ውስጥ እጅግ አስከፊ የሆነው መሆኑን አረጋግጠዋል። በቃጠሎው ምክንያት በሺዎች የሚቆጠሩ የአካባቢው እንስሳት የኑሮ መኖሪያቸው የጠፋ ሲሆን በሰማንያ አምስት ሄክታር መሬት ላይ ያሉት ውድ የዛፍ ዝርያዎች ሙሉ በሙሉ ወድመዋል። የዞልታን የአየር ንብረት ተመራማሪ የሆኑት አቶ ኬልን ቶልን እንደገለጹት የሙቀት መጠኑ በሰኔ ወር ውስጥ ከወትሮው በዐስራ ሁለት ዲግሪ ሴልሺየስ ጨምሯል። ይህ ያልተለመደ የሙቀት መጨመር በየአካባቢው በሚገኙ የውሃ አካላት ላይ ከፍተኛ የድርቀት ሁኔታ እንዲከሰት ምክንያት ሆኗል። የዞልታን መንግስት ለተጎጂው ማህበረሰብ በአስር ሚሊዮን ዞልታን ዶላር የሚገመት እርዳታ ለማቅረብ በዝግጅት ላይ መሆኑን በይፋ አስታውቋል። በአሁኑ ወቅት የደን መከላከያ ሰራዊት በቦታው ተሰልፎ እሳቱን ለመቆጣጠር ከፍተኛ ጥረት እያደረገ ይገኛል።

በብሉ ሸለቆ አካባቢ በደረሰው የደን መቃጠል ምክንያት ምን ያህል መሬት በውድ የዛፍ ዝርያዎች ተጎድቷል?"
comprehension|68#1,comprehension,,news,"ጽሑፉን አንብበህ ጥያቄውን መልስ፡

ጽሑፍ፡ በአዲሱ የኤልዶራ ከተማ የልማት ፕሮጀክት መሰረት የሰላም ወንዝ የውሃ መጠን በከፍተኛ ሁኔታ እንዲቀንስ ምክንያት የሆነውን የቆሻሻ አወጋገድ ችግር ለመፍታት አዲስ መመሪያ ተሰጥቷል። የኤልዶራ አካባቢ ጥበቃ ኤጀንሲ ባወጣው ሪፖርት መሰረት ባለፈው ዓመት በወንዙ ውስጥ የተጣለ የኬሚካል መጠን ከቀደመው ዓመት በሃያ አምስት በመቶ ጨምሯል። ይህ የኬሚካል ብክለት በወንዙ ዳርቻ በሚገኙት ሰባት የግብርና ማህበራት ላይ ከፍተኛ ጉዳት እያደረሰ መሆኑን የጥናት ቡድኑ አረጋግጧል። የኤጀንሲው ዋና ዳይሬክተር ወይዘሪት ሳራ ሊን በሰጡት መግለጫ መሰረት በወንዙ ውስጥ የሚኖሩ አምስት ዓይነት የዓሳ ዝርያዎች ለጥፋት ተጋልጠዋል። መንግስት ከታሳምን ወር ጀምሮ በወንዙ አካባቢ የሚገኙ ፋብሪካዎችን እንቅስቃሴ በቅርብ ለመከታተል የቁጥጥር ቡድን ማቋቋሙን ገልጿል። የውሃውን ጥራት ለመጠበቅ ሲባል በየሳምንቱ የላብራቶሪ ምርመራ እንዲደረግ በሕጉ ላይ ጥብቅ መመሪያ ተቀምጧል። ይህ እርምጃ ከተወሰደ በኋላ የወንዙ የውሃ ጥራት በሁለት ዓመት ውስጥ ወደ ነበረበት መመለስ እንደሚችል ተስፋ ተጥሎበታል።

ጥያቄ፡ የኤልዶራ አካባቢ ጥበቃ ኤጀንሲ የወንዙን የውሃ ጥራት ለመጠበቅ ምን ዓይነት የቁጥጥር እርምጃዎችን ለመውሰድ አቅዷል?"
comprehension|68#2,comprehension,,news,"ከዚህ በታች የቀረበውን መረጃ በመጠቀም ለጥያቄው መልስ ስጥ።

Context:
በታላቁ የሜራን ደሴት ላይ የሚገኙ የባህር ውስጥ የኮራል ሪፎች በባህር ሙቀት መጨመር ምክንያት በከፍተኛ ሁኔታ እየጠፉ መሆኑን የባህር ሳይንስ ተመራማሪዎች ገልጸዋል። የሜራን የባህር ጥናት ማዕከል ባወጣው ሰነድ መሰረት ባለፉት ሶስት ዓመታት ውስጥ አርባ በመቶ የሚሆነው የኮራል ስብራት ተዳክሟል። ይህ ክስተት በደሴቱ ዙሪያ በሚገኙ በሃያ ሁለት የዓሳ ማጥመጃ ቦታዎች ላይ ከፍተኛ የዓሳ እጥረት እንዲከሰት ምክንያት ሆኗል። የጥናቱ መሪ የሆኑት ዶክተር ዮናስ ክላር በሰጡት መግለጫ መሰረት የባህር ሙቀት በሁለት ዲግሪ ሴልሺየስ መጨመሩ ለችግሩ ዋነኛ ምክንያት ነው። የደሴቱ ነዋሪዎች በባህር ላይ ጥገኝነታቸው ከፍተኛ በመሆኑ ይህ የሥነ-ምህዳር መዛባት በኢኮኖሚያቸው ላይ ከፍተኛ ጫና እያሳደረ ይገኛል። የሳይንቲስቱ ቡድን በኮራሎቹ ላይ የሙቀት ተጽዕኖን ለመቀነስ የሚያስችሉ አዳዲስ የባህር ውስጥ ቴክኖሎጂዎችን ለመሞከር እያሰበ ነው። ይህንን የባህር አካባቢ ለመታደግ ዓለም አቀፍ የገንዘብ ድጋፍ ማሰባሰብ አስፈላጊ መሆኑንም ተመራማሪዎቹ አሳስበዋል።

በሜራን ደሴት ላይ የኮራል ሪፎች መጥፋት በነዋሪዎቹ የኢኮኖሚ እንቅስቃሴ ላይ ምን ዓይነት ተጽዕኖ አሳድሯል?"
comprehension|69#0,comprehension,,news,"ጽሑፉን በጥንቃቄ አንብባችሁ ጥያቄውን ከጽሑፉ በመነሳት መልሱ።

Context:
በሰኔ ፲፪ ቀን በታላቁ ዘላላ ከተማ የትራንስፖርት ባለስልጣን አቶ በቀለ ተሰማ በሰጠው መግለጫ አዲሱ የባቡር መስመር በ፲፭ ቢሊዮን ብር ተገንብቶ መጠናቀቁን በይፋ አስታውቀዋል። ይህ ግዙፍ ፕሮጀክት በከተማዋ ሰሜናዊ ክፍል ለሚገኙ አምስት አዳዲስ ሰፈሮች ፈጣን የጉዞ አማራጭ እንዲሆን ተደርጎ በታላቁ የዘላላ የልማት ድርጅት አማካኝነት ተከናውኗል። አዲሱ የባቡር መስመር በቀን ውስጥ ከ፪ ሺህ በላይ ተጓዦችን ለማጓጓዝ የሚያስችል ከፍተኛ አቅም እንዳለው የፕሮጀክቱ መሐንዲስ በገለጹት መሠረት ተገልጿል።

አዲሱ የባቡር መስመር በምን ያህል የገንዘብ መጠን ተገንብቶ መጠናቀቁ ተገልጿል?"
comprehension|69#1,comprehension,,news,"ምንባቡን ካነበብሽ በኋላ ለጥያቄው መልስ ስጪ።

Context:
የአባይ ሸለቆ የድልድይ ግንባታ ድርጅት በታኅሣሥ ፭ ቀን ባወጣው መግለጫ በወንዙ ላይ የሚገነባው አዲሱ የብረት ድልድይ በ፪ ዓመት ውስጥ ተጠናቆ ለሕዝብ ክፍት እንደሚሆን አረጋግጧል። ይህ ድልድይ በወንዙ ዳርቻ በሚገኙ የንግድ ማዕከላት መካከል ያለውን የንግድ እንቅስቃሴ ለማሳለጥና የጭነት መኪናዎችን ጉዞ ለማቃለል ታስቦ የተዘጋጀ ነው። የድርጅቱ ዋና ሥራ አስፈጻሚ ወይዘሮ አልማዝ አሰፋ ግንባታው በታቀደለት ጊዜ እንዲጠናቀቅ አስፈላጊው የፋይናንስ ድጋፍ በሙሉ ተሟልቶለታል ብለዋል።

አዲሱ የብረት ድልድይ ለምን እንዲገነባ ታስቦ ተዘጋጀ?"
comprehension|69#2,comprehension,,news,"ምንባቡን ካነበብሽ በኋላ ለጥያቄው መልስ ስጪ።

Context:
በአዲሱ የኩሪ ከተማ የከተማ አስተዳደር በሰኔ ፳ ቀን በወጣው መመሪያ መሠረት በከተማዋ ውስጥ የሚገኙ የሕዝብ አውቶቡሶች ቁጥር በ፪፻ በመጨመር አገልግሎት እንዲጀምሩ ተወስኗል። ይህ ውሳኔ የተላለፈው በከተማዋ ውስጥ እየታየ የመጣውን ከፍተኛ የትራንስፖርት መጨናነቅ ለመቀነስና የተጓዦችን የጊዜ ብክነት ለመቀነስ በማሰብ ነው። አዲሶቹ አውቶቡሶች በከተማዋ በሁሉም አቅጣጫዎች እንዲዘዋወሩና በየሰዓቱ በ፪ አውቶቡሶች እንዲተኩ በከተማው የትራንስፖርት ማዕከል በኩል መመሪያ ተሰጥቷል።

የአዲሱ የኩሪ ከተማ አስተዳደር ውሳኔ የተላለፈው ለምን ተግባር ነው?"
comprehension|70#1,comprehension,,news,"እባክዎን ከታች ያለውን ጽሑፍ አንብበው ለሚከተለው ጥያቄ መልስ ይስጡ።

Context:
በአዲስ ዓመት መጀመሪያ ላይ በጎጃም ክፍለ ከተማ ውስጥ በሚገኘው የሰማያዊ ተራራ ማሰልጠኛ ማዕከል የረጅም ርቀት ሯጮች የዓመታዊ የልምምድ ውድድር ተካሂዷል። በውድድሩ ላይ የተሳተፉት ወጣት ሴት ሯጮች በሙሉ በቁጥጥር ስር ባለው የውድድር ሜዳ ላይ በከፍተኛ ፍጥነት እየሮጡ ነበር። የውድድሩ አሸናፊ የሆነችው ወጣት አርቲስት ዘላለም ተሰማ በሃያ አምስት ደቂቃ ውስጥ ውድድሩን በማጠናቀቅ የመጀመሪያ ደረጃውን ተቆጣጥራለች። ይህ ውድድር የተዘጋጀው በክልሉ ውስጥ ያሉ ወጣት ስፖርተኞች ብቃታቸውን እንዲያሳዩ ለማበረታታት በሚል ዓላማ ነው። የውድድሩ ድጋፍ ሰጪ የሆነው የሰላም ኮንትራክቲንግ ድርጅት ለተሳታፊዎች በሙሉ በገንዘብ የተደገፈ ሽልማት አቅርቧል።

አርቲስት ዘላለም ተሰማ ውድድሩን ያጠናቀቀችበት የጊዜ መጠን ስንት ነው?"
comprehension|70#2,comprehension,,news,"ከዚህ በታች የቀረበውን መረጃ በመጠቀም ለጥያቄው መልስ ስጥ።

Context:
በጥቅምት ወር ውስጥ በደቡብ አውራጃ የባህር ዳር ከተማ አቅራቢያ በሚገኘው የኩላሊት ወንዝ ስፖርት ማዘውተሪያ የብስክሌት ውድድር ተካሂዷል። በውድድሩ ላይ የተሳተፉት ስድስት ታዋቂ የብስክሌት ክለቦች በየደረጃው በመወዳደር የክብር ዋንጫውን ለማሸነፍ ከፍተኛ ጥረት አድርገዋል። የውድድሩ አሸናፊ የሆነው የሰሜን ንፋስ ብስክሌት ክለብ በሰጠው አስገራሚ እንቅስቃሴ በሁለት ሰዓት ከአስራ አምስት ደቂቃ ውስጥ ውድድሩን አጠናቋል። የውድድሩ አዘጋጅ የሆነው የኢትዮጵያ ብርሃን ስፖርት ማህበር ለተሳታፊዎች ለሁለት ወራት የሚቆይ የልምምድ ቁሳቁስ አቅርቧል። በውድድሩ ወቅት ምንም ዓይነት የትራፊክ መጨናነቅ ወይም የደህንነት ችግር አለመከሰቱን የፖሊስ መኮንን አቶ ታደሰ ተናግረዋል።

የሰሜን ንፋስ ብስክሌት ክለብ የውድድሩን ዋንጫ ማሸነፍ የቻለው በምን ዓይነት እንቅስቃሴ ነበር?"
comprehension|71#1,comprehension,,technology,"ከዚህ በታች ያለውን ምንባብ አንብበህ ጥያቄውን መልስ።

Context:
የሞባይል ገንዘብ ሥርዓት በዲጂታል ኢኮኖሚ ውስጥ ያለውን ጠቀሜታ ለመረዳት የቴክኖሎጂውን መሠረታዊ አሠራር ማወቅ ያስፈልጋል። ይህ ሥርዓት በዋናነት በቴሌኮም አውታሮች አማካኝነት የተጠቃሚዎችን የገንዘብ መረጃ በመላክ ላይ የተመሠረተ ነው። አንድ ተጠቃሚ በስልኩ ላይ የተጫነ መተግበሪያን በመጠቀም ወደ ሌላ ሰው ገንዘብ በፍጥነት መላክ ይችላል። የዚህ ሂደት ዋነኛው ጥቅም የገንዘብ ዝውውርን በጣም ፈጣንና አስተማማኝ ማድረግ መቻሉ ነው። በተጨማሪም የሞባይል ገንዘብ አገልግሎቶች የካሽ አጠቃቀምን በመቀነስ የሰዎችን የዕለት ተዕለት እንቅስቃሴ ያቀልላሉ። ብዙ ድርጅቶችም አሁን ላይ ለሚሸጡት ዕቃዎች ክፍያ ለመቀበል የሞባይል ገንዘብ አማራጮችን መጠቀም ጀምረዋል። ይህ አሠራር በንግድ ዘርፍ ውስጥ ያለውን የሥራ ፍጥነትና ውጤታማነት በከፍተኛ ደረጃ ይጨምራል። የዲጂታል ክፍያ ሥርዓቶች መስፋፋት ለሀገራዊ የኢኮኖሚ ዕድገትም ትልቅ አስተዋጽኦ እያበረከቱ ነው።

የሞባይል ገንዘብ ሥርዓት የንግድ ዘርፍን እንዴት ይረዳል?"
comprehension|71#2,comprehension,,technology,"በሚከተለው ጽሑፍ መሠረት ጥያቄውን በአጭሩ መልስ።

Context:
አዳዲስ የሞባይል ስልኮች ሲመረቱ የባትሪ ዕድሜና የፕሮሰሰር ፍጥነት ለተጠቃሚዎች ትልቅ ትኩረት የሚሰጣቸው ጉዳዮች ናቸው። የባትሪ ዕድሜ ረጅም ከሆነ ተጠቃሚው ስልኩን ያለማቋረጥ ለረጅም ሰዓታት መጠቀም ይችላል። የፕሮሰሰር ፍጥነት ደግሞ ስልኩ በተለያዩ መተግበሪያዎች ላይ ያለ መቆራረጥና በፍጥነት እንዲሠራ ያደርጋል። የኢንተርኔት ግንኙነት ጥራትም በሞባይል ስልኮች አጠቃቀም ላይ ከፍተኛ ተጽዕኖ የሚያሳድር ሌላኛው ጉዳይ ነው። ስልኮች ከ5ጂ ቴክኖሎጂ ጋር ሲገናኙ የመረጃ ልውውጥ ፍጥነቱ ከመቼውም ጊዜ በላይ ይጨምራል። የካሜራ ጥራትም ለተጠቃሚዎች ማህበራዊ ሚዲያ ላይ ምስሎችን ለማጋራት በጣም አስፈላጊ ሆኗል። የዲጂታል መተወቢያዎችና የደህንነት መሣሪያዎች መኖርም ለተጠቃሚዎች ሰላምና መተማመንን ይሰጣል። በመሆኑም አንድ ሰው ስልክ ሲገዛ እነዚህን ሁሉ መስፈርቶች በጥንቃቄ ማየት ይኖርበታል።

አንድ ሰው አዲስ የሞባይል ስልክ ሲገዛ ሊያጤናቸው የሚገቡ ዋና ዋና መስፈርቶች ምንድን ናቸው?"
comprehension|72#0,comprehension,,technology,"በሚከተለው ጽሑፍ መሠረት ጥያቄውን በአጭሩ መልስ።

Context:
በኢትዮጵያ ውስጥ ያሉ በርካታ ወጣቶች አዳዲስ የቴክኖሎጂ ውጤቶችን ለማወቅ በየቀኑ የተለያዩ የማህበራዊ ሚዲያ ገጾችን በመጠቀም መረጃዎችን በስፋት ይፈልጋሉ። እነዚህ ወጣቶች በኢንተርኔት አማካኝነት ከዓለም ዙሪያ ካሉ ሰዎች ጋር ለመገናኘትና አዳዲስ ክህሎቶችን ለመማር ትልቅ ዕድል ያገኛሉ። ሆኖም ግን በኢንተርኔት ላይ የሚገኙ አንዳንድ መረጃዎች ትክክለኛነት ላይ ጥርጣሬ ስላላቸው መረጃዎችን በጥንቃቄ ማረጋገጥ አስፈላጊ ነው።

ወጣቶች በኢንተርኔት አማካኝነት ምን ዓይነት ዕድሎችን ያገኛሉ?"
comprehension|72#1,comprehension,,technology,"ከዚህ በታች ያለውን ምንባብ አንብበህ ጥያቄውን መልስ።

Context:
የዲጂታል መገናኛ ዘዴዎች በሀገራችን የንግድ እንቅስቃሴ ላይ ከፍተኛ ለውጥ እያመጡ ሲሆን በኢንተርኔት አማካኝነት ምርቶችን ማስተዋወቅ በጣም ቀላል ሆኗል። ብዙ የንግድ ድርጅቶች የራሳቸውን የድረ-ገጽ ገጾች በመክፈት ደንበኞቻቸውን በየቦታው በቀላሉ እንዲያገኙና መረጃ እንዲያገኙ ያደርጋሉ። ይህ አዲስ የቴክኖሎጂ አጠቃቀም የንግድ ስራዎችን በፍጥነት ለማሳደግና ሰፊ ገበያ ለመፍጠር ትልቅ እገዛ እያደረገ ይገኛል።

የንግድ ድርጅቶች ደንበኞቻቸውን በቀላሉ እንዲያገኙ ምን ዓይነት እርምጃዎችን እየወሰዱ ነው?"
comprehension|72#2,comprehension,,technology,"ጽሑፉን አንብበህ ጥያቄውን መልስ፡

ጽሑፍ፡ በማህበራዊ ሚዲያ አጠቃቀም ወቅት የግል መረጃዎችን ለሌሎች ሰዎች በነጻ ክፍት በሆነ መንገድ አለማጋራት ለደህንነት በጣም ወሳኝ ነው። ሰዎች የራሳቸውን የይለፍ ቃል ለሌላ ሰው አለመስጠትና የሁለትዮሽ ማረጋገጫ ዘዴዎችን መጠቀም ከሳይበር ጥቃት ለመከላከል ይረዳል። እነዚህን ጥንቃቄዎች ማድረግ በኢንተርኔት ዓለም ውስጥ ያለንን የግል ሚስጥርና ደህንነት ለመጠበቅ በጣም አስፈላጊ ተግባራት ናቸው።

ጥያቄ፡ ከሳይበር ጥቃት ለመከላከል ምን ዓይነት ዘዴዎችን መጠቀም ይቻላል?"
comprehension|74#1,comprehension,,technology,"ይህን ምንባብ መሠረት በማድረግ ለጥያቄው መልስ ስጥ።

ምንባብ፡ በዘመናዊው ዓለም ውስጥ የታዳሽ ኃይል አጠቃቀም በከፍተኛ ሁኔታ እየጨመረ መምጣቱ ይታወቃል። በተለይም የፀሐይ ኃይል ቴክኖሎጂ ለኤሌክትሪክ ፍላጎት መሟላት እንደ ዋነኛ መፍትሔ እየታየ ነው። የፀሐይ ኃይል ማመንጫዎች በፀሐይ ብርሃን አማካኝነት የሚሰሩ ሲሆን እነዚህም ምንም ዓይነት ጎጂ ጋዞችን ወደ አየር አይለቁም። የፀሐይ ኃይልን ለመጠቀም የሚያስፈልጉ መሣሪያዎች በየዓመቱ በቴክኖሎጂ የታገዙና ይበልጥ ውጤታማ እየሆኑ መጥተዋል። ብዙ አገራት ከነዳጅ ላይ ያላቸውን ጥገኝነት ለመቀነስ የፀሐይ ኃይልን በስፋት ለመጠቀም እየወሰዱ ነው። የፀሐይ ኃይል ሥርዓቶች በተለያዩ ቦታዎች ላይ በቀላሉ ሊተከሉና ሊሰሩ የሚችሉ መሣሪያዎች ናቸው። ይህ የኃይል ምንጭ ለረጅም ጊዜ ሊቆይ የሚችልና ተፈጥሯዊ የሆነ የኃይል ምንጭ ነው። የፀሐይ ኃይልን መጠቀም ለወደፊት ትውልድ የተሻለ አካባቢን ለመተው ይረዳል።

ጥያቄ፡ የፀሐይ ኃይል ማመንጫዎች ወደ አየር ምን ዓይነት ጋዞችን አይለቁም?"
comprehension|74#2,comprehension,,technology,"ከዚህ በታች የቀረበውን መረጃ በመጠቀም ለጥያቄው መልስ ስጥ።

Context:
የፀሐይ ኃይል ቴክኖሎጂ ለዓለም አቀፍ የኃይል ፍላጎት መሟላት ትልቅ አስተዋጽኦ እያበረከተ ነው። ይህ የኃይል ዓይነት ከፀሐይ ጨረሮች የሚገኝን ኃይል በመጠቀም በኤሌክትሪክ መልክ ይቀርባል። የፀሐይ ኃይልን ለመጠቀም የሚያስፈልጉ ዋና ዋና መሣሪያዎች የፀሐይ ፓነሎችና የኃይል መቀየሪያዎች ናቸው። እነዚህ መሣሪያዎች በፀሐይ ብርሃን አማካኝነት የሚገኙትን የብርሃን ሞገዶች ወደ ኤሌክትሪክ ይለውጣሉ። የፀሐይ ኃይልን መጠቀም የአካባቢ ብክለትን ለመቀነስና የተፈጥሮ ሀብቶችን ለመቆጠብ ይረዳል። ብዙ አገራት የፀሐይ ኃይልን ለመጠቀም የሚያስፈልጉ መሠረተ ልማቶችን በከፍተኛ ወጪ እየገነቡ ነው። የፀሐይ ኃይል ሥርዓቶች በቀን ውስጥ የሚገኘውን ኃይል ለሌሊት አገልግሎት እንዲውል የሚያደርጉ ባትሪዎችን ይጠቀማሉ። ይህ የቴክኖሎጂ ዘርፍ በዓለም ዙሪያ ለኢኮኖሚ ዕድገትና ለአካባቢ ጥበቃ ትልቅ ፋይዳ አለው።

የፀሐይ ኃይልን ለመጠቀም የሚያስፈልጉ ዋና ዋና መሣሪያዎች ምን ምን ናቸው?"
comprehension|75#0,comprehension,,technology,"የተሰጠውን ጽሑፍ በጥንቃቄ ካነበብክ በኋላ የቀረበውን ጥያቄ መልስ።

ጽሑፍ፡ ኮምፒውተር መረጃዎችን በፍጥነት ለማቀናበር እና ለተለያዩ ስራዎች እንዲመች ለማድረግ የተሰሩ ውስብስብ የኤሌክትሮኒክስ መሳሪያዎች ናቸው። እነዚህ መሳሪያዎች መረጃን ለመቀበል እና ለማቀናበር እንዲሁም ውጤቶችን ለተጠቃሚው ለማቅረብ የተለያዩ የሃርድዌር ክፍሎችን በጋራ ይጠቀማሉ። በኮምፒውተር ውስጥ የሚገኙት ዋና ዋና ክፍሎች እንደ ማዘንበቢያ፣ ማሳያ እና የቁልፍ ሰሌዳ ያሉ የተለያዩ መሣሪያዎችን በውስጣቸው ይይዛሉ። እነዚህ ሁሉ ክፍሎች ተቀናጅተው ሲሰሩ አንድ ሰው የፈለገውን የዲጂታል ስራ በተሳካ ሁኔታ ማከናወን ይችላል።

ጥያቄ፡ ኮምፒውተሮች መረጃን ለማቀናበር እና ለተለያዩ ስራዎች እንዲመቹ የተሰሩ ምን ዓይነት መሳሪያዎች ናቸው?"
comprehension|75#1,comprehension,,technology,"ንባቡን መሠረት በማድረግ ጥያቄውን መልስ።

Context:
የኮምፒውተር ማዘንበቢያ ወይም ሲፒዩ በኮምፒውተር ውስጥ እንደ አእምሮ ሆኖ የሚያገለግል በጣም ወሳኝ የሆነ የሃርድዌር ክፍል ነው። ይህ ክፍል ሁሉንም የሂሳብ ስሌቶች እና የሎጂክ ትዕዛዞችን በመፈጸም የኮምፒውተሩን አጠቃላይ እንቅስቃሴ ይቆጣጠራል። ማዘንበያው ያለ እሱ ኮምፒውተሩ ምንም ዓይነት ትዕዛዝ መቀበል ወይም መረጃን ማቀናበር ሊችል አይችልም። ስለዚህ ማዘንበያው በኮምፒውተር ውስጥ ካሉት ክፍሎች ሁሉ ቀዳሚ እና አስፈላጊ ተግባር ያለው ክፍል ተደርጎ ይወሰዳል።

በኮምፒውተር ውስጥ እንደ አእምሮ ሆኖ የሚያገለግለው እና ትዕዛዞችን የሚቆጣጠረው የትኛው ክፍል ነው?"
comprehension|75#2,comprehension,,technology,"ምንባቡን ካነበብሽ በኋላ ለጥያቄው መልስ ስጪ።

Context:
የመረጃ ማከማቻ መሳሪያዎች እንደ ሃርድ ድራይቭ ያሉ በኮምፒውተር ውስጥ የተቀመጡ ፋይሎችን ለረጅም ጊዜ እንዲቆዩ ያደርጋሉ። እነዚህ መሳሪያዎች ተጠቃሚው የፈጠራ ስራዎቹን ወይም የሰበሰባቸውን መረጃዎች በቋሚነት እንዲያስቀምጡ ትልቅ እገዛ ያደርጋሉ። መረጃዎች በአንድ ጊዜ ሳይጠፉ በዲጂታል መልክ ተቀምጠው ለወደፊት አገልግሎት እንዲውሉ ለማድረግ እነዚህ መሣሪያዎች አስፈላጊ ናቸው። ያለ እነዚህ ማከማቻዎች የኮምፒውተር ስራዎች በጊዜ ሂደት መረጃን ለማስቀመጥ እና ለመጠቀም በጣም አስቸጋሪ ይሆናሉ።

የመረጃ ማከማቻ መሳሪያዎች ለምን አስፈላጊ ናቸው?"
comprehension|76#0,comprehension,,technology,"ከሚከተለው ጽሑፍ በመነሳት ጥያቄውን መልስ።

በኢንተርኔት ዓለም ውስጥ የግል መረጃዎችን ለመጠበቅ ጠንካራ የይለፍ ቃል መጠቀም በጣም አስፈላጊ የሆነ መሠረታዊ እርምጃ ነው። አንድ ሰው የይለፍ ቃል ሲፈጥር በውስጡ ቁጥሮችን እና ልዩ ምልክቶችን ማካተት ይኖርበታል። የይለፍ ቃላትን ለተለያዩ የዲጂታል መለያዎች መጠቀም ለደህንነት ስጋት ስለሚሆን ለእያንዳንዱ መለያ የተለየ መሆን አለበት። የሁለት ደረጃ ማረጋገጫ ዘዴን መጠቀም በሌላ በኩል ተጨማሪ የደህንነት ሽፋን በመስጠት የሌቦች ጥቃት እንዳይደርስ ይረዳል። የዲጂታል መለያዎችን ደህንነት በየጊዜው መፈተሽ እና ማሻሻል ለተጠቃሚዎች ከፍተኛ ጥንቃቄን ይጠይቃል። የሳይበር ጥቃቶች በየቀኑ እየጨመሩ በመምጣታቸው ሁልጊዜ ንቁ መሆን ለዲጂታል ህይወት መረጋጋት ወሳኝ ነው።

ጥያቄ፡ የሁለት ደረጃ ማረጋገጫ ዘዴን መጠቀም ለምን አስፈላጊ ነው?"
comprehension|76#2,comprehension,,technology,"በሚከተለው ጽሑፍ መሠረት ጥያቄውን በአጭሩ መልስ።

Context:
በስማርት ስልኮች እና በሌሎች የኤሌክትሮኒክስ መሣሪያዎች ላይ የሶፍትዌር ማሻሻያዎችን በየጊዜው ማድረግ ለደህንነት መሠረት ነው። እነዚህ ማሻሻያዎች አዳዲስ የደህንነት ጥበቃዎችን በመጨመር የሲስተም ክፍተቶችን ለመዝጋት ታስበው የሚዘጋጁ ናቸው። አንድ ተጠቃሚ የሶፍትዌር ማሻሻያዎችን ችላ ካለ መሣሪያው ለሳይበር ጥቃት በቀላሉ ሊጋለጥ ይችላል። የዲጂታል መሣሪያዎችን ደህንነት ለመጠበቅ በየሳምንቱ ሶስት ዋና ዋና የደህንነት እርምጃዎችን መተግበር ይቻላል። እነዚህ እርምጃዎች የሶፍትዌር ማሻሻያ ማድረግ እና የፀረ ቫይረስ መተግበሪያዎችን መጠቀምን ያካትታሉ። መሣሪያዎችን በየጊዜው ማዘመን ለዲጂታል መረጃዎች አስተማማኝ ጥበቃ ለማግኘት የሚደረግ ወሳኝ ተግባር ነው።

የሶፍትዌር ማሻሻያዎችን በየጊዜው ማድረግ ለምን ያስፈልጋል?"
comprehension|77#0,comprehension,,daily_life,"ከዚህ በታች የቀረበውን መረጃ በመጠቀም ለጥያቄው መልስ ስጥ።

Context:
በኢትዮጵያ የባህል ምግብ ዝግጅት ውስጥ ሽሮ ዋነኛውና በጣም ተወዳጅ የሆነው የዕለት ተዕለት ምግብ ዓይነት ነው። ይህ ምግብ ከበቆሎ ወይም ከትኩላ ፍሬ የሚዘጋጅ የዱቄት ውጤት በመጠቀም በቅቤና በሽንኩርት የታጀበ ነው። አብዛኛውን ጊዜ ሽሮ የሚዘጋጀው በሸክላ ማሰሮ ውስጥ ሲሆን ይህም ለምግቡ ልዩ ጣዕምና መዓዛ ይሰጠዋል። ለሽሮ ዝግጅት የሚሆኑ ዋና ዋና ግብዓቶች ሽሮ ዱቄት፣ ሽንኩርት፣ ነጭ ሽንኩርት፣ በርበሬና ቅቤ ናቸው። ብዙ ሰዎች ሽሮን ከእንጀራ ጋር በመመገብ የረጅም ሰዓት የሥራ ድካምን ማስታገስ ይችላሉ። ሽሮ በቤተሰብ መካከል የሚበላ ምግብ በመሆኑ የሰዎችን መቀራረብና ወዳጅነትን ይጨምራል። በገጠር አካባቢዎች ሽሮ በብዛት የሚዘጋጅ ሲሆን በከተማማማኝ አካባቢዎች ደግሞ በልዩ ልዩ የቅመማ ቅመም ዓይነቶች ይበልጣል። ይህ ምግብ ለጤና ተስማሚና በውስጡ ከፍተኛ የፕሮቲን መጠን የያዘ በመሆኑ ለሁሉም ሰው ይመከራል።

ሽሮ ለየት ያለ ጣዕምና መዓዛ እንዲኖረው ለማድረግ በምን ዓይነት ዕቃ ውስጥ ነው የሚዘጋጀው?"
comprehension|77#1,comprehension,,daily_life,"ከዚህ በታች የቀረበውን መረጃ በመጠቀም ለጥያቄው መልስ ስጥ።

Context:
የቡና ሥነ ሥርዓት በኢትዮጵያ የቤት ውስጥ ሕይወት ውስጥ ትልቅና ማኅበራዊ ትርጉም ያለው ተግባር ነው። የቡና ዝግጅት ሂደት በመጀመሪያ የቡና ፍሬዎችን በጥንቃቄ በመምረጥና በማጽዳት ይጀምራል። በመቀጠልም ቡናው በሙጫ ወይም በብረት መጥበሻ ላይ ተቀምጦ በደንብ መበጠስና መቁላት አለበት። ቡናው ከተጠበሰ በኋላ በሙልት ወይም በሙልት መፍጫ አማካኝነት ወደ ደቃቅ ዱቄትነት ይቀየራል። ይህ የቡና ዱቄት በጀበና ውስጥ በሚፈላ ውኃ ውስጥ ተጨምሮ ለረጅም ጊዜ እንዲፈላ ይደረጋል። የቡና ሥነ ሥርዓቱ ወቅት ቤተሰቦችና ጎረቤቶች በአንድነት በመቀመጥ የተለያዩ ጉዳዮችን ይወያያሉ። ቡናው ሲቀርብ ከጎን ለጎን እንደ ቆሎ፣ Popcorn ወይም በቅቤ የተዘጋጀ ዳቦ ሊቀርብ ይችላል። ይህ ልማድ በኢትዮጵያ ማኅበረሰብ ውስጥ ሰላምና መግባባትን ለማስፈን ትልቅ ሚና ይጫወታል።

በቡና ዝግጅት ሂደት ውስጥ ቡናው ከተጠበሰ በኋላ ወደ ምን ዓይነት ቅርጽ መቀየር አለበት?"
comprehension|77#2,comprehension,,daily_life,"ጽሑፉን በጥንቃቄ አንብባችሁ ጥያቄውን ከጽሑፉ በመነሳት መልሱ።

Context:
የዶሮ ወጥ ዝግጅት ለኢትዮጵያ የልዩ ልዩ በዓላትና ለታላላቅ ድግፎች መገለጫ የሆነ ሥርዓት ነው። ይህ ምግብ ለመዘጋጀት በርካታ ሰዓታትንና ከፍተኛ ጥንቃቄን የሚጠይቅ ውስብስብ የዝግጅት ቅደም ተከተል አለው። መጀመሪያ ላይ ቀይ ሽንኩርት በትንሹ ተቆርጦ በቅቤ ውስጥ እስኪቀላቅል ድረስ በረጅም ጊዜ መጥበስ አለበት። ከዚያም በርበሬና ሌሎች ቅመማ ቅመሞች ተጨምረው የሽንኩርቱ ቀለም እስኪቀየር ድረስ መቆየት ይኖርበታል። በሂደቱ ውስጥ የዶሮ ሥጋና የተቀመመ እንቁላል ተጨምረው ምግቡ እንዲበስል ይደረጋል። የዶሮ ወጥ ጣዕም እንዲኖረው በቂ የቅቤና የሽንኩርት መጠን መኖር በጣም አስፈላጊ ነው። ይህ ምግብ ከእንጀራ ጋር ተጣምሮ ሲቀርብ ለተጋባቾችና ለታላላቅ እንግዶች ትልቅ ክብርን ይገልጻል። በኢትዮጵያ ባህል ውስጥ የዶሮ ወጥ መብላት የደስታና የብልጽግና ምልክት ተደርጎ ይወሰዳል።

የዶሮ ወጥ ዝግጅት ወቅት ቀይ ሽንኩርት በቅቤ ውስጥ መቆየት ያለበት ለምን ዓይነት ለውጥ ሲባል ነው?"
comprehension|78#1,comprehension,,daily_life,"ከዚህ በታች የቀረበውን መረጃ በመጠቀም ለጥያቄው መልስ ስጥ።

Context:
ወይዘሮ ማርታ አበበ በካቲት ፭ ቀን በባህር ዳር ከተማ በሚገኘው የፍቅር ትስስር ማህበር ስብሰባ ላይ በመገኘት ለዘጠና አምስት አባላት ልዩ የቤተሰብ የጋራ እራት አዘጋጅተዋል። ይህ ልዩ ዝግጅት በቤተሰቦች መካከል ያለውን መቀራረብ ለማጠናከርና አዳዲስ ግንኙነቶችን ለመፍጠር እንዲረዳ ተደርጎ በታላቅ ድምቀት ተከናውኗል። በዝግጅቱ ወቅት የተሰጡት የሽልማት ስጦታዎች በሙሉ በወይዘሮ ማርታ የግል ድጋፍ የተገዙ ናቸው።

ወይዘሮ ማርታ አበበ በካቲት ፭ ቀን ያዘጋጀችው ልዩ የቤተሰብ እራት ዓላማው ምንድን ነው?"
comprehension|79#0,comprehension,,daily_life,"ከዚህ በታች ያለውን ምንባብ አንብበህ ጥያቄውን መልስ።

Context:
በሰኔ ፲፭ ቀን በታላቁ የዘርማኮ ገበያ ውስጥ በንግድ ማኅበሩ መሪ አቶ በቀለ ተስፋዬ አማካኝነት አዲስ የሸቀጣሸቀጥ መርቻ ሥርዓት ተጀምሯል። ይህ አዲስ አሠራር በየቀኑ በገበያው ውስጥ ለሚገኙ ከሃምሳ በላይ ለሆኑ ነጋዴዎች የተሻሻለ የክፍያ አማራጭ እንዲኖራቸው ለማድረግ ታስቦ የተዘጋጀ ነው። በገበያው ውስጥ የሚገኙ የጥራጥሬና የቅባት እህሎች አቅራቢዎች በሙሉ በዚህ አዲስ ሥርዓት መሠረት መሥራት እንደሚጀምሩ በዝርዝር ተገልጿል። የገበያው አስተዳዳሪ የሆነችው ወይዘሮ አልማዝ አዳማ በሰጠችው መግለጫ መሠረት ይህ ለውጥ በገበያው ውስጥ ያለውን የንግድ እንቅስቃሴ በከፍተኛ ሁኔታ ያቀላጥፋል። አዲሱ ሥርዓት በዋናነት በዲጂታል መሣሪያዎች አማካኝነት የሚከናወን በመሆኑ የገንዘብ ዝውውርን ፈጣንና አስተማማኝ ያደርገዋል።

አዲሱ የክፍያ ሥርዓት በገበያው ውስጥ ለሚገኙ ነጋዴዎች ምን ዓይነት ጥቅም እንዲኖራቸው ታስቦ የተዘጋጀ ነው?"
comprehension|79#1,comprehension,,daily_life,"ጽሑፉን በጥንቃቄ አንብባችሁ ጥያቄውን ከጽሑፉ በመነሳት መልሱ።

Context:
በአባይ ሸቀጣሸቀጥ ማዕከል ውስጥ ትላንት በነበረው የዕለት ተዕለት የዋጋ ክትትል መሠረት የሽንኩርት ዋጋ በኪሎ ግራም በአምስት ብር ከፍ ብሏል። የገበያ ጥናት ተቋሙ የሰጠው መረጃ እንደሚያመለክተው የዋጋ መጨመሩ ምክንያት በቅርቡ በነበረው የትራንስፖርት መስተጓጎል ምክንያት ምርቶች ወደ ከተማው መድረስ በመዘግየታቸው ነው። የገበያው ዋና ተቆጣጣሪ የሆነው ድርጅት የዋጋ መረጋጋትን ለማምጣት ከአምስት አቅራቢዎች ጋር ውይይት እያደረገ መሆኑን በይፋ አስታውቋል። በዚህ መሠረት የሽንኩርት አቅርቦት እንዲጨምርና ዋጋው ወደ ቀድሞው እንዲመለስ አስፈላጊውን ጥረት ለማድረግ እየተሠራ መሆኑ ተገልጿል። ነጋዴዎችና ደንበኞችም በገበያው ውስጥ ያለውን ሁኔታ በቅርብ እንዲከታተሉ ጥሪ ተደርጓል።

በአባይ ሸቀጣሸቀጥ ማዕከል ውስጥ የሽንኩርት ዋጋ መጨመር ምክንያት ምንድን ነው?"
comprehension|79#2,comprehension,,daily_life,"ምንባቡን ካነበብሽ በኋላ ለጥያቄው መልስ ስጪ።

Context:
በአዲሱ የሰላም ከተማ የትልቅ ደረጃ የገበያ ማዕከል መመረቂያ ሥነ ሥርዓት በሐምሌ ፳ ቀን በታላቁ አዳራሽ ውስጥ በታላቅ ድምቀት ተካሂዷል። በሥነ ሥርዓቱ ላይ የከተማዋ ከንቲባ ወይዘሮ ሳባ መክንን ተገኝተው ለተመረጡት አሥር የንግድ ድርጅቶች የላቀ የንግድ ማበረታቻ ሽልማት ሰጥተዋል። እነዚህ ድርጅቶች በዓመቱ ውስጥ ጥራታቸውን የጠበቁ ምርቶችን በማቅረብና ለደንበኞች መልካም አገልግሎት በመስጠት ከፍተኛ ውጤት ያስመዘገቡ ናቸው። የንግድ ማኅበሩ ሰብሳቢ አቶ ዮናስ በቀለ በንግግራቸው ወቅት ለወደፊቱ የከተማዋን የንግድ እንቅስቃሴ ለማሳደግ አዳዲስ መሠረተ ልማቶችን እንደሚገነቡ ገልጸዋል። በሥነ ሥርዓቱ ላይ በርካታ የንግድ ተቋማት ተወካዮችና የከተማዋ ነዋሪዎች በብዛት ተገኝተው ተሳትፈዋል።

በሥነ ሥርዓቱ ላይ ለሽልማት የተመረጡት ድርጅቶች በምን ዓይነት ተግባራቸው ነው ከፍተኛ ውጤት ያስመዘገቡት?"
comprehension|80#0,comprehension,,daily_life,"ከዚህ በታች የቀረበውን መረጃ በመጠቀም ለጥያቄው መልስ ስጥ።

Context:
በሰኔ ፲፪ ቀን በዓባይ ሸገር የትራንስፖርት ድርጅት አዲስ የኤሌክትሪክ አውቶቡሶች ስብስብ ለከተማው አገልግሎት እንዲውል በታላቅ ሥነ ሥርዓት አቅርቧል። በዝግጅቱ ላይ የድርጅቱ ዋና ሥራ አስኪያጅ አቶ በቀለ ተስፋዬ ለከተማው ነዋሪዎች ምቹና ዘመናዊ የጉዞ አማራጭ መኖሩን በንግግራቸው ገልጸዋል። አዲሶቹ አሥራ ሁለት አውቶቡሶች በሙሉ በኤሌክትሪክ ኃይል የሚሰሩ ሲሆን ይህም የነዳጅ ወጪን በሰላሳ በመቶ እንደሚቀንሰው ተገልጿል። የከተማው አስተዳደር በዚሁ ፕሮጀክት አማካኝነት በየቀኑ በሁለት መቶ ሺህ የሚቆጠሩ ተጓዦችን ማመቻቸት እንደሚቻል በጋዜጣዊ መግለጫ አስታውቋል። አዲሱ የትራንስፖርት ሥርዓት በዋና ዋና የከተማው መንገዶች ላይ ብቻ እንዲንቀሳቀስ በልዩ ሁኔታ ታቅዶ የተዘጋጀ መሆኑ ተጠቅሷል። የትራንስፖርት መመሪያው መሠረት አውቶቡሶቹ በየቀኑ ከጠዋት እስከ ምሽት ድረስ ለዐሥራ አራት ሰዓታት አገልግሎት ይሰጣሉ። የከተማው ነዋሪዎች በዚህ አዲስ ለውጥ በጣም ደስተኛ መሆናቸውንና የትራንስፖርት ችግርን እንደሚቀንሰው ተስፋ ያደርጋሉ።

አዲሶቹ አውቶቡሶች በየቀኑ ለስንት ሰዓታት አገልግሎት ይሰጣሉ?"
comprehension|80#1,comprehension,,daily_life,"ከዚህ በታች የቀረበውን መረጃ በመጠቀም ለጥያቄው መልስ ስጥ።

Context:
በአባይ ሸለቆ የባቡር መስመር ማደራጃ ጣቢያ ውስጥ ትናንት ማታ በአንድ የጭነት ባቡር ላይ ከፍተኛ የቴክኒክ ብልሽት ተከስቷል። የባቡሩ ኦፕሬተር አቶ ታደሰ አበበ ብልሽቱ የተከሰተው በብሬክ ሥርዓት ላይ ባጋጠመ ያልታሰበ ችግር መሆኑን ለሚመለከተው አካል አሳውቀዋል። በወቅቱ ባቡሩ ወደ ዞሬ ከተማ በመጓዝ ላይ የነበረ ሲሆን ምንም ዓይነት የሰው ሕይወት አደጋ ሳይደርስበት ቆሟል። የባቡር ጥገና ቡድኑ በአፋጣኝ ወደ ቦታው በመሄድ ለሦስት ሰዓታት ያህል ጥገና በማድረግ ባቡሩን ወደ መደበኛ ሁኔታ መመለሱን ገልጸዋል። የባቡር መስመር አስተዳዳሪው ድርጅት የቴክኒክ ፍተሻውን በየሳምንቱ ማጠናከር እንደሚገባ በጽኑ አሳስበዋል። ይህ ክስተት በባቡር መስመሩ ላይ ለሁለት ሰዓታት ያህል የትራንስፖርት መስተጓጎል እንዲፈጠር አድርጓል። የጭነት ባቡሩ የጫነው ዕቃ በሙሉ ምንም ዓይነት ጉዳት ሳይደርስበት መቆየቱ ተረጋግጧል።

የባቡሩ ኦፕሬተር አቶ ታደሰ አበበ እንደገለጹት ብልሽቱ የተከሰተው በምን ዓይነት የቴክኒክ ችግር ነው?"
comprehension|80#2,comprehension,,daily_life,"ንባቡን መሠረት በማድረግ ጥያቄውን መልስ።

Context:
በሰኔ ፲፭ ቀን በወሎ ሸገር የአየር መንገድ አገልግሎት አዲስ የሀገር ውስጥ በረራ መስመር ከባሌ ከተማ ወደ ዞሬ ከተማ መጀመሩ ተነግሯል። የድርጅቱ የሥራ አስፈፃሚ ወይዘሮ አልማዝ አዲስ መስመሩ ለቱሪስቶችና ለነጋዴዎች ትልቅ ዕድል እንደሚፈጥር በሥነ ሥርዓት ላይ ተናግራለች። በየሳምንቱ አራት ጊዜ የሚደረጉት እነዚህ በረራዎች በጠዋት በሰባት ሰዓትና በምሽት በዐሥራ ሁለት ሰዓት መከናወን እንደሚጀምሩ ተገልጿል። የአየር መንገዱ የጥበቃ ክፍል በበረራው ወቅት ለተሳፋሪዎች ምቹና አስተማማኝ አገልግሎት ለመስጠት ዝግጁ መሆኑን አረጋግጧል። አዲሱ የበረራ መስመር በጠቅላላው በሁለት መቶ አዲስ ተሳፋሪዎችን በየቀኑ ማስተናገድ እንደሚችል በሪፖርቱ ተመልክቷል። የቦታው ነዋሪዎች በአየር መንገድ አገልግሎቱ መጀመር በጣም ተደስተው መሆናቸውንና የጉዞ ጊዜያቸውን እንደሚቀንሰው ገልጸዋል። የቲኬት ሽያጭ አገልግሎት በሁለቱም ከተሞች በሚገኙ የድርጅቱ ቢሮዎች በኩል መከናወኑ ተገልጿል።

አዲሱ የአየር መንገድ በረራ በሳምንት ስንት ጊዜ ይደረጋል?"
comprehension|81#0,comprehension,,daily_life,"በሚከተለው ጽሑፍ መሠረት ጥያቄውን በአጭሩ መልስ።

Context:
በአዲስ አበባ ከተማ ውስጥ በሚገኘው ትልቅ ትምህርት ቤት ውስጥ ተማሪዎች በየቀኑ ጠዋት በሰዓቱ ተሰልፈው ወደ መማሪያ ክፍላቸው ይገባሉ። መምህራን ትምህርቱን ከመጀመራቸው በፊት የክፍሉን ንጽህና እና የተማሪዎችን የደንብ ልብስ በጥንቃቄ ይመረምራሉ። ተማሪዎች ደብተራቸውን እና እስክሪብቶአቸውን ይዘው ለቀን ተቀን ትምህርታዊ ተግባራት በሙሉ ዝግጁ ይሆናሉ። ትምህርት ቤቱ ለተማሪዎች ምቹ የሆነ የመማሪያ አካባቢን ለመፍጠር በየዓመቱ አዳዲስ መጽሐፍትን እና የመማሪያ ቁሳቁሶችን ያቀርባል።

መምህራን ትምህርቱን ከመጀመራቸው በፊት ምን ምን ነገሮችን በጥንቃቄ ይመረምራሉ?"
comprehension|81#2,comprehension,,daily_life,"የተሰጠውን ጽሑፍ በጥንቃቄ ካነበብክ በኋላ የቀረበውን ጥያቄ መልስ።

ጽሑፍ፡ የአንደኛ ደረጃ ተማሪዎች በየቀኑ ከትምህርት ቤታቸው መጽሐፍት ቤት በመሄድ አዳዲስ ታሪኮችን እና ሳይንሳዊ መጽሐፍትን በማንበብ እውቀታቸውን ያሰፋሉ። መጽሐፍት ቤቱ የተረጋጋ እና ለንባብ ምቹ የሆነ ድባብ ስላለው ተማሪዎች ትኩረታቸውን ሳይሰርቅ መማር ይችላሉ። ተማሪዎች ከማንበብ በተጨማሪ በየሳምንቱ በሚዘጋጁ የውይይት መድረኮች ላይ በመሳተፍ የተማሩትን ሃሳብ ለሌሎች እንዲያካፍሉ ይበረታታሉ። ይህ ልማድ ተማሪዎች በራሳቸው የመመርመር እና የማሰብ ችሎታቸውን እንዲያሳድጉ ከፍተኛ ድጋፍ ያደርጋል።

ጥያቄ፡ ተማሪዎች በየሳምንቱ በሚዘጋጁ የውይይት መድረኮች ላይ መሳተፍ ለምን ይጠቅማቸዋል?"
comprehension|82#0,comprehension,,daily_life,"ምንባቡን ካነበብሽ በኋላ ለጥያቄው መልስ ስጪ።

Context:
በኢትዮጵያ የባህል በዓላት ወቅት ቤተሰቦች በሙሉ በአንድ ላይ በመሰብሰብ ልዩ ልዩ የሀገር ውስጥ ምግቦችን በማዘጋጀት በደስታ ይከብራሉ። በተለይም በእንቁጣጣሽ በዓል ወቅት አዲስ ዓመትን ለመቀበል በየቤቱ የቆሎ እና የፈሳሽ ምግቦች በብዛት ይዘጋጃሉ። ልጆች አዳዲስ ልብሶችን ለብሰው በጎዳና ላይ እየተዘዋወሩ በደስታ ሲጫወቱና ሲዘምሩ ይታያሉ። ጎረቤቶችም እርስ በርሳቸው በሰላምታና በምግብ በመለዋወጥ የፍቅርና የአንድነት መንፈስ በሰፈነበት ሁኔታ ያሳልፋሉ። በዓሉ የሰላም፣ የፍቅር እና የአንድነት ምልክት ተደርጎ በሁሉም የኢትዮጵያ ማህበረሰቦች ዘንድ በከፍተኛ ሁኔታ ይከበራል።

በእንቁጣጣሽ በዓል ወቅት በየቤቱ በብዛት የሚዘጋጁ ምግቦች ምን ምን ናቸው?"
comprehension|82#2,comprehension,,daily_life,"ከዚህ በታች ያለውን ምንባብ አንብበህ ጥያቄውን መልስ።

Context:
በኢትዮጵያ የቡና ሥነ-ሥርዓት የዕለት ተዕለት የሕይወት አካል ከመሆኑም በላይ ለተለያዩ ማህበራዊ ግንኙነቶች ትልቅ መሠረት ነው። ቡናው በሦስት ዙር ተቀዳጅቶ ለተጋባዦች የሚቀርብ ሲሆን ይህም ለረጅም ሰዓታት የሚቆይ የውይይት ጊዜ ይሰጣል። በእያንዳንዱ ዙር ላይ እንግዳ ተጋባዦች ስለ ማህበረሰቡ ጉዳዮችና ስለ ወቅታዊ ሁኔታዎች በሰላም ይወያያሉ። ቡናው ሲፈላ የሚወጣው መዓዛና የሚቀርቡት የቆሎና የተቀቀለ ዳቦ ለሥነ-ሥርዓቱ ልዩ ውበትን ይሰጣሉ። ይህ ባህል ሰዎችን በማቀራረብና በመግባባት እንዲኖሩ በማድረግ ረገድ ከፍተኛ ሚና ይጫወታል።

የቡና ሥነ-ሥርዓት ለሰዎች ማህበራዊ ግንኙነት የሚሰጠው ጥቅም ምንድን ነው?"
comprehension|83#0,comprehension,,history,"ንባቡን መሠረት በማድረግ ጥያቄውን መልስ።

Context:
በአክሱም ግዛት ውስጥ በሚገኘው በሰሜን አቅጣጫ በኩል ባለው በታላቁ የዘንባባ ከተማ ውስጥ በዘንድሮው የሰኔ ወር በሰላሳ ቀን የተከናወነው ታላቅ የንግድ በዓል በሰላሳ አምስት የንግድ ድርጅቶች ተካፍሎ ተጠናቋል። በከተማዋ የንግድ ማዕከል ውስጥ በነበረው ትልቅ አዳራሽ ውስጥ በታዋቂው የንግድ መሪ አቶ በቀለ ተስፋዬ መሪነት በሃምሳ የሚሆኑ የውጭ አገር ነጋዴዎች በሰላም ተገኝተዋል። እነዚህ ነጋዴዎች ከሩቅ በሆነው ከዝቅተኛው የደቡብ ሸለቆ ተነስተው በሃያ አምስት የቀን ጉዞ በብዙ የገንዘብ መጠኖች የተከለሉ ንብረቶችን ይዘው መጥተዋል። በበዓሉ ወቅት በከተማዋ የንግድ ማኅበር በኩል የተሰበሰበው ጠቅላላ የገቢ መጠን በአንድ ሚሊዮን ሰባት መቶ ሺህ የነሐስ ሳንቲሞች መሆኑን የንግድ ምክር ቤቱ አዋጅ አረጋግጧል። በዓሉን ለማክበር የተዘጋጀው ትልቅ ድግስ በከተማዋ ዋናው አደባባይ ላይ በሃምሳ ሁለት ሰራተኞች ታጅቦ ለሰባት ቀናት ተከታታይነት ባለው ሁኔታ ተካሂዷል። በበዓሉ ማጠቃለያ ላይ በከተማዋ አስተዳደር በኩል ለታታሪ ነጋዴዎች በሃያ አምስት ኪሎ ግራም ወርቅ ሽልማት መሰጠቱን የከተማዋ የንግድ መዝገብ ቤት በሰነድ አረጋግጧል። ይህ ታላቅ የንግድ ዝግጅት በአክሱም ግዛት ውስጥ ያለውን የንግድ እንቅስቃሴ በከፍተኛ ደረጃ ማሳደጉን የንግድ ባለሙያዎች በሰፊው ተናግረዋል።

በዘንባባ ከተማ በዓሉን ለማክበር የተዘጋጀው ትልቅ ድግስ ለስንት ቀናት ተከታታይነት ባለው ሁኔታ ተካሂዷል?"
comprehension|83#1,comprehension,,history,"ንባቡን መሠረት በማድረግ ጥያቄውን መልስ።

Context:
በአክሱም ግዛት በስተምስራቅ በኩል በሚገኘው በታላቁ የድንጋይ ግንብ አካባቢ በታሪክ ለመጀመሪያ ጊዜ በሃያ አምስት ሰኔ ዓመተ ምህረት በአዲስ የግንባታ ፕሮጀክት ላይ ስራ ተጀምሯል። ይህ ፕሮጀክት በታዋቂው የህንፃ መሃንዲስ አቶ አበበ ካሳ የድንጋይ ግንብ ጥበቃ ማኅበር አማካኝነት በሃምሳ ሁለት መሃንዲሶች ታጅቦ እንዲከናወን ተወስኗል። በግንባታው ሂደት ውስጥ በሃያ አምስት ሺህ የሚቆጠሩ ትላልቅ ድንጋዮች ከቅርብ በሚገኘው ከሰማያዊ ተራራ ተፈልፍለው ወደ ግንባታው ቦታ እንዲመጡ ተደርጓል። የግንባታው ወጪ በአጠቃላይ በሦስት ሚሊዮን ስምንት መቶ ሺህ የነሐስ ሳንቲሞች መመዝገቡን የፕሮጀክቱ አስተባባሪ በሰጡት መግለጫ አረጋግጠዋል። በግንባታው ወቅት በስራ ላይ የዋሉት የጉልበት ሰራተኞች ቁጥር በሃምሳ ስድስት የሚደርስ መሆኑን የህንፃው ተቆጣጣሪ በሰጡት ሪፖርት ገልጸዋል። ይህ የግንባታ ስራ ሲጠናቀቅ በከተማዋ ውስጥ ያለውን የታሪክ ቅርሶች መጠበቅ አቅም በከፍተኛ ሁኔታ እንደሚጨምር የጥበቃ ማኅበሩ አባላት ተናግረዋል። በግንባታው ሂደት ውስጥ ምንም ዓይነት የጉዳት አደጋ አለመከሰቱን የደህንነት ክፍሉ በሰጠው መደበኛ መግለጫ በሰፊው አሳውቋል።

የድንጋይ ግንብ የግንባታ ፕሮጀክቱ ወጪ በአጠቃላይ ምን ያህል የነሐስ ሳንቲሞች ነው?"
comprehension|83#2,comprehension,,history,"ጽሑፉን በጥንቃቄ አንብባችሁ ጥያቄውን ከጽሑፉ በመነሳት መልሱ።

Context:
በአክሱም ግዛት ውስጥ በሚገኘው በታላቁ የውሃ ማጠራቀሚያ አካባቢ በታዋቂው የውሃ ጥበቃ ማኅበር አማካኝነት በቅርቡ አዲስ የውሃ ማከፋፈያ መስመር ተዘርግቷል። ይህ አዲስ የውሃ መስመር በታዋቂው የከተማው መሃንዲስ አቶ ዮናስ በቀለ መሪነት በሃምሳ ስድስት የቴክኒክ ባለሙያዎች ታጅቦ በሰላም ተጠናቋል። የውሃ ማከፋፈያው መስመር በከተማዋ ውስጥ ለሚገኙ በሃያ አምስት የተለያዩ ሰፈሮች በቂ የውሃ አቅርቦት እንዲኖር ታስቦ የተሰራ ነው። በፕሮጀክቱ ወቅት የተሰበሰበው ጠቅላላ የውሃ መጠን በሃያ ሺህ ሊትር መሆኑን የውሃ ማጠራቀሚያው አስተዳዳሪ በሰጡት መግለጫ አረጋግጠዋል። ይህ አዲስ የውሃ መስመር መዘርጋቱ በከተማዋ ውስጥ ለሚገኙ በሃምሳ ሁለት ትላልቅ እርሻዎች የውሃ አቅርቦትን ለማሻሻል ትልቅ ሚና ይጫወታል። በፕሮጀክቱ ማጠናቀቂያ ላይ በከተማዋ አስተዳደር በኩል ለባለሙያዎቹ በሃምሳ አምስት የብር አንቀጽ ሽልማት መሰጠቱን የከተማው መዝገብ ቤት አረጋግጧል። ይህ ታላቅ ስራ በአክሱም ግዛት ውስጥ ያለውን የውሃ አቅርቦት ችግር በከፍተኛ ደረጃ ለመቅረፍ ያለመ መሆኑን የከተማው ነዋሪዎች ገልጸዋል።

አዲሱ የውሃ ማከፋፈያ መስመር በከተማዋ ውስጥ ለስንት የተለያዩ ሰፈሮች የውሃ አቅርቦት እንዲኖር ታስቦ የተሰራ ነው?"
comprehension|84#0,comprehension,,history,"ንባቡን መሠረት በማድረግ ጥያቄውን መልስ።

Context:
የኢትዮጵያ የቀን መቁጠሪያ ከዓለም አቀፉ የዘመን አቆጣጠር ጋር ልዩነት ያለው ሲሆን ይህም በዓይነቱ ልዩ የሆነ የሰባት ዓመታት ልዩነት እንዲኖር ያደርጋል። ይህ ልዩነት በዋናነት በዘመን መጀመሪያው አቆጣጠር እና በዓይነቱ ልዩ በሆነው የኢትዮጵያ የዘመን አቆጣጠር መካከል ባለው ልዩነት ምክንያት የመጣ ነው። የኢትዮጵያ አቆጣጠር አሥራ ሁለት ወራት ሲኖሩት ውስጥ አሥራ አንድ ወራት የሰላሳ ቀናት ሲሆኑ አንድ ወር ግን የሰባት ቀናት ይኖረዋል።

በኢትዮጵያ የቀን መቁጠሪያ ውስጥ የሰባት ቀናት ብቻ ያላቸው ወር ስንት ነው?"
comprehension|84#2,comprehension,,history,"ጽሑፉን አንብበህ ጥያቄውን መልስ፡

ጽሑፍ፡ የኢትዮጵያ አቆጣጠር በወራቱ አወቃቀር እና በዓመታቱ አቆጣጠር ረገድ ከሌሎች አገራት አቆጣጠር በተለየ መልኩ የተለየ ባህሪ አለው። አሥራ ሁለት ወራት ያሉት ይህ አቆጣጠር አሥራ አንድ ወራት የሰላሳ ቀናት ሲኖሩት አንድ ወር ግን የሰባት ቀናት ይኖረዋል። ይህ ልዩ የአቆጣጠር ሥርዓት በኢትዮጵያ ውስጥ ለዘመናት ሲሠራ የቆየ ሲሆን ለባህል እና ለታሪክ ትልቅ ፋይዳ አለው።

ጥያቄ፡ በኢትዮጵያ አቆጣጠር ውስጥ ስንት ወራት የሰላሳ ቀናት ይኖራቸዋል?"
comprehension|85#0,comprehension,,history,"እባክዎን ከታች ያለውን ጽሑፍ አንብበው ለሚከተለው ጥያቄ መልስ ይስጡ።

Context:
በሃያኛው ክፍለ ዘመን ውስጥ በኢትዮጵያ አገሪቱ ውስጥ የተለያዩ የነፃነት እንቅስቃሴዎች በከፍተኛ ሁኔታ እየተካሄዱ ነበር። እነዚህ እንቅስቃሴዎች በዋነኝነት የሚያተኩሩት በሀገር ውስጥ ያለውን የፖለቲካ መዋቅር ለማሻሻልና የሕዝብን መብት ለማስከበር ነበር። ብዙ የሀገር ውስጥ መሪዎች በወቅቱ የነበሩትን ማኅበራዊ ችግሮች ለመፍታት የተለያዩ የለውጥ ሃሳቦችን ለሕዝቡ ያቀርቡ ነበር። በወቅቱ የነበሩት የትምህርት ተቋማት ለነዚህ አዳዲስ የፖለቲካ አስተሳሰቦች መፈጠር ትልቅ ሚና ተጫውተዋል። ወጣቶች በወቅቱ በነበሩት የጥናት ቡድኖች አማካኝነት ስለ ነፃነትና ስለ ሉዓላዊነት በስፋት ይወያዩ ነበር። በመሆኑም እነዚህ እንቅስቃሴዎች ለሀገሪቱ የወደፊት የፖለቲካ ጉዞ መሰረት እንዲሆኑ አድርገዋቸዋል።

በወቅቱ የነበሩት የትምህርት ተቋማት ለነፃነት እንቅስቃሴዎች መፈጠር ምን ዓይነት ሚና ተጫውተዋል?"
comprehension|85#1,comprehension,,history,"ከዚህ በታች ያለውን ምንባብ አንብበህ ጥያቄውን መልስ።

Context:
የኢትዮጵያ ነፃነት ተከታዮች በወቅቱ የነበሩትን የውጭ ተፅዕኖዎች ለመከላከል የተለያዩ ስልቶችን በመጠቀም ይንቀሳቀሱ ነበር። እነዚህ ስልቶች በሰላማዊ መንገድ መብትን የመጠየቅና በሕዝባዊ ንቅናቄዎች የመሳተፍ ዘዴዎችን ያካትታሉ። በወቅቱ የነበሩት የዜና አውታሮች ስለ እነዚህ እንቅስቃሴዎች መረጃዎችን ለሕዝቡ በማድረስ ረገድ ትልቅ ድርሻ ነበራቸው። ብዙ ሰዎች በወቅቱ በነበሩት የሕዝብ ስብሰባዎች ላይ በመገኘት ስለ ሀገራዊ አንድነትና ስለ ነፃነት ይከራከሩ ነበር። እነዚህ እንቅስቃሴዎች በወቅቱ የነበሩትን የኢኮኖሚ ችግሮች ለመቅረፍም ዓላማቸውን አቅደው ነበር። በመጨረሻም እነዚህ ጥረቶች በሀገሪቱ ውስጥ ለሚታዩት ትልልቅ ለውጦች መነሻ ሆነዋል።

የነፃነት ተከታዮች የውጭ ተፅዕኖዎችን ለመከላከል ምን ዓይነት ዘዴዎችን ይጠቀሙ ነበር?"
comprehension|85#2,comprehension,,history,"ከዚህ በታች ያለውን ምንባብ አንብበህ ጥያቄውን መልስ።

Context:
በኢትዮጵያ ታሪክ ውስጥ የነፃነት ንቅናቄዎች በሦስት ዋና ዋና ዘርፎች ላይ ትኩረት አድርገው ነበር። የመጀመሪያው ዘርፍ በሕዝብ መብትና በፍትሐዊነት ላይ ያተኮረ ሲሆን ሁለተኛው ዘርፍ ደግሞ በኢኮኖሚ ሉዓላዊነት ላይ ያተኮረ ነበር። ሦስተኛውና የመጨረሻው ዘርፍ ደግሞ በባህላዊ እሴቶችና በሀገራዊ ማንነት ላይ ትኩረት ያደረገ እንቅስቃሴ ነበር። እነዚህ ሦስት ዘርፎች እርስ በእርስ ተደጋግፈው ለታላቁ የለውጥ ሂደት ትልቅ አስተዋጽኦ አበርክተዋል። በወቅቱ የነበሩት የጥናት ማዕከላት ስለነዚህ ዘርፎች ጥልቅ ምርምር በማድረግ ለሕዝቡ ግንዛቤ ይፈጥሩ ነበር። በመሆኑም እነዚህ ሦስት ዘርፎች ለነፃነት እንቅስቃሴው ስኬት ወሳኝ ነበሩ።

የነፃነት ንቅናቄዎች በስንት ዋና ዋና ዘርፎች ላይ ትኩረት አድርገው ነበር?"
comprehension|86#1,comprehension,,history,"ይህን ምንባብ መሠረት በማድረግ ለጥያቄው መልስ ስጥ።

ምንባብ፡ በጥንታዊቷ ኢትዮጵያ ምድር የነበረችው የዳናክ አቀማመጥ ለብዙ ዘመናት ለተለያዩ ማህበረሰቦች መኖሪያ ሆና ቆይታለች። ይህ አካባቢ በከፍተኛ ሙቀት እና በገሃነም መሰል የአየር ሁኔታ የሚታወቅ ቢሆንም ለንግድ ግንኙነት ግን አመቺ ነበር። በዚያ ዘመን የነበሩ ነዋሪዎች በድንጋይ እና በእንጨት የተሰሩ ቤቶችን በመገንባት ከአየር ንብረቱ ለመከላከል ይሞክሩ ነበር። የውሃ ምንጮች በብዛት በማይገኙበት በዚህ አካባቢ የዝናብ ወቅት ለህልውናቸው በጣም ወሳኝ ነበር። ማህበረሰቡ ለዕለት ተዕለት ፍጆታው የሚጠቀመውን ምግብ ከዱር እንስሳት እና ከዱር ዕፅዋት ያገኝ ነበር። በንግድ ወቅት ደግሞ ጨው ለተለያዩ ምርቶች እንደ መለዋወጫ ገንዘብ ያገለግል ነበር። የንግድ መንገዶቹ በበረሃ ውስጥ በሰዎች ቁጥጥር ስር የነበሩና ጥንቃቄ የሚሹ ነበሩ። ይህ አካባቢ በታሪክ ውስጥ ለንግድ እና ለጉዞ ትልቅ መድረክ ሆኖ አገልግሏል።

ጥያቄ፡ በዳናክ አካባቢ የነበሩ ሰዎች ለንግድ ልውውጥ እንደ ገንዘብ የሚጠቀሙበት ነገር ምን ነበር?"
comprehension|86#2,comprehension,,history,"ንባቡን መሠረት በማድረግ ጥያቄውን መልስ።

Context:
የአክሱም ስልጣኔ የሕንፃ ጥበብ እና የድንጋይ ቅርጻ ቅርጽ ስራዎች በዓለም ላይ እጅግ አስደናቂ ከሆኑት መካከል ይመደባሉ። ታላላቅ የድንጋይ Obelisks ወይም ማማዎች በወቅቱ የነበረውን የቴክኖሎጂ ብቃት እና የጥበብ ደረጃ ያሳያሉ። እነዚህ ማማዎች ከአንድ ትልቅ ድንጋይ ላይ ተፈልፍለው የተሰሩና በጣም ረጅም ቁመት ያላቸው ናቸው። ማማዎቹን ለመቆም እና ለመትከል በወቅቱ የነበሩት ሰዎች ከፍተኛ የጉልበት እና የዕውቀት ጥበብን ተጠቅመዋል። በእያንዳንዱ ማማ ላይ የተለያዩ የጥበብ ምልክቶች እና ቅርጾች በጥንቃቄ ተቀርጸው ይገኛሉ። እነዚህ ቅርጾች ስለ ማህበረሰቡ ማህበራዊ ህይወት እና ስለ ሃይማኖታዊ እምነቶች ፍንጭ ይሰጣሉ። የድንጋይ ስራዎቹ ጥራት እና ጥንካሬ እስከ ዛሬ ድረስ ሳይበላሹ እንዲቆዩ ተደርገው ተሰርተዋል። ይህ የሕንፃ ጥበብ የአክሱምን ታላቅነት ለዓለም የሚያሳይ ትልቅ የታሪክ መዝገብ ነው።

የአክሱም ማማዎች የተሰሩት ከምን ዓይነት ቁስስ ነው?"
comprehension|87#0,comprehension,,history,"ይህን ምንባብ መሠረት በማድረግ ለጥያቄው መልስ ስጥ።

ምንባብ፡ በሃያኛው ክፍለ ዘመን መጀመሪያ ላይ በኢትዮጵያ የነበረው የንግድ እንቅስቃሴ በዋናነት በቡና ምርት እና በወርቅ ቁፋሮ ላይ የተመሠረተ ነበር። በወቅቱ የነበሩ ነጋዴዎች ከጎረቤት አገሮች ጋር በድንበር አካባቢ በሚገኙ የገበያ ማዕከላት በኩል የተለያዩ ምርቶችን ይለዋወጡ ነበር። ይህ የንግድ ሥርዓት በአገሪቱ ውስጥ የገንዘብ ዝውውር እንዲኖር እና ከተለያዩ የባህል ውጤቶች ጋር ግንኙነት እንዲፈጠር ትልቅ አስተዋጽኦ አድርጓል።

ጥያቄ፡ በሃያኛው ክፍለ ዘመን መጀመሪያ ላይ የኢትዮጵያ የንግድ እንቅስቃሴ በዋናነት በምን ላይ የተመሠረተ ነበር?"
comprehension|87#1,comprehension,,history,"እባክዎን ከታች ያለውን ጽሑፍ አንብበው ለሚከተለው ጥያቄ መልስ ይስጡ።

Context:
በዓለም አቀፍ ደረጃ የቴክኖሎጂ ለውጦች ሲከሰቱ በኢትዮጵያ የትምህርት ሥርዓት ውስጥ አዳዲስ መጽሐፍት እና የመማሪያ ቁሳቁሶች በስፋት መገኘት ጀምረዋል። በትምህርት ቤቶች ውስጥ የሚገኙ ተማሪዎች ከዚህ ቀደም ከማያውቋቸው ዓለም አቀፍ ጉዳዮች ጋር በቀላሉ እንዲገናኙ አድርጓቸዋል። ይህም ተማሪዎች ስለ ዓለም አቀፍ ክስተቶች ያላቸውን ግንዛቤ ለማሳደግ እና ሰፊ እውቀት እንዲያገኙ ከፍተኛ ዕድል ፈጥሯል።

አዳዲስ መጽሐፍት እና የመማሪያ ቁሳቁሶች መገኘት በተማሪዎች ላይ ምን ዓይነት ለውጥ አምጥቷል?"
comprehension|87#2,comprehension,,history,"እባክዎን ከታች ያለውን ጽሑፍ አንብበው ለሚከተለው ጥያቄ መልስ ይስጡ።

Context:
በኢትዮጵያ የከተማ ግንባታ ሂደት ውስጥ በሃያኛው ክፍለ ዘመን አጋማሽ ላይ አዳዲስ የመንገድ ግንባታ ፕሮጀክቶች በከፍተኛ ፍጥነት ተተብትበዋል። እነዚህ መንገዶች ከገጠር አካባቢዎች ወደ ዋና ዋና የንግድ ከተሞች ምርት እንዲጓጓዝ በማድረግ የአገሪቱን ኢኮኖሚ ለማሳደግ ታቅደው የተሰሩ ናቸው። በመሆኑም አዳዲስ መንገዶች ከተማዋ በከፍተኛ ሁኔታ እንድትስፋፋ እና የሕዝብ እንቅስቃሴ እንዲቀላጠፍ አድርገዋል።

አዳዲስ የመንገድ ግንባታ ፕሮጀክቶች የተሰሩት ለምን ዓላማ ነበር?"
comprehension|88#1,comprehension,,health,"ምንባቡን ካነበብሽ በኋላ ለጥያቄው መልስ ስጪ።

Context:
የወባ በሽታን ለመከላከል የሚረዱ የተለያዩ የጤና መከላከያ ዘዴዎች በዓለም ዙሪያ በስፋት ጥቅም ላይ ይውላሉ። ከእነዚህ ዘዴዎች መካከል በሰውነት ላይ የሚቀቡ የትንኝ መከላከያ ቅባቶች በጣም ውጤታማ ከሆኑዎቹ መካከል አንዱ ናቸው። እነዚህ ቅባቶች በቆዳ ላይ ንብርብር በመፍጠር ትንኞች ሰውነት ላይ እንዳያርፉና እንዳይነክሱ ያደርጋሉ። በተጨማሪም በቤት ውስጥ የሚገኙ የትንኝ መከላከያ መጋረጃዎች በሌሊት ጊዜ ሰዎችን ከትንኝ ንክሻ ለመጠበቅ ይረዳሉ። ሰዎች በየቀኑ እነዚህን መከላከያዎች መጠቀም የጤና ሁኔታቸውን ለማሻሻልና በሽታውን ለመቀነስ ይረዳቸዋል። እነዚህን ዘዴዎች በአግባቡ መጠቀም በጤናው ዘርፍ ትልቅ ለውጥ ለማምጣት ያስችላል።

በሰውነት ላይ የሚቀቡ የትንኝ መከላከያ ቅባቶች እንዴት ነው ሰዎችን ከትንኝ ንክሻ የሚከላከሉት?"
comprehension|88#2,comprehension,,health,"የተሰጠውን ጽሑፍ በጥንቃቄ ካነበብክ በኋላ የቀረበውን ጥያቄ መልስ።

ጽሑፍ፡ በአካባቢ ጥበቃና በጤና ዘርፍ ውስጥ የወባ በሽታን ለመቀነስ የትንኝ መራቢያ ቦታዎችን ማጥፋት ወሳኝ ተግባር ነው። የቆሙ የውሃ ጉድጓዶችና የቆሻሻ መከማቻዎች ለትንኝ መራቢያነት ምቹ ሁኔታን ስለሚፈጥሩ በጥንቃቄ መቆጣጠር ያስፈልጋል። ማህበረሰቡ የቆሻሻ አወጋገድ ስርዓቱን በማሻሻልና የቆሙ ውሃዎችን በማድረቅ የበሽታውን ስርጭት መቀነስ ይችላል። በየሳምንቱ የሚደረጉ የጽዳት ዘመቻዎች በቤት አካባቢ ያሉ የትንኝ መራቢያዎችን ለማስወገድ ትልቅ ሚና ይጫወታሉ። እነዚህን ተግባራት በቋሚነት ማከናወን በጤናው ላይ የሚታየውን የወባ በሽታ ስጋት በከፍተኛ ሁኔታ ይቀንሰዋል። በጤናማ አካባቢ መኖር ለሰዎች ደህንነትና ለተሻለ ጤና መሰረት ነው።

ጥያቄ፡ የቆሻሻ አወጋገድ ስርዓትን በማሻሻልና የቆሙ ውሃዎችን በማድረግ ምን አይነት ውጤት ማምጣት ይቻላል?"
comprehension|89#1,comprehension,,health,"ንባቡን መሠረት በማድረግ ጥያቄውን መልስ።

Context:
በጥቅምት ፭ ቀን በዘርባ ፕላንቴሽን ውስጥ በሚገኘው የደስታ ገበታ ማዕከል ውስጥ አዲስ የእናቶች እና ህጻናት ክትትል ማዕከል ተከፍቷል። ይህ ማዕከል በወይዘሮ መቅደስ አበበ መሪነት በ፲፭ የጤና ባለሙያዎች አማካኝነት በየቀኑ ለ፳ እናቶች የጤና ምክር ለመስጠት ተዘጋጅቷል። ማዕከሉ ለእናቶች በነጻ የደም ምርመራ እና የሽንት ምርመራ አገልግሎቶችን በመስጠት የጤና ሁኔታቸውን በቅርብ ለመከታተል ይሰራል። በዘንድሮው ዓመት ማዕከሉ በድምሩ ፭፻፳ እናቶችን ለማገልገል እና ለ፳፬ ወራት የሚቆይ የክትትል ፕሮግራም ለመተግበር አቅዷል። የጤና ማዕከሉን ግንባታ ለማጠናቀቅ ከሀገር ውስጥ ባለሀብቶች ፯፻፻፵፬ ብር የገንዘብ ድጋፍ ተገኝቷል። ማዕከሉ በየሳምንቱ ቅዳሜ እና እሁድ ለወላጆች ልዩ የሥነ-ተዋልዶ ጤና ትምህርት የመስጠት ተግባር እንዲኖረው ተወስኗል። በቅርቡ በከተማዋ ውስጥ ለሚገኙ እናቶች የቤት ለቤት ጉብኝት የሚያደርጉ ፭ ልዩ የጤና ቡድኖች እንደሚመደቡም ታውቋል።

የደስታ ገበታ ማዕከል በየሳምንቱ ቅዳሜ እና እሁድ ለወላጆች ምን ዓይነት ትምህርት ይሰጣል?"
comprehension|90#0,comprehension,,health,"ጽሑፉን በጥንቃቄ አንብባችሁ ጥያቄውን ከጽሑፉ በመነሳት መልሱ።

Context:
ጤናማ የአመጋገብ ስርዓት በሰውነታችን ውስጥ ያሉ ንጥረ ነገሮች በትክክል እንዲሰሩ እና በሽታ የመከላከል አቅማችን እንዲጨምር ከፍተኛ አስተዋጽኦ ያደርጋል። ሰውነታችን በየቀኑ የሚያስፈልጉትን ቫይታሚኖች እና ማዕድናት ከምግብ አማካኝነት እንዲያገኝ የተለያዩ የምግብ አይነቶችን በተመጣጣኝ ሁኔታ መመገብ በጣም አስፈላጊ ነው። በተለይም አትክልቶች እና ፍራፍሬዎች በውስጣቸው በከፍተኛ መጠን የፋይበር እና የቪታሚን ይዘት ስላላቸው ለምግብ መፈጨት ስርዓት መስተካከል ትልቅ ጥቅም ይሰጣሉ።

አትክልቶች እና ፍራፍሬዎች ለምግብ መፈጨት ስርዓት መስተካከል ያላቸው ጥቅም ምንድን ነው?"
comprehension|90#1,comprehension,,health,"ንባቡን መሠረት በማድረግ ጥያቄውን መልስ።

Context:
ፕሮቲኖች ለሰውነታችን ጡንቻዎች ግንባታ እና ለሴሎች እድገት እጅግ አስፈላጊ የሆኑ ንጥረ ነገሮች በመሆናቸው በየቀኑ በምግባችን ውስጥ መካተት አለባቸው። ጥራጥሬዎች እና የእንስሳት ተዋጽኦዎች እንደ ዋና የፕሮቲን ምንጮች በመታወቅ ለሰውነት ጥንካሬን ለመስጠት እና የሰውነት ክፍሎችን ለመጠገን ይረዳሉ። ሰውነታችን በቂ ፕሮቲን ካላገኘ የጡንቻ መዳከም እና የሰውነት መዝለል ሊከሰት ስለሚችል የምግብ ምርጫችንን በጥንቃቄ ማድረግ ይኖርብናል።

ሰውነታችን በቂ ፕሮቲን ካላገኘ ምን ዓይነት ችግር ሊያጋጥመው ይችላል?"
comprehension|90#2,comprehension,,health,"ምንባቡን ካነበብሽ በኋላ ለጥያቄው መልስ ስጪ።

Context:
ውሃ በሰውነታችን ውስጥ ያለውን የፈሳሽ መጠን ለመጠበቅ እና መርዛማ ነገሮች በሽንት አማካኝነት እንዲወገዱ ለማድረግ ወሳኝ የሆነ ሚና ይጫወታል። በቂ ውሃ አለመጠጣት የራስ ምታት፣ የድካም ስሜት እና የቆዳ መድረቅን የመሰሉ የጤና እክሎች እንዲከሰቱ ምክንያት ሊሆን ይችላል። ስለዚህ በየቀኑ በቂ መጠን ያለው ንጹህ ውሃ መጠጣት ለጠቅላላው የሰውነት ጤና እና ለተስተካከለ የሰውነት ስራ እጅግ አስፈላጊ ነው።

በቂ ውሃ አለመጠጣት ለምን ዓይነት የጤና እክሎች ምክንያት ሊሆን ይችላል?"
comprehension|91#0,comprehension,,health,"ይህን ምንባብ መሠረት በማድረግ ለጥያቄው መልስ ስጥ።

ምንባብ፡ በሰኔ ፲፪ ቀን በታላቁ አባይ ከተማ በሚገኘው የዘርጋላ ማህበር መድረክ ላይ የጤና ባለሙያው አቶ በቀለ ተከታታይ የንጽህና አጠባበቅ ስልጠናዎችን ሰጥተዋል። ይህ ስልጠና በከተማዋ ውስጥ ለሚገኙ ፬፻ሃምሳ አምስት ቤተሰቦች በነጻ እንዲሰጥ ተደርጎ በታላቁ የጤና ድርጅት በጀት የተዘጋጀ ነው። አቶ በቀለ በንግግራቸው ወቅት እጅን በሳሙና መታጠብ ከተመረመሩ በሽታዎች ለመከላከል ያለውን ከፍተኛ ፋይዳ ለከተማዋ ነዋሪዎች በዝርዝር አብራርተዋል። ስልጠናው በዋናነት ትኩረት ያደረገው በቤት ውስጥ በሚገኙ የፍሳሽ ማስወገጃ ዘዴዎች እና በንጹህ ውሃ አጠቃቀም ላይ መሆኑን የድርጅቱ ፀሐይነት ተናግራለች። በስልጠናው ማጠቃለያ ላይ ለተሳታፊዎች ፪፻ አዲስ የሳሙና ፓኬቶች እና የጽዳት መሣሪያዎች በስጦታ ተበርክተዋል።

ጥያቄ፡ አቶ በቀለ ለነዋሪዎች የሰጡት ስልጠና በዋናነት ትኩረት ያደረገው በምን ጉዳዮች ላይ ነው?"
comprehension|91#1,comprehension,,health,"ምንባቡን ካነበብሽ በኋላ ለጥያቄው መልስ ስጪ።

Context:
በነሐሴ ፭ ቀን በወንጌል ከተማ በሚገኘው የሰላም ተስፋ ትምህርት ቤት ውስጥ የንጽህና ዘመቻ በታላቅ ድምቀት ተካሂዷል። የትምህርት ቤቱ ዳይሬክተር ወይዘሮ አልማዝ በዝግጅቱ ላይ እንደገለጹት ለ፪፻ ሰማንያ ተማሪዎች ስለ ምግብ አዘገጃጀት ንጽህና ሰፊ ግንዛቤ ተሰጥቷል። በዘመቻው ወቅት በከተማዋ ውስጥ የሚገኙ ፲፭ አዳዲስ የሽንት ቤት መሠረተ ልማቶች እንዲገነቡ በልማት ኮሚቴው በኩል በጀት ተፈቅዷል። ተማሪዎቹ በቡድን በመከፋፈል የትምህርት ቤቱን ግቢ እና የአካባቢውን መንገድ በሳሙና እና በፀረ-ተባይ ኬሚካሎች እንዲያጸዱ ተደርጓል። ይህ ታላቅ የንጽህና እንቅስቃሴ በከተማዋ የጤና ሁኔታ ላይ አዎንታዊ ለውጥ እንደሚያመጣ የጤና ጣቢያው ዶክተር አበበ ተስፋ ሰጥተዋል።

በወንጌል ከተማ ትምህርት ቤት ውስጥ ለተማሪዎቹ ስለ ምን ዓይነት ንጽህና ሰፊ ግንዛቤ ተሰጥቷል?"
comprehension|92#0,comprehension,,health,"እባክዎን ከታች ያለውን ጽሑፍ አንብበው ለሚከተለው ጥያቄ መልስ ይስጡ።

Context:
በአባይ ሸለቆ የጤና ጥበቃ መሥሪያ ቤት በሰኔ ፲፪ ቀን በወጣው መግለጫ መሠረት በዞኑ ለሚገኙ ሕፃናት አዲስ የክትባት መርሃ ግብር ተጀምሯል። የዞኑ የጤና ባለሙያ አቶ በቀለ ተስፋዬ እንደገለጹት ይህ መርሃ ግብር በጠቅላላው አምስት መሠረታዊ በሽታዎችን ለመከላከል ታስቦ የተዘጋጀ ነው። በክልሉ በሚገኙ አራት ዋና ዋና ከተሞች ውስጥ በቁጥር ፳፭ የጤና ጣቢያዎች ለክትባት አገልግሎት እንዲሰጡ ተደርገዋል። የክትባት መርሃ ግብሩ በየቀኑ ከጠዋት እስከ ቀኑ ስምንት ሰዓት ድረስ ለወላጆች ክፍት ሆኖ እንዲቆይ ተደርጓል። በዘንድሮው ዓመት በዞኑ ውስጥ የሚኖሩ ፭፻፳ አዳዲስ ሕፃናትን ለመድረስ መሥሪያ ቤቱ ከፍተኛ ዝግጅት አድርጓል። የክትባት መድኃኒቶቹ ከዋናው የመድኃኒት ማከማቻ መጋዘን በታላቅ ጥንቃቄ ተጭነው ወደ ተለያዩ ገጠራማ መንደሮች ተልከዋል። ወላጆች ልጆቻቸውን ወደ ቅርብ የጤና ጣቢያ በመውሰድ በነፃ ማግኘት እንደሚችሉ መሥሪያ ቤቱ አሳስቧል። ይህ አዲስ የጤትና መርሃ ግብር በክልሉ ያለውን የሕፃናት ሞት መጠን በከፍተኛ ሁኔታ ለመቀነስ ይረዳል።

በአባይ ሸለቆ የጤና ጥበቃ መሥሪያ ቤት በሰኔ ፲፪ ቀን ባወጣው መግለጫ መሠረት የክትባት መርሃ ግብሩ ለምን ተዘጋጀ?"
comprehension|92#1,comprehension,,health,"የተሰጠውን ጽሑፍ በጥንቃቄ ካነበብክ በኋላ የቀረበውን ጥያቄ መልስ።

ጽሑፍ፡ በወንጌል ከተማ የሚገኘው የሰላም ማኅበረሰብ የጤና ማዕከል በኅዳር ፭ ቀን አዲስ የክትባት ዘመቻ መጀመሩን አስታውቋል። የማዕከሉ የሥራ አስኪያጅ ወይዘሮ አልማዝ አበበ እንደገለጹት ይህ ዘመቻ በከተማዋ ውስጥ ለሚገኙ ፲፪ ዓመት እና ከዚያ በታች ለሆኑ ሕፃናት ብቻ የተዘጋጀ ነው። በዘመቻው ወቅት በጠቅላላው ፪ ሺህ ፪፻ ፵ አዳዲስ ክትባቶች ለሕፃናት እንዲሰጡ ታቅዷል። የጤና ባለሙያዎች በየሳምንቱ ቅዳሜ እና እሁድ ልዩ የክትባት አገልግሎት ለመስጠት በዝግጅት ላይ ይገኛሉ። በዘመቻው ወቅት የሚሰጡት ክትባቶች ለተለያዩ የቫይረስ በሽታዎች መከላከል ከፍተኛ ጠቀሜታ እንዳላቸው ባለሙያዎቹ ገልጸዋል። ማዕከሉ ለክትባት አገልግሎት የሚውሉ መሣሪያዎችን ከቅርብ ከተማ በቁጥር ፳ አዳዲስ ማቀዝቀዣዎች አቅርቧል። ወላጆች ልጆቻቸውን ሲያመጡ የክትባት ካርድ መያዝ እንዳለባቸው ማዕከሉ በሰፊው አሳስቧል። ይህ ዘመቻ እስከ ታኅሣሥ መጨረሻ ድረስ በከተማዋ ውስጥ በሁሉም የጤና ጣቢያዎች ተጠናክሮ እንደሚቀጥል ተገልጿል።

ጥያቄ፡ በወንጌል ከተማ የሰላም ማኅበረሰብ የጤና ማዕከል በኅዳር ፭ ቀን የጀመረው የክትባት ዘመቻ ለየትኛው የዕድሜ ክልል የተዘጋጀ ነው?"
comprehension|92#2,comprehension,,health,"ጽሑፉን በጥንቃቄ አንብባችሁ ጥያቄውን ከጽሑፉ በመነሳት መልሱ።

Context:
በደቡብ አውራጃ የሚገኘው የጥቁር አባይ የጤና ማኅበር በጥር ፳ ቀን በሰጠው መግለጫ መሠረት አዲስ የክትባት መረጃ አቅርቧል። በዘንድሮው የክትባት ዘመቻ ወቅት በክልሉ ውስጥ ፯ ሺህ ፪ ፻ ፳ አዳዲስ ሕፃናት ክትባት ማግኘት እንደቻሉ መረጃው ያሳያል። የጤና ማኅበሩ ዶክተር አበበ ካሳ የክትባት መርሃ ግብሩ ስኬታማ እንዲሆን በየመንደሩ የጤና አምላኪዎችን ማሰማራት እንደሚያስፈልግ ገልጸዋል። በክልሉ ውስጥ የሚገኙ ፲፭ የጤና ጣቢያዎች ለክትባት አገልግሎት የሚያስፈልጋቸውን መድኃኒት በሙሉ አግኝተዋል። የክትባት መድኃኒቶቹ በ፪ ሺህ ፳፯ ዓመት መጀመሪያ ላይ በከፍተኛ ሁኔታ እንዲታደሱ መሥሪያ ቤቱ አቅዷል። በክልሉ ውስጥ የሚገኙ ወላጆች ልጆቻቸውን በነፃ እንዲያስከትቡ ለማድረግ ልዩ የማስተዋወቂያ መርሃ ግብሮች ተጀምረዋል። የክትባት አገልግሎቱ በየቀኑ ከጠዋት እስከ ምሽት ድረስ በሁሉም የጤና ጣቢያዎች እንዲሰጥ ተደርጓል። ማኅበሩ በክትባት ወቅት የሚከሰቱ ጥቃቅን የጎንዮሽ ጉዳቶችን ለመከታተል ልዩ የጤና ቡድን መድቧል።

በደቡብ አውራጃ የጥቁር አባይ የጤና ማኅበር መረጃ መሠረት በዘንድሮው የክትባት ዘመቻ ውስጥ በክልሉ ውስጥ ክትባት ያገኙ ሕፃናት ብዛት ስንት ነው?"
comprehension|93#1,comprehension,,health,"ምንባቡን ካነበብሽ በኋላ ለጥያቄው መልስ ስጪ።

Context:
በመንገድ ላይ ሲጓዙ አንድ ሰው በድንገት ራሱን ስቶ ከወደቀ መጀመሪያ የአተነፋፈስ ሁኔታውን በጥንቃቄ ማረጋገጥ እጅግ አስፈላጊ የሆነ ተግባር ነው። ሰውየው እየተነፈሰ ከሆነ በጎን በኩል እንዲተኛ በማድረግ የአተነፋፈስ መስመሩ እንዳይዘጋ መከላከል ይቻላል። ነገር ግን ሰውየው ምንም ዓይነት ትንፋሽ የማይታይበት ከሆነ በአስቸኳይ የድንገተኛ አደጋ አገልግሎትን በመጥራት የህክምና እርዳታ ማግኘት ያስፈልጋል።

ሰውየው ምንም ዓይነት ትንፋሽ የማይታይበት ከሆነ መደረግ ያለበት የመጀመሪያ እርምጃ ምንድን ነው?"
comprehension|93#2,comprehension,,health,"በሚከተለው ጽሑፍ መሠረት ጥያቄውን በአጭሩ መልስ።

Context:
ከባድ የደም መፍሰስ በሚኖርበት ጊዜ ደሙ እንዲቆም ለማድረግ ንጹህ ጨርቅ በመጠቀም በቁስሉ ላይ ጠንከር ያለ ጫና ማድረግ ይገባል። ደሙ ጨርቁን ውስጥ ዘልቆ ከገባ የቆየውን ጨርቅ ሳይነኩ አዲስ ንጹህ ጨርቅ በላዩ ላይ መጨመር ለደህንነት የተሻለ ነው። ደም መፍሰሱ ካልቆመ ወይም ሰውየው መቅዘፍ ካሳየ በአቅራቢያ ወደሚገኝ የጤና ጣቢያ በፍጥነት መሄድ ያስፈልጋል።

በደም መፍሰስ ወቅት የቆየ ጨርቅ ሳይነኩ አዲስ ጨርቅ መጨመር ለምን ያስፈልጋል?"
comprehension|94#0,comprehension,,science,"ምንባቡን ካነበብሽ በኋላ ለጥያቄው መልስ ስጪ።

Context:
በሰኔ ፲፪ ቀን በወንጌል ከተማ የሚገኘው የሰማይ አየር ምርምር ማዕከል አዲስ የዝናብ መረጃ አሳውቋል። የከተማዋ የአየር ሁኔታ ተመራማሪ አቶ በቀለ ተሰማ እንደገለጹት በቅርቡ ከፍተኛ የውሃ ትነት በደቡብ ተራራማ አካባቢዎች ይከሰታል። ይህ ሂደት በፀሐይ ሙቀት ምክንያት ከወንዞች ወደ ላይኛው አየር ክፍል በመውጣት ደመና እንዲፈጠር ያደርጋል። በሰሜን ሸዋ አካባቢ የሚገኙት የውሃ አካላት በከፍተኛ ሁኔታ እየተቀየሩ መሆናቸውን ማዕከሉ በዝርዝር አብራርቷል። የዝናብ ጠብታዎች ወደ መሬት ለመመለስ በሚደረገው ጉዞ ውስጥ ከፍተኛ የንፋስ ፍጥነት እንደሚታይ ተገልጿል። ይህ ተፈጥሯዊ የውሃ ዝውውር በክልሉ ለሚገኙ አርሶ አደሮች ትልቅ ተስፋን እየሰጠ ይገኛል።

በወንጌል ከተማ የሚገኘው የአየር ምርምር ማዕከል እንደገለጸው ደመና እንዲፈጠር የሚያደርገው ዋናው ሂደት ምንድን ነው?"
comprehension|95#0,comprehension,,science,"ጽሑፉን በጥንቃቄ አንብባችሁ ጥያቄውን ከጽሑፉ በመነሳት መልሱ።

Context:
በሰኔ ፲፪ ቀን በወንጌል አረንጓዴ ተክል ማዕከል ውስጥ የተካሄደው ምርምር እፅዋት ለምግብ የሚያዘጋጁበትን ሂደት በዝርዝር ያሳያል። የጥናት ቡድኑ መሪ የሆኑት ዶክተር አበበ በቀለ በቤተ ሙከራ ውስጥ የሰላማዊ ሰብል ተክልን በመጠቀም ለሦስት ወራት ያህል ጥልቅ ምርምር አድርገዋል። ተክሎች ከፀሐይ ብርሃን የሚመጣውን ኃይል በመጠቀም ካርቦን ዳይኦክሳይድን ወደ ስኳርነት ለመቀየር የሚያደርጉትን ሂደት በልዩ መሣሪያዎች መዝግበዋል። በዚህ ሂደት ውስጥ ክሎሮፊል የተባለው አረንጓዴ ንጥረ ነገር የፀሐይ ጨረርን ለመ absorbs ለማድረግ ወሳኝ ሚና እንደሚጫወት ተረጋግጧል። ተክሎች በውስጣቸው የሚፈጥሩት ኦክስጅን ለሌሎች ሕይወት ያላቸው ፍጥረታት መተንፈሻ እንዲሆን በከፍተኛ ሁኔታ እንደሚረዳው ጥናቱ ይገልጻል። የጥናቱ ውጤት በታላቁ የዝቅተኛ ተራራ አካባቢ በሚገኙ የእርሻ ማኅበራት ዘንድ ከፍተኛ ተቀባይነት እንዲኖረው ተደርጓል። ማዕከሉ በቀጣይ ዓመት በዚህ ሳይንሳዊ ግኝት ላይ ተመስርቶ አዳዲስ የዘር ዓይነቶችን ለማፍለቅ ትልቅ ዕቅድ አውጥቷል።

ዶክተር አበበ በቀለ ለምርምሩ የተጠቀሙት ተክል ምን ዓይነት ሂደት እንዲያካሂድ ነው የፈለጉት?"
comprehension|95#1,comprehension,,science,"ጽሑፉን በጥንቃቄ አንብባችሁ ጥያቄውን ከጽሑፉ በመነሳት መልሱ።

Context:
በአባይ ሸለቆ አቅራቢያ በሚገኘው የዘመናዊ ግብርና ማዕከል ውስጥ የብርሃን ኃይልን በመጠቀም ተክሎችን የማሳደግ ዘዴ በስኬት ተተግብሯል። የጥናቱ ተሳታፊ የሆኑት ሰባት ሳይንቲስቶች በሰኔ ፳፭ ዓ.ም በነበረው ስብሰባ ላይ የፎቶሲንተሲስ ሂደትን ለማፋጠን አዲስ ዘዴ አቅርበዋል። ይህ አዲስ ዘዴ ተክሎች በቂ የፀሐይ ብርሃን በማያገኙበት ወቅት ሰው ሰራሽ ብርሃን በመጠቀም ምግብ እንዲያመርቱ ያደርጋል። በምርምሩ ወቅት የተገኘው መረጃ እንደሚያሳየው በሰው ሰራሽ ብርሃን የታገዘው ተክል ከተለመደው በሁለት እጥፍ በፍጥነት ያድጋል። የጥናቱ ተቋራጭ የሆነው የሰማይ ሰላም ድርጅት ለዚህ ፕሮጀክት በድምሩ አምስት ሚሊዮን ብር በጀት መድቧል። ተክሎች ካርቦን ዳይኦክሳይድን በመመገብ ኦክስጅንን እንደሚያመነጩ በዝርዝር የሚያሳይ የቪዲዮ ማስረጃም ለሕዝቡ ቀርቧል። ይህ ሳይንሳዊ ስኬት በኢትዮጵያ ውስጥ ለሚገኙ አነስተኛ አርሶ አደሮች ትልቅ ተስፋን ሰጥቷል።

የሰማይ ሰላም ድርጅት ለዚህ የብርሃን ምርምር ፕሮጀክት የሰጠው የገንዘብ መጠን ስንት ነው?"
comprehension|95#2,comprehension,,science,"የተሰጠውን ጽሑፍ በጥንቃቄ ካነበብክ በኋላ የቀረበውን ጥያቄ መልስ።

ጽሑፍ፡ በአዲስ ከተማ ሳይንስ ላብራቶሪ ውስጥ የተካሄደው የሳምንት መረጃ እንደሚያሳየው ተክሎች ለዕድገታቸው የሚያስፈልጋቸውን ንጥረ ነገር ከማሳደጊያ አፈር ውስጥ ያገኛሉ። የላብራቶሪው ኃላፊ የሆኑት ወይዘሪት መዓት በቀለ በቅርቡ ባደረጉት ሙከራ የውሃ መጠን ለፎቶሲንተሲስ ሂደት ያለውን አስፈላጊነት አረጋግጠዋል። ተክሎች በሥር በኩል የሚመጣውን ውሃ ከቅጠላቸው ጋር በማዋሃድ የኃይል ምንጭ መፍጠር እንደሚችሉ በዝርዝር ተገልጿል። በዚህ ሂደት ውስጥ የፀሐይ ብርሃን ካለ ተክሎች ምግብ የማዘጋጀት አቅማቸው በከፍተኛ ሁኔታ እንደሚቀንስ ተመዝግቧል። ላብራቶሪው በየቀኑ ፳ አዳዲስ ተክሎችን በመትከል የብርሃን እና የውሃ ሚዛንን በየጊዜው ይከታተላል። የሙከራው ውጤት እንደሚያሳየው በቂ ውሃና ብርሃን ያላቸው ተክሎች ለጤናማ ዕድገት የተሻለ ጥንካሬ አላቸው። ይህ ጥናት ለወደፊቱ በከተማ ውስጥ የሚከናወኑ የአትክልት ስፍራዎችን አያያዝ ለመለወጥ ከፍተኛ አስተዋጽኦ ይኖረዋል።

ጥያቄ፡ ወይዘሪት መዓት በቀለ በሙከራቸው ወቅት የትኛውን ሁለት ነገሮች ማዋሃድ ለምግብ ምርት አስፈላጊ መሆኑን አረጋግጠዋል?"
comprehension|96#1,comprehension,,science,"ንባቡን መሠረት በማድረግ ጥያቄውን መልስ።

Context:
የሰው ልጅ የምግብ መፈጨት ሥርዓት ምግብ ወደ ጠቃሚ ንጥረ ነገሮች እንዲቀየር በማድረግ ለሰውነታችን አስፈላጊ የሆነውን ጉልበት ይፈጥራል። የምግብ መፈጨት ሂደት በአፍ ውስጥ በሚከናወን ማኘክ ይጀምራል ከዚያም ምግብ ወደ ጨጓራ በመሄድ በኬሚካላዊ ሂደት ይፈጫል። በዚህ ሂደት ውስጥ የሚፈጠሩ ንጥረ ነገሮች በትንንሽ አንጀት አማካኝነት ወደ ደም ውስጥ በመግባት ለሰውነት ክፍሎች በሙሉ እንዲሰራጩ ይደረጋል።

የምግብ መፈጨት ሂደት በምን ዓይነት የሰውነት ክፍል ውስጥ በኬሚካላዊ ሂደት ይፈጫል?"
comprehension|96#2,comprehension,,science,"ንባቡን መሠረት በማድረግ ጥያቄውን መልስ።

Context:
የሰውነታችን የአጥንት ሥርዓት የሰውነት ክፍሎችን ሁሉ ደግፎ በመያዝ ሰውነታችን የተስተካከለ ቅርጽ እንዲኖረው እና እንዲንቀሳቀስ ይረዳል። አጥንቶች በውስጣቸው ያሉትን የደም ሴሎች በማምረት ለሰውነታችን አስፈላጊ የሆነውን የደም መተኪያ ቁሳቁስ በየጊዜው ያቀርባሉ። በተጨማሪም አጥንቶች እንደ አእምሮ እና ልብ ያሉ ለሰውነታችን እጅግ በጣም ስስ እና አስፈላጊ የሆኑ የውስጥ አካላትን ከጉዳት ለመከላከል ያገለግላሉ።

አጥንቶች እንደ አእምሮ እና ልብ ያሉ ስስ የሆኑ የውስጥ አካላትን ከጉዳት ለመከላከል እንዴት ይረዳሉ?"
comprehension|97#0,comprehension,,science,"ይህን ምንባብ መሠረት በማድረግ ለጥያቄው መልስ ስጥ።

ምንባብ፡ በኢትዮጵያ ውስጥ የሚገኙ ትላልቅ የውሃ ተርባይኖች በዓባይ ወንዝ ላይ በሚገነቡት ግድቦች አማካኝነት ከፍተኛ የኤሌክትሪክ ኃይል ለማመንጨት ትልቅ ሚና ይጫወታሉ። እነዚህ ግድቦች የውሃውን ፍሰት በመቆጣጠር በከፍተኛ ፍጥነት ወደ ተርባይኖች እንዲፈስ በማድረግ የሜካኒካል ኃይልን ወደ ኤሌክትሪክ ኃይል ይቀይራሉ። የኤሌክትሪክ ኃይል ማመንጫ ጣቢያዎች ይህንን የተፈጠረ ኃይል ወደ ትናንሽ መስመሮች በመቀየር ለከተሞችና ለገጠር መንደሮች እንዲደርስ ያደርጋሉ። የኤሌክትሪክ ኃይል አቅርቦት በሀገሪቱ የኢንዱስትሪ እድገትና በዜጎች የዕለት ተዕለት ሕይወት ላይ ከፍተኛ ተጽዕኖ የማሳደር አቅም አለው። በኃይል ማመንጫ ጣቢያዎች ውስጥ የሚገኙ ማመንጫዎች የኤሌክትሮማግኔቲክ መርሆን በመጠቀም የኤሌክትሪክ ፍሰትን በቋሚነት ያመነጫሉ። ይህ የኃይል ምንጭ ለአካባቢ ጥበቃ ተስማሚና በታዳሽ የኃይል ምንጮች ዘርፍ ውስጥ ዋነኛው አማራጭ ነው።

ጥያቄ፡ የኤሌክትሪክ ኃይል ማመንጫ ጣቢያዎች የኤሌክትሪክ ኃይልን ወደ ትናንሽ መስመሮች በመቀየር ለየትኞቹ አካባቢዎች እንዲደርስ ያደርጋሉ?"
comprehension|97#1,comprehension,,science,"ንባቡን መሠረት በማድረግ ጥያቄውን መልስ።

Context:
የፀሐይ ብርሃን ኃይልን ወደ ኤሌክትሪክ ለመቀየር የሚያገለግሉ የፀሐይ ፓነሎች በኢትዮጵያ ደጋማ ቦታዎች ላይ በስፋት ሊተገበሩ የሚችሉ የኃይል ምንጮች ናቸው። እነዚህ ፓነሎች የፀሐይ ጨረርን በቀጥታ በመቀበል በውስጣቸው ባሉ ሴልስ አማካኝነት የኤሌክትሪክ ፍሰት እንዲፈጠር ያደርጋሉ። የፀሐይ ኃይል አጠቃቀም በከፍተኛ ሁኔታ ሲጨምር በሀገሪቱ ውስጥ የሚታየውን የከሰልና የነዳጅ ፍጆታ በከፍተኛ ደረጃ ለመቀነስ ይረዳል። የፀሐይ ፓነሎች ምንም ዓይነት የጭስ ወይም የብክለት ውጤት ስለማያመነጩ ለተፈጥሮ አካባቢ እጅግ በጣም ምቹ ናቸው። በየዓመቱ የሚመጣውን የፀሐይ ብርሃን መጠን በመጠቀም በኤሌክትሪክ ኃይል እጥረት ምክንያት የሚፈጠሩ ችግሮችን ለመቅረፍ ይቻላል። የፀሐይ ኃይል ቴክኖሎጂን መጠቀም ለረጅም ጊዜ የሚቆይና አስተማማኝ የኃይል አቅርቦት ለማግኘት ትልቅ ዕድል ይሰጣል።

የፀሐይ ፓነሎች ምንም ዓይነት የጭስ ወይም የብክለት ውጤት ስለማያመነጩ ለምን ለተፈጥሮ አካባቢ ምቹ ናቸው?"
comprehension|97#2,comprehension,,science,"በሚከተለው ጽሑፍ መሠረት ጥያቄውን በአጭሩ መልስ።

Context:
የኤሌክትሪክ ሽቦዎችና የኤሌክትሪክ መሣሪያዎች ደህንነትን ለመጠበቅ በቤት ውስጥ የሚደረጉ ጥንቃቄዎች እጅግ በጣም አስፈላጊና ወሳኝ ተግባራት ናቸው። የኤሌክትሪክ ሽቦዎች ሲቆረጡ ወይም ሲላጡ ሊከሰት የሚችለውን የኤሌክትሪክ ንዝረት ለመከላከል አዳዲስ ሽቦዎችን መጠቀም ያስፈልጋል። በቤት ውስጥ የሚገኙ የኤሌክትሪክ ሶኬቶች ላይ ከአቅም በላይ የሆነ የኤሌክትሪክ ጫና አለመፍጠር ለቤት ደህንነት ትልቅ ዋጋ አለው። የኤሌክትሪክ መሣሪያዎችን በውሃ አካባቢ ወይም እርጥበት ባላቸው ቦታዎች ላይ አለመጠቀም ለድንገተኛ አደጋዎች መጋለጥን ይቀንሳል። የኤሌክትሪክ መቆጣጠሪያዎችና መከላከያዎች በትክክል መሥራታቸውን በየጊዜው መፈተሽ ለቤተሰብ ሰላምና ለንብረት ጥበቃ ይረዳል። በኤሌክትሪክ አያያዝ ወቅት የሚደረጉ ስህተቶች ከፍተኛ የቃጠሎ ወይም የቤት እሳት አደጋዎችን ሊያስከትሉ እንደሚችሉ ማወቅ ያስፈልጋል።

በቤት ውስጥ የሚገኙ የኤሌክትሪክ ሶኬቶች ላይ ከአቅም በላይ የሆነ የኤሌክትሪክ ጫና አለመፍጠር ለምን አስፈላጊ ነው?"
comprehension|99#0,comprehension,,science,"ከዚህ በታች ያለውን ምንባብ አንብበህ ጥያቄውን መልስ።

Context:
በየቀኑ የምንጠቀማቸው የቤት ውስጥ የጽዳት ሳሙናዎች በውስጣቸው ያሉ ኬሚካሎች በቆሻሻ ላይ ያለውን ውኃ የመሳብ አቅም በመጨመር ቅባትን በቀላሉ እንዲወገድ ያደርጋሉ። እነዚህ ንጥረ ነገሮች በውኃ እና በዘይት መካከል ያለውን ትስስር በማጥፋት የቆሻሻውን ቅንጣት በውኃ ውስጥ እንዲበተን በማድረግ ንጽህናን ይፈጥራሉ። ሳሙናው በውኃ ላይ ሲቀላቀል ትናንሽ ክበቦችን በመፍጠር በውስጣቸው ቅባትን በመያዝ ወደ ውኃው እንዲፈስ ያደርገዋል።

ሳሙና በውኃ ላይ ሲቀላቀል ቅባትን እንዴት ይይዛል?"
comprehension|99#1,comprehension,,science,"ከዚህ በታች ያለውን ምንባብ አንብበህ ጥያቄውን መልስ።

Context:
የምግብ መቅመሻ ጨው በኬሚካዊ ስሙ ሶዲየም ክሎራይድ የሚባለው ሲሆን ይህ ንጥረ ነገር በውስጡ ሶዲየም እና ክሎሪን የተባሉ ሁለት ንጥረ ነገሮችን በአንድ ላይ ይይዛል። ጨው በምግብ ውስጥ ጣዕምን ለመጨመር የሚያገለግል ቢሆንም በከፍተኛ መጠን ከተወሰደ ግን በሰውነታችን ውስጥ ያለውን የውኃ መጠን በማዛባት ለጤና ችግር ሊዳርግ ይችላል። ይህ ነጭ ቅንጣት በፈሳሽ ውስጥ ሲሟሟ በንጥረ ነገሮቹ መካከል ያለው ትስስር ተበላሽቶ ሙሉ በሙሉ ይበክላል።

ጨው በከፍተኛ መጠን ከተወሰደ በሰውነታችን ላይ ምን ዓይነት ተጽዕኖ ሊያሳድር ይችላል?"
comprehension|100#0,comprehension,,agriculture,"ንባቡን መሠረት በማድረግ ጥያቄውን መልስ።

Context:
በሰኔ ፲፪ ቀን በታላቁ አባይ ሸለቆ ውስጥ በሚገኘው አረንጓዴ መሬት እርሻ ማህበር አዲስ የጤፍ ምርት ማሳ ላይ ሰባት ሺህ ሄክታር መሬት በዘመናዊ ዘዴ መዝራት ተጀምሯል። የዚህ ትልቅ ፕሮጀክት መሪ የሆኑት አቶ በቀለ ተስፋዬ እንደገለጹት ይህ እርሻ በዓመት በአማካይ አምስት መቶ ቶን ምርት ለማቅረብ ታቅዶ የተዘጋጀ ነው። ማህበሩ ለዚህ ስራ የሚያስፈልጉትን ዘሮች ከደቡብ ዞን በሚገኘው የጥቁር አሸዋ የዘር ማከማቻ ውስጥ በከፍተኛ ዋጋ ገዝቶ አቅርቧል። በአዲሱ የልማት እቅድ መሰረት በየዓመቱ ሁለት ጊዜ ምርት በማምረት የአካባቢውን የኢኮኖሚ ሁኔታ ለማሻሻል ከፍተኛ ጥረት ይደረጋል። ሰራተኞች በሙሉ በዘመናዊ ማሽኖች የታገዘ የፋብሪካ ስራ እንዲጀምሩ በቅርቡ ስልጠና እንዲወስዱ በድርጅቱ ውሳኔ ተላልፏል።

የአረንጓዴ መሬት እርሻ ማህበር በየዓመቱ ምን ያህል ምርት ለማቅረብ አቅዶ ተነሳ?"
comprehension|100#1,comprehension,,agriculture,"ጽሑፉን በጥንቃቄ አንብባችሁ ጥያቄውን ከጽሑፉ በመነሳት መልሱ።

Context:
በሰኔ ፳፭ ዓመተ ምህረት በሰሜን ኮረብታማ ተራራማ አካባቢ በሚገኘው የሰማያዊ ሰማይ ገበሬዎች ማህበር ውስጥ አዲስ የጥራጥሬ ምርት ስርጭት ተጀምሯል። የዚህ ማህበር ሰብሳቢ የሆኑት ወይዘሮ አልማዝ በሰኔ ፳፮ ቀን ለገበሬዎች የገበያ መረጃ በመስጠት በዝቅተኛ ዋጋ ጥራቱን የጠበቀ ገብስ እንዲሸጡ አሳስበዋል። ማህበሩ ለገበሬዎቹ በነጻ የሚያከፋፍለው የሰብል መከላከያ መድኃኒት በጠቅላላው ስምንት መቶ ሊትር ሲሆን ይህም ለሁለት መቶ አርሶ አደር ተበርክቷል። በአካባቢው የሚገኙት የጥራጥሬ ምርቶች በሙሉ በሰሜን ኮረብታማ ገበያ ውስጥ በከፍተኛ ፍላጎት እየተሸጡ መሆኑን የንግድ ባለሙያዎች ገልጸዋል። ይህ ስርጭት በክልሉ ያለውን የምግብ ዋስትና ለማረጋገጥ እና የገበሬዎችን ገቢ ለመጨመር ታስቦ የተዘጋጀ ስትራቴጂ ነው።

ወይዘሮ አልማዝ ለገበሬዎች በነጻ ያከፋፈሉት የሰብል መከላከያ መድኃኒት መጠን ስንት ሊትር ነው?"
comprehension|100#2,comprehension,,agriculture,"ከሚከተለው ጽሑፍ በመነሳት ጥያቄውን መልስ።

በወርቅ አዝመራ የግብርና ምርምር ማዕከል በታቀደው መርሃ ግብር መሰረት በዘንድሮው የዝናብ ወቅት የጤፍ ምርታማነትን ለመጨመር አዲስ የዘር ዝርያ ማስተዋወቅ ተችሏል። የጥናት ቡድኑ መሪ የሆኑት ዶክተር አበበ ካሊታ እንደገለጹት ይህ አዲስ ዝርያ በደረቅ የአየር ሁኔታ ውስጥ እንኳን በከፍተኛ ሁኔታ የመቋቋም አቅም አለው። ማዕከሉ በሙከራ ደረጃ በሰባት የተለያዩ እርሻዎች ላይ የዘር ዝርያውን በመጠቀም ውጤቱን በዝርዝር መመዝገብ መጀመሩን ለህዝብ አሳውቋል። በዚህ የሙከራ ሂደት ውስጥ የተሳተፉት አርሶ አደሮች በሙሉ በየሳምንቱ ቅዳሜ እና እሁድ በባለሙያዎች የታገዘ የክትትል ስራ እንዲያደርጉ ተደርጓል። የዚህ ምርምር ውጤት በሚቀጥለው ዓመት በክልሉ ለሚገኙ አርሶ አደሮች በሰፊው እንዲሰራቅ በማድረግ የሀገሪቱን የጤፍ ምርት ለማሳደግ ታቅዷል።

ጥያቄ፡ ዶክተር አበበ ካሊታ የገለጹት አዲሱ የጤፍ ዝርያ ምን አይነት ልዩ ባህሪ አለው?"
comprehension|101#0,comprehension,,agriculture,"እባክዎን ከታች ያለውን ጽሑፍ አንብበው ለሚከተለው ጥያቄ መልስ ይስጡ።

Context:
በሰኔ ፲፪ ቀን በታላቁ የዝቅታ እርሻ ማህበር በወጣው መግለጫ መሰረት በዘንድሮው የቡና ምርት ወቅት በሊባኖስ ተራራማ አካባቢ ከፍተኛ ለውጥ ታይቷል። የዚህ ማህበር ዋና ስራ አስኪያጅ አቶ በቀለ ተስፋዬ እንደገለጹት በዘንድሮው ዓመት የተመረተው የቡና መጠን ከባለፈው ዓመት በሃያ አምስት በመቶ ይበልጣል። አዲሱ የቡና ዝርያ በደረቀው የአየር ሁኔታ ውስጥ የመቋቋም አቅሙ ከፍተኛ በመሆኑ ለአርሶ አደሮች ትልቅ ተስፋ ሰጥቷል። በክልሉ የሚገኙ አርሶ አደሮች በድምሩ ሰባት መቶ ሺህ ኪሎ ግራም ምርት ማምረት እንደሚችሉ የግብርና ባለሙያዎች በዝርዝር አስቀምጠዋል። የቡናው ጥራት በጣም ከፍተኛ በመሆኑ በውጭ ሀገራት ገበያ ላይ በከፍተኛ ዋጋ ለመሸጥ ዝግጅት እየተደረገ ይገኛል። የዝቅታ እርሻ ማህበር በዘንድሮው የቡና ምርት ወቅት ለገበሬው ተጨማሪ አምስት በመቶ ቦነስ ለመክፈል ወስኗል። ይህ አዲስ የንግድ ስምምነት በክልሉ ውስጥ ያለውን የኢኮኖሚ እንቅስቃሴ በከፍተኛ ደረጃ ለማሳደግ ይረዳል።

የዝቅታ እርሻ ማህበር በዘንድሮው የቡና ምርት ወቅት ለአርሶ አደሮች ምን ዓይነት ተጨማሪ ጥቅማጥቅም ለመስጠት ወስኗል?"
comprehension|101#1,comprehension,,agriculture,"የተሰጠውን ጽሑፍ በጥንቃቄ ካነበብክ በኋላ የቀረበውን ጥያቄ መልስ።

ጽሑፍ፡ በአውሮፓዊው የቡና ምርት ጥናት ተቋም ባወጣው ሪፖርት መሰረት በሰሜን ኬፕ ተብሎ በሚጠራው አካባቢ የቡና ምርት በከፍተኛ ሁኔታ ቀንሷል። የጥናቱ መሪ የሆኑት ዶክተር ማርክስ ሄለን በሰጡት መግለጫ የቡና ተክሎች ላይ የደረሰው የጥቁር ዝንብ በሽታ ምክንያት ጉዳቱ የከፋ መሆኑን ገልጸዋል። በሪፖርቱ ላይ እንደተጠቀሰው በዘንድሮው የቡና መሰብሰቢያ ወቅት በአካባቢው የሚገኙ አምስት መቶ ተክል በሙሉ በበሽታው ተጠቅተውለታል። ይህ ችግር በክልሉ የሚገኙ የቡና ላኪ ድርጅቶች በዓመት የሚያገኙትን ገቢ በሰላሳ በመቶ እንዲቀንስ አድርጎታል። የጥናት ተቋሙ አርሶ አደሮች በሽታውን ለመከላከል አዲስ ዓይነት የተፈጥሮ ማዳበሪያ መጠቀም እንዳለባቸው አሳስቧል። በዘንድሮው ዓመት ምርቱ በቁጥር በሁለት መቶ ኪሎ ግራም ብቻ እንዲቀንስ ማድረጉን የሪፖርቱ መረጃ ያሳያል። የቡና ምርቱን ለመመለስ በክልሉ ውስጥ አዳዲስ የጥናት ስራዎች በከፍተኛ ወጪ እየተከናወኑ መሆኑን መረጃው አረጋግጧል።

ጥያቄ፡ በሰሜን ኬፕ አካባቢ የቡና ምርት እንዲቀንስ ምክንያት የሆነው ዋናው ችግር ምንድን ነው?"
comprehension|101#2,comprehension,,agriculture,"ጽሑፉን በጥንቃቄ አንብባችሁ ጥያቄውን ከጽሑፉ በመነሳት መልሱ።

Context:
በአዲሱ የዘመናዊ ቡና አቀነባባር ማዕከል በሰኔ ፳ ቀን በታወቀው የብሉ ስካይ ድርጅት አማካኝነት አዲስ የቴክኖሎጂ ስልት ተተክሏል። ይህ አዲስ ማሽን ቡናውን ከእንጨት ላይ ለመለየት እና ለመድረቅ የሚወስደውን ጊዜ በአርባ በመቶ ይቀንሳል። የማዕከሉ ስራ አስኪያጅ ወይዘሮ ሳራ አቤል እንደገለጹት ይህ አዲስ ዘዴ የቡናውን ጣዕም እና መዓዛ ሳይለቅ ጥራቱን እንዲጠበቅ ያደርጋል። በማዕከሉ ውስጥ የሚሰሩ አርባ አምስት ሰራተኞች በአዲሱ ማሽን አጠቃቀም ላይ ሰፊ ስልጠና እንዲወስዱ ተደርጓል። ማዕከሉ በየሳምንቱ ሁለት መቶ ቶን ቡና አቀነባብሮ ለገበያ ለማቅረብ አዲስ ግብ አስቀምጧል። የቴክኖሎጂው መተግበር በክልሉ ውስጥ ለሚገኙ ሌሎች ትናንሽ ቡና አምራቾችም እንደ አርአያ ሊጠቀስ እንደሚችል ተገልጿል። ይህ የቴክኖሎጂ ሽግግር በክልሉ የቡና ኢንዱስትሪ ውስጥ ያለውን ተወዳዳሪነት በከፍተኛ ደረጃ ለማሳደግ ያለመ ነው።

በብሉ ስካይ ድርጅት ውስጥ የተተከለው አዲስ ማሽን ቡናን አቀነባብሮ ለማጠናቀቅ የሚወስደውን ጊዜ ምን ያደርገዋል?"
comprehension|102#2,comprehension,,agriculture,"ጽሑፉን በጥንቃቄ አንብባችሁ ጥያቄውን ከጽሑፉ በመነሳት መልሱ።

Context:
በእርሻ መሬት ላይ የሰንደቅ ዓላማ መሰል የእርሻ መስመሮችን ወይም ተረከዞችን መሥራት የአፈር መሸራሸትን ለመቀነስ የሚረዳ ውጤታማ ዘዴ ነው። እነዚህ ተረከዞች በቁመት አምስት ሴንቲ ሜትርና በስፋት ሃያ ሴንቲ ሜትር እንዲሆኑ በማድረግ ውሃው በዝግታ እንዲፈስ ይደረጋል። በዚህ ዘዴ አማካኝነት አፈር ሳይሸረሸር ለረጅም ጊዜ እንዲቆይና ለተክሎች አስፈላጊ የሆነ ንጥረ ነገር እንዲያገኝ ይረዳል።

በእርሻ መስመሮች ዘዴ አማካኝነት የሚከናወነው ዋና ተግባር ምንድን ነው?"
comprehension|103#0,comprehension,,agriculture,"ጽሑፉን አንብበህ ጥያቄውን መልስ፡

ጽሑፍ፡ ከብቶች በቂና የተመጣጠነ ምግብ ካላገኙ ለተለያዩ በሽታዎች የመጋለጥ እድላቸው በጣም ከፍተኛ ስለሚሆን ዘላቂ የሆነ የእርባታ ስርዓት መከተል ያስፈልጋል። በየቀኑ ንጹህ ውሃ ማቅረብ ለእንስሳቱ ጤናማ እድገትና ለወተት ምርታማነት መጨመር ወሳኝ የሆነ ተግባር መሆኑን ማወቅ ይገባል። የእንስሳትን መኖ ጥራት በየጊዜው መፈተሽና ከቆሸሸ ወይም ከተበከለ ምግብ መከላከል ለእንስሳቱ ደህንነት ትልቅ አስተዋጽኦ ያደርጋል። በከብቶች መጠለያ አካባቢ ንጽህናን መጠበቅ ለተላላፊ በሽታዎች መከላከያ መንገድ በመሆኑ በየቀኑ ማጽዳት በጣም አስፈላጊ ነው። በቂ የአየር ዝውውር ያለውና ከዝናብና ከብርድ የሚከላከል መጠለያ ለእንስሳቱ ምቾትና ለጤናቸው መረጋገጥ መሰረታዊ መዋቅር ነው። በከብቶች አያያዝ ወቅት የአካባቢውን የአየር ንብረት ሁኔታ ግምት ውስጥ በማስገባት ተገቢውን ጥንቃቄ ማድረግ ለምርት ስኬት ቁልፍ ነው።

ጥያቄ፡ የእንስሳትን መኖ ጥራት በየጊዜው መፈተሽ ለምን አስፈላጊ ነው?"
comprehension|103#1,comprehension,,agriculture,"ጽሑፉን በጥንቃቄ አንብባችሁ ጥያቄውን ከጽሑፉ በመነሳት መልሱ።

Context:
በዶሮ እርባታ ወቅት የዶሮዎቹን የጤና ሁኔታ በቅርብ መከታተልና ለበሽታ መከላከያ የሚሆኑ ክትባቶችን በወቅቱ መስጠት ለስኬታማነት ይረዳል። በዶሮዎች ማደሪያ ውስጥ የሚፈጠር ከፍተኛ እርጥበት ለተለያዩ የፈንገስ በሽታዎች መከሰት ምክንያት ስለሚሆን መሬቱን ሁልጊዜ ደረቅ ማድረግ ያስፈልጋል። በየቀኑ ንጹህና ቀዝቃዛ ውሃ ማቅረብ ለዶሮዎቹ የሰውነት ሙቀት መረጋጋትና ለእንቁላል ምርት ጥራት መሻሻል ትልቅ ሚና ይጫወታል። በዶሮዎች መኖ ውስጥ የሚገኙ ንጥረ ነገሮች በቂ መሆናቸውን ማረጋገጥ ለዶሮዎቹ ፈጣን እድገትና ጠንካራ መሆን መሰረት ነው። በዶሮዎች መጠለያ ውስጥ የሚኖር የአየር ብክለት ለሳንባ በሽታዎች መጋለጥን ስለሚጨምር አየር በነጻነት እንዲዘዋወር ማድረግ ይገባል። በዶሮ እርባታ ስራ ላይ የተሳካ ውጤት ለማግኘት የአካባቢውን ንጽህናና የዶሮዎቹን አመጋገብ በጥንቃቄ መቆጣጠር የግድ ይላል።

በዶሮዎች ማደሪያ ውስጥ ከፍተኛ እርጥበት መኖሩ የሚያስከትለው ችግር ምንድን ነው?"
comprehension|103#2,comprehension,,agriculture,"የተሰጠውን ጽሑፍ በጥንቃቄ ካነበብክ በኋላ የቀረበውን ጥያቄ መልስ።

ጽሑፍ፡ በበግና በ kamb (በግ) እርባታ ወቅት የእንስሳቱን የቆዳና የፀጉር ሁኔታ በየጊዜው መመርመር ለጥራት ምርት በጣም አስፈላጊ ነው። በጎች በቂ የፕሮቲንና የካልሲየም መጠን ያላቸውን መኖዎች እንዲመገቡ ማድረግ ለጥንካሬያቸውና ለጤናማ እድገታቸው ወሳኝ ተግባር ነው። በየወቅቱ የእንስሳቱን ጥራጥሬና ሳር ማዘጋጀት ለምግብ እጥረትና ለከፍተኛ ውድቀት እንዳይጋለጡ ለማድረግ የሚያስችል ስልት ነው። በበጎች መጠለያ ውስጥ የሚገኝ የቆሻሻ ክምችት ለተለያዩ ጥገኛ ተውሳኮች መራቢያ ስለሚሆን በየጊዜው ማስወገድ በጣም አስፈላጊ ነው። በጎች ከልክ ያለፈ ሙቀትና ቅዝቃዜ እንዳይደርስባቸው ተስማሚ የሆነ የሙቀት መጠን ያለው መጠለያ እንዲኖራቸው ማድረግ ያስፈልጋል። በበግ እርባታ ስራ ውስጥ ውጤታማ ለመሆን የእንስሳቱን አመጋገብና የአካባቢውን ንጽህና በአንድ ላይ ማቀናጀት ለስኬት ይረዳል።

ጥያቄ፡ በበግ እርባታ ወቅት ለጥራት ምርት መረጋገጥ መደረግ ያለበት ተግባር ምንድን ነው?"
comprehension|104#0,comprehension,,agriculture,"ይህን ምንባብ መሠረት በማድረግ ለጥያቄው መልስ ስጥ።

ምንባብ፡ በኢትዮጵያ የግብርና ዘርፍ ውስጥ በዝናብ ላይ ብቻ ጥገኛ መሆን ለአምራቾች ትልቅ ስጋት በመሆኑ ዘመናዊ የመስኖ ዘዴዎችን መጠቀም እጅግ አስፈላጊ ሆኗል። በየአካባቢው የሚገኙ ትናንሽ ኩሬዎችን እና ወንዞችን በመጠቀም አነስተኛ የመስኖ ፕሮጀክቶችን በመገንባት የሰብል ምርታማነትን በከፍተኛ ሁኔታ መጨመር ይቻላል። የጠብታ መስኖ ዘዴ በውሃ አጠቃቀም ረገድ በጣም ውጤታማ በመሆኑ በደረቅ አካባቢዎች ለሚገኙ አርሶ አደሮች ትልቅ እገዛ ያደርጋል። ይህ ዘዴ ውሃን በቀጥታ ወደ ተክሉ ሥር ስለሚያደርስ በውሃ ብክነት ላይ የሚታየውን መጠን በከፍተኛ ሁኔታ ይቀንሳል። በተጨማሪም የአፈር እርጥበትን በአግባቡ በመጠበቅ ለተክሎች እድገት ምቹ ሁኔታን ለመፍጠር ይረዳል። አርሶ አደሮች የውሃ መፍሰሻ ቦዮችን በሚገባ በመቆጣጠር እና አፈር እንዳይሸራተት ጥንቃቄ በማድረግ የውሃ አጠቃቀማቸውን ማሻሻል ይችላሉ። የውሃ አጠቃቀምን በተገቢው መንገድ ማስተዳደር ለረጅም ጊዜ የምርት ዘመን መረጋገጥ ወሳኝ ሚና ይጫወታል።

ጥያቄ፡ የጠብታ መስኖ ዘዴ ለተክሎች እድገት እንዴት ይረዳል?"
comprehension|104#1,comprehension,,agriculture,"ንባቡን መሠረት በማድረግ ጥያቄውን መልስ።

Context:
በደጋማ የኢትዮጵያ አካባቢዎች የሚገኙ አርሶ አደሮች ለተክሎች ውሃ ለማቅረብ በብዛት የሚጠቀሙት የዝናብ ውሃ ቢሆንም ወቅታዊ የድርቅ አደጋዎች ግን ምርትን ያሳጣሉ። ይህንን ችግር ለመቅረፍ በቁፋሮ የተዘጋጁ የውሃ ማጠራቀሚያ ጉድጓዶች በየገጠሩ መንደሮች ውስጥ በስፋት እየተገነቡ ይገኛሉ። እነዚህ ጉድጓዶች በዝናብ ወቅት የሚፈስን ውሃ በመሰብሰብ ለድርቅ ወቅት እንዲያገለግሉ ተደርገው የተዘጋጁ ናቸው። የውሃ ማጠራቀሚያዎቹን ጥራት ለመጠበቅ እና ውሃው እንዳይበከል የማጣሪያ ዘዴዎችን መጠቀም ለተክሎች ጤናማነት በጣም አስፈላጊ ነው። አርሶ አደሮች በጉድጓዶቹ ውስጥ የሚገኙትን ውሃዎች በየጊዜው በማጽዳት እና አረም በማስወገድ የውሃ አቅርቦቱን ማረጋገጥ ይኖርባቸዋል። የውሃ አጠቃቀም ስልቶችን በማሻሻል እና የውሃ ማጠራቀሚያዎችን በመጠቀም የአፈር መሸርሸርን መከላከልም ይቻላል። በውሃ አጠቃቀም ላይ የሚደረጉ እነዚህ ጥንቃቄዎች የአየር ንብረት ለውጥ የሚያመጣውን ተጽዕኖ ለመቋቋም ትልቅ አቅም ይሰጣሉ።

በደጋማ አካባቢዎች የሚገኙ አርሶ አደሮች የውሃ እጥረትን ለመቅረፍ የሚጠቀሙባቸው ዋና ዋና ዘዴዎች ምንድን ናቸው?"
comprehension|104#2,comprehension,,agriculture,"ይህን ምንባብ መሠረት በማድረግ ለጥያቄው መልስ ስጥ።

ምንባብ፡ በታችኛው የኢትዮጵያ ተፋሰስ አካባቢዎች የሚገኙ ትላልቅ የግብርና ማሳዎች በፓምፕ አማካኝነት ከወንዞች ውሃ በመሳብ ለሰብል እርባታ ይጠቀማሉ። ይህ የፓምፕ የመስኖ ዘዴ ለትላልቅ የጥራጥሬ ሰብሎች እና ለተክሎች በከፍተኛ መጠን ውሃ ለማቅረብ በጣም አመቺ ነው። የፓምፕ ማሽኖችን በብቃት ለመጠቀም የቴክኒክ እውቀት እና መደበኛ የጥገና አገልግሎት ማግኘት ለስራው ቀጣይነት ወሳኝ ነው። የውሃ ፍሰቱን ለመቆጣጠር እና አላስፈላጊ የውሃ ብክነትን ለመቀነስ የኤሌክትሪክ ወይም የነዳጅ ፓምፖችን መጠቀም ይቻላል። የውሃ አቅርቦቱ በቂ እንዳይሆን በማድረግ የአፈር መበላሸትን ለመከላከል የውሃ መፍሰሻ መንገዶችን በጥንቃቄ መቅረጽ ያስፈልጋል። አርሶ አደሮች በየወቅቱ የፓምፕ ማሽኖቻቸውን በመፈተሽ እና የቧንቧ መስመሮቻቸውን በማስተካከል የውሃ አቅርቦት እንዳይቋረጥ ማድረግ ይችላሉ። የውሃ አጠቃቀምን በዘመናዊ መንገድ ማስተዳደር ለግብርና ምርታማነት እና ለኢኮኖሚ እድገት መሰረት ነው።

ጥያቄ፡ የፓምፕ የመስኖ ዘዴን በብቃት ለመጠቀም ምን መሰረታዊ ነገሮች ያስፈልጋሉ?"
comprehension|105#0,comprehension,,agriculture,"በሚከተለው ጽሑፍ መሠረት ጥያቄውን በአጭሩ መልስ።

Context:
በሰኔ ፲፪ ቀን በዘመናዊው አባይ ሸለቆ ውስጥ የሚገኘው የጎንደር አርሶ አደሮች ማህበር በድንገት በደረሰበት የጥቁር ቅጠል በሽታ ምክንያት በ፳፭ ሄክታር ላይ የበቀለው ስንዴ እንዲጠፋ አድርጓል። የዘር ጥበቃ ተቋሙ ተወካይ የሆኑት አቶ በቀለ ተስፋዬ እንደገለጹት ይህ በሽታ በሰባት ቀናት ውስጥ ብቻ ከፍተኛ ጉዳት ማድረሱ ተረጋግጧል። ማህበሩ ጉዳቱን ለመቀነስ በ፲፭ ሺህ ብር የሚገመት የተፈጥሮ መከላከያ ኬሚካል ለሁሉም አርሶ አደሮች በነጻ ለማከፋፈል ወስኗል።

የጥቁር ቅጠል በሽታው በስንት ቀናት ውስጥ ከፍተኛ ጉዳት ማድረሱ ተረጋግጧል?"
comprehension|105#2,comprehension,,agriculture,"በሚከተለው ጽሑፍ መሠረት ጥያቄውን በአጭሩ መልስ።

Context:
በነሐሴ ፲፰ ቀን በምስራቅ አቅጣጫ በሚገኘው የወንጌል እርሻ አካባቢ የጥንታዊ ተክል ጥበቃ ድርጅት በድንገት በደረሰ የፈንገስ በሽታ ምክንያት በ፳፪ የሽንኩርት ዝርያዎች ላይ ጉዳት ማድረሱን ገልጿል። የድርጅቱ መሪ አቶ ዮናስ ታደሰ እንደገለጹት ይህ የፈንገስ በሽታ በምድር ውስጥ ባሉ የውሃ መጠማማት ምክንያት በድንገት የመጣ ነው። ድርጅቱ ጉዳቱን ለመከላከል በ፳፭ ሺህ ዶላር የሚገመት የፈንገስ መከላከያ መድኃኒት ለክልሉ አርሶ አደሮች ማቅረብ እንደሚችል ቃል ገብቷል።

በወንጌል እርሻ አካባቢ የፈንገስ በሽታ እንዲከሰት ምክንያት የሆነው ዋናው ነገር ምንድን ነው?"
comprehension|106#0,comprehension,,news,"እባክዎን ከታች ያለውን ጽሑፍ አንብበው ለሚከተለው ጥያቄ መልስ ይስጡ።

Context:
በቅርቡ በደቡብ አውራጃ ውስጥ በሚገኘው አባይ ሸለቆ ከተማ ውስጥ የጥበብ ማዕከል ማህበር ታላቅ የባህል ትርኢት በሰኔ አስራ አምስት ቀን አዘጋጅቷል። በዝግጅቱ ላይ ከሃምሳ በላይ የሆኑ ወጣት የባህል ዳንሰኞች በባህላዊ አልባሳታቸው ተከስተው ለከተማዋ ነዋሪዎች ልዩ ትርኢት አሳይተዋል። የፕሮግራሙ መሪ የሆኑት አቶ በቀለ ተስፋዬ በንግግራቸው ወቅት የኪነ ጥበብ አስፈላጊነት ለወጣቶች ስብዕና ግንባታ ትልቅ ሚና እንዳለው ገልጸዋል። በዝግጅቱ ወቅት ለተሳታፊዎች በሙሉ በነፃ የሚቀርብ የባህላዊ ምግብና መጠጥ በከተማው ማዕከላዊ አዳራሽ ውስጥ ተዘጋጅቶ እንዲቀርብ ተደርጓል። በዝግጅቱ መጨረሻ ላይ ለላቀ ተሳትፎ ለነበሩት አምስት ዳንሰኞች በወርቅ ሜዳሊያና በገንዘብ ሽልማት ተበርክቶላቸዋል። ይህ annually የሚካሄድ ዝግጅት በየዓመቱ በከተማዋ የባህል እድገት ላይ ከፍተኛ አስተዋጽኦ እያበረከተ ይገኛል።

በዝግጅቱ ላይ ለላቀ ተሳትፎ ለነበሩት አምስት ዳንሰኞች ምን ዓይነት ሽልማት ተበርክቶላቸዋል?"
comprehension|106#1,comprehension,,news,"በሚከተለው ጽሑፍ መሠረት ጥያቄውን በአጭሩ መልስ።

Context:
የሰማይ ሰላም የበጎ አድራጎት ድርጅት በነሐሴ ሃያ ሁለት ቀን በወሎ ሸለቆ መንደር ውስጥ አዲስ የትምህርት ቤት ግንባታ ፕሮጀክት በይፋ ጀምሯል። ይህ ፕሮጀክት በድርጅቱ እና በአካባቢው ነዋሪዎች ትብብር አማካኝነት በአጠቃላይ ሁለት ሚሊዮን ሰባት መቶ ሺህ ብር ወጪ ተደርጎ የሚከናወን ነው። የፕሮጀክቱ አስተባባሪ የሆኑት ወይዘሮ አልማዝ አሰፋ ግንባታው በስድስት ወራት ውስጥ ተጠናቆ ተማሪዎች እንዲማሩ ለማድረግ ማቀዳቸውን ገልጻለች። አዲሱ ትምህርት ቤት በአጠቃላይ ስድስት የመማሪያ ክፍሎችና አንድ ትልቅ ቤተ መጻሕፍት እንዲኖሩት ተደርጎ በፕላን ተዘጋጅቷል። በግንባታው ሂደት ውስጥ ከአካባቢው ማህበረሰብ የተውጣጡ ሰማንያ ሰራተኞች በቋሚነት ተቀጥረው እንዲሰሩ ተደርጓል። ይህ ስራ በአካባቢው ያለውን የትምህርት ተደራሽነት ለማሻሻል ትልቅ ተስፋ ሰጪ እርምጃ ተደርጎ ተወስዷል።

አዲሱ የትምህርት ቤት ግንባታ በስንት ወራት ውስጥ ተጠናቆ ተማሪዎች እንዲማሩ ታቅዷል?"
comprehension|107#0,comprehension,,news,"ከዚህ በታች የቀረበውን መረጃ በመጠቀም ለጥያቄው መልስ ስጥ።

Context:
በሰኔ ፲፪ ቀን በታላቁ አቢሲኒያ የንግድ ማዕከል ውስጥ የተካሄደው ዓመታዊ የኢኮኖሚ ጉባኤ በታላቅ ድምቀት ተጀምሯል። በጉባኤው ላይ የሰሜን ኮንትሮላ የንግድ ማኅበር ተወካይ የሆኑት አቶ በቀለ ተስፋዬ ስለ አዳዲስ የኢንቨስትመንት ዕድሎች ሰፊ ማብራሪያ ሰጥተዋል። ድርጅቱ በዘንድሮው ዓመት ብቻ በታላቁ ሸዋ ግዛት ውስጥ የ፪ ቢሊዮን ብር የገንዘብ ፍሰት ማፍሰሱን በዝርዝር አብራርቷል። ይህ ከፍተኛ የገንዘብ መጠን በዋናነት በዘመናዊ የግብርና መሣሪያዎች አቅርቦት እና በአዳዲስ የፋብሪካ ግንባታዎች ላይ ያተኮረ ነው። በጉባኤው ላይ የተሳተፉት የኢኮኖሚ ባለሙያዎች የሀገሪቱ የገበያ ሁኔታ በቀጣዮቹ አምስት ዓመታት ውስጥ እጅግ ፈጣን ዕድገት እንደሚያሳየው ተንብየዋል። የንግድ ማኅበሩ ዋና ሥራ አስፈጻሚ የሆኑት ወይዘሮ አልማዝ አበበ በንግድ መስመሮች ላይ የሚታዩትን እንቅፋቶች ለመቅረፍ አዳዲስ የፖሊሲ ምክረ ሃሳቦችን አቅርበዋል። በዝግጅቱ ላይ የተሳተፉት የባንክ ተወካዮችም ከአነስተኛና ጥቃቅን ተቋማት ጋር ያለውን ትብብር ለማጠናከር ቃል ገብተዋል። በመጨረሻም የንግድ ማኅበሩ በዓመቱ መጨረሻ ላይ የ፪፭ በመቶ የትርፍ ዕድገት ለማስመዝገብ ያለውን ትልቅ ተስፋ ለተሳታፊዎች ገልጿል።

አቶ በቀለ ተስፋዬ በጉባኤው ላይ ስለ ምን ዓይነት የኢንቨስትመንት ዕድሎች ማብራሪያ ሰጥተዋል?"
comprehension|107#1,comprehension,,news,"ንባቡን መሠረት በማድረግ ጥያቄውን መልስ።

Context:
በአዲስ ጽጌ አበባ የፋይናንስ ተቋም በቅርቡ ባወጣው መግለጫ መሠረት በወንጌል ከተማ የሸቀጦች ገበያ ላይ ከፍተኛ የዋጋ መዋዠቅ ታይቷል። በኅዳር ወር መጨረሻ ላይ የጥራጥሬ ምርቶች ዋጋ በ፲፭ በመቶ መጨመር የታየው በደረቅ የአየር ሁኔታ ምክንያት ነው። የከተማዋ የንግድ ምክር ቤት ሰብሳቢ የሆኑት አቶ ታደሰ ካሳ የገበያውን ሁኔታ ለመቆጣጠር አዳዲስ እርምጃዎችን ለመውሰድ እየተዘጋጁ መሆኑን ገልጸዋል። በከተማዋ የሚገኙ የጅምላ አከፋፋዮች በብዛት የሚያቀርቡት የጥራጥሬ ምርት መጠን ካለፈው ዓመት ጋር ሲነጻጸር በ፲ በመቶ ቀንሷል። የንግድ ምክር ቤቱ የገበያ ተቆጣጣሪዎች በየቀኑ በገበያ ቦታዎች ላይ በመገኘት የዋጋ ተመን መከታተል መጀመራቸውን አረጋግጠዋል። የገበያ መዋዠቁን ለመቀነስ በከተማዋ ዙሪያ የሚገኙ አምስት ትላልቅ የግብርና ማዕከላት ምርታቸውን በቀጥታ ለተጠቃሚዎች እንዲያቀርቡ መመሪያ ተሰጥቷል። በዚህ ሂደት ውስጥ የንግድ ማኅበሩ አባላት በሙሉ በሥርዓቱ እንዲሳተፉ ጥሪ ተደርጓል። የከተማዋ ነዋሪዎችም በገበያው ላይ የሚታየውን የዋጋ ለውጥ በቅርብ እንዲከታተሉ የንግድ ምክር ቤቱ አሳስቧል።

በወንጌል ከተማ የጥራጥሬ ምርቶች ዋጋ በ፲፭ በመቶ እንዲጨምር ምክንያት የሆነው ዋናው ጉዳይ ምንድን ነው?"
comprehension|107#2,comprehension,,news,"በሚከተለው ጽሑፍ መሠረት ጥያቄውን በአጭሩ መልስ።

Context:
የአባይ ሸለቆ የብረት ማዕድን ማውጫ ድርጅት በቅርቡ በሰሜን ተራራ አካባቢ አዲስ የማዕድን ቁፋሮ ሥራ መጀመሩን አስታውቋል። ይህ አዲስ ፕሮጀክት በታላቁ ሸለቆ የኢንዱስትሪ ቀጠና ውስጥ የሚገኝ ሲሆን በ፪፻፳፬ ዓመት ውስጥ ሥራ እንዲጀምር ታቅዷል። የድርጅቱ ዋና ሥራ አስኪያጅ የሆኑት ወይዘሮ ሳባ ኃይሌ ፕሮጀክቱ ለከተማዋ ኢኮኖሚ ትልቅ አስተዋጽኦ እንደሚያበረክት ገልጸዋል። ፕሮጀክቱ ለሥራ ለመቅጠር ከ፭፻ በላይ የአካባቢው ነዋሪዎችን በቋሚነት እንደሚቀጥር ድርጅቱ በዝርዝር አሳውቋል። በማዕድን ቁፋሮው ሂደት ውስጥ የሚወጣውን የአካባቢ ብክለት ለመቀነስ ዘመናዊ የቴክኖሎጂ መሣሪያዎች ጥቅም ላይ እንደሚውል ተገልጿል። የድርጅቱ የፋይናንስ ክፍል በፕሮጀክቱ የመጀመሪያ ምዕራፍ ላይ ብቻ የ፪ ቢሊዮን ብር በጀት መድቧል። በሥራው ሂደት ውስጥ የአካባቢ ጥበቃ ባለሙያዎች በየጊዜው የቆላማ አካባቢውን ሁኔታ እንዲከታተሉ ትዕዛዝ ተሰጥቷል። ይህ የማዕድን ቁፋሮ ሥራ የአገሪቱን የውጭ ምንዛሬ ግኝት ለማሳደግ ትልቅ ሚና ይኖረዋል ተብሎ ይጠበቃል።

የአባይ ሸለቆ የብረት ማዕድን ማውጫ ድርጅት ለአዲሱ ፕሮጀክት የመጀመሪያ ምዕራፍ ምን ያህል በጀት መድቧል?"
comprehension|108#0,comprehension,,news,"ንባቡን መሠረት በማድረግ ጥያቄውን መልስ።

Context:
በሰኔ ፲፪ ቀን በታላቁ ዘንባባ ከተማ ውስጥ በሚገኘው የአቢሲኒያ የቴክኖሎጂ ተቋም በዶክተር አበበ ተስፋዬ መሪነት አዲስ የዲጂታል ትምህርት ማዕከል ተከፈተ። ይህ አዲስ ማዕከል በዓመት ውስጥ ፭ ሺህ ተማሪዎችን ለማስተማር የታቀደ ሲሆን ለትምህርት የሚያስፈልጉ ዘመናዊ ኮምፒውተሮችን እና የኢንተርኔት አገልግሎትን በነጻ ያቀርባል። ተቋሙ ለወጣቶች የኮምፒውተር ሳይንስ እና የሶፍትዌር ግንባታ ስልጠናዎችን በመስጠት በሀገሪቱ ያለውን የቴክኖሎጂ እውቀት ለማሳደግ ትልቅ ዓላማ አለው።

በአቢሲኒያ የቴክኖሎጂ ተቋም አዲስ የዲጂታል ትምህርት ማዕከል እንዲከፈት መሪነት የተጫወተው ሰው ማን ነው?"
comprehension|108#1,comprehension,,news,"ጽሑፉን በጥንቃቄ አንብባችሁ ጥያቄውን ከጽሑፉ በመነሳት መልሱ።

Context:
የሰማያዊ ተራሮች አካባቢ የሚገኘው የቅዱስ ዮናታን ትምህርት ቤት በሰኔ ፳፭ ዓ.ም በድጋሚ የትምህርት ዘመኑን ለመጀመር የሚያስችሉ ፪ ሚሊዮን ብር የሚያወጣ የቤተ-መጽሐፍት ግንባታ ስራ አጠናቅቋል። ይህ ፕሮጀክት በዓለም አቀፍ የትምህርት ድጋፍ ማህበር አማካኝነት የተገኘ ሲሆን በውስጡም ከ፲ ሺህ በላይ የተለያዩ ሳይንሳዊ እና ታሪካዊ መጽሐፍትን ይዟል። ተማሪዎች በነጻ መጽሐፍትን እንዲያነቡ እና ጥናት እንዲያደርጉ ለማድረግ ይህ ሰፊ የንባብ ማዕከል ተገንብቷል።

የቅዱስ ዮናታን ትምህርት ቤት ለቤተ-መጽሐፍት ግንባታ የጠቀመው የገንዘብ መጠን ስንት ነው?"
comprehension|108#2,comprehension,,news,"ይህን ምንባብ መሠረት በማድረግ ለጥያቄው መልስ ስጥ።

ምንባብ፡ በአዲሱ የብርሃን ከተማ ውስጥ በሚገኘው የክቡር አክሱም የጥበብ ማዕከል ውስጥ የጥንታዊ ስነ-ጽሁፍ ጥናት ፕሮግራም በቅርቡ ይጀምራል። ይህ አዲስ የትምህርት ፕሮግራም በየሳምንቱ ሦስት ቀናት የሚሰጥ ሲሆን በዋናነት በታሪክ እና በቋንቋ ጥናት ላይ ያተኩራል። ፕሮግራሙን ለመጀመር በዘርፉ ከፍተኛ ልምድ ያላቸው ፲ አምስት መምህራን ተቀጥረው ለተማሪዎች ጥልቅ እውቀት እንዲያካፍሉ ተዘጋጅተዋል።

ጥያቄ፡ የጥንታዊ ስነ-ጽሁፍ ጥናት ፕሮግራም በሳምንት ውስጥ ስንት ቀናት ይሰጣል?"
comprehension|109#0,comprehension,,news,"ይህን ምንባብ መሠረት በማድረግ ለጥያቄው መልስ ስጥ።

ምንባብ፡ በሰኔ ፲፪ ቀን በወንጌል ከተማ የሚገኘው የአረንጓዴ ተስፋ ማህበር በዘንድሮው ዓመት በክልሉ ውስጥ አምስት መቶ አዳዲስ የጥላ ሰንሰለት ዛፎችን ለመትከል ትልቅ ፕሮጀክት ይጀምራል። ይህ ፕሮጀክት በባለሙያ አቶ በቀለ ተስፋዬ የሚመራ ሲሆን ዓላማውም በቅርብ ጊዜ በደረሰ ድርቅ ምክንያት እየደረሰ ያለውን የአፈር መሸርሸር ለመከላከል ነው። ማህበሩ ለዚህ ተግባር በጠቅላላው ሁለት ሚሊዮን ብር በለጋሾች አማካኝነት ማሰባሰብ የቻለ ሲሆን ስራውም በታላቁ አባይ ሸለቆ አቅራቢያ በሚገኙ አምስት መንደሮች ውስጥ ይከናወናል። የአካባቢው ነዋሪዎች በዚህ የደን ልማት ስራ ላይ በበጎ ፈቃደኝነት እንዲሳተፉ ጥሪ ተደርጓል እንዲሁም የዛፎቹን እድገት ለመከታተል ልዩ ኮሚቴ ተቋቁሟል። ይህ ተግባር በአካባቢው የአየር ንብረት ለውጥን ለመቀነስ እና የውሃ ምንጮችን ለመጠበቅ ከፍተኛ አስተዋጽኦ ይኖረዋል ተብሎ ይጠበቃል።

ጥያቄ፡ የአረንጓዴ ተስፋ ማህበር ለዛፎች ተከላ ፕሮጀክት ማሰባሰብ የቻለው ስንት ብር ነው?"
comprehension|111#0,comprehension,,news,"ከዚህ በታች ያለውን ምንባብ አንብበህ ጥያቄውን መልስ።

Context:
በቅርቡ በዝቅተኛው የሰሜን ኮከብ ከተማ ውስጥ በተካሄደው ዓለም አቀፍ የኳስ ውድድር ላይ የብሉ ስታር ክለብ በሦስት ለዜሮ በማሸነፍ የአሸናፊነት ዋንጫውን በታላቅ ድምቀት አግኝቷል። በውድድሩ የመጨረሻ ጨዋታ ላይ የቡድኑ ዋና አጥቂ አቶ ካሳሁን በቀን ሰኔ አሥራ አምስት ዓመተ ምህረት ሁለት ሦስት ግቦችን በማስቆጠር ለቡድኑ ድል ወሳኝ ሚና ተጫውቷል። ይህ ክለብ በዓመቱ ውስጥ በአጠቃላይ አምስት ጨዋታዎችን በማሸነፍ በታሪክ ለመጀመሪያ ጊዜ የክለቦችን ሊግ የሻምፒዮንነት ማዕረግ ማግኘቱን በደስታ አስታውቋል።

የብሉ ስታር ክለብ የአሸናፊነት ዋንጫውን ያገኘው በምን ዓይነት የውድድር ውጤት ነው?"
comprehension|111#1,comprehension,,news,"በሚከተለው ጽሑፍ መሠረት ጥያቄውን በአጭሩ መልስ።

Context:
በአዲሱ የሰማያዊ ሸለቆ ስፖርት ማዘውተሪያ ውስጥ በሰኔ አሥራ ሁለት ቀን የተካሄደው የሩጫ ውድድር በታላቁ የሩጫ ማኅበር አባል በሆኑት በወይዘሪት ሳራ ላይ ተመስርቶ በታላቅ ትኩረት ተከናውኗል። ሳራ በውድድሩ ላይ በሰባት ደቂቃ ከሃያ ሰከንድ ውስጥ የሩጫውን ርቀት በማጠናቀቅ በሁለተኛ ደረጃ በመግባት የብር ሜዳሊያዋን በክብር ተቀብላለች። ውድድሩ በከተማዋ ውስጥ በሚገኙ በሁለት መሠረተ ልማቶች የታገዙ አዳዲስ መንገዶች ላይ የተካሄደ ሲሆን በውድድሩ ላይ በአጠቃላይ አርባ ተወዳዳሪዎች ተሳትፈዋል።

ወይዘሪት ሳራ በውድድሩ ላይ ስንት ደረጃ ላይ ተቀምጣ ነው የብር ሜዳሊያዋን የተቀበለችው?"
comprehension|112#0,comprehension,,technology,"ምንባቡን ካነበብሽ በኋላ ለጥያቄው መልስ ስጪ።

Context:
በሰኔት አስራ አምስት ቀን ሁለት ሺህ አስራ ስድስት ዓመተ ምህረት የብሩ አባይ የቴክኖሎጂ ድርጅት አዲስ የሞባይል ክፍያ መተግበሪያን ለደንበኞቹ በይፋ አስተዋውቋል። ይህ አዲስ መተግበሪያ በወንጌል ከተማ በሚገኙ የችርቻሮ ነጋዴዎች ዘንድ በከፍተኛ ፍጥነት ጥቅም ላይ እየዋለ ይገኛል። የድርጅቱ ዋና ሥራ አስፈፃሚ አቶ በቀለ ተስፋዬ እንደገለጹት መተግበሪያው በቀን እስከ አምስት መቶ ጊዜ የገንዘብ ዝውውር ለማከናወን ያስችላል። የባንክ አገልግሎት ተጠቃሚ የሆኑ የሰላም ከተማ ነዋሪዎች በሞባይላቸው አማካኝነት በሰከንዶች ውስጥ ክፍያ መፈጸም እንደሚችሉ ተገልጿል። አዲሱ ሥርዓት ለደህንነት ሲባል በሁለት ደረጃ የተጠበቀ የይለፍ ቃል አጠቃቀምን በመከተል ደንበኞችን ከማጭበርበር ለመጠበቅ ታስቦ የተዘጋጀ ነው። የድርጅቱ የቴክኒክ ቡድን በየሳምንቱ አዳዲስ የደህንነት ማሻሻያዎችን በማድረግ የደንበኞችን እምነት ለማግኘት እየሠራ ይገኛል።

የብሩ አባይ የቴክኖሎጂ ድርጅት አዲስ መተግበሪያ በቀን እስከ ስንት ጊዜ የገንዘብ ዝውውር ለማከናወን ያስችላል?"
comprehension|112#2,comprehension,,technology,"ምንባቡን ካነበብሽ በኋላ ለጥያቄው መልስ ስጪ።

Context:
በጥር አሥራ ሁለት ቀን በሰሜን ተራራማ አካባቢ በሚገኘው የንጋት ከተማ የዲጂታል ክፍያ አገልግሎት ተጠቃሚዎች ቁጥር በከፍተኛ ሁኔታ ጨምሯል። የከተማዋ ነዋሪዎች በብዛት የሚጠቀሙት የሰማይ ሰማያዊ የገንዘብ አገልግሎት በሞባይል ስልክ አማካኝነት የዕለት ተዕለት ግብይቶችን ለማከናወን ይረዳቸዋል። የንግድ ማኅበሩ ፕሬዝዳንት ወይዘሮ ማርታ አበበ እንደገለጹት የዲጂታል ክፍያ አጠቃቀም በከተማዋ ውስጥ ያለውን የንግድ እንቅስቃሴ በጣም አቀላጥፎታል። የሞባይል ገንዘብ አገልግሎቱ በየቀኑ በአማካይ ሁለት ሚሊዮን ብር የሚያክል የገንዘብ ዝውውር በከተማዋ ውስጥ እንዲካሄድ አድርጓል። የዲጂታል ክፍያ አጠቃቀምን ለማበረታታት ሲባል የከተማዋ አስተዳደር ለተጠቃሚዎች ልዩ የቅናሽ አገልግሎቶችን ለመስጠት አቅዷል። ይህ አዲስ የቴክኖሎጂ አቅጣጫ በከተማዋ ውስጥ ያለውን የፋይናንስ ተደራሽነት ለማሳደግ ትልቅ ዕድል እንደሚፈጥር ተገልጿል።

በንጋት ከተማ የዲጂታል ክፍያ አገልግሎት ተጠቃሚዎች ቁጥር መጨመር በንግድ እንቅስቃሴ ላይ ምን ዓይነት ለውጥ አምጥቷል?"
comprehension|114#1,comprehension,,technology,"ንባቡን መሠረት በማድረግ ጥያቄውን መልስ።

Context:
ማሽን ለርኒንግ የተባለው የቴክኖሎጂ ክፍል የኮምፒውተር ፕሮግራሞች ያለ ግልጽ መመሪያ በራሳቸው እንዲማሩ የሚያስችል ልዩ የጥናት መስክ ነው። እነዚህ ፕሮግራሞች በከፍተኛ መጠን የሚገኙ መረጃዎችን በመጠቀም በውስጣቸው ያሉ ቅጦችን እና ግንኙነቶችን በሂደት የመለየት ችሎታ አላቸው። በዚህ ሂደት ውስጥ ኮምፒውተሩ ከሚያገኘው መረጃ በመነሳት ስህተቶቹን በማረም ወደ ተሻለ ውጤት ለመድረስ ይጥራል።

ማሽን ለርኒንግ ፕሮግራሞች መረጃዎችን በመጠቀም ምን የመለየት ችሎታ አላቸው?"
comprehension|114#2,comprehension,,technology,"ንባቡን መሠረት በማድረግ ጥያቄውን መልስ።

Context:
የሰው ሰራሽ አስተውሎት ሥርዓቶች በዓለም ዙሪያ በተለያዩ ዘርፎች ውስጥ ጥቅም ላይ እየዋሉ ሲሆን በተለይም በጤና እና በትራንስፖርት ዘርፍ ትልቅ ለውጥ እያመጡ ነው። በሕክምና ዘርፍ በሽታዎችን ቀድሞ ለመለየት እና ትክክለኛ ምርመራ ለማድረግ እንዲረዱ ከፍተኛ ጥራት ያላቸውን መረጃዎች ይጠቀማሉ። በትራንስፖርት ዘርፍ ደግሞ ያለ ሰው ረዳት በራሳቸው የሚንቀሳቀሱ ተሽከርካሪዎችን ለመፍጠር በከፍተኛ ሁኔታ እየሰሩ ይገኛሉ።

የሰው ሰራሽ አስተውሎት ሥርዓቶች በሕክምና ዘርፍ ለምን ጥቅም ላይ ይውላሉ?"
comprehension|115#1,comprehension,,technology,"በሚከተለው ጽሑፍ መሠረት ጥያቄውን በአጭሩ መልስ።

Context:
በኢትዮጵያ የፀሐይ ኃይል ተጠቃሚነትን ለማሳደግ የፀሐይ ብርሃን ተቀባይ መሣሪያዎችን በቤት ውስጥ ለመግጠም የሚያስችሉ አዳዲስ የቴክኖሎጂ ዘዴዎች እየተዘረጋ ነው። እነዚህ መሣሪያዎች በፀሐይ ብርሃን አማካኝነት ባትሪዎችን በመሙላት ለረጅም ሰዓታት አገልግሎት እንዲሰጡ ተደርገው ተሠርተዋል። በፀሐይ ኃይል የሚሰሩ የቤት ውስጥ መሣሪያዎች እንደ ብርሃን፣ የሬዲዮ፣ እና የሞባይል ስልክ መሙያ ያሉ አገልግሎቶችን በቀላሉ ማቅረብ ይችላሉ። የፀሐይ ኃይልን መጠቀም የነዳጅ ወጪን ከመቀነሱም በላይ ለተፈጥሮ አካባቢ ጥበቃ ከፍተኛ ጠቀሜታ ያለው ተግባር ነው። በየዓመቱ በየክልሉ የሚከናወኑ የቴክኖሎጂ ሥልጠናዎች የሰዎችን የፀሐይ ኃይል አጠቃቀም ዕውቀትና ክህሎት ለማሳደግ ይረዳሉ። የፀሐይ ኃይል መሠረተ ልማት ግንባታ በሀገሪቱ ውስጥ ያለውን የኃይል እጥረት ለመቅረፍ እንደ ዋነኛ መፍትሔ ይታያል።

በፀሐይ ኃይል የሚሰሩ መሣሪያዎች ምን ዓይነት አገልግሎቶችን ሊሰጡ ይችላሉ?"
comprehension|115#2,comprehension,,technology,"እባክዎን ከታች ያለውን ጽሑፍ አንብበው ለሚከተለው ጥያቄ መልስ ይስጡ።

Context:
የታዳሽ የኃይል ምንጮች ለኢትዮጵያ የኢኮኖሚ ዕድገትና ለሥነ-ምህዳር ጥበቃ ያላቸው ፋይዳ እጅግ በጣም ከፍተኛና የማይተካ ነው። በተለይም የፀሐይ ኃይልን በመጠቀም በገጠር አካባቢዎች የሚገኙ ትናንሽ የግብርና ማሽኖችን በኤሌክትሪክ ለማንቀሳቀስ የሚያስችሉ ፕሮጀክቶች እየተከናወኑ ነው። እነዚህ ፕሮጀክቶች ገበሬዎች ምርታማነታቸውን እንዲጨምሩና ምርቶቻቸውን በፍጥነት እንዲሸጡ የሚያስችላቸውን የቴክኖሎጂ ዕድል ይፈጥራሉ። የፀሐይ ኃይልን መጠቀም በከተማና በገጠር መካከል ያለውን የኤሌክትሪክ አገልግሎት ልዩነት ለማጥበብ ትልቅ ዕድል ይሰጣል። በዘርፉ ላይ የሚደረጉ ጥናቶችና ምርምሮች የፀሐይ ፓነሎችን ዋጋ ለመቀነስና ጥራታቸውን ለማሻሻል ትኩረት ሰጥተው እየተከናወኑ ነው። የፀሐይ ኃይልን በስፋት መጠቀም ለቀጣይ ትውልድ ንጹሕ አየርና የተፈጥሮ ሀብት ለማስረከብ ወሳኝ እርምጃ ነው።

የፀሐይ ኃይልን መጠቀም በገበሬዎች ምርታማነት ላይ ምን ዓይነት ለውጥ ያመጣል?"
comprehension|117#0,comprehension,,technology,"ከሚከተለው ጽሑፍ በመነሳት ጥያቄውን መልስ።

በኢንተርኔት ዓለም ውስጥ የግል መረጃዎችን ለመጠበቅ ጠንካራ የይለፍ ቃል መጠቀም በጣም አስፈላጊ የሆነ የዲጂታል ደህንነት እርምጃ ነው። አንድ ሰው የይለፍ ቃል ሲፈጥር የተለያዩ ቁጥሮችን እና ምልክቶችን በመጠቀም በቀላሉ እንዳይታወቁ ማድረግ ይኖርበታል። ይህ ዘዴ የሌሎች ሰዎች ወይም የሳይበር ወንጀለኞች ወደ የግል አካውንትዎ እንዳይገቡ ለመከላከል ትልቅ እገዛ ያደርጋል። ሁልጊዜም ቢሆን የይለፍ ቃልዎን ለሌላ ሰው አለመስጠት ለደህንነትዎ ዋስትና ነው።

ጥያቄ፡ የይለፍ ቃል ሲፈጠር በቀላሉ እንዳይታወቁ ምን ዓይነት ነገሮች ጥቅም ላይ መዋል አለባቸው?"
comprehension|118#0,comprehension,,daily_life,"ንባቡን መሠረት በማድረግ ጥያቄውን መልስ።

Context:
በሰኔ ፲፪ ቀን በደቡብ አውራጃ በምትገኘው በዝቅታ ከተማ ውስጥ የአበባ ሆቴል አስተዳዳሪ የሆነው አቶ በቀለ ተስፋው አዲስ የባህል ምግብ ዝግጅት ማዕከል መክፈቱን በሰፊው አስታውቀዋል። ይህ አዲስ ማዕከል በየሳምንቱ ቅዳሜ እና እሁድ ብቻ የሚቀርብ ልዩ የክትፎ እና የቆጮ ዝግጅት ለደንበኞች እንዲቀርብ ተደርጎ በታላቅ ድምቀት ተጀምሯል። ማዕከሉ በየቀኑ ለሃምሳ አዳዲስ እንግዶች በነፃ የባህል መጠጥ በማቅረብ የደንበኞችን ፍላጎት ለመሳብ ከፍተኛ ጥረት እያደረገ ይገኛል። አቶ በቀለ በዚህ አዲስ ተነሳሽነት በከተማዋ ውስጥ ያሉ የሴት ምግብ አቅራቢዎችን የስራ ዕድል ለማሳደግ እንደሚፈልጉ በጋዜጣዊ መግለጫቸው ገልጸዋል። ማዕከሉ የሚገኘው ከዋናው መናኸሪያ በስተምስራቅ በኩል በሚገኘው በሰማያዊ መንገድ ላይ በመሆኑ ለሁሉም ሰው በቀላሉ ተደራሽ ነው።

አቶ በቀለ አዲስ የባህል ምግብ ማዕከል ለመክፈት የተጠቀሱት ዋናው ዓላማ ምንድን ነው?"
comprehension|118#1,comprehension,,daily_life,"ከዚህ በታች የቀረበውን መረጃ በመጠቀም ለጥያቄው መልስ ስጥ።

Context:
በጥቅምት ፭ ቀን በሰሜን ተራራማ አካባቢ በሚገኘው በኩላሊት መንደር ውስጥ የዘር ጤና ተሟጋች ድርጅት የሆነው አዲስ ተስፋ ማህበር ልዩ የቅባተ ተክሎች ምርመራ አድርጓል። ድርጅቱ በክልሉ ውስጥ የሚገኙ ሰባት የተለያዩ የቅባተ ተክሎች ዝርያዎችን በመለየት ለገበሬዎች አስፈላጊ የሆኑ መረጃዎችን በዝርዝር አቅርቧል። በዚህ የጥናት ሂደት ውስጥ በክልሉ ውስጥ የሚገኙ ሁለት መቶ አርሶ አደሮች ተሳታፊ በመሆናቸው ጥናቱ በጣም ውጤታማ መሆኑ ተገልጿል። የድርጅቱ መሪ የሆነችው ወይዘሮ አልማዝ በዝግጅቱ ላይ እንደገለጹት የቅባተ ተክሎች ምርታማነትን ለመጨመር አዳዲስ የዘር አይነቶችን ማስተዋወቅ የግድ ይላል። ማህበሩ በቀጣይ በታህሳስ ወር ውስጥ ተጨማሪ የሥልጠና መርሃ ግብር ለማዘጋጀት በዝግጅት ላይ መሆኑን ለሚዲያ ተወካዮች አሳውቋል።

በኩላሊት መንደር የተካሄደው የቅባተ ተክሎች ምርመራ በስንት አርሶ አደሮች አማካኝነት ተከናወነ?"
comprehension|118#2,comprehension,,daily_life,"ከዚህ በታች ያለውን ምንባብ አንብበህ ጥያቄውን መልስ።

Context:
በነሐሴ ፳ ቀን በምስራቅ አውራጃ በምትገኘው በወርቅ ከተማ ውስጥ የኩላሊት ምግብ ማቀነባበሪያ ፋብሪካ የሆነው የንጋት ምግብ ፋብሪካ አዲስ የጥራታረጋጠኝነት መስመር መዘርጋቱን አረጋግጧል። ፋብሪካው በየቀኑ ከአምስት ሺህ ኪሎ ግራም በላይ የጥራጥሬ ምርቶችን በማቀነባበር ለከተማዋ ነዋሪዎች በታማኝነት እንዲደርሱ አድርጎ ይገኛል። ይህ አዲስ የቴክኖሎጂ መስመር በፋብሪካው ውስጥ የሚሰሩ ሰላሳ አዳዲስ ሰራተኞችን እንዲቀጠር በማድረግ የሥራ ዕድል ፈጥሯል። የፋብሪካው ስራ አስኪያጅ አቶ ታደሰ በሰጡት መግለጫ መሰረት አዳዲስ ማሽኖቹ የምግብ ብክነትን በከፍተኛ ሁኔታ እንደሚቀንሱ ተናግረዋል። ፋብሪካው የሚገኘው ከከተማዋ መሃል በስተሰሜን በኩል በሚገኘው በልማት መንደር ውስጥ በመሆኑ ለትራንስፖርት በጣም አመቺ ነው።

የንጋት ምግብ ፋብሪካ አዲስ የቴክኖሎጂ መስመር መዘርጋቱ በስራ ዕድል ረገድ ምን ለውጥ አመጣ?"
comprehension|120#0,comprehension,,daily_life,"ንባቡን መሠረት በማድረግ ጥያቄውን መልስ።

Context:
በየሳምንቱ ቅዳሜ ጠዋት መርካቶ ውስጥ የሚገኘው ትልቅ የሸቀጣሸቀጥ ገበያ ላይ ብዙ ሰዎች የተለያዩ የቤት ውስጥ ቁሳቁሶችን ለመግዛት በብዛት ይሰበሰባሉ። ነጋዴዎች ትኩስ አትክልቶችንና ፍራፍሬዎችን ከገጠር አካባቢዎች በማምጣት ለደንበኞች በተመጣጣኝ ዋጋ ለማቅረብ በየቀኑ ጠዋት በከፍተኛ ትጋት ይዘጋጃሉ። ብዙ ገዢዎች ጥራት ያላቸውን ምርቶች ለመፈለግ ሲሉ ከማለዳ ጀምሮ በገበያው ውስጥ በመዘዋወር ምርጫቸውን በጥንቃቄ ያደርጋሉ።

ሰዎች በየሳምንቱ ቅዳሜ ጠዋት መርካቶ ገበያ ውስጥ የሚሰበሰቡት ለምን?"
comprehension|120#1,comprehension,,daily_life,"ምንባቡን ካነበብሽ በኋላ ለጥያቄው መልስ ስጪ።

Context:
አዲስ አበባ ውስጥ በሚገኝ አንድ ትንሽ የልብስ መሸጫ ሱቅ ውስጥ ነጋዴው ለደንበኞች የሚሆኑ የተለያዩ የጥጥ ልብሶችን በብዛት ይሸጣል። ሱቁ ውስጥ የሚገኙት ነጭና ሰማያዊ ቀሚሶች ከጥራታቸው የተነሳ በየቀኑ ብዙ ሴቶች እንዲገዙባቸው ከፍተኛ ፍላጎት ይፈጥራሉ። የሱቁ ባለቤት ደንበኞች የሚፈልጉትን ዓይነት ልብስ በቀላሉ እንዲያገኙ ለማድረግ በየጊዜው አዳዲስ ዲዛይኖችን ወደ መደርደሪያዎቹ ያስቀምጣል።

በሱቁ ውስጥ የሚገኙት ነጭና ሰማያዊ ቀሚሶች ለምን ብዙ ሴቶች እንዲገዙባቸው ይደረጋል?"
comprehension|121#0,comprehension,,daily_life,"ከዚህ በታች ያለውን ምንባብ አንብበህ ጥያቄውን መልስ።

Context:
አዲስ አበባ ውስጥ የሚገኙ ታክሲዎች በተለያዩ ሰዓታት ውስጥ ለተለያዩ የከተማው ክፍሎች አገልግሎት ይሰጣሉ። ሰራተኞች ወደ ስራ ቦታቸው ለመድረስ በጠዋት ላይ በብዛት ታክሲዎችን ይጠቀማሉ። አሽከርካሪዎች ደንብ አክብረው መንገዱን እንዲያልፉ በየቀኑ ትልቅ ጥረት ያደርጋሉ። ተሳፋሪዎች በታክሲ ውስጥ ሲቀመጡ ለጉዞው የሚሆን ክፍያ በወቅቱ መክፈል ይኖርባቸዋል። የከተማው ትራንስፖርት ስርዓት በየጊዜው እንዲሻሻል መንግስት የተለያዩ እቅዶችን እያወጣ ይገኛል። አዳዲስ አውቶቡሶች ወደ ከተማው ሲገቡ የትራንስፖርት መጨናነቅን ለመቀነስ ትልቅ ተስፋ ይሰጣሉ።

ሰራተኞች ወደ ስራ ቦታቸው ለመድረስ በጠዋት ላይ ምን ይጠቀማሉ?"
comprehension|122#0,comprehension,,daily_life,"ከዚህ በታች የቀረበውን መረጃ በመጠቀም ለጥያቄው መልስ ስጥ።

Context:
በአዲስ አበባ ከተማ ውስጥ በሚገኝ ትልቅ ትምህርት ቤት ውስጥ ተማሪዎች በየቀኑ ጠዋት በሰዓቱ ተሰልፈው ወደ ክፍል ይገባሉ። መምህራን ትምህርቱን ከመጀመራቸው በፊት የክፍሉን ንጽህና እና የተማሪዎችን የደንብ አለባበስ በጥንቃቄ ይመረምራሉ። ተማሪዎች የትምህርት መጽሐፍትን እና ደብተሮችን ይዘው በመምጣት በንቃት ትምህርቱን ለመከታተል ዝግጁ ይሆናሉ። በረሃብ ወቅት ተማሪዎች በጋራ በመሆን የተዘጋጀላቸውን ምሳ በጣራ ስር ወይም በሜዳ ላይ ተቀምጠው ይመገባሉ። ትምህርት ቤት ውስጥ የሚሰጡት የሳይንስ ትምህርቶች በተግባር የታገዙ በመሆናቸው ተማሪዎች በላብራቶሪ ውስጥ የተለያዩ ሙከራዎችን ያደርጋሉ። ከትምህርት በኋላ ተማሪዎች በክለቦች ውስጥ በመሳተፍ ስፖርታዊ እንቅስቃሴዎችን እና የኪነጥበብ ስልጠናዎችን በደስታ ይከታተላሉ። በትምህርት ቤቱ ግቢ ውስጥ የሚገኙ አረንጓዴ ተክሎች ለተማሪዎች ለተሻለ የአየር ንብረት እና ለትኩረት እንዲረዳቸው ያደርጋሉ። መምህራን ተማሪዎች በፈተና ወቅት ትክክለኛውን ጥረት እንዲያደርጉ እና በታማኝነት እንዲሰሩ ሁልጊዜ ያበረታታሉ።

ተማሪዎች በሳይንስ ትምህርት ወቅት ምን ዓይነት ተግባራዊ እንቅስቃሴዎችን ያደርጋሉ?"
comprehension|122#1,comprehension,,daily_life,"ምንባቡን ካነበብሽ በኋላ ለጥያቄው መልስ ስጪ።

Context:
በአንድ የገጠር ትምህርት ቤት ውስጥ ያሉ ተማሪዎች በየቀኑ ረጅም መንገድ በእግራቸው ተጉዘው ትምህርት ቤት ይደርሳሉ። ትምህርት ቤቱ በደጋማ ቦታ ላይ ስለሚገኝ የአየር ሁኔታው አንዳንዴ በጣም ቀዝቃዛ እና አስቸጋሪ ሊሆን ይችላል። ተማሪዎች የትምህርት ቁሳቁሶቻቸውን በከረጢት ውስጥ አሽገው በትጋት ወደ መማሪያ ክፍላቸው ይገባሉ። መምህራን በየቀኑ አዳዲስ እውቀቶችን ለማስተማር የተለያዩ የጥንት ታሪኮችን እና የገጠር ህይወትን መሰረት ያደረጉ ምሳሌዎችን ይጠቀማሉ። በትምህርት ቤቱ ውስጥ የሚገኘው ትንሽ ቤተመጽሐፍት ለተማሪዎች ንባብ እንዲያዳብሩ ትልቅ ዕድል ይሰጣቸዋል። ተማሪዎች በየሳምንቱ መጨረሻ በክላስ ውስጥ የሚደረጉ የውድድር ጨዋታዎች ላይ በመሳተፍ የቡድን ስራን ይማራሉ። በትምህርት ቤቱ ግቢ ውስጥ የሚገኙ እንስሳት ለተማሪዎች የቤት እንስሳትን እንክብካቤ ለማወቅ ይረዳቸዋል። መምህራን ተማሪዎች በትምህርታቸው ውጤታማ እንዲሆኑ በየቀኑ አዳዲስ መመሪያዎችን እና ምክሮችን ይሰጣሉ።

በትምህርት ቤቱ ውስጥ የሚገኘው ትንሽ ቤተመጽሐፍት ለተማሪዎች ምን ጥቅም ይሰጣል?"
comprehension|122#2,comprehension,,daily_life,"የተሰጠውን ጽሑፍ በጥንቃቄ ካነበብክ በኋላ የቀረበውን ጥያቄ መልስ።

ጽሑፍ፡ በከተማ ውስጥ በሚገኝ ትልቅ ሁለተኛ ደረጃ ትምህርት ቤት ውስጥ የፈተና ወቅት በጣም ተጨንቆ የሚታይ ወቅት ነው። ተማሪዎች ለሚቀጥለው ቀን ፈተና ለመዘጋጀት በቤተመጽሐፍቱ ውስጥ ረጅም ሰዓታት በማሳለፍ መጽሐፍትን ያነባሉ። መምህራን ተማሪዎች የፈተና ጥያቄዎችን እንዴት መመለስ እንዳለባቸው እና ጊዜያቸውን እንዴት መጠቀም እንዳለባቸው ያስተምራሉ። ተማሪዎች በፈተና ወቅት በራስ መተማመን እንዲኖራቸው መምህራን የሥነ-ልቦና ድጋፍ እና ማበረታቻ ይሰጣሉ። የፈተና ውጤት ሲታወቅ ተማሪዎች ውጤታቸውን ለማየት በጉጉት እና በጭንቀት ይጠባበቃሉ። ከፍተኛ ውጤት ያመጡ ተማሪዎች በትምህርት ቤቱ የክብር ሰነድ እና ሽልማት ተሸልመው ይታወቃሉ። ተማሪዎች ውጤታቸው ዝቅተኛ ሲሆን መምህራን ለምን እንደተሳሳቱ በመለየት ተጨማሪ ድጋፍ ያደርጋሉ። በትምህርት ቤቱ ውስጥ የሚደረጉ የፈተና ሂደቶች በጣም ጥብቅ እና ግልጽ በሆነ መንገድ ይከናወናሉ።

ጥያቄ፡ ከፍተኛ ውጤት ላመጡ ተማሪዎች በትምህርት ቤቱ ምን ዓይነት እውቅና ይሰጣቸዋል?"
comprehension|123#0,comprehension,,daily_life,"ንባቡን መሠረት በማድረግ ጥያቄውን መልስ።

Context:
በአዲሱ የዘመን መለወጫ በዓል ምክንያት በሰማያዊ ተራራ ከተማ ውስጥ በሚገኘው የብርሃን ማዕከል በታላቅ ድምቀት የባህል ትርኢት ተዘጋጅቷል። በዓሉን ለመቀዳጀት የሰላም ማህበር አባላት በድምሩ አምስት መቶ ሰራተኞችን በመቅጠር ለሦስት ወራት ያህል ልዩ ስልጠና ሰጥተዋል። በዝግጅቱ ላይ የቆላማ አካባቢው ወጣቶች በባህላዊ አልባሳት ተኳኩለው ለሁለት ሰዓታት ያህል የደስታ ጭፈራ ሲያቀርቡ ታይተዋል። የዝግጅቱ ዋና ዓላማ በከተማዋ ውስጥ የሚኖሩ ወጣቶችን ከጥንታዊው የሀገር ባህል ጋር ማስተዋወቅና ማገናኘት መሆኑን የዝግጅቱ አስተባባሪ አቶ በቀለ ተናግረዋል።

የዝግጅቱ ዋና ዓላማ ምንድን ነው?"
comprehension|123#1,comprehension,,daily_life,"በሚከተለው ጽሑፍ መሠረት ጥያቄውን በአጭሩ መልስ።

Context:
ባለፈው ማክሰኞ በወርቅ ወንዝ መንደር ውስጥ በዓመታዊው የሰብል ምርት በዓል ላይ የገበሬዎች ማህበር በሰጠው መግለጫ መሠረት አዳዲስ የግብርና መሣሪያዎች ተከፋፍለዋል። በበዓሉ ላይ ለተሳታፊዎች የተሰጡት የጥራታቸው ማረጋገጫ ያላቸው የብረት አካፋዎች ብዛት በድምሩ ሰማንያ አምስት መሆኑን የድርጅቱ ስራ አስኪያጅ ወይዘሮ አልማዝ ገልጻለች። በበዓሉ ወቅት በሰፈሩ ውስጥ ለሚገኙ ስድስት ትላልቅ እርሻዎች የሚሆኑ የዘር ምርቶች በነፃ ተከፋፍለዋል። ይህ በዓል በየዓመቱ በሰኔ አሥራ አምስት ቀን በታላቅ ድምቀት እንደሚከበርም ተገልጿል።

ወይዘሮ አልማዝ በበዓሉ ወቅት ስንት የብረት አካፋዎች መከፋፈላቸውን ገልጻለች?"
comprehension|123#2,comprehension,,daily_life,"ጽሑፉን በጥንቃቄ አንብባችሁ ጥያቄውን ከጽሑፉ በመነሳት መልሱ።

Context:
በአባይ ሸለቆ አካባቢ በሚገኘው የጥበብ መንደር ውስጥ በዓይነት ሁለት የጥንታዊ የሸክላ ስራዎች ኤግዚቢሽን ባለፈው ሳምንት ተካሂዶ ተጠናቋል። በኤግዚቢሽኑ ላይ የተሳተፉት የጥበብ ባለሙያዎች በጠቅላላው አሥራ ሁለት የጥንታዊ ቅርጻ ቅርጾችን ለሕዝቡ እንዲመለከቱ አድርገዋል። በዝግጅቱ ላይ የተገኙት እንግዶች በኤግዚቢሽኑ ላይ የቀረቡት የሸክላ ውጤቶች ጥራት በጣም ከፍተኛ መሆኑንና ለቱሪስቶች ትልቅ መሳቢያ መሆናቸውን አድንቀዋል። በኤግዚቢሽኑ ወቅት የተሸጡት የሸክላ ውጤቶች በድምሩ አራት መቶ ሃያ ብር መሆኑን የኤግዚቢሽኑ አስተባባሪ አረጋግጧል።

በኤግዚቢሽኑ ላይ የቀረቡት የሸክላ ውጤቶች ጥራት ምን ይመስላል?"
comprehension|124#1,comprehension,,history,"ከሚከተለው ጽሑፍ በመነሳት ጥያቄውን መልስ።

በአዲሱ የሰላም ከተማ የታሪክ ተመራማሪዎች በ፪፻፸፭ ዓመተ ምህረት አዲስ የድንጋይ ጽሕፈት አግኝተዋል። ይህ ጽሕፈት በታላቁ የድንጋይ ሰሪ ቡድን አማካኝነት በ፪፻፶ አባላት ተሰርቶ መጠናቀቁን የጥናት ሪፖርቱ በዝርዝር ያሳያል። በጽሕፈቱ ላይ እንደተጠቀሰው የከተማዋ ንግድ በ፪፻፶ አምስት የሸክላ ዕቃዎች በየቀኑ ይከናወን ነበር። የጥናቱ መሪ የሆኑት ወይዘሮ አልማዝ በጽሕፈቱ ውስጥ የተጠቀሱትን ዝርዝር መረጃዎች በሙሉ በጥንቃቄ መርምረዋል። ይህ ታሪካዊ ግኝት በከተማዋ ውስጥ የነበረውን የዕለት ተዕለት የንግድ እንቅስቃሴ ለመረዳት ትልቅ ዕድል ይሰጣል። የጽሕፈቱ ይዘት በወቅቱ የነበረውን የሰዎች ግንኙነትና የንግድ ሥርዓት በግልጽ የሚያሳይ ነው።

ጥያቄ፡ በአዲሱ የድንጋይ ጽሕፈት መሠረት በየቀኑ የሚከናወነው የሸክላ ዕቃዎች የንግድ መጠን ስንት ነው?"
comprehension|125#0,comprehension,,history,"ጽሑፉን አንብበህ ጥያቄውን መልስ፡

ጽሑፍ፡ በአንድ ወቅት በሰሜን አቅጣጫ በሚገኘው የዘንባባ ሸለቆ ውስጥ በታላቁ የኩታ ጦርነት ወቅት ከፍተኛ ውጊያ ተካሂዷል። በዚያን ጊዜ የሰማያዊ ተራራ ጦር በቁጥጥር ስር ለማዋል የሞከረው የጥቁር ድንጋይ መንግሥት በሰባት ወር የጦርነት ዝግጅት ወቅት ሰላሳ አዳዲስ ሰልፍ አድርጓል። የጦር መሪው አቶ በቀለ ዘላለም በቁጥጥር ስር የዋለችውን የሜዳ ጽጌረዳ መንደር ለመቆጣጠር በሁለት ሺህ አምስት መቶ አርባ አምስት ዓመተ ምህረት በሰላሳ ሁለት ሠራዊት ተገጥሟል። በወቅቱ የነበረው የሰሜን አቀባባይ ድርጅት በቁሳቁስ አቅርቦት ረገድ ከፍተኛ ድጋፍ በማድረግ ለጦር ተዋጊዎቹ አምስት ሺህ የብረት ጋሻዎችን አቅርቧል። የጦርነቱ ውጤት በሰላሳ አምስት ቀናት ውስጥ ተጠናቆ የጥቁር ድንጋይ መንግሥት በሰላማዊ መንገድ እንዲሸነፍ ምክንያት ሆኗል። በወቅቱ በነበረው የጦር ሜዳ ላይ አምስት መቶ የጦር ፈረሶች ለጦርነቱ ዝግጁ ተደርገው ተቀምጠው ነበር። ይህ ታሪካዊ ክስተት በታሪክ መጽሐፍ ውስጥ በሰፊው ተመዝግቦ እንዲቀመጥ በታላቁ የታሪክ ተመራማሪ አቶ አበበ ተደርጓል።

ጥያቄ፡ በጥቁር ድንጋይ መንግሥት እና በሰማያዊ ተራራ ጦር መካከል የተደረገው ውጊያ ለስንት ቀናት የቆየ ነበር?"
comprehension|125#1,comprehension,,history,"ከዚህ በታች ያለውን ምንባብ አንብበህ ጥያቄውን መልስ።

Context:
በአዲሱ የሰሜን አውራጃ መተዳደሪያ ከተማ ውስጥ በታላቁ የንግድ ጦርነት ወቅት ከፍተኛ የኢኮኖሚ እንቅስቃሴ ታይቷል። በወቅቱ የነበረው የወርቅ ማዕድን ማኅበር በሰማያዊ ደመና ከተማ ውስጥ በነበረው የንግድ ውዝግብ ምክንያት አምስት መቶ ሰራተኞችን አሰናብቷል። የንግድ ማኅበሩ መሪ የሆኑት አቶ ተክሌ በሰባት መቶ ሺህ ብር የንግድ ውል ለመፈረም ቢሞክሩም በውሳኔው አልተሳካላቸውም። በዚያው ዓመት በነበረው የንግድ እንቅስቃሴ ወቅት በአጠቃላይ አምስት መቶ ሃያ አዳዲስ የንግድ ድርጅቶች በከተማዋ ውስጥ ተመዝግበዋል። የንግድ ጦርነቱ በሰላሳ ሁለት ወራት ውስጥ ተጠናቆ በከተማዋ የንግድ ሥርዓት ላይ ትልቅ ለውጥ አምጥቷል። በወቅቱ የነበረው የንግድ መመሪያ በሰባት መመሪያዎች ላይ የተመሠረተ ሲሆን ይህም ለንግድ ሥርዓቱ መረጋጋት ትልቅ አስተዋጽኦ አድርጓል። የንግድ ማኅበሩ በወቅቱ የነበረውን የገንዘብ እጥረት ለመቅረፍ በሁለት መቶ ሺህ ብር የብድር አገልግሎት መስጠት ጀምሮ ነበር።

የወርቅ ማዕድን ማኅበሩ በሰማያዊ ደመና ከተማ ውስጥ በነበረው የንግድ ውዝግብ ምክንያት ስንት ሰራተኞችን አሰናብቷል?"
comprehension|125#2,comprehension,,history,"ጽሑፉን በጥንቃቄ አንብባችሁ ጥያቄውን ከጽሑፉ በመነሳት መልሱ።

Context:
በታላቁ የደመና ጦርነት ወቅት በሰሜን ተራራማ ስፍራዎች ላይ በሰባት ወር የጦርነት ዝግጅት ወቅት ከፍተኛ ውጊያ ተካሂዷል። በወቅቱ የነበረው የነጭ ተራራ ጦር በሰላሳ አምስት ሺህ ተዋጊዎች የታጀበ ሲሆን በሰማያዊ ሸለቆ ውስጥ ከፍተኛ ድል ተቀዳጅቷል። የጦር መሪው አቶ ዮናስ በሁለት ሺህ አምስት መቶ ሃምሳ ዓመተ ምህረት በሰባት መቶ የጦር ፈረሶች የታጀበ ሰልፍ አድርገው ነበር። በጦርነቱ ወቅት የነበረው የጦር መሣሪያ አቅራቢ ድርጅት በአምስት መቶ ሺህ ብር የጦር መሣሪያዎችን ለጦር ተዋጊዎቹ አቅርቧል። የጦርነቱ ውጤት በሃያ አምስት ቀናት ውስጥ ተጠናቆ የነጭ ተራራ ጦር በሰላማዊ መንገድ እንዲሸነፍ ምክንያት ሆኗል። በወቅቱ በነበረው የጦር ሜዳ ላይ አምስት መቶ የጦር ፈረሶች ለጦርነቱ ዝግጁ ተደርገው ተቀምጠው ነበር። ይህ ታሪካዊ ክስተት በታሪክ መጽሐፍ ውስጥ በሰፊው ተመዝግቦ እንዲቀመጥ በታላቁ የታሪክ ተመራማሪ አቶ አበበ ተደርጓል።

በታላቁ የደመና ጦርነት ወቅት የነጭ ተራራ ጦር በስንት ተዋጊዎች ታጅቦ ነበር?"
comprehension|126#0,comprehension,,history,"በሚከተለው ጽሑፍ መሠረት ጥያቄውን በአጭሩ መልስ።

Context:
በሃያኛው ክፍለ ዘመን መካከለኛ የአፍሪካ አገራት የቅኝ ግዛት አገዛዝን ለማስወገድ ከፍተኛ ትግል አድርገዋል። እነዚህ የነፃነት ተዋጊዎች በሰላማዊ መንገድ እና በታጠቀ ትግል አማካኝነት የራሳቸውን ሉዓላዊነት ለማረጋገጥ በበርካታ አገራት ውስጥ ተከታታይ እንቅስቃሴዎችን አድርገዋል። የአገራቱ መሪዎች የአፍሪካን አንድነት ለማጠናከር እና የውጭ አገራትን ተጽዕኖ ለመቀነስ በዓለም አቀፍ መድረኮች ላይ ጠንካራ ድምፅ አሰምተዋል።

የነፃነት ተዋጊዎች ሉዓላዊነታቸውን ለማረጋገጥ የተጠቀሙባቸው ሁለት ዋና ዋና መንገዶች ምን ምን ናቸው?"
comprehension|126#1,comprehension,,history,"ከሚከተለው ጽሑፍ በመነሳት ጥያቄውን መልስ።

በአፍሪካ አህጉር ውስጥ የነፃነት ንቅናቄዎች ሲጠናከሩ የአውሮፓ አገራት በየአህጉሪቱ የነበራቸውን የፖለቲካ እና የኢኮኖሚ የበላይነት እያጡ መጡ። ብዙ አገራት በራሳቸው የመንግስት መዋቅር እንዲመሩ እና የራሳቸውን ሕገ-መንግስት እንዲያወጡ የሚያስችላቸውን ዕድል በታላቅ ተጋድሎ አግኝተዋል። ይህ ሂደት በአህጉሪቱ ሰፊ ለውጥ በማምጣት አዳዲስ መንግስታት እንዲመሰረቱ ትልቅ መሠረት ጥሏል።

ጥያቄ፡ የአውሮፓ አገራት በአፍሪካ አህጉር የነበራቸውን የበላይነት ማጣት በምን ምክንያት ተያያዘ?"
comprehension|126#2,comprehension,,history,"ንባቡን መሠረት በማድረግ ጥያቄውን መልስ።

Context:
በአፍሪካ የነፃነት እንቅስቃሴዎች ወቅት የተፈጠሩት የፖለቲካ ለውጦች የአህጉሪቱን የድንበር ሁኔታ እና የሕዝቦች ስምምነት በእጅጉ ለውጠዋል። አዳዲስ የተመሰረቱ አገራት የራሳቸውን የሀብት አጠቃቀም እና የልማት ዕቅዶች ለማውጣት በከፍተኛ ጥረት እየሰሩ ይገኛሉ። እነዚህ አገራት ከቅኝ ግዛት በኋላ የገጠሟቸው ተግዳሮቶች የአህጉሪቱን የወደፊት ዕጣ ፈንታ በመወሰን ረገድ ወሳኝ ሚና ተጫውተዋል።

የነፃነት እንቅስቃሴዎቹ የአፍሪካን የድንበር ሁኔታ እንዴት ለውጠዋል?"
comprehension|127#2,comprehension,,history,"ይህን ምንባብ መሠረት በማድረግ ለጥያቄው መልስ ስጥ።

ምንባብ፡ በ፻፪ ዓመተ ምሕረት በታላቁ የሙንታ ዱር ውስጥ የነበረችው የሙንታ ጦር በታላቁ አዛዥ በሙንታን መሪነት አዲስ የጦር መሣሪያ አምራች ማዕከል በ፪፻ የብረት እቃዎች መታገዝ መሠረተች። ይህ ማዕከል በወቅቱ በነበሩት ፻፳ የብረት ሰሪዎች አማካኝነት ለጦርነት የሚያገለግሉ ጠንካራ ጋሻዎችንና ሰይፎችን በየቀኑ ማምረት ትችት ነበር። የሙንታ የብረት ማኅበር በ፻፪ ዓመተ ምሕረት ከ፻፳ እስከ ፻፳፭ ዓመታት መካከል ፻፻ የብረት እቃዎችን ለጎረቤት መንግሥታት በመሸጥ ከፍተኛ ገቢ አግኝቷል። በሙንታ ማዕከል ውስጥ የሚገኙት ሰሪዎች በየቀኑ ከ፪ ሰዓት እስከ ፪ ሰዓት ድረስ በከፍተኛ ጥንቃቄና ትኩረት የብረት ሥራዎችን በመሥራት ይታወቃሉ። ይህ የብረት ማምረት ሂደት በሙንታ መንግሥት ውስጥ የኢኮኖሚ ጥንካሬንና የጦር መሣሪያ አቅርቦትን ለማረጋገጥ ትልቅ ሚና ተጫውቷል።

ጥያቄ፡ በሙንታ የብረት ማምረት ማዕከል ውስጥ የሚሰሩት ሰሪዎች በየቀኑ ለስንት ሰዓታት ሥራ ይሠራሉ?"
comprehension|128#0,comprehension,,history,"ምንባቡን ካነበብሽ በኋላ ለጥያቄው መልስ ስጪ።

Context:
በሃያኛው ክፍለ ዘመን መጀመሪያ ላይ በአውሮፓ አገራት መካከል የነበረው ከፍተኛ የኃይል ሽኩቻ ለታላቁ የዓለም ጦርነት መነሻ ምክንያት ሆኖ አገልግሏል። በወቅቱ የነበሩት ታላላቅ መንግሥታት የባሕር ላይ የበላይነትን ለመቆጣጠርና አዳዲስ የንግድ መስመሮችን ለመዘርጋት ከፍተኛ ጥረት ያደርጉ ነበር። ይህ የፖለቲካ ውጥረት በድንበር ላይ ለሚገኙ አገራት መካከል ከፍተኛ የሆነ የጦርነት ስጋት እንዲፈጠር አድርጓል። የጦር መሣሪያዎች ምርት በከፍተኛ ሁኔታ መጨመርና የሰራዊት ቁጥር ማደግ በወቅቱ የነበረውን አለመረጋጋት ይበልጥ አባብሶታል። ብዙ አገራት የራሳቸውን የጦር መሣሪያ መሠረተ ልማት ለመገንባት ከፍተኛ በጀት መድበው ነበር። በመጨረሻም በድንገት በተከሰተ የፖለቲካ ክስተት ምክንያት አገራቱ ወደ መጠነ ሰፊው የጦርነት መድረክ ተገቡ። ይህ ታላቅ ክስተት የዓለምን የፖለቲካ ሥርዓት ለብዙ ዓመታት ለሚቆይ ትልቅ ለውጥ ዳርጓል።

በሃያኛው ክፍለ ዘመን መጀመሪያ ላይ በአውሮፓ አገራት መካከል የነበረው የኃይል ሽኩቻ ለምን ምክንያት ሆኖ አገልግሏል?"
comprehension|128#1,comprehension,,history,"ይህን ምንባብ መሠረት በማድረግ ለጥያቄው መልስ ስጥ።

ምንባብ፡ ከሁለተኛው የዓለም ጦርነት በኋላ በዓለም አቀፍ ደረጃ ሰላምን ለማስፈንና አገራትን ለማስተባበር አዲስ ድርጅት ተመሠረተ። ይህ ድርጅት ዓለም አቀፍ የሕግ የበላይነት እንዲሰፍንና በሀገራት መካከል የሚፈጠሩ አለመግባባቶች በሰላማዊ መንገድ እንዲፈቱ ዓላማ አለው። አባል አገራት በጋራ በመሆን የሰብአዊ መብቶችን ለማስከበርና ድህነትን ለመቀነስ የተለያዩ ፕሮግራሞችን ይተገብራሉ። በድርጅቱ መዋቅር ውስጥ የተለያዩ የውሳኔ ሰጪ አካላትና የሥራ ክፍሎች በግልጽ ተለይተው ተቀምጠዋል። አገራት በድርጅቱ ውስጥ ተሳትፎ በማድረግ የጋራ ጥቅማቸውን ለማስጠበቅና የጸጥታ ስጋቶችን ለመቀነስ ይጥራሉ። የድርጅቱ ተጽዕኖ በዓለም አቀፍ ዲፕሎማሲ ውስጥ በጣም ከፍተኛ ደረጃ ላይ እንዲደርስ ተደርጓል። ይህ ተቋም በዓለም ላይ ሰላምን ለማስፈን የሚደረገውን ጥረት ለማጠናከር ትልቅ ሚና እየተጫወተ ይገኛል።

ጥያቄ፡ አዲሱ ዓለም አቀፍ ድርጅት ዓላማው ምንድን ነው?"
comprehension|128#2,comprehension,,history,"ይህን ምንባብ መሠረት በማድረግ ለጥያቄው መልስ ስጥ።

ምንባብ፡ በሃያኛው ክፍለ ዘመን አጋማሽ ላይ በሁለት ትላልቅ የፖለቲካ ኃይሎች መካከል ከፍተኛ የሆነ የርዕዮተ ዓለም ልዩነት ተፈጥሮ ነበር። አንደኛው ወገን የካፒታሊዝም ሥርዓትንና የግል ንብረት መብትን የሚያስከብር ሲሆን ሁለተኛው ወገን ደግሞ የማኅበራዊ ሥርዓትን ይከተላል። ይህ ልዩነት በዓለም ዙሪያ በሚገኙ አገራት ውስጥ ከፍተኛ የሆነ የፖለቲካና የኢኮኖሚ ውጥረት እንዲፈጠር አድርጓል። አገራቱ በሁለት የተለያዩ ጎራዎች ተከፍለው በዓለም አቀፍ መድረክ ላይ ለረጅም ጊዜ ተፎካክተዋል። ይህ የኃይል ሽኩቻ በቀጥታ በጦርነት ባይገለጽም በሌሎች አገራት ውስጥ በረቂቅ መንገዶች ተጽዕኖ ማሳደር ችሏል። በቴክኖሎጂና በጠፈር ምርምር ዘርፍ የታየው ከፍተኛ ውድድር የዚህ የኃይል ሽኩቻ ውጤት ነበር። በሁለቱ ወገኖች መካከል ያለው ልዩነት በዓለም አቀፍ ግንኙነት ላይ ትልቅ ጥላ አሳርፏል።

ጥያቄ፡ በሁለቱ የፖለቲካ ኃይሎች መካከል የነበረው የርዕዮተ ዓለም ልዩነት በምን መንገዶች ተገልጿል?"
comprehension|129#0,comprehension,,health,"ንባቡን መሠረት በማድረግ ጥያቄውን መልስ።

Context:
የወባ በሽታን ለመከላከል በቤት ውስጥ የሚገኙ የቆሙ የውሃ መሰብሰቢያዎችን በየጊዜው ማጽዳትና መሸፈን በጣም አስፈላጊ የሆነ የጤና ጥበቃ እርምጃ ነው። በቤት ዙሪያ የሚገኙ የቆሻሻ ክምችቶችንና የውሃ መከማቻዎችን በማስወገድ የወባ ትንኝ መራቢያ ቦታዎችን መጥፋት ማድረግ ለጤናማ ማህበረሰብ መገንባት ይረዳል። ሰዎች በየምሽቱ በታመኑና በደንብ በተሰፉ የትረኔት አውታሮች መተኛት በትንኝ ንክሻ አማካኝነት የሚመጣውን በሽታ ለመከላከል ትልቅ ሚና ይጫወታል።

የወባ ትንኝ መራቢያ ቦታዎችን ለማጥፋት ምን ማድረግ ያስፈልጋል?"
comprehension|129#1,comprehension,,health,"ከዚህ በታች ያለውን ምንባብ አንብበህ ጥያቄውን መልስ።

Context:
የወባ መከላከያ መድኃኒቶችን በታዘዘላቸው መሠረት በትክክል መውሰድ በበሽታው የመያዝ እድልን በከፍተኛ ሁኔታ ለመቀነስና የጤና መታወክን ለመከላከል ይረዳል። በየአካባቢው የሚገኙ የጤና ባለሙያዎች ስለ በሽታው ምልክቶችና ስለ መከላከያ መንገዶች ለህዝቡ በቂ ግንዛቤ እንዲኖራቸው የማስተማር ስራዎችን በየቀኑ ያከናውናሉ። በየቤቱ የሚገኙ የትረኔት አውታሮች በደንብ የተሰፉ መሆናቸውን ማረጋገጥ በትንኝ ንክሻ ምክንያት የሚመጣውን አደጋ ለመቀነስ ይረዳል።

የጤና ባለሙያዎች ለህዝቡ ስለ በሽታው ምልክቶች ግንዛቤ እንዲኖራቸው ምን ያደርጋሉ?"
comprehension|129#2,comprehension,,health,"ጽሑፉን በጥንቃቄ አንብባችሁ ጥያቄውን ከጽሑፉ በመነሳት መልሱ።

Context:
በአካባቢው የሚገኙ የውሃ መሰብሰቢያዎችና የቆሻሻ ክምችቶች በየሳምንቱ መፈተሽና መጽዳት ያለባቸው ሲሆን ይህም የወባ ትንኝ መራቢያ ሁኔታን ለመቀነስ ይረዳል። ሰዎች በየምሽቱ በታመኑ የትረኔት አውታሮች መተኛት አለባቸው እንዲሁም በየቤቱ የሚገኙ የውሃ ማጠራቀሚያዎች በደንብ መሸፈን አለባቸው። እነዚህን ሶስት መሰረታዊ የጤና ጥበቃ እርምጃዎች በመተግበር የወባ በሽታን በከፍተኛ ሁኔታ መከላከልና የህዝብን ጤና መጠበቅ ይቻላል።

በጽሁፉ መሰረት የወባ በሽታን ለመከላከል መተግበር ያለባቸው ሶስት መሰረታዊ እርምጃዎች ምን ምን ናቸው?"
comprehension|130#0,comprehension,,health,"በሚከተለው ጽሑፍ መሠረት ጥያቄውን በአጭሩ መልስ።

Context:
በኢትዮጵያ ውስጥ ያሉ እናቶች በጤና ጣቢያዎች የቅድመ ወሊድ ክትትል ማድረግ ለእናቲቱና ለፅንሱ ጤናማ እድገት እጅግ አስፈላጊ የሆነ ተግባር ነው። በየወቅቱ በጤና ባለሙያዎች የሚሰጡ የክትትል አገልግሎቶች እናቶች ለሚገጥሟቸው የተለያዩ የጤና ችግሮች አስቀድሞ መፍትሄ እንዲያገኙ ይረዳሉ። እናቶች በየወሩ ወደ ጤና ጣቢያ በመሄድ የደም ግፊት መጠናቸውን እና የፅንሱን የልብ ምት በየጊዜው መለካት አለባቸው። በተጨማሪም የቫይታሚን እና የብረት ንጥረ ነገር ማሟያ መድሃኒቶችን መውሰድ እናቶች ከደም ማነስ እንዳይሰቃዩ ትልቅ እገዛ ያደርጋል። እነዚህ የጤና አገልግሎቶች በየአካባቢው በሚገኙ የጤና ተቋማት ውስጥ በነፃ ወይም በዝቅተኛ ክፍያ እንዲገኙ ተደርገው ተዘጋጅተዋል። በቂ ክትትል ያላደረጉ እናቶች ለከፋ የጤና እክሎች እና ለወሊድ ወቅት አደጋዎች የመጋለጥ እድላቸው በጣም ከፍተኛ ነው።

እናቶች ከደም ማነስ ለመከላከል ምን ማድረግ እንዳለባቸው በጽሁፉ ውስጥ ተገልጿል?"
comprehension|130#1,comprehension,,health,"ከዚህ በታች ያለውን ምንባብ አንብበህ ጥያቄውን መልስ።

Context:
ከወሊድ በኋላ ያሉ ህጻናት ለተሟላ እድገት እና ለበሽታ መከላከል እንዲችሉ አስፈላጊ የሆኑ ክትባቶችን በወቅቱ ማግኘት አለባቸው። በኢትዮጵያ የጤና መመሪያ መሰረት ህጻናት በተወሰኑ የዕድሜ ክልሎች ውስጥ የተለያዩ መሰረታዊ ክትባቶችን በጤና ጣቢያዎች እንዲያገኙ ይደረጋል። እነዚህ ክትባቶች ህጻናትን እንደ ፖሊዮ እና ለተለያዩ ተላላፊ በሽታዎች ከሚመጡ አደገኛ ጉዳቶች ለመጠበቅ ከፍተኛ ሚና ይጫወታሉ። ወላጆች የልጆቻቸውን የክትባት መርሃ ግብር በጤና ጣቢያዎች ውስጥ ባለው መዝገብ መሰረት በጥንቃቄ መከታተል ይኖርባቸዋል። በክትባት ወቅት የሚታዩ መጠነኛ የሙቀት መጨመር ወይም የቦታ እብጠት መሰል ምልክቶች ለጊዜው የሚቆዩ እና ተፈጥሯዊ ናቸው። ህጻናት በየጊዜው የሚደረግላቸው የክትባት አገልግሎት ለረጅም ጊዜ ጤናማ ህይወት እንዲኖራቸው መሰረት የሚጥል ተግባር ነው።

በክትባት ወቅት ሊታዩ የሚችሉ መጠነኛ ምልክቶች ምን ምን ናቸው?"
comprehension|130#2,comprehension,,health,"ከዚህ በታች ያለውን ምንባብ አንብበህ ጥያቄውን መልስ።

Context:
ለአነስተኛ ህጻናት የተመጣጠነ ምግብ አቅርቦት ለሰውነታቸው ግንባታ እና ለአዕምሮ እድገት በጣም ወሳኝ የሆነ የጤና ጉዳይ ነው። ህጻናት ከስድስት ወር እድሜ ጀምሮ ከእናቲቱ ጡት ወተት በተጨማሪ ተጨማሪ ተጨማሪ ምግቦችን መመገብ መጀመር አለባቸው። እነዚህ ተጨማሪ ምግቦች በቤት ውስጥ የሚዘጋጁ እና በቂ የፕሮቲን እንዲሁም የቪታሚን ንጥረ ነገሮችን የያዙ መሆን ይኖርባቸዋል። በየቀኑ የሚሰጡ የተመጣጠኑ ምግቦች ህጻናት ከሚታዩባቸው የተቅማጥ እና የክብደት መቀነስ ችግሮች ለመዳን ይረዳሉ። ወላጆች ለህጻናቸው ምግብ ሲያዘጋጁ ንጽህናን መጠበቅ እና ምግቡን በቂ ሙቀት እንዲኖረው ማድረግ ለጤናቸው አስፈላጊ ነው። በቂ ምግብ የማያገኙ ህጻናት ለተለያዩ የጤና እክቶች እና ለዝቅተኛ የሰውነት እድገት የመጋለጥ እድላቸው ሰፊ ነው።

ህጻናት ከስድስት ወር እድሜ በኋላ ከጡት ወተት በተጨማሪ ምን ማድረግ አለባቸው?"
comprehension|132#2,comprehension,,health,"ጽሑፉን አንብበህ ጥያቄውን መልስ፡

ጽሑፍ፡ በካቲት ፳ ቀን በወርቅ ማዕድን አካባቢ በሚገኘው አባይ ሸለቆ ውስጥ የንጽህና ቁጥጥር ኮሚቴው አዲስ መመሪያ አውጥቷል። ይህ መመሪያ በየሳምንቱ ቅዳሜ በጠዋት ፭ ሰዓት ላይ የጋራ የጽዳት ዘመቻ እንዲካሄድ እና የቆሻሻ መጣያዎችን በየቤቱ እንዲለዩ ያዝዛል። የኮሚቴው ሰብሳቢ ወይዘሪት ሳራ እንደገለጹት ይህ እርምጃ በከተማዋ ውስጥ ያለውን የጤና ሁኔታ ለመጠበቅ ወሳኝ ነው።

ጥያቄ፡ አዲሱ መመሪያ የጽዳት ዘመቻ እንዲካሄድ ያዘዘው በየትኛው ቀን እና በምን ሰዓት ነው?"
comprehension|133#0,comprehension,,health,"እባክዎን ከታች ያለውን ጽሑፍ አንብበው ለሚከተለው ጥያቄ መልስ ይስጡ።

Context:
በሰኔ ፲፪ ቀን በታላቁ አባይ ከተማ በሚገኘው የሰላም ሆስፒታል ውስጥ የጤና ጥበቃ ኮሚቴው አዲስ የክትባት መርሃ ግብር በስኬት ጀምሯል። የከተማው የጤና ባለሙያ የሆኑት አቶ በቀለ ተስፋዬ በዝግጅቱ ላይ በመገኘት ለ፪፻፶ አዳዲስ ህፃናት የመጀመሪያውን የክትባት መጠን ሰጥተዋል። ይህ ፕሮግራም በወር ውስጥ ፲፪ ሺህ ህፃናትን ለመድረስ ያለመ ሲሆን በዘርፉ የተሰማሩት የጎረቤት መንደሮች የጤና አሰልጣኞች በከፍተኛ ተነሳሽነት እየሰሩ ይገኛሉ። የጤና ኮሚቴው የክትባት ክምችት በበቂ ሁኔታ መኖሩንና ለሁሉም ህፃናት እኩል እንዲደርስ ጥረት እያደረገ መሆኑን በጋዜጣዊ መግለጫ አስታውቋል። የክትባቱ ሂደት በየቀኑ ከጠዋት እስከ ምሽት ድረስ በከተማዋ ማዕከላዊ ክትባት ማዕከል ውስጥ እንዲከናወን ተደርጓል።

በሰላም ሆስፒታል የተጀመረው የክትባት መርሃ ግብር በወር ውስጥ ስንት ህፃናትን ለመድረስ ታቅዶ ተዘጋጅቷል?"
comprehension|133#1,comprehension,,health,"ምንባቡን ካነበብሽ በኋላ ለጥያቄው መልስ ስጪ።

Context:
በአባይ ሸለቆ አካባቢ በሚገኘው የብርሃን መንደር የጤና ጣቢያ ውስጥ ባለፈው ሳምንት ከፍተኛ የሆነ የክትባት ዘመቻ ተካሂዶ ተጠናቅቋል። የዘመቻው አስተባባሪ የሆኑት ወይዘሮ አልማዝ አበበ በዘመቻው ወቅት በድምሩ ፭፻፶፭ ሰዎች መታቀባቸውን በዝርዝር ገልጸዋል። ይህ የክትባት ዘመቻ የተካሄደው በክልሉ ውስጥ በድንገት እየተስፋፋ የመጣውን አዲስ የቫይረስ አይነት ለመከላከል በሚል ዓላማ ነው። የጤና ባለሙያዎች ለክትባቱ የሚያስፈልጉ መሣሪያዎችንና መድኃኒቶችን ከዋናው የጤና መጋዘን በወቅቱ ማቅረባቸው ለስኬቱ ትልቅ አስተዋጽኦ አድርጓል። የጤና ጣቢያው ሰራተኞች ለወላጆች ስለ ክትባቱ አስፈላጊነትና ስለሚከተሉት ጥንቃቄዎች ሰፊ ግንዛቤ እንዲያገኙ ትልቅ ትምህርት ሰጥተዋል።

የብርሃን መንደር የጤና ጣቢያ የክትባት ዘመቻ የተካሄደው በምን ምክንያት ነው?"
comprehension|133#2,comprehension,,health,"ንባቡን መሠረት በማድረግ ጥያቄውን መልስ።

Context:
የአባይ ቴክኖሎጂ ተቋም በሰኔ ፭ ቀን በወጣው መግለጫ መሰረት በከተማው ውስጥ የሚገኙ የጤና ተቋማት የክትባት አቅርቦትን ለማዘመን አዲስ የዲጂታል መዝገብ መጀመራቸውን አረጋግጧል። የዚህ አዲስ ሲስተም ዋና ዓላማ በየቀኑ የሚሰጡ የክትባት መጠኖችንና የህፃናትን መረጃ በዲጂታል መንገድ መመዝገብና መቆጣጠር ነው። የቴክኖሎጂው ባለሙያ የሆኑት አቶ ታደሰ ካሳ በሲስተሙ አማካኝነት የክትባት እጥረት ያለባቸውን አካባቢዎች በቀላሉ መለየት እንደሚቻል አብራርተዋል። ይህ አዲስ አሰራር በከተማዋ ውስጥ የሚገኙ ፲፭ ትላልቅ የጤና ማዕከላት ላይ በመጀመሪያ ደረጃ ተግባራዊ መደረግ ይጀምራል። የጤና ባለሙያዎች ይህንን አዲስ መረጃ የመመዝገብ ስራ በሰላማዊ ሁኔታና ያለ ምንም መስተጓጎል እንዲከውን ልዩ ስልጠና ተሰጥቷቸዋል።

አዲሱ የዲጂታል መዝገብ ሲስተም በከተማዋ ውስጥ በስንት ትላልቅ የጤና ማዕከላት ላይ ተግባራዊ ይደረጋል?"
comprehension|134#0,comprehension,,health,"ምንባቡን ካነበብሽ በኋላ ለጥያቄው መልስ ስጪ።

Context:
በቤት ውስጥ በሚከሰቱ አደጋዎች ወቅት ትኩስ ፈሳሽ በሰውነት ላይ ሲፈስ መጀመሪያ ማድረግ ያለብን አካባቢውን በቀዝቃዛ ውሃ ለረጅም ጊዜ ማቀዝቀዝ ነው። በቃጠሎ ወቅት የተጎዳውን ክፍል በንጹህ ውሃ ስናጥባ ቁስሉ ውስጥ ባሉ ባክቴሪያዎች እንዳይገቡ ጥንቃቄ ማድረግ በጣም አስፈላጊ ነው። በቃጠሎ ቦታ ላይ ቅቤ ወይም ዘይት መቀባት ቁስሉን የበለጠ እንዲባባስ ስለሚያደርግ በፍጹም ማድረግ የለብንም። ቁስሉ በጣም ከባድ ከሆነ ወይም ትልቅ ከሆነ በአቅራቢያ በሚገኝ የጤና ተቋም ውስጥ የህክምና እርዳታ መፈለግ የግድ ነው። በቃጠሎ ወቅት የቆዳ ቀለም መቀየር ወይም ከፍተኛ እብጠት ካለ ይህ የቃጠሎውን ደረጃ ሊያመለክት ይችላል። በቤት ውስጥ የሚደረጉ የመጀመሪያ እርዳታዎች የህክምና ባለሙያውን እርዳታ ከመፈለጋችን በፊት ለጊዜው ጉዳቱን ለመቀነስ ይረዳሉ። ቁስሉን በንጹህ ጨርቅ መሸፈን ከኢንፌክሽን ለመከላከል የሚረዳ በጣም ጥሩ ዘዴ ነው። በቃጠሎ ወቅት የሚሰማውን ህመም ለመቀነስ በቀዝቃዛ ውሃ መጠቀም ውጤታማ መንገድ ነው።

በቃጠሎ ወቅት በቁስሉ ላይ ቅቤ ወይም ዘይት መቀባት ለምን አይመከርም?"
comprehension|134#2,comprehension,,health,"ንባቡን መሠረት በማድረግ ጥያቄውን መልስ።

Context:
በአካባቢው በሚገኙ የቤት ውስጥ ቁሳቁሶች ውስጥ የሚገኙ ስለታም ነገሮች ለቁስል መፈጠር ምክንያት ሊሆኑ ይችላሉ። አንድ ሰው ስለታም ነገር ሲቆርጠው ወይም ሲወጋ መጀመሪያ ማድረግ ያለብን ቁስሉን በንጹህ ውሃና ሳሙና መታጠብ ነው። ቁስሉ ከቆሰለ በኋላ ደሙ እንዲቆም ንጹህ ጨርቅ በመጠቀም በቁስሉ ላይ መጫን አስፈላጊ ነው። ቁስሉን በንጹህ ጨርቅ መሸፈን ከኢንፌክሽን ለመከላከል የሚረዳ በጣም ጥሩ ዘዴ ነው። በቁስል ላይ የሚፈጠር እብጠት ወይም መቅላት የኢንፌክሽን ምልክት ሊሆን ስለሚችል ትኩረት መስጠት ያስፈልጋል። ቁስሉ በጣም ጥልቅ ከሆነ ወይም ደሙ መቆም ካልቻለ በአቅራቢያ በሚገኝ የጤና ጣቢያ መሄድ ይገባል። በቁስል ላይ የሚደረግ ንጽህና የቁስሉን ፈጣን ማገገም ይረዳል። ስለታም ነገሮች ሲጠቀሙ ሁልጊዜ ጥንቃቄ ማድረግ ለቁስል መከላከል ወሳኝ ነው። በቁስል ላይ የሚደረግ ጥንቃቄ የቁስሉን ሁኔታ እንዳይባባስ ያደርጋል።

ቁስል ከቆሰለ በኋላ ደሙ እንዲቆም ለማድረግ ምን መደረግ አለበት?"
comprehension|135#0,comprehension,,science,"ይህን ምንባብ መሠረት በማድረግ ለጥያቄው መልስ ስጥ።

ምንባብ፡ በሰኔ ፲፪ ቀን በዝነኛው የዘንበላ ከተማ የሳይንስ ተመራማሪው አቶ በቀለ ተስፋዬ በሰጡት መግለጫ መሰረት በቅርቡ ከፍተኛ የውሃ ትነት በመከሰቱ ምክንያት በሰሜን አቅጣጫ የሚገኙት ሰማያዊ ተራሮች ላይ ጥቅጥቅ ያለ ደመና ተፈጥሯል። ይህ ድንገተኛ የአየር ሁኔታ ለሰባት ቀናት የቆየ ሲሆን በየቀኑ በአማካይ አምስት ሚሊ ሜትር ዝናብ እንዲዘንብ በማድረግ የአካባቢውን የእርጥበት መጠን በከፍተኛ ሁኔታ ጨምሯል። የዝነላ የአየር ንብረት ተቋም ባሰላው መረጃ መሰረት ይህ ሂደት በምድር ላይ ያለውን የውሃ ዑደት ተከትሎ የተከሰተ ትልቅ ለውጥ ነው።

ጥያቄ፡ በዝነላ ከተማ የአየር ንብረት ተቋም ባሰላው መረጃ መሰረት በሰሜን አቅጣጫ የሚገኙት ሰማያዊ ተራሮች ላይ ጥቅጥቅ ያለ ደመና እንዲፈጠር ምክንያት የሆነው ሂደት ምንድን ነው?"
comprehension|135#2,comprehension,,science,"ከዚህ በታች የቀረበውን መረጃ በመጠቀም ለጥያቄው መልስ ስጥ።

Context:
በነሐሴ ፳ ቀን በታላቁ የደብረ ዘይት የጥናት ማዕከል የሥነ-ተፈጥሮ ባለሙያው አቶ ታደሰ በቀለ በሰጡት ሪፖርት መሰረት በከፍተኛ ዝናብ ምክንያት በደመና ውስጥ ያለው የውሃ ትነት ወደ ፈሳሽነት ተቀይሮ በከፍተኛ ፍጥነት ወደ መሬት እየወረደ ነው። ይህ የዝናብ ሂደት በየሰዓቱ አሥራ ሁለት ሊትር ውሃ እንዲወርድ በማድረግ በጎጃም ተራራማ አካባቢዎች ላይ ያለውን የውሃ ክምችት በከፍተኛ ሁኔታ እንዲጨምር አድርጓል። የጥናት ማዕከሉ ይህ ሁኔታ በረጅም ጊዜ የአየር ንብረት ለውጥ ላይ የሚያሳድረውን ተጽዕኖ ለመገምገም ሥራ ጀምሯል።

በደብረ ዘይት የጥናት ማዕከል ባቀረበው ሪፖርት መሰረት በጎጃም ተራራማ አካባቢዎች ላይ ያለውን የውሃ ክምችት እንዲጨምር ያደረገው ሂደት ምንድን ነው?"
comprehension|136#0,comprehension,,science,"እባክዎን ከታች ያለውን ጽሑፍ አንብበው ለሚከተለው ጥያቄ መልስ ይስጡ።

Context:
በኢትዮጵያ ከፍተኛ የዝናብ መጠን በሚገኝባቸው አካባቢዎች የሚገኙ ጥቅጥቅ ያሉ ደኖች ለፎቶሲንተሲስ ሂደት በጣም አስፈላጊ የሆነውን የፀሐይ ብርሃን በብዛት ያገኛሉ። እነዚህ ተክሎች ከፀሐይ የሚመጣውን ብርሃን በመጠቀም ካርቦን ዳይኦክሳይድንና ውሃን ወደ ተክሉ ምግብ ማለትም ወደ ግሉኮስ ይቀይራሉ። በዚህ ሂደት ውስጥ ተክሎች ለሰው ልጆችና ለሌሎች እንስሳት መተንፈሻ የሚሆን ኦክስጅንን እንደ ተረፈ ምርት ወደ አየር ይለቃሉ። የቅጠሎች አረንጓዴ ቀለም የሚመጣው ክሎሮፊል ከተባለ ንጥረ ነገር በመሆኑ ለዚህ የኬሚካላዊ ለውጥ ሂደት ትልቅ ሚና ይጫወታሉ። በኢትዮጵያ ውስጥ የሚገኙ የጥላ ስርጭት ከፍተኛ የሆኑ ደኖች ለዚህ ሂደት የተሻለ የሙቀት መጠን እንዲኖር ያደርጋሉ። ተክሎች ይህንን ምግብ ለማዘጋጀት በቅጠሎቻቸው ላይ የሚገኙ ጥቃቅን ቀዳዳዎችን በመጠቀም አየርን ወደ ውስጥ ያስገባሉ።

ተክሎች ለፎቶሲንተሲስ ሂደት የሚያስፈልገውን ምግብ ለማዘጋጀት ምን ዓይነት ንጥረ ነገሮችን ይጠቀማሉ?"
comprehension|136#1,comprehension,,science,"በሚከተለው ጽሑፍ መሠረት ጥያቄውን በአጭሩ መልስ።

Context:
በኢትዮጵያ ደጋማ ቦታዎች ላይ የሚበቅሉ የጥራጥሬ ተክሎች ለምለም እንዲሆኑ በቅጠሎቻቸው ውስጥ ከፍተኛ የክሎሮፊል መጠን መኖር አለበት። እነዚህ ተክሎች ከሚገኙበት አፈር ውስጥ ውሃንና ማዕድናትን በሥር አማካኝነት ወደ ላይኛው ክፍል በከፍተኛ ፍጥነት ያጓጉዛሉ። በፎቶሲንተሲስ ወቅት ተክሎች ከባቢ አየር ውስጥ ያለውን ካርቦን ዳይኦክሳይድን በመሳብ ወደ ተክሉ ውስጣዊ ክፍል ያስገባሉ። የፀሐይ ብርሃን በቅጠሉ ላይ ሲያርፍ የኬሚካላዊ ግብረመልስ ተጀምሮ ውሃና ጋዝ ወደ ስኳርነት ይቀየራሉ። ይህ ሂደት ተክሎች እድገታቸውን እንዲቀጥሉና ለፍሬ እንዲበቁ የሚያስችል ዋናው የኃይል ምንጭ ነው። በኢትዮጵያ የእርሻ መሬቶች ላይ የሚታዩ ተክሎች ለዚህ ሂደት በቂ የፀሐይ ብርሃን እንዲያገኙ መደረግ ይኖርበታል።

ተክሎች ከባቢ አየር ውስጥ ያለውን ካርቦን ዳይኦክሳይድን ወደ ውስጥ እንዴት ያስገባሉ?"
comprehension|136#2,comprehension,,science,"የተሰጠውን ጽሑፍ በጥንቃቄ ካነበብክ በኋላ የቀረበውን ጥያቄ መልስ።

ጽሑፍ፡ በኢትዮጵያ የገበሬዎች እርሻ ላይ የሚገኙ የጥራጥሬ ተክሎች ለፎቶሲንተሲስ ሂደት በቂ የውሃ መጠን እንዲያገኙ በየወቅቱ ይከታተላሉ። ተክሎች በቅጠላቸው ውስጥ ያለውን ክሎሮፊል በመጠቀም የፀሐይ ጨረርን ወደ ኬሚካላዊ ኃይል የመቀየር ልዩ ችሎታ አላቸው። በዚህ ሂደት ውስጥ ተክሎች የሚፈጥሩት ግሉኮስ ለተክሉ እድገትና ለተለያዩ አካላት መመገቢያነት የሚያገለግል ዋናው ንጥረ ነገር ነው። ከዚህ በተጨማሪ ተክሎች በፎቶሲንተሲስ ወቅት ኦክስጅንን ወደ አየር በመልቀቅ የአየር ንብረትን እንዲስተካከል ያደርጋሉ። በኢትዮጵያ ደረቅ ወቅቶች ወቅት ተክሎች የውሃ እጥረት እንዳይገጥማቸው በሥራቸው ላይ ጥንቃቄ ማድረግ ይኖርባቸዋል። የፎቶሲንተሲስ ሂደት ሳይከናወን ከተቀረ ተክሎች ምግብ ማዘጋጀት ስለማይችሉ ሊደርስባቸው የሚችለው ጉዳት ከፍተኛ ነው።

ጥያቄ፡ ተክሎች በፎቶሲንተሲስ ሂደት ወቅት ወደ አየር የሚለቁት ጋዝ ምን ይባላል?"
comprehension|137#0,comprehension,,science,"የተሰጠውን ጽሑፍ በጥንቃቄ ካነበብክ በኋላ የቀረበውን ጥያቄ መልስ።

ጽሑፍ፡ በሰኔ ፲፪ ቀን በወንጌል ከተማ በሚገኘው አዲስ የጤና ማዕከል ውስጥ የሰውነት የደም ዝውውር ሥርዓት ላይ የሚያጠኑ ባለሙያዎች ትልቅ ግኝት አደረጉ። የከተማው የሕክምና ተመራማሪ ድርጅት የሆነው የሰላም ሳይንስ ተቋም በሰላማዊነት የተመራው የዶክተር አበበ ተስፋዬ ቡድን በዝርዝር መረጃዎችን ሰብስቧል። ይህ ቡድን በሰውነታችን ውስጥ ያለው የልብ ምት በሰከንድ በአማካይ ስንት ጊዜ እንደሚመታ በጥልቀት መርምሯል። በምርምሩ ወቅት በሰላማዊነት የተሰበሰቡት ፪፻፶ አዳዲስ መረጃዎች የልብ ቫልቮች እንዴት ደምን ወደ ሙሉ ሰውነት እንደሚረጩ ያሳያሉ። በምርምሩ መሠረት የደም ዝውውር ሥርዓት በሰውነታችን ውስጥ ኦክስጅንን ወደ ሁሉም የሰውነት ክፍሎች ለማድረስ ወሳኝ ሚና ይጫወታል። የሕክምና ተመራማሪዎቹ በሰላማዊነት ያቀረቡት ሪፖርት በወንጌል ከተማ በሚገኙ ትላልቅ ሆስፒታሎች ውስጥ ለሚሰሩ ዶክተሮች እንዲደርስ ተደርጓል። ይህ አዲስ ግኝት በሰውነታችን ውስጥ ያሉ የደም ስሮች እንዴት ተሳስረው እንደሚሰሩ በግልጽ የሚያሳይ ነው።

ጥያቄ፡ በወንጌል ከተማ በሚገኘው አዲስ የጤና ማዕከል ውስጥ የደም ዝውውር ሥርዓትን ያጠነ የትኛው ተቋም ነው?"
comprehension|137#1,comprehension,,science,"ጽሑፉን አንብበህ ጥያቄውን መልስ፡

ጽሑፍ፡ በሐምሌ ፭ ቀን በደብረ ማርቆስ አካባቢ በሚገኘው የጥበብ ሳይንስ ላብራቶሪ ውስጥ የሰውነት አጥንት ሥርዓት ላይ አዲስ ጥናት ተካሂዷል። የጥበብ ሳይንስ ተቋም አባል የሆኑት የዶክተር ዘላለም በቀለ እና የቡድን አባላቶቻቸው በሰላማዊነት ለሦስት ወራት ያህል ምርምር አድርገዋል። ይህ ጥናት በሰውነታችን ውስጥ የሚገኙትን ፪፻፬ አጥንቶች አቀማመጥ እና ጥንካሬ በተመለከተ ሰፊ መረጃዎችን አሰባስቧል። በምርምሩ ወቅት የታዩት ውጤቶች አጥንቶች ለሰውነታችን ቅርጽ እና ለውስጣዊ አካላት ጥበቃ እንዴት እንደሚረዱ ያሳያሉ። በላብራቶሪው ውስጥ የተከናወነው ሙከራ በሰውነት ውስጥ ያሉ አጥንቶች እንዴት እርስ በእርስ እንደሚገናኙ በዝርዝር ያብራራል። የዶክተር ዘላለም ቡድን ያገኘው ውጤት በሰውነት መዋቅር ላይ ትልቅ ለውጥ እንደሚያመጣ በሪፖርታቸው ላይ ገልጸዋል። ይህ ጥናት በደብረ ማርቆስ ለሚገኙ የሕክምና ተማሪዎች እንደ ትልቅ መማሪያ እንዲያገለግል ተደርጎ ተዘጋጅቷል።

ጥያቄ፡ በጥናቱ ወቅት በሰውነት ውስጥ ያሉ አጥንቶች ስንት እንደሆኑ ተገልጿል?"
comprehension|137#2,comprehension,,science,"ጽሑፉን አንብበህ ጥያቄውን መልስ፡

ጽሑፍ፡ በነሐሴ ፲፰ ቀን በዝቅተኛው አውራጃ በሚገኘው የሰላም የጤና ጣቢያ ውስጥ የሰውነት የምግብ መፈጨት ሥርዓት ላይ ትልቅ ትምህርት ተሰጥቷል። የሰላም የጤና ጣቢያ የሕክምና ባለሙያዎች በሰላማዊነት ለ፪፻ አዳዲስ ወጣቶች ስለ የምግብ መፈጨት ሂደት ገለጻ አድርገዋል። በገለጻው ወቅት የምግብ መፈጨት ሥርዓት ምግብን ወደ ጠቃሚ ንጥረ ነገሮች እንዴት እንደሚቀይር በዝርዝር ተብራርቷል። በምግብ መፈጨት ሂደት ውስጥ ጨጓራ እና አንጀት ያላቸውን ወሳኝ ሚና ባለሙያዎቹ ለተማሪዎቹ አስረድተዋል። በዝግጅቱ ላይ የነበሩት የጤና ባለሙያዎች በሰውነታችን ውስጥ ያለው የምግብ መፈጨት ሂደት ለጤናችን ምን ያህል አስፈላጊ እንደሆነ አሳውቀዋል። ተማሪዎቹ በገለጻው ወቅት ስለ ሆርሞኖች እና ስለ ኢንዛይምዎች ተግባር ጥልቅ ግንዛቤ እንዲያገኙ ተደርጓል። ይህ ትምህርት በሰላም አውራጃ ውስጥ ለሚገኙ ተማሪዎች የአካል ጤና ግንዛቤን ለማሳደግ ታስቦ የተዘጋጀ ነው።

ጥያቄ፡ በሰላም የጤና ጣቢያ የተሰጠው ትምህርት በዋናነት ስለ ምን ዓይነት የሰውነት ሥርዓት ነበር?"
comprehension|138#0,comprehension,,science,"ከዚህ በታች የቀረበውን መረጃ በመጠቀም ለጥያቄው መልስ ስጥ።

Context:
በኢትዮጵያ ውስጥ የሚገኙት ግዙፍ የውሃ ተርባይኖች በዓባይ ወንዝ ፍሰት አማካኝነት ከፍተኛ መጠን ያለው የኤሌክትሪክ ኃይል እንዲመረት በማድረግ ለሀገሪቱ የኢንዱስትሪ እድገት ትልቅ አስተዋጽኦ ያደርጋሉ። እነዚህ የኃይል ማመንጫ ተቋማት በውሃ ግፊት አማካኝነት የሚሽከረከሩት የኤሌክትሪክ ሞገዶችን በመፍጠር ለከተሞችና ለገጠር ማህበረሰቦች አገልግሎት እንዲሰጡ ተደርገው የተገነቡ ናቸው። የውሃ ኃይልን በመጠቀም የሚመነጨው ይህ የኤሌክትሪክ ኃይል በሀገሪቱ ውስጥ ካሉ ተፈጥሯዊ የኃይል ምንጮች መካከል ዋነኛውና በስፋት ጥቅም ላይ የሚውል ነው።

የውሃ ተርባይኖች በዓባይ ወንዝ አማካኝነት ለሀገሪቱ የኢንዱስትሪ እድገት እንዴት አስተዋጽኦ ያደርጋሉ?"
comprehension|138#1,comprehension,,science,"ከዚህ በታች የቀረበውን መረጃ በመጠቀም ለጥያቄው መልስ ስጥ።

Context:
የፀሐይ ብርሃን ወደ ኤሌክትሪክ ኃይል የሚቀየርባቸው የፀሐይ ፓነሎች በኢትዮጵያ ደረቅ አካባቢዎች ላይ ተክለው ለቤት ውስጥ መብራትና ለሌሎች የኤሌክትሪክ መሣሪያዎች አገልግሎት መስጠት ይቻላል። እነዚህ የፀሐይ ፓነሎች የፀሐይን ብርሃን በመ absorbs በማድረግ የዲሲ የኤሌክትሪክ ፍሰት እንዲፈጠር የሚያደርጉ የቴክኖሎጂ ውጤቶች ናቸው። በፀሐይ ኃይል የሚመነጨው ኤሌክትሪክ ምንም ዓይነት የካርቦን ልቀትን ስለማያመጣ ለአካባቢ ጥበቃና ለተፈጥሮ ሚዛን መጠበቅ እጅግ በጣም ጠቃሚ ነው።

የፀሐይ ፓነሎች ለአካባቢ ጥበቃ ጠቃሚ የሚሆኑት በምን ምክንያት ነው?"
comprehension|138#2,comprehension,,science,"ከዚህ በታች የቀረበውን መረጃ በመጠቀም ለጥያቄው መልስ ስጥ።

Context:
በኤሌክትሪክ መስመር ላይ የሚጓዘው የኃይል መጠን በኬብሎች ውስጥ ባለው የኤሌክትሮኖች እንቅስቃሴ መጠን ላይ የተመሰረተ ሲሆን ይህም በቮልቴጅና በኤምፔዳንስ መካከል ያለውን ግንኙነት ይገልጻል። የኤሌክትሪክ ኃይል በቤት ውስጥ ሲገባ በትራንስፎርመሮች አማካኝነት መጠኑ ተስተካክሎ ለተለያዩ መሣሪያዎች እንዲሆን ተደርጎ ይለቀቃል። የኤሌክትሪክ መሣሪያዎች በብቃት እንዲሰሩ የኤሌክትሪክ ፍሰቱ ወጥ የሆነና አስተማማኝ መሆን ለቤተሰቦች ደህንነትና ለቁሳቁሶች ጥንካሬ ወሳኝ ነው።

የኤሌክትሪክ ኃይል መጠን በምን ላይ የተመሰረተ ነው?"
comprehension|139#0,comprehension,,science,"ጽሑፉን በጥንቃቄ አንብባችሁ ጥያቄውን ከጽሑፉ በመነሳት መልሱ።

Context:
ፀሐይ በሥርዓተ ሰማይ ውስጥ እጅግ በጣም ትልቅ እና ብርሃን የሚሰጥ ኮከብ በመሆኗ ለምድር ሕይወት አስፈላጊ የሆነውን ሙቀትና ብርሃን በየቀኑ ታቀርባለች። ምድር በፀሐይ ዙሪያ የምታደርገው ጉዞ በአንድ ዓመት ውስጥ ሙሉ ለመጨረስ ገደማ ሦስት መቶ ስድሳ አምስት ቀናትን ይፈጃል። ይህ የፕላኔት እንቅስቃሴ በምድር ላይ የተለያዩ ወቅቶች እንዲከሰቱ የሚያደርግ ዋነኛው ምክንያት በምድር ዘንባባ እና በፀሐይ አቀማመጥ መካከል ያለው ልዩነት ነው። የፀሐይ ብርሃን በከባቢ አየር ውስጥ አልፎ ሲመጣ ለዕፅዋት ምግብ ለማምረት የሚያስፈልገውን ኃይል በመስጠት የሥነ ሕይወት መሠረት ይሆናል። ከምድር በስተጀርባ ያሉ ሌሎች ፕላኔቶችም እንደ ፀሐይ ሁሉ የራሳቸው የሆነ የብርሃን ምንጭ ቢኖራቸውም እኛ የምናየው በራሳቸው ብርሃን ሳይሆን በተመለሰ ብርሃን ነው።

ምድር በፀሐይ ዙሪያ የምታደርገውን ጉዞ ለመጨረስ ምን ያህል ቀናት ይፈጅባታል?"
comprehension|139#1,comprehension,,science,"እባክዎን ከታች ያለውን ጽሑፍ አንብበው ለሚከተለው ጥያቄ መልስ ይስጡ።

Context:
ጨረቃ በምድር ዙሪያ የምትዞር ብቸኛ ተፈጥሯዊ ሳተላይት በመሆኗ በምድር ላይ ያለውን የባሕር ሞገድ እንቅስቃሴ ለመቆጣጠር ትልቅ ሚና ትጫወታለች። የጨረቃ የስበት ኃይል በውቅያኖሶች ላይ ተጽዕኖ በማሳደር የባሕር ሞገዶች ወደ ላይ እንዲወጡና እንዲወርዱ በማድረግ ለባሕር ሕይወት ምቹ ሁኔታን ይፈጥራል። ጨረቃ የራሷ የሆነ የብርሃን ምንጭ ባይኖራትም ከፀሐይ የሚመጣውን ብርሃን በማንጸባረቅ በሌሊት ጊዜ በሰማይ ላይ ደምቃ ትታያለች። የጨረቃ ቅርጽ በየቀኑ እየተለወጠ እንደሚታይ ቢመስልም ይህ ለውጥ የሚከሰተው ጨረቃ በምድር ዙሪያ ስትዞር የፀሐይ ብርሃን የምታገኝበት አንጋፋ ክፍል ስለሚቀያየር ነው። በጨረቃ ላይ አየር ወይም ውሃ ስለሌለ ሕይወት ሊኖር የሚችልበት ሁኔታ በጣም አነስተኛ እና አስቸጋሪ ነው።

ጨረቃ በሌሊት ጊዜ በሰማይ ላይ ደምቃ የምትታይበት ዋና ምክንያት ምንድን ነው?"
comprehension|139#2,comprehension,,science,"ከሚከተለው ጽሑፍ በመነሳት ጥያቄውን መልስ።

የምድር ከባቢ አየር በርካታ የተለያዩ ጋዞች የተዋቀረ ሲሆን እነዚህ ጋዞች ለፕላኔቷ ሕይወት እና ለሙቀት መጠበቅ በጣም አስፈላጊ ናቸው። በከባቢ አየር ውስጥ ከሚገኙት ጋዞች መካከል አብዛኛው ናይትሮጅን ሲሆን ኦክስጅን ደግሞ ለሰው ልጆች እና ለእንስሳት መተንፈስ ወሳኝ የሆነ ንጥረ ነገር ነው። ከባቢ አየር ከፀሐይ የሚመጡ ጎጂ ጨረሮችን በመከልከል የምድርን የሙቀት መጠን ከአቅራቢያ እንዳይጨምር በማድረግ ሚዛኑን ለመጠበቅ ይረዳል። በከባቢ አየር ውስጥ የሚገኙ ደመናዎችና ዝናብ የምድር ላይ የውሃ ዑደት እንዲቀጥል በማድረግ ለግብርና ስራ ትልቅ ድጋፍ ይሰጣሉ። ከባቢ አየር ከሌለ ምድር በጣም ሞቃት ወይም በጣም ቀዝቃዛ በመሆኗ ሕይወት ሊኖርባት አይችልም ነበር።

ጥያቄ፡ በከባቢ አየር ውስጥ ከሚገኙት ጋዞች መካከል ለሰው ልጆች መተንፈስ ወሳኝ የሆነው የትኛው ጋዝ ነው?"
comprehension|140#1,comprehension,,science,"በሚከተለው ጽሑፍ መሠረት ጥያቄውን በአጭሩ መልስ።

Context:
ምግብ ስንበስል በውስጣችን የሚከናወነው የኬሚካላዊ ለውጥ ለምግብ ጣዕም እና ለጤና በጣም ወሳኝ ነው። ሙቀት ምግቡን ሲነካ በውስጡ ያሉ ፕሮቲኖች ቅርጻቸውን በመቀየር ወደ አዲስ ሁኔታ ይሸጋገራሉ። ይህ ሂደት ምግብ እንዲጠነክር እና እንዲበስል የሚያደርግ መሰረታዊ የኬሚካዊ ለውጥ ነው። በተጨማሪም ስኳር ከሙቀት ጋር ሲገናኝ ወደ ቡናማ ቀለም እና ልዩ መዓዛ የሚቀየርበት ሂደት አለ። ይህ ሂደት የምግቡን ጣዕም ይጨምራል ነገር ግን ከመጠን በላይ ከሆነ ምግቡን ሊያበላሸው ይችላል። ጨው እና ሌሎች ቅመሞች በምግብ ውስጥ ሲጨመሩ የኬሚካላዊ ውህደት ሂደትን በማፋጠን ጣዕሙ እንዲስተካከል ያደርጋሉ። ምግብን በረጅም ጊዜ ለማቆየት ደግሞ ጨው ወይም ስኳር እንደ ተፈጥሯዊ ማቆያነት ያገለግላሉ። እነዚህ ንጥረ ነገሮች ባክቴሪያ እንዳይራባ በማድረግ የምግቡን የመቆያ ጊዜ ይጨምራሉ።

ምግብ ስንበስል ፕሮቲኖች ምን ዓይነት ለውጥ ያሳያሉ?"
comprehension|140#2,comprehension,,science,"ከዚህ በታች የቀረበውን መረጃ በመጠቀም ለጥያቄው መልስ ስጥ።

Context:
የሎሚ ጭማቂ በውስጡ ከፍተኛ መጠን ያለው ሲትሪክ አሲድ ይይዛል ተብሎ ይታወቃል። ይህ አሲድ በምግብ እና በመጠጥ ውስጥ እንደ ተፈጥሯዊ ማጣፈጫ እና ማቆያነት ያገለግላል። ለምሳሌ አትክልቶች ከተቆረጡ በኋላ እንዳይቀላቀሉ ወይም እንዳይቀለሙ ለማድረግ የሎሚ ጭማቂ መጠቀም ይቻላል። የሎሚ ጭማቂ በውስጡ ያለው አሲድነት ባክቴሪያዎች በፍጥነት እንዳይራቡ በማድረግ የምግብን ጥራት ይጠብቃል። በተጨማሪም ይህ አሲድ በቤት ውስጥ ለሚደረጉ የጽዳት ስራዎች እንደ ተፈጥሯዊ ማጽጃ ሊያገለግል ይችላል። ለምሳሌ በብረት ዕቃዎች ላይ ያሉትን እድፎች ለማስወገድ የሎሚ ጭማቂ ውጤታማ ነው። ነገር ግን የሎሚ ጭማቂ በጣም አሲዳማ ስለሆነ በጥርሶች ላይ ተጽዕኖ ሊያሳድር ስለሚችል ጥንቃቄ ያስፈልጋል። የሎሚ ጭማቂን መጠቀም ለተፈጥሮ ተስማሚ እና ለጤና ጠቃሚ የሆነ የኬሚካል አጠቃቀም ዘዴ ነው።

የሎሚ ጭማቂ ለብረት ዕቃዎች እድፍ ማጽጃነት ሊያገለግል ይችላል?"
comprehension|141#0,comprehension,,agriculture,"የተሰጠውን ጽሑፍ በጥንቃቄ ካነበብክ በኋላ የቀረበውን ጥያቄ መልስ።

ጽሑፍ፡ በሰኔ ፲፪ ቀን በታላቁ አግሮ-ቴክ ማዕከል በሰጠው መግለጫ መሰረት አቶ በቀለ ተክሌ በዘመናዊ የጤፍ ምርት ማሳደጊያ ዘዴዎች አማካኝነት በዓመቱ ፭፻፳ አምስት የጤፍ ምርታማነትን በሃያ በመቶ ለማሳደግ አቅደዋል። ይህ አዲስ የግብርና ስልት በደቡብ ዞን በሚገኙ አርሶ አደሮች ዘንድ በሰፊው እንዲተገበር የግብርና ሚኒስቴር የገንዘብ ድጋፍ በ፲፪ ሚሊዮን ብር አዘጋጅቷል። አዲሱ ፕሮጀክት በክልሉ ውስጥ የሚገኙ ፪፻ አርሶ አደሮችን በቴክኖሎጂ የታገዘ ስልጠና በመስጠት የሰብል ጥራትን ለማሻሻል ትኩረት ይሰጣል።

ጥያቄ፡ አቶ በቀለ ተክሌ በዘመናዊ ዘዴዎች የጤፍ ምርታማነትን በስንት በመቶ ለማሳደግ አቅደዋል?"
comprehension|141#1,comprehension,,agriculture,"ንባቡን መሠረት በማድረግ ጥያቄውን መልስ።

Context:
በአባይ ወንዝ ዳርቻ በሚገኘው የሰላም ከተማ ውስጥ የገበሬዎች ማህበር በሰኔ ፭ ቀን በሰጠው መረጃ መሰረት በዘንድሮው የሰብል ወቅት በ፪ ሺህ ፯፻ አርአያ የተባለ አዲስ የገብስ ዝርያ ለ፪፻ን አርሶ አደሮች በነፃ አድሏል። ይህ አዲስ ዝርያ በደረቅ የአየር ሁኔታ ውስጥ የመቋቋም አቅሙ ከፍተኛ በመሆኑ በክልሉ ለሚገኙ ገበሬዎች ትልቅ ተስፋን ሰጥቷል። የማህበሩ ሰብሳቢ ወይዘሮ አልማዝ አበበ በዝግጅቱ ላይ እንደገለጹት ይህ እርምጃ የሰብል እጥረት እንዳይከሰት ለማድረግ ታስቦ የተከናወነ ነው።

የገበሬዎች ማህበር ለአርሶ አደሮች በነፃ ያከፋፈለው አዲስ የገብስ ዝርያ ስም ማን ይባላል?"
comprehension|141#2,comprehension,,agriculture,"ከዚህ በታች ያለውን ምንባብ አንብበህ ጥያቄውን መልስ።

Context:
በወሎ ሰብል ጥበቃ ተቋም በሰጠው ሪፖርት መሰረት በታህሳስ ወር ውስጥ በክልሉ በሚገኙ የጤፍ እርሻዎች ላይ በ፪ ሺህ ፯፻ አርባ አምስት ዓመተ ምህረት ከፍተኛ የሆነ የጥራጥሬ በሽታ መከሰቱን ተከትሎ ጥብቅ ቁጥጥር ተጀምሯል። ተቋሙ በክልሉ ውስጥ የሚገኙ ፻፳ የግብርና ባለሙያዎችን በመመደብ በየቀኑ የእርሻ ቦታዎችን እንዲመረምሩና ለገበሬዎች መመሪያ እንዲሰጡ አዝዟል። ይህ የክትትል ስራ በክልሉ የጤፍ ምርት ላይ ሊደርስ የሚችለውን ኪሳራ ለመቀነስና የአርሶ አደሮችን ገቢ ለመጠበቅ ወሳኝ ሚና ይጫወታል።

የወሎ ሰብል ጥበቃ ተቋም በክልሉ ውስጥ ለክትትል ስራው ስንት የግብርና ባለሙያዎችን መድቧል?"
comprehension|142#1,comprehension,,agriculture,"ምንባቡን ካነበብሽ በኋላ ለጥያቄው መልስ ስጪ።

Context:
በቅርቡ በደቡብ ሸዋ ክልል በሚገኘው የጥቁር ድንጋይ ገበታ ላይ የቡና ምርታማነትን ለማሳደግ አዲስ የቴክኖሎጂ ፕሮጀክት ተጀምሯል። የዘርፉ ባለሙያ የሆኑት ዶክተር ታደሰ መኮንን ቡናው በደረቅ አየር ውስጥ እንዲደርቅ የሚያደርጉ አዳዲስ ማሽኖችን ለገበሬዎች ማቅረብ እንደሚችሉ ገልጸዋል። ይህ ፕሮጀክት በታላቁ የግብርና ማሻሻያ ድርጅት አማካኝነት በዘንድሮው ጥቅምት ወር ላይ በይፋ ወደ ስራ ይገባል። ፕሮጀክቱ በስራ ላይ ሲውል በአካባቢው የሚገኙ ሁለት መቶ አርሶ አደሮች በዘመናዊ የቡና ማድረቂያ ዘዴዎች እንዲሰለጥኑ ታቅዷል። የድርጅቱ ከፍተኛ አመራር ቡናው ጥራቱን ጠብቆ እንዲቆይ ለማድረግ በየሳምንቱ የጥራት ቁጥጥር ስራ እንደሚከናወን አረጋግጠዋል።

አዲሱ የቴክኖሎጂ ፕሮጀክት በይፋ ወደ ስራ የሚገባው በየትኛው ወር ነው?"
comprehension|142#2,comprehension,,agriculture,"እባክዎን ከታች ያለውን ጽሑፍ አንብበው ለሚከተለው ጥያቄ መልስ ይስጡ።

Context:
በአባይ ወንዝ ዳርቻ በሚገኘው የሰማያዊ ሜዳ መንደር የቡና ምርት ላይ ከፍተኛ የሆነ የጥራት መውረድ መከሰቱን የግብርና ምርምር ተቋሙ አስታውቋል። የጥናቱ ተካፋይ የሆኑት ሳይንቲስቶች በሰኔ ወር ውስጥ የነበረው ከፍተኛ የዝናብ መጠን በቡናው መሬት ላይ ያለውን እርጥበት በመጨመር ለበሽታ ምክንያት ሆኗል። የገበሬው ማህበር አባል የሆኑት ወይዘሮ ሄለን በቀለ በዘንድሮው ወቅት በቡናቸው ላይ የደረሰውን ጉዳት ለመቀነስ የተለያዩ መፍትሄዎችን እየፈለጉ መሆኑን ገልጸዋል። ተቋሙ በክልሉ የሚገኙ አርሶ አደሮች የቡናቸውን ጥራት ለመጠበቅ በየወሩ የአፈር ምርመራ እንዲያደርጉ ጥብቅ ምክረ ሃሳብ አቅርቧል። ይህ ችግር ካልተፈታ በቀጣይ አመት የሚጠበቀው የቡና ምርት በሃያ በመቶ ሊቀንስ እንደሚችል ተገምቷል።

በሰማያዊ ሜዳ መንደር የቡና ምርት ጥራት እንዲቀንስ ምክንያት የሆነው ዋናው ነገር ምንድን ነው?"
comprehension|143#0,comprehension,,agriculture,"ከዚህ በታች የቀረበውን መረጃ በመጠቀም ለጥያቄው መልስ ስጥ።

Context:
የአፈር መሸራሸትን ለመከላከል በተለያዩ የአለም ክፍሎች የተለያዩ የግብርና ዘዴዎች በስፋት ጥቅም ላይ ይውላሉ። በተለይም በቁልቁለት መሬቶች ላይ የእርከን መስራትን በመጠቀም የአፈር መሸራሸትን በከፍተኛ ሁኔታ መቀነስ ይቻላል። የእርከን መስራቱ የውሃ ፍሰትን በመቆጣጠር የአፈር ንጣፍ እንዳይወሰድ ይረዳል። በተጨማሪም በረጅም ጊዜ የአፈር ጥራትን ለመጠበቅ የዛፎችን አረማመድ ማሳደግ በጣም አስፈላጊ ተግባር ነው። የዛፎች ስሮች የአፈርን ይዘት አጥብቀው በመያዝ በዝናብ ወቅት የሚመጣውን የአፈር መሸራሸት ይከላከላሉ። ከዚህም በተጨማሪ በሰብል መካከል የሚታረስ ዘዴ የአፈርን እርጥበት ለመጠበቅ ትልቅ አስተዋጽኦ ያደርጋል። አርሶ አደሮች የአፈርን ለምነት ለመጠበቅ እንዲችሉ የተሻሉ የጥበቃ ዘዴዎችን መጠቀም ይኖርባቸዋል። እነዚህ ዘዴዎች የአለም አቀፍ የምግብ ዋስትናን ለማረጋገጥ መሰረታዊ ሚና ይጫወታሉ።

በቁልቁለት መሬቶች ላይ የእርከን መስራትን መጠቀም ለምን አስፈላጊ ነው?"
comprehension|143#2,comprehension,,agriculture,"ጽሑፉን በጥንቃቄ አንብባችሁ ጥያቄውን ከጽሑፉ በመነሳት መልሱ።

Context:
በዘመናዊ ግብርና ውስጥ የአፈር መከላከያ ዘዴዎች ለተሻለ ምርት መሰረት ናቸው። በተለይም የለስላሳ እፅዋትን በየቦታው ማብቀል የአፈርን መሸራሸት ለመቀነስ ይረዳል። እነዚህ እፅዋት የአፈርን ገጽታ በመሸፈን የዝናብ ጠብታዎች በቀጥታ መሬቱን እንዳይመቱት ያደርጋሉ። በተጨማሪም የደን ልማት ስራዎች የአየር ንብረት ለውጥን ለመቋቋም ትልቅ አቅም ይሰጣሉ። የደን areas መኖር የአፈርን እርጥበት መጠን በቋሚነት እንዲጠበቅ ያደርጋል። አርሶ አደሮች የአፈርን መዋቅር ለመጠበቅ የጥራጥሬ ሰብሎችን በየተራ ማልማት ይኖርባቸዋል። ይህ የሰብል መፈራረድ ዘዴ የአፈርን ንጥረ ነገር ሚዛን ለመጠበቅ ይረዳል። የአፈር መሸራሸትን ለመከላከል የሚከናወኑ ተግባራት ሁሉ የአካባቢ ጥበቃ አካላት ትብብር ያስፈልጋቸዋል። በአጠቃላይ የአፈር ጥበቃ ስራዎች ለተከታታይ የምግብ አቅርቦት ዋስትና ወሳኝ ናቸው።

ለስላሳ እፅዋትን በየቦታው ማብቀል የአፈርን መሸራሸት እንዴት ይከላከላል?"
comprehension|144#0,comprehension,,agriculture,"ከዚህ በታች ያለውን ምንባብ አንብበህ ጥያቄውን መልስ።

Context:
በሰኔ ፲፪ ቀን በዝቅተኛው የብሌት ተራራ አካባቢ የሚገኘው የሰላም እርባታ ማዕከል በሰባት አዳዲስ የላም ዝርያዎች ላይ አዲስ የጤና ጥበቃ ስልጠና ሰጥቷል። የዚህ ስልጠና ዋና ዓላማ በየዓመቱ ከሚከሰተው የከብት በሽታ ለመከላከል ሲሆን በስልጠናው ላይ አምስት የእንስሳት ሐኪሞች ተሳትፈዋል። ማዕከሉ በዘንድሮው ዓመት የከብቶች ምርታማነት በሃያ በመቶ እንዲጨምር ለማድረግ በከፍተኛ ሁኔታ እየሰራ ይገኛል።

በብሌት ተራራ አካባቢ በሚገኘው የሰላም እርባታ ማዕከል የተሰጠው ስልጠና ዋና ዓላማ ምንድን ነው?"
comprehension|144#1,comprehension,,agriculture,"ይህን ምንባብ መሠረት በማድረግ ለጥያቄው መልስ ስጥ።

ምንባብ፡ የአባይ ሸለቆ የእንስሳት ተንከባካቢዎች ማኅበር በነሐሴ ፭ ቀን በወጣው መግለጫ መሠረት በዘንድሮው የዝናብ ወቅት በቁጥጥር ስር የዋለው የዶሮ እርባታ ማኅበር አምስት መቶ አዳዲስ የዶሮ መኖዎችን አቅርቧል። ማኅበሩ በወጣው አዲስ መመሪያ መሠረት እያንዳንዱ አርቢ በየሳምንቱ የዶሮዎቹን ጤና መመርመር እና መመዝገብ ይኖርበታል። ይህ አዲስ አሠራር በክልሉ የሚገኙ የዶሮ አርቢዎችን የገቢ መጠን ለማሳደግ ታስቦ የተዘጋጀ ነው።

ጥያቄ፡ የአባይ ሸለቆ የእንስሳት ተንከባካቢዎች ማኅበር በወጣው አዲስ መመሪያ መሠረት አርቢዎች በየሳምንቱ ምን ማድረግ አለባቸው?"
comprehension|145#0,comprehension,,agriculture,"ጽሑፉን አንብበህ ጥያቄውን መልስ፡

ጽሑፍ፡ በኢትዮጵያ የግብርና ዘርፍ ውስጥ የዝናብ ውሃ ላይ ብቻ መደገፍ በድርቅ ወቅት ለሰብል ምርት መውደቅ ምክንያት ይሆናል። አርሶ አደሮች በየወቅቱ የሚመጣውን የዝናብ መጠን መቆጣጠር ስለማይችሉ ዘላቂ የውሃ አጠቃቀም ዘዴዎችን መጠቀም አስፈላጊ ነው። በቅርብ ጊዜ ውስጥ በደቡብ ኢትዮጵያ በሚገኙ አካባቢዎች በንፍታ እና በቅርጫት የሚሰሩ አነስተኛ የመስክ መስኖ ዘዴዎች እየተስፋፋ መጥተዋል። እነዚህ ዘዴዎች በትንሽ የውሃ መጠን ከፍተኛ ምርት ለማምጣት እና የአፈር እርጥበትን ለመጠበቅ ይረዳሉ። የውሃ መጋቢዎች እና ጥቃቅን ቦዮች በመጠቀም ውሃው በቀጥታ ወደ ተክሉ ስር እንዲደርስ ማድረግ ይቻላል። ይህም አርሶ አደሩ በደረቅ ወቅትም ቢሆን ሰብሉ እንዳይደርቅ እና ምርቱ እንዳይቀንስ ትልቅ እገዛ ያደርጋል።

ጥያቄ፡ በደቡብ ኢትዮጵያ በሚገኙ አካባቢዎች እየተስፋፋ የመጣው አነስተኛ የመስክ መስኖ ዘዴ ለምን ይጠቅማል?"
comprehension|145#2,comprehension,,agriculture,"ጽሑፉን አንብበህ ጥያቄውን መልስ፡

ጽሑፍ፡ በኢትዮጵያ የደጋማ አካባቢዎች የሚገኙ አርሶ አደሮች ለሰብል ውሃ ለማቅረብ የውሃ ማጠራቀሚያ ጉድጓዶችን በመቆፈር ላይ ናቸው። እነዚህ ጉድጓዶች በዝናብ ወቅት የሚፈስን ውሃ በመሰብሰብ ለድርቅ ወቅት እንዲያገለግል ተደርገው የተዘጋጁ ናቸው። የውሃ ማጠራቀሚያዎቹ በድንጋይ እና በጭቃ ተከብበው ውሃው ወደ ውስጥ እንዳይሰርቅ ተደርገው ይገነባሉ። በዚህ ዘዴ አማካኝነት አርሶ አደሮች በደረቅ ወቅትም ቢሆን ለምለም የሆኑ አትክልቶችን ማምረት ይችላሉ። የውሃ ማጠራቀሚያዎቹን በአግባቡ መጠቀም የአፈር መሸርሸርን ለመቀነስ እና የውሃ አቅርቦትን ለማረጋገጥ ይረዳል። ይህ የውሃ አያያዝ ዘዴ በአካባቢው ያለውን የምግብ ዋስትና ለማረጋገጥ ትልቅ ሚና ይጫወታል።

ጥያቄ፡ የውሃ ማጠራቀሚያ ጉድጓዶች ውሃ እንዳይሰርቅ እንዴት ነው የሚገነቡት?"
comprehension|146#0,comprehension,,agriculture,"ጽሑፉን አንብበህ ጥያቄውን መልስ፡

ጽሑፍ፡ በግብርና ስራ ላይ የሚከሰቱ ተባዮች የአዝመራ ምርታማነትን በከፍተኛ ሁኔታ የሚቀንሱ ሲሆኑ እነዚህም ተባዮች በሰብል ላይ ጉዳት በማድረስ የምግብ ዋስትናን አደጋ ላይ ይጥላሉ። በአብዛኛው ጊዜ ተባዮች በቅጠሎች ላይ በመብላት ወይም በስር ላይ ጉዳት በማድረስ የዕፅዋትን እድገት ሙሉ በሙሉ ሊያደናቅፉ ይችላሉ። እነዚህን ተባዮች ለመከላከል በተለያዩ ዘዴዎች መጠቀም ይቻላል ሆኖም በተፈጥሮ ላይ የተመሰረቱ መከላከያ ዘዴዎች ለተሻለ የአካባቢ ጥበቃ ጠቃሚ ናቸው። ለምሳሌ እንደ ወፍ ወይም እንደ እንትላታ ያሉ ጠቃሚ ነፍሳት ጎጂ ተባዮችን በመመገብ የሰብልን ጤና ለመጠበቅ ትልቅ ሚና ይጫወታሉ። በተጨማሪም በተለያዩ ተክሎች መካከል ያለውን ልዩነት በመጠበቅ ተባዮች በአንድ ሰብል ላይ ብቻ እንዳይከማቹ ማድረግ ይቻላል። የሰብል በሽታዎች ደግሞ በተባዮች አማካኝነት ወይም በአየር አማካኝነት በቀላሉ ሊሰራጩ የሚችሉ የጤና ችግሮች ናቸው። እነዚህ በሽታዎች በቅጠል ላይ ነጠብጣቦችን በመፍጠር ወይም ሙሉ በሙሉ በማድረቅ የሰብልን ጥራትና መጠን ይቀንሳሉ። ስለዚህ ገበሬዎች የአዝመራ ወቅትን ጠብቀው ተገቢውን ክትትል ማድረግ ለተሻለ ምርት ወሳኝ ነው።

ጥያቄ፡ በአካባቢ ጥበቃ ረገድ ጠቃሚ ነፍሳት ለሰብል ጤና እንዴት አስተዋጽኦ ያደርጋሉ?"
comprehension|146#1,comprehension,,agriculture,"በሚከተለው ጽሑፍ መሠረት ጥያቄውን በአጭሩ መልስ።

Context:
የሰብል በሽታዎችን ለመከላከል የሚደረጉ ጥረቶች በዋናነት በሁለት ዋና ዋና ዘርፎች ማለትም በቅድመ መከላከል እና በሕክምና ዘዴዎች ላይ የተመሰረቱ ናቸው። ቅድመ መከላከል ዘዴዎች በሽታው ሳይከሰት ቀድሞ ዝግጅት በማድረግ ሰብሉን ከጉዳት ለመጠበቅ የሚያስችሉ ስልቶች ናቸው። ለምሳሌ በሽታን የመቋቋም አቅም ያላቸውን የሰብል ዝርያዎች በመምረጥ ምርታማነትን ማረጋገጥ ይቻላል። በተጨማሪም የተመጣጠነ የአፈር አያያዝ እና በቂ ውሃ ማቅረብ የዕፅዋትን በሽታ የመከላከል አቅም በከፍተኛ ሁኔታ ይጨምራል። በሌላ በኩል በሽታው አንዴ ከተከሰተ በኋላ የሚደረጉ የሕክምና ዘዴዎች በሽታው እንዳይስፋፋ ለማድረግ ይረዳሉ። እነዚህ ዘዴዎች እንደ ተፈጥሯዊ ማዳበሪያዎች ወይም የተወሰኑ የዕፅዋት መከላከያዎችን መጠቀምን ያካትታሉ። ሆኖም ግን የኬሚካል ውሎዎችን አጠቃቀም በጥንቃቄ መመራት ያለበት ሲሆን ይህም የአፈርን እና የአየር ንብረትን ጤና ይጠብቃል። ሰብልን ከበሽታ ለመጠበቅ ዘመናዊ የግብርና መረጃዎችን እና የሳይንስ ውጤቶችን መጠቀም አስፈላጊ ነው።

በሽታው ሳይከሰት ቀድሞ ሰብሉን ለመጠበቅ የሚያስችሉ የቅድመ መከላከል ዘዴዎች ምንድን ናቸው?"
comprehension|146#2,comprehension,,agriculture,"በሚከተለው ጽሑፍ መሠረት ጥያቄውን በአጭሩ መልስ።

Context:
በአሁኑ ጊዜ በዓለም አቀፍ ደረጃ የሚታዩት የሰብል በሽታዎች እና የተባዮች ስርጭት የአየር ንብረት ለውጥ ምክንያት እየሆኑ መጥተዋል። የአየር ሙቀት መጨመር እና ያልተለመደ የዝናብ መጠን የተባዮች የመራባት ፍጥነት እንዲጨምር እና በሽታዎች እንዲስፋፉ ያደርጋሉ። ይህ ሁኔታ በተለይ በትንሽ አምራች ገበሬዎች ላይ ከፍተኛ የኢኮኖሚ ጫና እና የምግብ እጥረት ያስከትላል። ተባዮች ከአንድ አካባቢ ወደ ሌላ አካባቢ እንዲንቀሳቀሱ የሚያደርጉት ሁኔታ በአየር ንብረት ለውጥ ምክንያት እየተፋጠነ መጥቷል። ለዚህም መፍትሄ ለመስጠት ዓለም አቀፍ የግብርና ምርምሮች እና የቴክኖሎጂ ሽግግሮች ላይ ትኩረት ማድረግ ያስፈልጋል። አዳዲስ የክትባት ዘዴዎችን እና የተሻሻሉ የሰብል ዝርያዎችን ማልማት ለወደፊቱ ትልቅ ተስፋ ይሰጣል። በተጨማሪም ገበሬዎች ስለ አየር ንብረት ለውጥ እና ስለ ተባዮች አዲስ መረጃ እንዲያገኙ ማድረግ ወሳኝ ነው። በቴክኖሎጂ የታገዘ ክትትል ማድረግ በሽታዎች ሳይስፋፉ ቀድሞ ለመረዳት እና ለመከላከል ይረዳል።

የአየር ንብረት ለውጥ በተባዮች እና በበሽታዎች ስርጭት ላይ ምን ዓይነት ተጽዕኖ ያሳድራል?"
comprehension|147#1,comprehension,,news,"ንባቡን መሠረት በማድረግ ጥያቄውን መልስ።

Context:
የወርቅ ሸለቆ የልማት ማህበር ሰኔ ፲፭ ቀን በሰሜን አቅጣጫ በሚገኘው የዝሆን ሸለቆ መንደር ውስጥ አዳዲስ የውሃ ቦዮችን ለመገንባት ስራ ጀምሯል። ይህ ፕሮጀክት በንግስት ማርታ የልማት ድርጅት በኩል የተገኘውን ሁለት ሚሊዮን ብር ድጋፍ በመጠቀም በሰባት ወራት ውስጥ ይጠናቀቃል። በፕሮጀክቱ አማካኝነት በዚያ አካባቢ ለሚኖሩ ሁለት መቶ ቤተሰቦች ንጹህ የውሃ አቅርቦት እንዲኖር ታቅዶ ተዘጋጅቷል።

የውሃ ቦዮቹን ግንባታ ለማጠናቀቅ ምን ያህል ጊዜ ይፈጃል?"
comprehension|147#2,comprehension,,news,"ጽሑፉን አንብበህ ጥያቄውን መልስ፡

ጽሑፍ፡ በሰማያዊ ተራራ ከተማ የሚገኘው የልጆች የንባብ ክለብ ሰኔ ፲፰ ቀን በታላቁ ቤተ መጻሕፍት አዳራሽ ውስጥ የደብተር ስጦታ ፕሮግራም አካሂዷል። በዝግጅቱ ላይ የክለቡ አስተባባሪ ወይዘሮ አልማዝ ለሰባት መቶ ተማሪዎች አዳዲስ ደብተሮችንና ቀለም ያላቸው እርሳሶችን በነጻ አድላለች። ይህ ተግባር ተማሪዎች በትምህርታቸው ላይ ትኩረት እንዲያደርጉና የንባብ ፍላጎታቸው እንዲጨምር ለማድረግ የታለመ መሆኑ ተገልጿል።

ጥያቄ፡ ወይዘሮ አልማዝ ለተማሪዎቹ የሰጠቻቸው ቁሳቁሶች ምን ምን ናቸው?"
comprehension|148#0,comprehension,,news,"ከሚከተለው ጽሑፍ በመነሳት ጥያቄውን መልስ።

በቅርቡ በዝቅተኛው የዞን አቅራቢያ በሚገኘው አባይ ሸለቆ ከተማ ውስጥ የዘመነ አርሶ አደር ማህበር የገበያ ዋጋ መዋዠቅ ምክንያት ከፍተኛ ኪሳራ ማስተናገዱን አስታወቀ። የዚህ ማህበር ዋና ስራ አስኪያጅ አቶ በቀለ ተስፋዬ እንደገለጹት በሰኔ 15 ቀን 2016 ዓ.ም በገበያው ላይ የታየው የጥራጥሬ ዋጋ መውረድ ለድርጅቱ 500,000 ብር ኪሳራ አስከትሏል። ማህበሩ ከዚህ ቀደም በዓመት ውስጥ 2,000 ቶን ምርት በማቅረብ በገበያው ላይ ትልቅ ተፅዕኖ ይፈጥር እንደነበር በሪፖርቱ ተገልጿል። አሁን ላይ ግን በዓለም አቀፍ የገበያ ሁኔታ ለውጥ ምክንያት ምርቱን በዝቅተኛ ዋጋ ለመሸጥ ተገደዋል። ይህ ሁኔታ በክልሉ ውስጥ የሚገኙ ሌሎች ትናንሽ አምራቾች ላይም ከፍተኛ የኢኮኖሚ ተጽዕኖ እያሳደረ መሆኑን የንግድ ባለሙያዎች ገልጸዋል።

ጥያቄ፡ አቶ በቀለ ተስፋዬ እንደገለጹት በሰኔ 15 ቀን 2016 ዓ.ም በገበያው ላይ የታየው የጥራጥሬ ዋጋ መውረድ ለድርጅቱ ምን ያህል ኪሳራ አስከትሏል?"
comprehension|148#2,comprehension,,news,"እባክዎን ከታች ያለውን ጽሑፍ አንብበው ለሚከተለው ጥያቄ መልስ ይስጡ።

Context:
በአዲሱ የኢንዱስትሪ ፓርክ ውስጥ የሚገኙ የፕላስቲክ ማምረቻ ፋብሪካዎች በኤሌክትሪክ ኃይል እጥረት ምክንያት ስራቸውን ለሁለት ሳምንታት እንዲያቆሙ ተገደዋል። የፋብሪካው የቴክኒክ ክፍል ሃላፊ አቶ ታደሰ ካሳ በሰጡት መግለጫ መሰረት የኃይል አቅርቦቱ መቋረጥ በፋብሪካው ውስጥ ያለውን የምርት ሂደት በእጅጉ አዛብቶታል። ፋብሪካው በየቀኑ 800 ኪሎ ግራም ምርት በማምረት ለሀገር ውስጥ ገበያ ሲያቀርብ የነበረ ቢሆንም አሁን ግን ምርቱ ሙሉ በሙሉ ተቋርጧል። ይህ ችግር በፋብሪካው ውስጥ የሚሰሩ 150 ሰራተኞች የዕለት ተዕለት ገቢያቸው ላይ ከፍተኛ ተጽዕኖ እያሳደረ መሆኑን የሰራተኞች ማህበር ገልጿል። የኃይል አቅርቦቱ በአስቸኳይ ካልተመለሰ ፋብሪካው ለረጅም ጊዜ ስራውን ሊያቆም እንደሚችል የኢንዱስትሪው ባለሙያዎች አስጠንቅቀዋል።

በፕላስቲክ ማምረቻ ፋብሪካው ውስጥ ስራው እንዲቆም ምክንያት የሆነው ዋናው ችግር ምንድን ነው?"
comprehension|150#0,comprehension,,news,"ንባቡን መሠረት በማድረግ ጥያቄውን መልስ።

Context:
በሰኔ ፲፪ ቀን ሁለት ሺህ አሥራ ስምንት ዓመተ ምህረት በዝቅተኛው የዘንባባ ሸለቆ ውስጥ የሚገኘው የአረንጓዴ ተስፋ ማኅበር በሰላሳ አዳዲስ የደን ማስፋፊያ ፕሮጀክቶችን በከፍተኛ ወጪ መጀመሩን አስታወቀ። የድርጅቱ መሪ አቶ በቀለ ተስፋዬ እንደገለጹት እነዚህ ፕሮጀክቶች በአካባቢው የሚገኙ አምስት መቶ የሚሆኑ የጥላ ሰብዓተ አበቦች ዝርያዎችን ለመትከልና የአየር ንብረት ለውጥን ለመቋቋም ታቅደዋል። ፕሮጀክቱ በጠቅላላው ሁለት ሚሊዮን ብር ወጪ የሚጠይቅ ሲሆን ይህም በክልሉ የሚገኙ አሥራ ሁለት መንደሮችን በቀጥታ ተጠቃሚ ያደርጋል።

የአረንጓዴ ተስፋ ማኅበር በሰኔ ፲፪ ቀን የጀመረው አዲስ ፕሮጀክት ስንት መንደሮችን በቀጥታ ተጠቃሚ ያደርጋል?"
comprehension|150#1,comprehension,,news,"እባክዎን ከታች ያለውን ጽሑፍ አንብበው ለሚከተለው ጥያቄ መልስ ይስጡ።

Context:
በአባይ ወንዝ ዳርቻ በሚገኘው የሰማያዊ ተራራ ከተማ ውስጥ ባለፈው ሳምንት በደረሰ ድንገተኛ የጎርፍ መጥለቅለቅ ምክንያት የውሃ ጥበቃ ተቋም የሰባት ትላልቅ ግድቦችን የውሃ መጠን ለመቀነስ ተገዷል። የከተማዋ የሥነ-ምህዳር ተመራማሪ ወይዘሪት ሳራ አቤል እንደገለጹት ይህ ክስተት የተከሰተው በከፍተኛ የዝናብ መጠንና በሸለቆው ውስጥ ባለው የአፈር መሸርሸር ምክንያት ነው። ተቋሙ በአሁኑ ወቅት በጎርፉ ምክንያት ጉዳት የደረሰባቸውን አሥራ አምስት የግብርና መሬቶች ለመጠገንና ለነዋሪዎች እርዳታ ለመስጠት እየሠራ ይገኛል።

የውሃ ጥበቃ ተቋሙ የጎርፍ መጥለቅለቅን ለመቀነስ የትኞቹን ግድቦች የውሃ መጠን ለመቀነስ ተገዷል?"
comprehension|150#2,comprehension,,news,"በሚከተለው ጽሑፍ መሠረት ጥያቄውን በአጭሩ መልስ።

Context:
በአውሮፓዊው የንፋስ ኃይል ማመንጫ ማዕከል የሥራ አስኪያጅ አቶ ዮናስ ታደሰ በዘመናዊ የንፋስ ተርባይኖች አማካኝነት በዓመት አምስት መቶ ሜጋ ዋት የኤሌክትሪክ ኃይል ማመንጨት እንደሚቻል በሰኔ ወር ባደረጉት መግለጫ ገልጸዋል። ይህ አዲስ የኃይል ማመንጫ ጣቢያ በሰሜን የደመና ተራራ አካባቢ የተገነባ ሲሆን በአካባቢው የሚገኙ አሥራ አምስት የኢንዱስትሪ ከተሞችን የኃይል ፍላጎት ለማሟላት ታስቦ የተዘጋጀ ነው። ማዕከሉ በሥራ ላይ ከዋለ በኋላ በየዓመቱ በሺዎች የሚቆጠሩ ቶን የካርቦን ጋዝ ልቀትን ለመቀነስ ከፍተኛ አስተዋጽኦ ያደርጋል።

አዲሱ የንፋስ ኃይል ማመንጫ ጣቢያ በየዓመቱ ምን ዓይነት የአየር ብክለት መቀነስ ያስገኛል?"
comprehension|151#0,comprehension,,news,"ከዚህ በታች ያለውን ምንባብ አንብበህ ጥያቄውን መልስ።

Context:
በቅርቡ በዘንጋላ ከተማ ውስጥ በሚገኘው አዲሱ የባቡር መስመር ግንባታ ላይ የሰላም ኃይል ኮንትራክተሮች በከፍተኛ ፍጥነት ስራቸውን እየሰሩ ይገኛሉ። ይህ ግዙፍ ፕሮጀክት በሰኔ 15 ቀን 2016 ዓ.ም ተጀምሮ እስከ ታህሳስ ወር ድረስ ተጠናቆ ለሕዝብ አገልግሎት እንዲውል ታቅዷል። የፕሮጀክቱ ዋና መሐንዲስ አቶ በቀለ ተስፋዬ እንደገለጹት ግንባታው ለ450 ሚሊዮን ብር የሚፈጅ ሲሆን ለሁለት መቶ አዳዲስ ሰራተኞች የስራ ዕድል ይፈጥራል። አዲሱ የባቡር መስመር በከተማዋ ሰሜናዊ እና ደቡባዊ ክፍሎች መካከል ያለውን የትራንስፖርት ፍጥነት በከፍተኛ ሁኔታ ያሻሽላል። የከተማዋ አስተዳደር በፕሮጀክቱ ስኬት ላይ ከፍተኛ እርካታ እንዳለውና ለወደፊቱ መሰል ስራዎች ተጨማሪ በጀት እንደሚመድብ አስታውቋል።

የባቡር መስመር ግንባታው ተጠናቆ ለሕዝብ አገልግሎት እንዲውል የታቀደው መቼ ነው?"
comprehension|151#1,comprehension,,news,"በሚከተለው ጽሑፍ መሠረት ጥያቄውን በአጭሩ መልስ።

Context:
በአባይ ወንዝ አቅራቢያ በሚገኘው የዝላባ ሸለቆ ውስጥ አዲሱ የድልድይ ግንባታ በሰላማዊ ሁኔታ መጠናቀቁን የትራንስፖርት ሚኒስቴር በዛሬው ዕለት አበሰረ። የድልድዩ ግንባታ በታላቁ ኬንታ ድርጅት አማካኝነት ለሦስት ዓመታት ተከታታይነት ባለው ሂደት ውስጥ በከፍተኛ ጥራት ተከናውኗል። ይህ ድልድይ በየቀኑ በአማካይ 5,000 ተሽከርካሪዎች እንዲያልፉ በማድረግ በክልሉ ያለውን የንግድ እንቅስቃሴ በከፍተኛ ሁኔታ ያቀላጥፋል። የድልድዩ ጠንካራ መሠረት ከ50 ሜትር ጥልቀት ባለው ድንጋይ ላይ የተገነባ ሲሆን ለ100 ዓመታት አገልግሎት እንዲሰጥ ተደርጎ ተሰርቷል። የፕሮጀክቱ ተከታታይነት እንዲኖረው የከተማዋ ነዋሪዎች በግንባታው ወቅት ለነበሩት ሰራተኞች አስፈላጊውን ድጋፍ ማድረጋቸውን የአስተዳደሩ ቃል አቀባይ ገልጸዋል።

አዲሱ ድልድይ በየቀኑ በአማካይ ስንት ተሽከርካሪዎች እንዲያልፉ ተደርጎ ተገነባ?"
comprehension|153#1,comprehension,,technology,"ጽሑፉን አንብበህ ጥያቄውን መልስ፡

ጽሑፍ፡ የሞባይል ገንዘብ አገልግሎት በሰፊው በመስፋፋቱ ሰዎች ባሉበት ቦታ ሆነው ለተለያዩ ክፍያዎችን መፈጸም ይችላሉ። ይህ የዲጂታል የገንዘብ ሥርዓት በባንክ ሂሳብ ሳይኖር እንኳን በስልክ ቁጥር ብቻ መላክ እና መቀበል ያስችላል። በስልካችን አማካኝነት የሚከናወኑ እነዚህ የገንዘብ ዝውውሮች በጣም ፈጣን ከመሆናቸውም በላይ ከፍተኛ የሆነ የደኅንነት ጥበቃን ይከተላሉ። ተጠቃሚዎች በየቀኑ የሚፈጽሙትን የገንዘብ እንቅስቃሴ በስልካቸው ላይ በሚገኝ መዝገብ ማረጋገጥ ይቻላል።

ጥያቄ፡ የሞባይል ገንዘብ አገልግሎት ተጠቃሚዎች ባንክ ሂሳብ ሳይኖራቸው ምን ማድረግ ይችላሉ?"
comprehension|154#1,comprehension,,technology,"ንባቡን መሠረት በማድረግ ጥያቄውን መልስ።

Context:
በጥቅምት ፭ ቀን በወንጌል ከተማ የሚገኘው የብሩህ ተስፋ ማህበራዊ ሚዲያ መድረክ አዲስ የደህንነት መመሪያ አውጥቷል። ይህ መመሪያ በቅርቡ በድረ-ገጹ ላይ የተፈጠሩ የሐሰት መረጃዎችን ለመከላከል በ፪ ሚሊዮን ብር ወጪ የተዘጋጀ ነው። የማህበራዊ ሚዲያ መድረኩ አስተዳዳሪ የሆኑት አቶ ታደሰ ካሳ የገለጹት መመሪያው በሁሉም ተጠቃሚዎች ላይ ተፈጻሚ እንደሚሆን ነው። አዲሱ የደህንነት ሥርዓት በየቀኑ በ፲ ሺህ የሚቆጠሩ የሐሰት መረጃዎችን በራስ-ሰር የመለየት ችሎታ አለው። የቴክኖሎጂ ባለሙያው ወይዘሮ መቅደስ በዝግጅቱ ላይ እንደገለጹት ይህ አዲስ መመሪያ የተጠቃሚዎችን የግል መረጃ ለመጠበቅ ይረዳል። ማህበራዊ ሚዲያው በየሳምንቱ ለ፪ ቀን ልዩ የክትትል ጊዜ በመመደብ የድረ-ገጹን ደህንነት ይጨምራል።

የብሩህ ተስፋ ማህበራዊ ሚዲያ መድረክ የሐሰት መረጃዎችን ለመከላከል ምን ያህል የገንዘብ መጠን መድቧል?"
comprehension|154#2,comprehension,,technology,"በሚከተለው ጽሑፍ መሠረት ጥያቄውን በአጭሩ መልስ።

Context:
በካቲት ፳ ቀን በደመቀ ቴክኖሎጂ ማዕከል ውስጥ አዲስ የሞባይል መተግበሪያ በስኬት ለገበያ ቀረበ። ይህ መተግበሪያ በወይዘሪት ሳባ አበበ አማካኝነት ለ፪ ዓመታት በከፍተኛ ጥናትና ምርምር የተዘጋጀ የዲጂታል መድረክ ነው። መተግበሪያው በከተማው ውስጥ ለሚገኙ ፭ ሺህ ወጣቶች የሥራ ዕድል ለመፍጠርና የኢንተርኔት እውቀታቸውን ለማሳደግ ታስቦ የተሠራ ነው። የቴክኖሎጂው ባለሙያ አቶ ዮናስ እንደገለጹት መተግበሪያው በየቀኑ ፪ ሺህ አዳዲስ ተጠቃሚዎችን ማስተናገድ ይችላል። ይህ አዲስ የዲጂታል መድረክ በከተማው ውስጥ ያለውን የቴክኖሎጂ አጠቃቀም ደረጃ በከፍተኛ ሁኔታ ለማሻሻል ይረዳል። መተግበሪያው በሳምንት ፫ ቀን ልዩ የትምህርት ክፍለ ጊዜዎችን ለተጠቃሚዎቹ በነፃ ይሰጣል።

አዲሱ የሞባይል መተግበሪያ በምን ዓይነት ዓላማ ተብሎ የተዘጋጀ ነው?"
comprehension|155#0,comprehension,,technology,"ጽሑፉን አንብበህ ጥያቄውን መልስ፡

ጽሑፍ፡ ሰው ሰራሽ አስተውሎት ማለት የኮምፒውተር ስርዓቶች እንደ ሰው የማሰብ እና የመማር ችሎታ እንዲኖራቸው የሚያደርግ የቴክኖሎጂ ዘርፍ ነው። ይህ ዘርፍ መረጃዎችን በመተንተን ውስብስብ ችግሮችን ለመፍታት እና ትክክለኛ ውሳኔዎችን ለመስጠት በከፍተኛ ሁኔታ ይረዳል። የዚህ ቴክኖሎጂ ዋና ዓላማ የሰዎችን ስራ ማቅለል እና በራስ-ሰር የሚሰሩ ተግባራትን ማከናወን ነው። ማሽን ለሚባሉት ስርዓቶች በከፍተኛ መጠን የተሰበሰቡ መረጃዎችን በመስጠት እንዲማሩ ማድረግ መሰረታዊ ተግባር ነው። እነዚህ ስርዓቶች ከጊዜ ወደ ጊዜ በሚያገኙት አዲስ መረጃ አማካኝነት የራሳቸውን እውቀት ያሳድጋሉ። በዘርፉ ውስጥ ያሉ የተለያዩ ዘዴዎች ለጤና ጥበቃ እና ለትራንስፖርት ዘርፎች ትልቅ ፋይዳ አላቸው። የሰው ሰራሽ አስተውሎት እድገት በዓለም አቀፍ ደረጃ የኢኮኖሚ እንቅስቃሴን ለማፋጠን ትልቅ ሚና ይጫወታል።

ጥያቄ፡ የሰው ሰራሽ አስተውሎት ዋና ዓላማ ምንድን ነው?"
comprehension|155#1,comprehension,,technology,"እባክዎን ከታች ያለውን ጽሑፍ አንብበው ለሚከተለው ጥያቄ መልስ ይስጡ።

Context:
የማሽን ትምህርት በሰው ሰራሽ አስተውሎት ውስጥ በጣም አስፈላጊ እና መሰረታዊ የሆነ የጥናት ዘርፍ ነው። ይህ ዘርፍ ኮምፒውተሮች ያለ ሰው ቀጥተኛ መመሪያ ሳይሰጣቸው ከቀድሞ ተሞክሮአቸው እንዲማሩ ያስችላቸዋል። ስርዓቱ መረጃዎችን በመለየት በውስጣቸው ያሉትን የተደበቁ ቅጦች እና ግንኙነቶች በብቃት መለየት ይችላል። ለምሳሌ አንድ ስርዓት በሺዎች የሚቆጠሩ ምስሎችን በማየት የነገሮችን ልዩነት መለየት ይጀምራል። ይህ ሂደት በሂደት ሲደጋገም የማሽኑ የመተንበይ እና የመወሰን ችሎታ በጣም እየጨመረ ይሄዳል። በዘርፉ ውስጥ ያሉ ተመራማሪዎች ትክክለኛነትን ለመጨመር የተለያዩ የሂሳብ ቀመሮችን በስፋት ይጠቀማሉ። የማሽን ትምህርት ለዘመናዊ የዳታ ሳይንስ ስራዎች እንደ ዋነኛ መሣሪያ ሆኖ ያገለግላል። የዚህ ቴክኖሎጂ ውጤት በንግድ እና በምርምር መስኮች ላይ ከፍተኛ ለውጥ እያመጣ ነው።

የማሽን ትምህርት ስርዓቶች መረጃዎችን በመለየት ምን ማድረግ ይችላሉ?"
comprehension|155#2,comprehension,,technology,"ምንባቡን ካነበብሽ በኋላ ለጥያቄው መልስ ስጪ።

Context:
የነርቭ መረብ ቴክኖሎጂ የሰውን ልጅ አእምሮ አሠራር ለመምሰል በሚሞክር መልኩ የተገነባ የኮምፒውተር ሞዴል ነው። ይህ ሞዴል ብዙ ተያያዥ መረጃዎችን በመጠቀም ውስብስብ የሆኑ የዲጂታል መረጃዎችን ለመረዳት ይረዳል። በውስጡ ያሉ ትናንሽ ክፍሎች እንደ ነርቭ ሴሎች በመሆን መረጃዎችን ከአንዱ ወደ ሌላው ያስተላልፋሉ። እነዚህ ክፍሎች መረጃዎችን በክብደት በመመዘን ትክክለኛውን ውጤት ለማግኘት ከፍተኛ ጥረት ያደርጋሉ። የነርቭ መረቦች በምስል መለየት እና በድምጽ ትርጉም ስራዎች ላይ በከፍተኛ ሁኔታ ጥቅም ላይ ይውላሉ። የቴክኖሎጂው ጥልቀት እየጨመረ ሲሄድ ስርዓቶቹ ይበልጥ ረቂቅ የሆኑ ነገሮችን ለመረዳት ይችላሉ። ይህ የቴክኖሎጂ አይነት በሰው ሰራሽ አስተውሎት ውስጥ ትልቅ ለውጥ አምጥቷል። በዘርፉ የሚታዩት እድገቶች ለወደፊቱ የቴክኖሎጂ ዓለም መሰረት ይሆናሉ።

የነርቭ መረብ ቴክኖሎጂ መረጃዎችን ለማስተላለፍ ምን ዓይነት ክፍሎችን ይጠቀማል?"
comprehension|156#1,comprehension,,technology,"ከዚህ በታች ያለውን ምንባብ አንብበህ ጥያቄውን መልስ።

Context:
በአባይ ወንዝ ዳርቻ በሚገኘው የዝቅተኛ ኮረብታ አካባቢ የብሩክ የፀሐይ ኃይል ማምረቻ ድርጅት በቅርቡ የ፪ ሚሊዮን ብር መዋዕለ ንዋይ በማፍሰስ አዲስ የፀሐይ ማጠራቀሚያ ባትሪዎችን ገዝቷል። እነዚህ አዳዲስ የቴክኖሎጂ ውጤቶች በቀን ውስጥ የሚመረት የፀሐይ ኃይል በሌሊት ጊዜ ለከተማው ነዋሪዎች እንዲያገለግል በቂ የኃይል ክምችት እንዲኖር ያደርጋሉ። የድርጅቱ ሥራ አስኪያጅ ወይዘሪት ሳራ አበበ እንደገለጹት ይህ እርምጃ በክልሉ ያለውን የኃይል እጥረት ለመቅረፍ ትልቅ አስተዋጽኦ ይኖረዋል።

የብሩክ የፀሐይ ኃይል ማምረቻ ድርጅት የገዛቸው አዳዲስ የፀሐይ ማጠራቀሚያ ባትሪዎች በዋናነት ለምን አገልግሎት እንዲውሉ ታስበዋል?"
comprehension|156#2,comprehension,,technology,"ይህን ምንባብ መሠረት በማድረግ ለጥያቄው መልስ ስጥ።

ምንባብ፡ በጥቅምት ወር ውስጥ በወሎ ክፍለ ከተማ በተካሄደው የቴክኖሎጂ ኤግዚቢሽን ላይ የኢትዮ ፀሐይ መፍትሔዎች ተብሎ የተሰየመ አዲስ የፈጠራ ቡድን የፀሐይ ብርሃን ተጠቅሞ ውሃ የሚያጣር መሣሪያ አቀረበ። ይህ መሣሪያ በሰዓት ፳ ሊትር ንጹሕ ውሃ የማጣራት አቅም ያለው ሲሆን በትንሽ የፀሐይ ብርሃን ብቻ እንዲሠራ ተደርጎ ተዘጋጅቷል። የኤግዚቢሽኑ ተሳታፊ የሆኑት የቴክኖሎጂ ባለሙያ አቶ ደመሰበ ኃይሌ መሣሪያው ለገጠር ማኅበረሰቦች የውሃ አቅርቦት ችግር መፍትሔ እንደሚሆን አረጋግጠዋል።

ጥያቄ፡ የኢትዮ ፀሐይ መፍትሔዎች ቡድን ያቀረበው አዲስ መሣሪያ በሰዓት ስንት ሊትር ንጹሕ ውሃ የማጣራት አቅም አለው?"
comprehension|157#0,comprehension,,technology,"ከሚከተለው ጽሑፍ በመነሳት ጥያቄውን መልስ።

ኮምፒውተር ማለት መረጃን ለመቀበል እና ለማቀናበር እንዲሁም ውጤትን ለማውጣት የሚያገለግል በጣም አስፈላጊ የሆነ የኤሌክትሮኒክስ መሣሪያ ነው። ይህ መሣሪያ መረጃን ለመቀበል በዋናነት በገቢ መሣሪያዎች አማካኝነት የተለያዩ ትዕዛዞችን እና መረጃዎችን ወደ ውስጥ ያስገባል። የተቀበለው መረጃ በውስጡ በሚገኘው ማዕከላዊ መሣሪያ አማካኝነት በፍጥነት ተሰላ እና ተቀነባበረ። ከዚያም የተቀነባበረው መረጃ በውጤት መሣሪያዎች አማካኝነት ለተጠቃሚው በግልጽ እንዲታይ ይደረጋል። ኮምፒውተሮች በቤት ውስጥ ለትምህርት እና ለመዝናኛ እንዲሁም በሥራ ቦታዎች ለተለያዩ ተግባራት በሰፊው ጥቅም ላይ ይውላሉ። እነዚህ መሣሪያዎች የሰውን ልጅ የዕለት ተዕለት እንቅስቃሴ በጣም ቀላል እና ፈጣን እንዲሆን አድርገዋል።

ጥያቄ፡ ኮምፒውተር መረጃን ለመቀበል እና ለማቀናበር የሚያገለግል ምን ዓይነት መሣሪያ ነው?"
comprehension|157#2,comprehension,,technology,"የተሰጠውን ጽሑፍ በጥንቃቄ ካነበብክ በኋላ የቀረበውን ጥያቄ መልስ።

ጽሑፍ፡ የመረጃ ማከማቻ መሣሪያዎች በኮምፒውተር ውስጥ የተቀመጡ መረጃዎችን ለረጅም ጊዜ እንዲቆዩ ለማድረግ በጣም አስፈላጊ ናቸው። እነዚህ መሣሪያዎች መረጃዎችን በዲጂታል መልክ በመቀየር በውስጣቸው በደኅንነት እንዲቀመጡ ያደርጋሉ። እንደ ጠንካራ ጠንካራ ማከማቻ እና እንደ ተንቀሳቃሽ ማከማቻ ያሉ የተለያዩ ዓይነቶች በሰፊው ጥቅም ላይ ይውላሉ። መረጃዎች በአንድ መሣሪያ ላይ ብቻ ከተቀመጡ ሊጠፉ ወይም ሊበላሹ ስለሚችሉ በሌላ ቦታ መያዝ አለባቸው። ተጠቃሚዎች አስፈላጊ መረጃዎቻቸውን በየጊዜው ወደ ሌላ መሣሪያ በማዘዋወር ጥንቃቄ ማድረግ ይኖርባቸዋል። ይህ አሠራር መረጃዎች በድንገተኛ ችግር ጊዜ እንዳይጠፉ ለማድረግ ትልቅ አስተዋጽኦ ያደርጋል።

ጥያቄ፡ መረጃዎች በድንገተኛ ችግር ጊዜ እንዳይጠፉ ተጠቃሚዎች ምን ማድረግ አለባቸው?"
comprehension|158#0,comprehension,,technology,"ጽሑፉን በጥንቃቄ አንብባችሁ ጥያቄውን ከጽሑፉ በመነሳት መልሱ።

Context:
በሰኔ ፲፪ ቀን ሁለት ሺህ አሥራ ስድስት ዓመተ ምሕረት በደብረ ማርቆስ ከተማ በሚገኘው የሰላም ቴክኖሎጂ ማዕከል ውስጥ ከፍተኛ የሳይበር ጥቃት ተፈጽሟል። በዚያ ዕለት በታዋቂው የንግድ መድረክ ላይ የነበሩ ሰባት የድርጅት መሪዎች የግል መረጃዎቻቸው በጠላፊዎች አማካኝነት ተሰርቀዋል። የድርጅቱ የደህንነት መኮንን አቶ በቀለ ተስፋዬ እንደገለጹት ጥቃቱ የተፈጸመው በደካማ የይለፍ ቃል ምክንያት መሆኑን አረጋግጠዋል። ጥቃቱ በሰላም ቴክኖሎጂ ማዕከል የውስጥ መረጃዎችን ለመስረቅ የታለመ ቢሆንም የባንክ ሂሳቦችን ግን አልነካም። በወቅቱ በከተማዋ የነበሩ ሦስት የቴክኖሎጂ ባለሙያዎች ጥቃቱን ለመከላከል ከፍተኛ ጥረት ማድረጋቸውን የድርጅቱ አስተዳዳሪ አቶ አበበ ካሳ ተናግረዋል። ጥቃቱ ከተፈጸመ በኋላ ማዕከሉ ለሁለት ሳምንታት ያህል የኢንተርኔት አገልግሎቱን ሙሉ በሙሉ አቋርጦ የነበረ መሆኑን ዘገባው ያሳያል። አዲሱ የደህንነት ሥርዓት እስከ ሐምሌ ወር ድረስ ተጠናቆ ሥራ ላይ እንደሚውል የድርጅቱ የቴክኒክ ክፍል አስታውቋል።

በደብረ ማርቆስ ከተማ በሚገኘው የሰላም ቴክኖሎጂ ማዕከል ላይ ጥቃቱ የተፈጸመው በምን ምክንያት እንደሆነ የድርጅቱ የደህንነት መኮንን ገልጸዋል?"
comprehension|159#0,comprehension,,daily_life,"በሚከተለው ጽሑፍ መሠረት ጥያቄውን በአጭሩ መልስ።

Context:
በሰኔ ፲፪ ቀን በወንጌል ከተማ በሚገኘው አዲስ ጣዕም ምግብ ቤት ውስጥ የኩባንያው ባለቤት አቶ በቀለ ተስፋው በዓመት አንድ ጊዜ የሚካሄደውን ትልቅ የጥበብ ምግብ ዝግጅት በታላቅ ድምቀት አከናውነዋል። በዚህ ዝግጅት ላይ በሰባት የተለያዩ የገጠር አካባቢዎች የሚገኙ ምርጥ የቅቤ እና የሽንኩርት አቅራቢዎች ተገኝተው ለደንበኞች ጥራት ያላቸውን ግብዓቶች በዝቅተኛ ዋጋ አቅርበዋል። አዲሱ የጥበብ ምግብ ዝግጅት በዋናነት በባህላዊ መንገድ በተዘጋጀ ጥቁር እንጀራ እና ልዩ በሆነ የቅመማ ቅመም ውህደት ላይ ትኩረት አድርጎ የተዘጋጀ ነው።

አቶ በቀለ ተስፋው በዓመት አንድ ጊዜ የሚካሄደውን ትልቅ የጥበብ ምግብ ዝግጅት በየትኛው ከተማ ውስጥ አከናውነዋል?"
comprehension|159#2,comprehension,,daily_life,"ከሚከተለው ጽሑፍ በመነሳት ጥያቄውን መልስ።

በካቲት ፳ ቀን በሰማይ ሰማያዊ ሆቴል ውስጥ በወይዘሮ አልማዝ ተስፋዬ አዘጋጅነት የተካሄደው የባህል ምግብ ማሳያ በሺዎች የሚቆጠሩ እንግዶችን በመሳብ ትልቅ ስኬት አስመዝግቧል። በዝግጅቱ ላይ በሰባት የተለያዩ የኢትዮጵያ ክፍሎች የሚገኙ ልዩ የቅመማ ቅመም አይነቶች እና የጥንታዊ የዳቦ አዘገጃጀት ዘዴዎች ለተሳታፊዎች በዝርዝር ተብራርተዋል። እንግዶቹ በዝግጅቱ ወቅት የተሰጣቸውን የባህል ምግብ ቅምሻ በመቀበል እና ስለ ምግብ አዘገጃጀት ታሪካዊ መረጃዎችን በመስማት ከፍተኛ እርካታ እንዳገኙ ተገልጿል።

ጥያቄ፡ በዝግጅቱ ላይ ለተሳታፊዎች በዝርዝር የተብራሩት ነገሮች ምንድን ናቸው?"
comprehension|161#0,comprehension,,daily_life,"ጽሑፉን በጥንቃቄ አንብባችሁ ጥያቄውን ከጽሑፉ በመነሳት መልሱ።

Context:
በየሳምንቱ ቅዳሜ ጠዋት መርካቶ ገበያ ውስጥ ብዙ ሰዎች የተለያዩ የቤት ውስጥ ቁሳቁሶችን ለመግዛት በብዛት ይገኛሉ። አሮጌው የገበያው ክፍል ውስጥ የሚገኙ ነጋዴዎች ትኩስ አትክልትና ፍራፍሬዎችን በጣም በቅናሽ ዋጋ ለደንበኞቻቸው ያቀርባሉ። እመቤቶች በየቤታቸው ለሚያስፈልጋቸው ጥራቱን የጠበቀ ጥራጥሬና ቅመማ ቅመሞችን ለመግዛት ረጅም ሰልፍ ይይዛሉ። በገበያው መሃል የሚገኙ የጨርቃጨርቅ ነጋዴዎች ደግሞ ለልጆችና ለታላላቅ ሰዎች የሚሆኑ የተለያዩ አልባሳትን በዝርዝር ያሳያሉ። አንድ አዛውንት በገበያው ውስጥ የሚሸጡትን የሸክላ ዕቃዎች በሙሉ በጥንቃቄ በማስተካከል ለገዢዎች እንዲመቹ ያደርጋሉ። በገበያው ውስጥ የሚሰማው ከፍተኛ የጩኸት ድምጽና የንግድ እንቅስቃሴ የከተማዋን የዕለት ተዕለት ሕይወት በግልጽ ያሳያል። ሁሉም ገዢዎች የገንዘባቸውን መጠንና የዕቃዎቹን ዋጋ በማመዛዘን የተሻለ ምርጫ ለማድረግ ከፍተኛ ጥረት ያደርጋሉ። በገበያው መጨረሻ ላይ የሚገኙ የጫማ ነጋዴዎች ደግሞ ለረጅም ጉዞ የሚሆኑ ጠንካራ ጫማዎችን በብዛት ይሸጣሉ።

በገበያው ውስጥ የሚገኙ የጨርቃጨርቅ ነጋዴዎች ምን ዓይነት ዕቃዎችን ለደንበኞች ያቀርባሉ?"
comprehension|161#1,comprehension,,daily_life,"እባክዎን ከታች ያለውን ጽሑፍ አንብበው ለሚከተለው ጥያቄ መልስ ይስጡ።

Context:
አዲስ የተከፈተው የቅርብ ሱቅ በሰፈር ውስጥ ለሚኖሩ ሰዎች በጣም ምቹና ዘመናዊ አገልግሎት ይሰጣል። በሱቁ ውስጥ የሚገኙት መደርደሪያዎች በየዓይነቱ የተከፋፈሉ በመሆናቸው ደንበኞች የሚፈልጉትን ዕቃ በቀላሉ እንዲያገኙ ይረዳሉ። በየቀኑ ጠዋት የሚመጡ ትኩስ ዳቦዎችና የወተት ተዋጽኦዎች ለቁርስ የሚሆኑ ምርጥ አማራጮችን ለቤተሰቦች ያቀርባሉ። የሱቁ ባለቤቶች ለደንበኞቻቸው የሚሰጡት ልዩ ክብርና ፈጣን አገልግሎት ብዙ አዳዲስ ደንበኞች እንዲመጡ አድርጓል። በሱቁ ውስጥ የሚሸጡት የጽዳት ዕቃዎችና የቤት ውስጥ መጠበቂያዎች ሁሉ ጥራታቸውን የጠበቁና አስተማማኝ ናቸው። ደንበኞች ዕቃ ሲገዙ በካርድ ወይም በጥሬ ገንዘብ የመክፈል አማራጭ እንዲኖራቸው ተደርጎ ተዘጋጅቷል። በሳምንት መጨረሻ ላይ የሚደረጉ ልዩ ቅናሾች ደግሞ ብዙ ቤተሰቦች በብዛት እንዲገዙ ከፍተኛ ማበረታቻ ይሰጣሉ። ሱቁ በየቀኑ የሚመጣውን ከፍተኛ የደንበኞች ቁጥር ለመቋቋም የሚያስችል ሰፊ ቦታና ሰራተኞች አሉት።

ደንበኞች በሱቁ ውስጥ ዕቃ ሲገዙ ምን ዓይነት የመክፈያ አማራጮች አሉባቸው?"
comprehension|161#2,comprehension,,daily_life,"በሚከተለው ጽሑፍ መሠረት ጥያቄውን በአጭሩ መልስ።

Context:
በአካባቢያችን የሚገኘው ትልቅ የፍራፍሬ ገበያ በየቀኑ ማለዳ ላይ በብዙ አቅራቢዎችና ገዢዎች ይሞላል። አቅራቢዎቹ ከገጠር አካባቢዎች የሚያመጡትን ብርቅዬ ፍራፍሬዎች በከፍተኛ ጥንቃቄ በመጫን ወደ ገበያው ያመጣሉ። በገበያው ውስጥ የሚገኙ የሎሚና የብርቱካን ነጋዴዎች ፍሬዎቹ እንዳይበላሹ በውሃ በማርጠብ ለደንበኞች ያቀርባሉ። አንድ ወጣት ነጋዴ በየቀኑ አዳዲስና ጣፋጭ የሆኑ ሙዝዎችን ብቻ ለመሸጥ ከፍተኛ ጥረት ያደርጋል። ገዢዎች ምርጫቸውን ለማድረግ የፍራፍሬዎቹን ቀለምና መዓዛ በመመርመር ጥራታቸውን ለማረጋገጥ ይሞክራሉ። በገበያው ውስጥ የሚገኙ የጭማቂ አቅራቢዎች ትኩስ ፍራፍሬዎችን በመጠቀም ለደንበኞች የሚጠጡ ጣፋጭ መጠጦችን ያዘጋጃሉ። በገበያው ውስጥ የሚሸጡት የትልቅ መጠን ያላቸው ፓፓያና አቮካዶዎች ለጤናማ አመጋገብ በጣም ጠቃሚ ናቸው። ሁሉም ነጋዴዎች ምርቶቻቸውን በንጽህና በመያዝ ለደንበኞች አስተማማኝ አገልግሎት ለመስጠት ይጥራሉ።

በገበያው ውስጥ የሚገኙ የሎሚና የብርቱካን ነጋዴዎች ፍሬዎቹ እንዳይበላሹ ምን ያደርጋሉ?"
comprehension|162#0,comprehension,,daily_life,"ንባቡን መሠረት በማድረግ ጥያቄውን መልስ።

Context:
በሰኔ ፲፪ ቀን በዝቅተኛው የዞራን ከተማ የትራንስፖርት ባለሥልጣን መሠረት አዲሱ የሰማይ ባቡር መስመር በሰባት አዳዲስ ጣቢያዎች ላይ አገልግሎት መስጠት ይጀምራል። የባቡሩን የጉዞ ፍጥነት በሰዓት መቶ ሃያ ኪሎ ሜትር ለማድረስ የዞራን የቴክኖሎጂ ድርጅት በታላቅ ጥረትና ከፍተኛ ወጪ ሥራውን አጠናቋል። ይህ አዲስ የትራንስፖርት ሥርዓት በከተማዋ ውስጥ የሚታየውን የትራፊክ መጨናነቅ በሃያ አምስት በመቶ ለመቀነስ ትልቅ ተስፋ ይሰጣል።

አዲሱ የሰማይ ባቡር መስመር በስንት አዳዲስ ጣቢያዎች ላይ አገልግሎት መስጠት ይጀምራል?"
comprehension|162#2,comprehension,,daily_life,"በሚከተለው ጽሑፍ መሠረት ጥያቄውን በአጭሩ መልስ።

Context:
በአዲሱ የሉሚና ሪጅን የባሕር ትራንስፖርት አገልግሎት መሠረት በሰኔ ፳ ቀን በታላቁ የሉሚና ወደብ በኩል አራት አዳዲስ የጭነት መርከቦች ወደ ከተማዋ ይገባሉ። እነዚህ መርከቦች ከውጭ አገር ለከተማዋ ነዋሪዎች የሚያስፈልጉ የግብርና መሣሪያዎችንና የሕንፃ ግንባታ ቁሳቁሶችን በከፍተኛ መጠን ይዘው እንደሚመጡ ተገልጿል። የባሕር ትራንስፖርት ባለሙያው አቶ ካሳሁን በቀለ መርከቦቹ ሲደርሱ የወደቡትን የጭነት መጠን ለመቆጣጠር ዝግጁ መሆናቸውን አረጋግጠዋል።

አዲሶቹ መርከቦች ወደ ሉሚና ከተማ ሲመጡ ምን ዓይነት ቁሳቁሶችን ይዘው እንደሚመጡ በጽሁፉ ላይ የተጠቀሰውን ዝርዝር ጥቀስ?"
comprehension|163#0,comprehension,,daily_life,"እባክዎን ከታች ያለውን ጽሑፍ አንብበው ለሚከተለው ጥያቄ መልስ ይስጡ።

Context:
በሰኔ ፲፭ ቀን በታላቁ አቢሲኒያ ትምህርት ቤት ውስጥ የተካሄደው ዓመታዊ የሳይንስ ትርኢት በታላቅ ድምቀት ተጠናቀቀ። በዚያ ዕለት በታዋቂው የሳይንስ ተመራማሪ አቶ በቀለ ተክለማርያም መሪነት የተዘጋጁ አሥራ ሁለት አዳዲስ የፈጠራ ውጤቶች ለተማሪዎች ቀርበዋል። ተማሪዎቹ በብዛት የተሳተፉበት ይህ ዝግጅት በታላቁ የሳይንስ ሙዚየም ግቢ ውስጥ ለሦስት ቀናት ተከታታይ ተካሂዷል። በዝግጅቱ ላይ የተመረጡት አምስት ተማሪዎች በፈጠራ ሥራቸው ምክንያት የ፲፭ ሺህ ብር የገንዘብ ሽልማት አግኝተዋል። የትምህርት ቤቱ ዳይሬክተር ወይዘሮ አልማዝ አበበ ለተማሪዎቹ ላሳዩት ከፍተኛ ጥረትና ትጋት ምስጋናቸውን አቅርበዋል። ይህ የሳይንስ ትርኢት ለቀጣይ ዓመታት በየዓመቱ እንዲቀጥል በትምህርት ቤቱ አስተዳደር በይፋ ተወስኗል።

በሳይንስ ትርኢቱ ላይ በፈጠራ ሥራቸው ምክንያት የገንዘብ ሽልማት ያገኙ ተማሪዎች ብዛት ስንት ነው?"
comprehension|163#1,comprehension,,daily_life,"ከዚህ በታች ያለውን ምንባብ አንብበህ ጥያቄውን መልስ።

Context:
በአዲስ ሰላም ከተማ በሚገኘው የደመቀ መጽሐፍት መጋዘን ውስጥ ትናንት ማታ አዲስ የንባብ ክለብ ተመሠረተ። የክለቡ መሥራች ወይዘሪት ሳባ መኮንን በክለቡ መጀመሪያ መርሃ ግብር ላይ ሰባት የተለያዩ የታሪክ መጽሐፍትን ለተማሪዎች አስተዋውቃለች። ክለቡ በየሳምንቱ ቅዳሜ ከረፋዱ ስምንት ሰዓት ጀምሮ በታላቁ የሕዝብ ቤተ መጻሕፍት አዳራሽ ውስጥ ስብሰባ ያደርጋል። አባላቱ በየወሩ አንድ መጽሐፍ በማንበብ ስለ ይዘቱ በጥልቀት የመወያየት መብትና ግዴታ አለባቸው። በክለቡ የመጀመሪያ ምዝገባ ላይ በሁለት መቶ ተማሪዎች ተሳትፎ ከፍተኛ ፍላጎት መኖሩ ተረጋግጧል። የክለቡ ዓላማ በተማሪዎች ዘንድ የንባብ ባህልን ማዳበርና የእውቀት አድማስን ማስፋት መሆኑ ተገልጿል።

የንባብ ክለቡ በየሳምንቱ ስብሰባ የሚያደርግበት ሰዓትና ቦታ የት ነው?"
comprehension|164#1,comprehension,,daily_life,"ጽሑፉን አንብበህ ጥያቄውን መልስ፡

ጽሑፍ፡ በአባይ ወንዝ ዳርቻ በሚገኘው የንጋት መንደር ውስጥ ባለፈው እሁድ የብርሃን በዓል በታላቅ ድምቀት ተከብሯል። የንጋት መንደር ወጣቶች በበዓሉ ምክንያት በሰባት የተለያዩ የባህል ጨዋታዎች ላይ ተሳትፈዋል። በዓሉን ለማዘጋጀት የንጋት የልማት ማህበር በሁለት መቶ አዲስ የባህል አልባሳት ለታዳሚዎች አቅርቧል። በዓሉ ላይ በነበሩት ሰዓታት ውስጥ በሰማይ ላይ ሰባት የተለያዩ የቀለም ብርሃኖች ተለቀው ይታዩ ነበር። የንጋት መንደር አስተዳዳሪ ወይዘሮ አልማዝ በንግግራቸው ወቅት በዓሉ ለሰላም መሆኑን ገልጸዋል። በዓሉን ለማድመቅ የሰባት ተራራዎች ሙዚቃ ቡድን ልዩ የባህል መሣሪያዎችን ይዞ መጥቶ ትርኢት አሳይቷል። በዓሉን ለመታደም የመጡት እንግዶች በሙሉ በነፃ የሚቀርብላቸውን የጥራጥሬ ምግብ በደስታ ተቀብለዋል። ይህ በዓል በየዓመቱ በንጋት መንደር ውስጥ በታላቅ ደስታና በሰላም የሚከበር ትልቅ ክስተት ነው።

ጥያቄ፡ በንጋት መንደር የብርሃን በዓል ላይ የሙዚቃ ትርኢት ያቀረበው የትኛው ቡድን ነው?"
comprehension|164#2,comprehension,,daily_life,"ጽሑፉን አንብበህ ጥያቄውን መልስ፡

ጽሑፍ፡ በወርቃማው ሜዳ ስር በሚገኘው የሰላም ከተማ የዓመት የሰብል በዓል በታኅሣሥ አምስት ቀን ተከብሯል። የሰላም ከተማ የግብርና ማህበር አባላት በበዓሉ ላይ ምርጥ ምርቶቻቸውን ለሽያጭ አቅርበዋል። በበዓሉ ወቅት በከተማዋ መሃል በሚገኘው ትልቅ ገበያ ላይ አሥር የተለያዩ የሰብል አይነቶች ይሸጣሉ። በዓሉን ለማክበር በከተማዋ ውስጥ የሚገኙ አምስት ትላልቅ የባህል ቡድኖች ልዩ ትርኢት አሳይተዋል። የሰላም ከተማ ነጋዴዎች በበዓሉ ምክንያት በሃያ ሺህ ብር የሚገመት ተጨማሪ ትርፍ አግኝተዋል። በዓሉን ለመታደም የመጡት ሰዎች በሙሉ በሰላማዊ ሁኔታ ተገኝተው በዓሉን አክብረዋል። በበዓሉ ማጠቃለያ ላይ ለተሳታፊዎች በሙሉ በነፃ የሚቀርብ የጥራጥሬ ምግብ በከተማው መሃል ተሰጥቷል። ይህ በዓል በየዓመቱ በሰላም ከተማ ውስጥ በታላቅ ድምቀት የሚከበር የሰብል በዓል ነው።

ጥያቄ፡ በሰላም ከተማ የሰብል በዓል ላይ ለሽያጭ የቀረቡት የሰብል አይነቶች ብዛት ስንት ነው?"
comprehension|165#0,comprehension,,history,"የተሰጠውን ጽሑፍ በጥንቃቄ ካነበብክ በኋላ የቀረበውን ጥያቄ መልስ።

ጽሑፍ፡ በአክሱም ከተማ ውስጥ በሚገኘው የዘመነ አክሱም የታሪክ ማዕከል በሰኔ ፲፪ ቀን በ፪፻፲፭ ዓ.ም የጥንታዊ የድንጋይ ቅርሶችን ማሰባሰቢያ ማዕከል በታላቁ አዛዥ አበበ ዘነበ በታላቅ ድምቀት ተከፈተ። ይህ አዲስ ተቋም በውስጡ ከ፭፻ በላይ የሆኑ ብርቅዬ የሸክላ ውጤቶችን እና የነሐስ ጌጣጌጦችን ለሕዝብ ምርመራ እንዲሆኑ በዝግጅት አቅርቧል። በዝግጅቱ ላይ የነበሩት የጥንታዊ ቅርሶች ተመራማሪዎች በከተማዋ ውስጥ የሚገኙትን አዳዲስ የድንጋይ ጽሕፈት ውጤቶች በዝርዝር ለማቅረብ ቃል ገብተዋል።

ጥያቄ፡ በሰኔ ፲፪ ቀን በ፪፻፲፭ ዓ.ም የተከፈተው ማዕከል ምን ዓይነት ቅርሶችን ለሕዝብ ምርመራ እንዲሆኑ አቅርቧል?"
comprehension|165#1,comprehension,,history,"በሚከተለው ጽሑፍ መሠረት ጥያቄውን በአጭሩ መልስ።

Context:
በአዲሱ የሰላም ከተማ የንግድ ማኅበር በኩል የወጣው መግለጫ እንደሚያመለክተው በዘመነ አክሱም ወቅት የነበረው የንግድ ልውውጥ በወርቅ እና በነሐስ ላይ ብቻ የተመሠረተ አልነበረም። በወቅቱ በነበሩት ሰባት የንግድ ማዕከላት ውስጥ በዓመት ውስጥ ፪ ሚሊዮን የሸቀጥ ዓይነቶች በንግድ መለዋወጥ መሠረት ይሸጡ እንደነበር የንግዱ ተመራማሪ ወንድሙ አሰፋ ገልጿል። ይህ ከፍተኛ የንግድ እንቅስቃሴ በወቅቱ የነበሩትን የንግድ መኮንኖች በታማኝነት እንዲሠሩ በማድረግ ለከተማዋ እድገት ትልቅ አስተዋጽኦ አድርጓል።

በወቅቱ የነበሩት የንግድ መኮንኖች በታማኝነት እንዲሠሩ በማድረግ ለከተማዋ እድገት አስተዋጽኦ ያደረገው የትኛው የንግድ እንቅስቃሴ ነው?"
comprehension|165#2,comprehension,,history,"እባክዎን ከታች ያለውን ጽሑፍ አንብበው ለሚከተለው ጥያቄ መልስ ይስጡ።

Context:
በአክሱም ግዛት ውስጥ በሚገኘው የዝቅተኛው ተራራ አካባቢ በታሪክ ተመራማሪዎች የተገኘው አዲስ የድንጋይ ግንብ በታላቁ መሐንዲስ በቀለ ተገነባ ተብሎ ይታመናል። ይህ ግንብ በ፪፻፶ ዓመታት ውስጥ የተገነባ ሲሆን በውስጡም ፲፪ የተለያዩ የድንጋይ አምዶች እና የቤት መሰረቶች በሥርዓት ተቀምጠው ይገኛሉ። የጥናት ቡድኑ እንደገለጸው ይህ ግንብ በወቅቱ የነበረውን የሕንፃ ግንባታ ጥበብ እና የድንጋይ የመቅረጽ ችሎታ በግልጽ የሚያሳይ ድንቅ ውጤት ነው።

በታሪክ ተመራማሪዎች የተገኘው አዲስ የድንጋይ ግንብ በውስጡ ምን ምን ነገሮችን ይዟል?"
comprehension|166#0,comprehension,,history,"ይህን ምንባብ መሠረት በማድረግ ለጥያቄው መልስ ስጥ።

ምንባብ፡ በአስራ ስምንት መቶ ዘጠና ስምንት ዓመተ ምህረት በኢትዮጵያ ምድር ላይ የታወቀው የአድዋ ጦርነት ተካሂዷል። በወቅቱ የነበረው የኢትዮጵያ መንግሥት በጣሊያን ወራሪ ኃይል ላይ ከፍተኛ ተጋድሎ አድርጎ ድል ተቀዳጅቷል። የኢትዮጵያ ጦር ሰራዊት በከፍተኛ አንድነትና ብርታት በመሰለፍ ጠላትን ለማሸነፍ በቁርጠኝነት ተሰልፏል። ይህ ታላቅ ድል የኢትዮጵያን ነፃነትና ሉዓላዊነት ለዓለም አቀፉ ማኅበረሰብ በግልጽ አሳይቷል። የጦርነቱ ውጤት የአፍሪካ አገራት በቅኝ ግዛት ሥር እንዳይወድቁ ትልቅ ተስፋና መነሳሳትን ፈጥሯል። በወቅቱ የነበሩት የአገር መሪዎችና ወታደሮች ለሀገራቸው ክብር ሲሉ ከፍተኛ መስዋዕትነት ከፍለዋል።

ጥያቄ፡ የአድዋ ጦርነት ውጤት ለአፍሪካ አገራት ምን ዓይነት ተጽዕኖ አሳድሯል?"
comprehension|167#2,comprehension,,history,"እባክዎን ከታች ያለውን ጽሑፍ አንብበው ለሚከተለው ጥያቄ መልስ ይስጡ።

Context:
የኢትዮጵያ የዘመን አቆጣጠር አወቃቀር በወራቱ ብዛት እና በቀናቱ ስም የተለየ መልክ አለው። በየአሥራ ሁለት ወራቱ ውስጥ አሥራ አንድ ወራት እያንዳንዳቸው ሠላሳ ቀናት ይኖራቸዋል። የመጨረሻው ወር ግን አሥራ ሦስት ቀናት የሚኖረው ለዓመቱ ማጠቃለያ እንዲሆን ተደርጎ ተቀጥቅጧል። ይህ አሠራር በኢትዮጵያ የዘመን አቆጣጠር ውስጥ በጣም አስፈላጊ እና ልዩ የሆነ ክፍል ነው። ወራቱ በየተራ ሲመጡ በየወሩ የሚከበሩ ልዩ ልዩ ሃይማኖታዊ እና ባህላዊ በዓላት አሏቸው። የዘመን አቆጣጠሩ የኢትዮጵያን የግብርና ወቅቶች ለመለየትም ትልቅ መሣሪያ ሆኖ ያገለግላል። ሰዎች በየወሩ የሚመጡትን በዓላት ለመከታተል ይህንን የዘመን አቆጣጠር በከፍተኛ ጥንቃቄ ይጠቀማሉ። ይህ ሥርዓት ለዘመናት ሲሠራ የቆየ እና አሁንም ድረስ በሰፊው ጥቅም ላይ የሚውል ነው።

በኢትዮጵያ አቆጣጠር ውስጥ አሥራ አንድ ወራት እያንዳንዳቸው ስንት ቀናት ይኖራቸዋል?"
comprehension|169#0,comprehension,,history,"ምንባቡን ካነበብሽ በኋላ ለጥያቄው መልስ ስጪ።

Context:
በአውራጃ ከተማ ውስጥ በሚገኘው ታላቁ የሰማያዊ ተራራ ገበያ በሰኔ 12 ቀን 1945 ዓ.ም በአዲሱ የንግድ ማህበር ስም የተመሰረተው ድርጅት ትልቅ ስብሰባ አደረገ። በስብሰባው ላይ የድርጅቱ መሪ አቶ በቀለ ዘመነ 750 ሺህ ብር ለከተማው ልማት እንዲውል በይፋ አሳወቁ። ይህ የገንዘብ መጠን በከተማዋ ውስጥ ለሚገነቡ አዳዲስ ትምህርት ቤቶች እና ለጤና ጣቢያዎች ግንባታ እንዲውል ተወስኗል። በስብሰባው ላይ የከተማዋ አስተዳዳሪ የሆኑት ወይዘሪት አልማዝ አበበ የድርጅቱን ውሳኔ በማድነቅ ከፍተኛ ምስጋና አቅርበዋል። የንግድ ማህበሩ አባላት በሙሉ በቦታው ተገኝተው ለወደፊቱ የንግድ እንቅስቃሴ ያላቸውን ተስፋ በንግግር ገልጸዋል። ስብሰባው በሰዓት 10 ሰዓት ላይ ተጀምሮ እስከ ምሽቱ 4 ሰዓት ድረስ በሰላም ተጠናቋል።

አቶ በቀለ ዘመነ ለከተማው ልማት እንዲውል ያሳወቁት የገንዘብ መጠን ስንት ነው?"
comprehension|169#1,comprehension,,history,"እባክዎን ከታች ያለውን ጽሑፍ አንብበው ለሚከተለው ጥያቄ መልስ ይስጡ።

Context:
በወርቃማ ሸለቆ አካባቢ በሚገኘው የጥበብ ማዕከል በታህሳስ 5 ቀን 1962 ዓ.ም ታላቅ የሥነ-ጥበብ ትርኢት ተካሄደ። በዝግጅቱ ላይ የጥበብ ጥበበኞች ማህበር አባላት 12 የተለያዩ የቅርጻ ቅርጽ ስራዎችን ለሕዝብ አቅርበዋል። በዝግጅቱ ወቅት በድንገት የኤሌክትሪክ መቆራረጥ ቢከሰትም የኪነ-ጥበብ አርታውቻችን ማዕከሉን በሻማ ብርሃን እንዲቀጥሉ አድርገዋል። የዝግጅቱ ዋና አስተባባሪ የሆኑት አቶ ታደሰ በቀለ ለተሳታፊዎች በሙሉ የክብር የምስጋና ደብዳቤ ሰጥተዋል። በዕለቱ የተሸጡ የጥበብ ስራዎች በድምሩ 45,000 ብር ገቢ ያስገኙ መሆኑን ማዕከሉ ገልጿል። ይህ ዝግጅት በየዓመቱ በዚሁ ወር እንዲካሄድ በከተማው ምክር ቤት ውሳኔ ተላልፏል።

በጥበብ ማዕከሉ የኪነ-ጥበብ ትርኢት ወቅት የኤሌክትሪክ መቆራረጥ ሲከሰት ተሳታፊዎቹ ስራቸውን እንዴት ቀጠሉ?"
comprehension|169#2,comprehension,,history,"እባክዎን ከታች ያለውን ጽሑፍ አንብበው ለሚከተለው ጥያቄ መልስ ይስጡ።

Context:
በአባይ ሸለቆ አቅራቢያ በሚገኘው የሰላም መንደር በጥር 20 ቀን 1978 ዓ.ም አዲስ የግብርና ማህበር ተመሰረተ። ይህ ማህበር በሰላም መንደር የሚኖሩ 200 አርሶ አደሮችን በማቀፍ ለተሻለ ምርት እንዲሰሩ ዓላማ አድርጓል። የማህበሩን መመሪያ ያጸደቁት የገጠር ልማት ኮሚቴ አባላት በቦታው ተገኝተው ሰነዶችን በፊርማቸው አረጋግጠዋል። አዲሱ ማህበር ለተከታታይ ሁለት ዓመታት በነፃ የዘር ድጋፍ ለማድረግ በታላቅ እቅድ እየሰራ ይገኛል። በዝግጅቱ ላይ የነበሩት የገበሬዎች ተወካይ ወይዘሮ መዓዛ በቀለ ማህበሩ ለወጣቶች የስራ ዕድል እንደሚፈጥር ተናግረዋል። ማህበሩ በየሳምንቱ ቅዳሜ እና እሁድ የአባላቱን ስብሰባ ለማካሄድ መወሰኑ ተገልጿል።

አዲሱ የግብርና ማህበር በስንት አርሶ አደሮች አማካኝነት ተመሰረተ?"
comprehension|170#0,comprehension,,health,"ጽሑፉን በጥንቃቄ አንብባችሁ ጥያቄውን ከጽሑፉ በመነሳት መልሱ።

Context:
በኢትዮጵያ ውስጥ የሚገኙ የጤና ባለሙያዎች የወባ በሽታን ለመከላከል የአልጋ አውታር መጋረጃ አጠቃቀምን በጣም አስፈላጊ መመሪያ አድርገው ይመክራሉ። እነዚህ መጋረጃዎች በውስጣቸው የኬሚካል ቅባት ስላላቸው ትናንሽ ትንኝዎች ወደ ሰውነት እንዳይገቡ በማድረግ በሽታ እንዳይሰራጭ ይረዳሉ። ቤተሰቦች መጋረጃዎቹን በየቀኑ ማጠብ እና በደንብ ማድረቅ እንዳለባቸው በጤና ጣቢያዎች በኩል ተደጋጋሚ ትምህርት ይሰጣል። በተለይም ህጻናት እና ነፍሰ ጡር እናቶች ለበሽታው የመጋለጥ እድላቸው ከፍተኛ ስለሆነ ጥንቃቄ ማድረግ ይኖርባቸዋል። በቤት ውስጥ የሚገኙ የቆሙ ውሃዎች ለትንኝ መራቢያነት ስለሚረዱ የውሃ ማጠራቀሚያዎችን መሸፈን በጣም አስፈላጊ ተግባር ነው። የቤት ውስጥ አካባቢን በንጽህና መያዝ እና የቆሻሻ ክምችቶችን ማስወገድ ለትንኝ መራቢያ ምቹ ሁኔታዎችን ለመቀነስ ይረዳል። ሰዎች በየቀኑ መጋረጃዎችን መጠቀምን እንደ ልማድ ካደረጉ የወባ በሽታ ስርጭትን በከፍተኛ ሁኔታ መቀነስ ይቻላል። በመሆኑም የጤና ባለሙያዎች የቤተሰብ አባላት በሙሉ መጋረጃዎችን እንዲጠቀሙ በየመንግስት የጤና ዘመቻዎች ይመክራሉ።

የወባ ትንኞች ወደ ሰውነት እንዳይገቡ ለማድረግ መጋረጃዎች እንዴት ነው የሚረዱት?"
comprehension|170#1,comprehension,,health,"የተሰጠውን ጽሑፍ በጥንቃቄ ካነበብክ በኋላ የቀረበውን ጥያቄ መልስ።

ጽሑፍ፡ በአንዳንድ የኢትዮጵያ አካባቢዎች የወባ በሽታን ለመከላከል የጤና ጣቢያዎች ለነፍሰ ጡር እናቶች ልዩ የቅባት መድኃኒቶችን በነጻ ያከፋፍላሉ። እነዚህ መድኃኒቶች በማህፀን ውስጥ ያለውን ፅንስ ከበሽታው ለመጠበቅ እና የእናቲቱን ጤና ለመጠበቅ ትልቅ ሚና ይጫወታሉ። ነፍሰ ጡር እናቶች እነዚህን መድኃኒቶች በየጊዜው መውሰድ እንዳለባቸው በየአካባቢው ያሉ የጤና ኤክስቴንሽን ባለሙያዎች ያስረዳሉ። መድኃኒቶቹን በአግባቡ አለመውሰድ ለእናቲቱ እና ለፅንሱ ከፍተኛ የጤና ስጋት ሊያስከትል ስለሚችል ጥንቃቄ ያስፈልጋል። በተጨማሪም እናቶች በየወሩ ለሚደረግ የክትትል ምርመራ ወደ ጤና ጣቢያ መሄድ እንዳለባቸው ይመከራል። የጤና ባለሙያዎች በእያንዳንዱ የጤና ማዕከል ውስጥ ለነፍሰ ጡር እናቶች የሚሆን ልዩ የክትትል መርሃ ግብር አዘጋጅተዋል። ይህ መርሃ ግብር እናቶች ስለ ጤናቸው እና ስለ ልጃቸው ደህንነት በቂ መረጃ እንዲያገኙ ለማድረግ የተዘጋጀ ነው። በመሆኑም ነፍሰ ጡር እናቶች የጤና ባለሙያዎችን ምክር በመስማት መድኃኒቶቹን በአግባቡ መጠቀም ይኖርባቸዋል።

ጥያቄ፡ የጤና ባለሙያዎች ለነፍሰ ጡር እናቶች የሚሰጡት ልዩ የቅባት መድኃኒት ጥቅሙ ምንድን ነው?"
comprehension|171#2,comprehension,,health,"ከሚከተለው ጽሑፍ በመነሳት ጥያቄውን መልስ።

አዲስ ለተወለዱ ሕፃናት በየወሩ የሚደረግ የክትትል ምርመራ የሕፃኑን የክብደት ለውጥ እና አጠቃላይ የጤና ሁኔታ ለመገምገም በጣም አስፈላጊ ተግባር ነው። በሕክምና ባለሙያዎች የሚሰጠው የክትትል ምክር ወላጆች ስለ ሕፃናቸው አመጋገብ እና ንፅህና ጥበቃ ላይ ግንዛቤ እንዲያገኙ ይረዳቸዋል። የሕፃናት ክትትል መርሃ ግብርን በአግባቡ መከተል ሕፃናት በጤናማ ሁኔታ እንዲያድጉና ለበሽታ እንዳይጋለጡ ያደርጋል።

ጥያቄ፡ የሕፃናት ክትትል ምርመራ በዋናነት ምን ለመገምገም ይረዳል።"
comprehension|172#0,comprehension,,health,"ጽሑፉን በጥንቃቄ አንብባችሁ ጥያቄውን ከጽሑፉ በመነሳት መልሱ።

Context:
በኢትዮጵያ የገጠር አካባቢዎች ለሚኖሩ ማህበረሰቦች የተመጣጠነ ምግብ አቅርቦት ለጤናማ እድገት እና ለሰውነት ጥንካሬ እጅግ አስፈላጊ የሆነ መሰረታዊ ጉዳይ ነው። በየቀኑ በምግብ ውስጥ በቂ የሆነ የጥራጥሬ አይነቶችን ማካተት ለሰውነት የሚያስፈልገውን ፕሮቲን ለማግኘት ትልቅ መፍትሄ ይፈጥራል። እንደ ምስር እና አተር ያሉ ጥራጥሬዎች በውስጣቸው ከፍተኛ የሆነ የብረት ንጥረ ነገር ስለሚይዙ የደም ማነስን ለመከላከል ከፍተኛ ሚና ይጫወታሉ። በተጨማሪም አትክልቶች እና ፍራፍሬዎች በውስጣቸው የያዙት ቫይታሚኖች በሽታ የመከላከል አቅምን በማሳደግ ሰውነትን ከተለያዩ ተላላፊ በሽታዎች ለመጠበቅ ይረዳሉ። በምግብ ዝግጅት ወቅት የቅባተ ተክሎችን መጠን በመቀነስ እና የፋይበር መጠንን በመጨመር የሆድ ዕቃ ጤናን መጠበቅ ይቻላል። ስለዚህ ቤተሰቦች የተለያዩ የምግብ አይነቶችን በማቀናጀት የተሟላ አመጋገብ እንዲኖራቸው ማድረግ ለልጆች እድገት ወሳኝ ነው።

እንደ ምስር እና አተር ያሉ ጥራጥሬዎች በውስጣቸው የያዙት ንጥረ ነገር ለምን ይጠቅማል?"
comprehension|172#2,comprehension,,health,"እባክዎን ከታች ያለውን ጽሑፍ አንብበው ለሚከተለው ጥያቄ መልስ ይስጡ።

Context:
በእርግብ ለተሟላ ጤናነት ምግብ ውስጥ የተለያዩ የምግብ ዘርፎችን ማካተት አስፈላጊ መሆኑን ሁሉም የጤና ባለሙያዎች በየጊዜው ያስገነዝባሉ። በምግብ ሰንጠረዥ ውስጥ የፕሮቲን ምንጮችን፣ የካርቦሃይድሬት አይነቶችን እና ቅባቶችን በትክክለኛ መጠን ማመጣጠን ለሰውነት ጉልበት ይሰጣል። ለምሳሌ በምግብ ውስጥ የሚጨመሩ የቅባት ዘይቶች ለቆዳ ጤና እና ለሞባይል ሴል ግንባታ አስፈላጊ ቢሆኑም መጠናቸው ግን መመጠን አለበት። በየቀኑ የሚወሰዱ አረንጓዴ ቅጠላቅጠሎች በውስጣቸው የያዙት ማዕድናት ለዓይን ጤና እና ለነርቭ ስራዎች መሳካት ትልቅ አስተዋጽኦ ያበረክታሉ። በምግብ ዝግጅት ወቅት የምግብ ቁሳቁሶችን በንጽህና ማዘጋጀት እና በቂ ሙቀት መስጠት በምግብ አማካኝነት የሚመጡ በሽታዎችን ለመከላከል ይረዳል። የተመጣጠነ ምግብ አቅርቦት ለሁሉም የህብረተሰብ ክፍሎች በተለይም ለነፍሰ ጡር እናቶች እና ለሚያድጉ ህፃናት ቅድሚያ ሊሰጠው ይገባል።

አረንጓዴ ቅጠላቅጠሎችን በየቀኑ መመገብ ለምን ዓይነት የሰውነት ክፍሎች ጥቅም ይሰጣል?"
comprehension|173#0,comprehension,,health,"ከሚከተለው ጽሑፍ በመነሳት ጥያቄውን መልስ።

በኢትዮጵያ ገጠራማ አካባቢዎች ውስጥ ንጹህ የመጠጥ ውሃ ማግኘት ለጤናማ ህይወት በጣም ወሳኝ የሆነ ጉዳይ ነው። ሰዎች ውሃን ከመጠጣታቸው በፊት በደንብ ማፍላት ወይም በፀሐይ ብርሃን አማካኝነት ማጣራት ይኖርባቸዋል። በቤት ውስጥ የሚገኙ የቆሻሻ መጣያ ጉድጓዶች በሥርዓት መሸፈን እና መያዝ የበሽታዎችን ስርጭት ለመቀነስ ይረዳል። ምግብ ለማዘጋጀት ከመሞከርዎ በፊት እጅዎን በሳሙና እና በፈሳሽ ውሃ ለረጅም ጊዜ መታጠብ አለብዎት። የቤት ውስጥ ቁሳቁሶችን በየቀኑ በንጹህ ውሃ ማጽዳት ለቤተሰብ ደህንነት ትልቅ አስተዋጽኦ ያደርጋል። የቆሻሻ ፍሳሾች ወደ መጠጥ ውሃ ምንጭ እንዳይገቡ በጥንቃቄ መከላከል ለሕዝብ ጤና አስፈላጊ ነው። በየቀኑ እጅን መታጠብ እንደ ተቅማጥ እና ተቅማጥ የሚያስከትሉ በሽታዎችን ለመከላከል ዋነኛው መንገድ ነው። ንጽህናን መጠበቅ በጤናማ ማህበረሰብ ግንባታ ውስጥ ትልቅ ሚና የሚጫወት መሰረታዊ ተግባር ነው።

ጥያቄ፡ በገጠራማ አካባቢዎች ውስጥ ውሃን ከመጠጣታቸው በፊት ሰዎች ምን ማድረግ አለባቸው?"
comprehension|173#1,comprehension,,health,"ንባቡን መሠረት በማድረግ ጥያቄውን መልስ።

Context:
የምግብ ዝግጅት ወቅት ንጽህናን መጠበቅ ለተለያዩ የሆድ ዕቃ በሽታዎች መከላከያ መሆኑን ማወቅ ያስፈልጋል። አትክልቶችን እና ፍራፍሬዎችን ከመመገብዎ በፊት በንጹህ ውሃ በደንብ መታጠብ በጣም አስፈላጊ ነው። በምግብ ዝግጅት ወቅት የሚጠቀሙባቸው መሣሪያዎች እንደ knife እና knife ያሉትን በሳሙና ማጽዳት ይገባል። በምግብ ዝግጅት ወቅት የሚፈጠሩ የቆሻሻ ስብርባሪዎች በቤት ውስጥ ተጥለው መወገድ አለባቸው። በምግብ ላይ የሚሆኑ የቆሻሻ ፍሳሾች እና የእንስሳት ፋንድያ መራራቅ ለጤናማ አመጋገብ መሰረት ነው። ምግብን በደንብ ማብሰል በውስጡ ያሉትን ጥቃቅን ተህዋሲያን ለማጥፋት ይረዳል። በምግብ ዝግጅት ወቅት ንጹህ የፊት ልብስ መልበስም ለንጽህናው መቆየት ትልቅ አስተዋጽኦ ያደርጋል። ንጽህናን በምግብ ዝግጅት ሂደት ውስጥ መተግበር የቤተሰብን የጤና ሁኔታ በእጅጉ ያሻሽላል።

አትክልቶችን እና ፍራፍሬዎችን ከመመገብዎ በፊት ምን ማድረግ ያስፈልጋል?"
comprehension|174#0,comprehension,,health,"በሚከተለው ጽሑፍ መሠረት ጥያቄውን በአጭሩ መልስ።

Context:
ክትባት በሽታ አምጪ ተህዋሲያን በሰውነት ውስጥ እንዳይራቡና የሰውነት የመከላከል አቅምን እንዲያጠናክሩ የሚያደርግ በጣም አስፈላጊ የጤና ጥበቃ ዘዴ ነው። የክትባት ሂደት በሳይንሳዊ ምርምር የታገዘ በመሆኑ የብዙ አደገኛ በሽታዎችን ስርጭት ለመቀነስና የህዝብን ደህንነት ለመጠበቅ ትልቅ ሚና ይጫወታል። በየጊዜው የሚሰጡ ክትባቶች በልጆችና በአዋቂዎች ላይ የሚከሰቱ የጤና ችግሮችን ቀድሞ ለመከላከልና የህይወት ዘመንን ለማራዘም ይረዳሉ።

ክትባት ለምን አስፈላጊ የጤና ጥበቃ ዘዴ ተባለ?"
comprehension|174#1,comprehension,,health,"እባክዎን ከታች ያለውን ጽሑፍ አንብበው ለሚከተለው ጥያቄ መልስ ይስጡ።

Context:
የክትባት ፕሮግራሞች በዓለም አቀፍ ደረጃ በተለያዩ ሀገራት ውስጥ የህዝብን ጤና ለመጠበቅና ተላላፊ በሽታዎችን ለመቆጣጠር በስፋት ተግባራዊ ይደረጋሉ። እነዚህ የጤና አገልግሎቶች በጤና ጣቢያዎችና በየማህበረሰቡ ውስጥ በሚገኙ ተንቀሳቃሽ የህክምና ቡድኖች አማካኝነት ለዜጎች እንዲደርሱ ይደረጋል። በክትባት አማካኝነት የሚከላከሏቸው በሽታዎች በከፍተኛ ሁኔታ እንዲቀንሱ በማድረግ የህክምና ወጪንና የሞት መጠንን በከፍተኛ ደረጃ ለመቀነስ ይቻላል።

የክትባት ፕሮግራሞች በየትኞቹ ቦታዎች ለዜጎች እንዲደርሱ ይደረጋል?"
comprehension|174#2,comprehension,,health,"ከዚህ በታች ያለውን ምንባብ አንብበህ ጥያቄውን መልስ።

Context:
አንዳንድ የክትባት ዓይነቶች ከክትባት በኋላ መጠነኛ የሰውነት ሙቀት መጨመር ወይም የጡንቻ ህመም የመሰሉ ቀላል የጎንዮሽ ጉዳቶች ሊያስከትሉ ይችላሉ። እነዚህ ምልክቶች የሰውነት የመከላከል ስርዓት ከክትባቱ ጋር እየታገለ መሆኑን የሚያሳዩ ተፈጥሯዊና ጊዜያዊ የጤና ሁኔታዎች ናቸው። የክትባት ሂደቱ ሲጠናቀቅ እነዚህ ምልክቶች በአብዛኛው በጥቂት ቀናት ውስጥ ያለ ምንም ተጨማሪ የህክምና እርዳታ በራሳቸው ይጠፋሉ።

ከክትባት በኋላ የሚታዩ ቀላል የጎንዮሽ ጉዳቶች በምን ምክንያት ይመጣሉ?"
comprehension|175#1,comprehension,,health,"ከዚህ በታች የቀረበውን መረጃ በመጠቀም ለጥያቄው መልስ ስጥ።

Context:
አንድ ሰው በድንገት በሙቅ ነገር ከተቃጠለ መጀመሪያ ማድረግ ያለብን የቃጠሎውን አካባቢ በቀዝቃዛ እና ለስላሳ በሆነ የውሃ ፍሰት ለረጅም ደቂቃዎች ማቀዝቀዝ ነው። በቃጠሎው ላይ በረዶ፣ ቅቤ ወይም ሌሎች የቤት ውስጥ ነገሮችን መጠቀም የቆዳውን ሁኔታ ሊያባብስ ስለሚችል በፍጹም ማድረግ የለብንም። ቃጠሎው ከባድ ከሆነና የቆዳው ክፍል ከተቀቀጠ ወዲያውኑ ወደ ህክምና ተቋም በመሄድ የባለሙያ እርዳታ መፈለግ ለህይወት አድን ነው። በቃጠሎው አካባቢ ላይ የሚፈጠሩ ትናንሽ የውሃ እብጠቶችን በፍጹም አለመበጠስ ለኢንፌክሽን የመጋለጥ እድልን ስለሚጨምር ጥንቃቄ ማድረግ ያስፈልጋል። የቃጠሎውን አካባቢ በንጹህና ለስላሳ ጨርቅ በመሸፈን ከቆሻሻና ከንክኪ መከላከል ለተሻለ ፈውስ መሰረት ይጥላል። ይህ የመጀመሪያ እርዳታ የቃጠሎውን ህመም ለመቀነስና ጉዳቱን ለመገደብ ትልቅ ሚና ይጫወታል።

በቃጠሎ ወቅት በቆዳ ላይ የሚፈጠሩ የውሃ እብጠቶችን ለምን መበጠስ የለብንም?"
comprehension|175#2,comprehension,,health,"ጽሑፉን አንብበህ ጥያቄውን መልስ፡

ጽሑፍ፡ አንድ ሰው በድንገት በድንጋይ ወይም በሌላ ጠንካራ ነገር ተመትቶ ደም እየፈሰሰ ከሆነ መጀመሪያ የደም ፍሰቱን ለመግታት ንጹህ ጨርቅ በመጠቀም በቁስሉ ላይ ጫና ማድረግ ያስፈልጋል። ደሙ መቆሙን ለማረጋገጥ ጨርቁን በጠንካራ ሁኔታ መያዝ አስፈላጊ ሲሆን ደሙ ጨርቁን ካለፈበት ሌላ ንጹህ ጨርቅ በላዩ ላይ መጨመር ይቻላል። የደም ፍሰቱ በጣም ከፍተኛ ከሆነና ሊቆም ካልቻለ በአቅራቢያ ያለውን የጤና አገልግሎት በአስቸኳይ መጥራት ለታካሚው ደህንነት ወሳኝ ነው። በደም መፍሰስ ወቅት የታካሚውን እግር ከልብ በላይ ከፍ ማድረግ ወደ አእምሮ የሚሄደውን የደም መጠን ለመጨመር ይረዳል። የደም መፍሰስን ለመቆጣጠር የሚደረገው ጥረት በቁስሉ ላይ ያለውን ጫና ሳይቀንሱ በንቃት መከናወን ያለበት ተግባር ነው። ይህ መሰረታዊ እርዳታ የሰውነት የደም መጠን በከፍተኛ ሁኔታ እንዳይቀንስና ለከፋ አደጋ እንዳይጋለጡ ይረዳል።

ጥያቄ፡ የደም ፍሰቱ በጣም ከፍተኛ ሆኖ ሊቆም ካልቻለ ምን መደረግ አለበት?"
comprehension|176#0,comprehension,,science,"ከዚህ በታች ያለውን ምንባብ አንብበህ ጥያቄውን መልስ።

Context:
በሰኔ ፲፪ ቀን በታላቁ አባይ ሸለቆ ውስጥ በሚገኘው የዘመናዊ የአየር ሁኔታ ተመራማሪዎች ማዕከል በዶክተር አበበ በቀለ መሪነት አዲስ ጥናት ተካሂዷል። ይህ ጥናት በዞኑ ውስጥ ያለውን የውሃ ዑደት ሂደት በዝርዝር ለመረዳት ሲባል በሰፊው የተሰማራ የሳይንስ ምርምር ፕሮጀክት ነበር። በምርምሩ ወቅት በባላባሪ ወንዝ አካባቢ ከፍተኛ የሆነ የውሃ ትነት መከሰቱን የሳይንቲስቶቹ ቡድን በቁጥር መዝግቦ አረጋግጧል። ይህ ከፍተኛ ትነት በከፍተኛ ሙቀት ምክንያት ከመሬት ላይ ወደ ሰማይ በመውጣት ደመና እንዲፈጠር ምክንያት ሆኗል። በደመናው መፈጠር ምክንያትም በታላቁ ተራራ አካባቢ ከፍተኛ የዝናብ መጠን እንዲዘንብ አድርጓል። የዝናቡ መዝነብ ደግሞ በወንዙ ውስጥ ያለውን የውሃ መጠን በከፍተኛ ሁኔታ እንዲጨምር አድርጎታል። የጥናቱ ውጤት እንደሚያሳየው የውሃው ዑደት በክልሉ ውስጥ ያለውን የአየር ሁኔታ በከፍተኛ ሁኔታ እየቀየረው ይገኛል። ይህ ሂደት በየዓመቱ በከፍተኛ ሁኔታ እየተለዋወጠ መምጣቱን ተመራማሪዎቹ በሪፖርታቸው ላይ በዝርዝር አስፍረውታል።

በባላባሪ ወንዝ አካባቢ ከፍተኛ የውሃ ትነት እንዲከሰት ምክንያት የሆነው ዋናው ነገር ምንድን ነው?"
comprehension|176#1,comprehension,,science,"ይህን ምንባብ መሠረት በማድረግ ለጥያቄው መልስ ስጥ።

ምንባብ፡ በሐምሌ ፭ ቀን በደቡብ አውራጃ በሚገኘው የሰማይ ሰላም እርሻ ማህበር በወይዘሮ አልማዝ ተስፋዬ መሪነት አዲስ የግብርና መረጃ ተሰጥቷል። ማህበሩ በክልሉ ውስጥ ያለውን የዝናብ ሁኔታና የውሃ ክምችት መጠን ለመቆጣጠር የሚያስችል አዲስ መሣሪያ በስራ ላይ አውሏል። በዚህ መሣሪያ አማካኝነት በሰሜን ሸለቆ ውስጥ ያለው የደመና ክምችት በየቀኑ እየተመዘነ መጥቷል። ትላንት በነበረው መረጃ መሰረት በሸለቆው አካባቢ በሰማይ ላይ የነበረው የደመና መጠን በከፍተኛ ሁኔታ ጨምሯል። ይህ የደመና ክምችት በምድር ላይ ያለው የውሃ ትነት ወደ ሰማይ በመውጣት ደመና እንዲፈጠር አድርጓል። በደመናው መፈጠር ምክንያትም በክልሉ ውስጥ ለሚገኙ የእርሻ ማሳዎች የሚሆን ዝናብ እንዲመጣ ተደርጓል። የውሃው ዑደት በክልሉ ውስጥ ያለውን የአየር ንብረት ሁኔታ ለመተንበይ ትልቅ እገዛ እያደረገ ይገኛል። ማህበሩ ይህንን መረጃ ለገበሬዎች በየሳምንቱ በሙሉ በዝርዝር ማድረስ እንደሚጀምር በሰጠው መግለጫ አረጋግጧል።

ጥያቄ፡ የሰማይ ሰላም እርሻ ማህበር የደመና ክምችቱን ለመለካት ምን ዓይነት አዲስ ተግባር አከናውኗል?"
comprehension|176#2,comprehension,,science,"ከሚከተለው ጽሑፍ በመነሳት ጥያቄውን መልስ።

በነሐሴ ፳ ቀን በምስራቅ ተራራማ አካባቢ በሚገኘው የሰንዓ አየር ንብረት ጣቢያ በኢንጂነር ታደሰ ካሳ መሪነት አዲስ የሳይንስ ሪፖርት ተለቀቀ። ሪፖርቱ በክልሉ ውስጥ ያለውን የውሃ ዑደትና የዝናብ ሁኔታ በዝርዝር የሚያሳይ ጥልቅ ምርምር ነው። በምርምሩ ወቅት በከፍተኛ ተራራዎች ላይ ያለው የውሃ ትነት ወደ ሰማይ በመሄድ ደመና መፍጠሩ ተስተውሏል። እነዚህ ደመናዎች በከፍተኛ ሁኔታ ተከማችተው በክልሉ ሰሜናዊ ክፍል ላይ ከፍተኛ ዝናብ እንዲዘንብ አድርገዋል። የዝናቡ መዝነብ ደግሞ በከፍተኛ ተራራዎች ላይ ያለውን የውሃ ክምችት ወደ ወንዞች እንዲፈስ አድርጓል። የወንዞቹ ውሃ ደግሞ በሂደት ወደ ባሕር በመሄድ የውሃውን ዑደት በድጋሚ እንዲጠናቀቅ ያደርጋል። የጥናቱ ውጤት እንደሚያሳየው በክልሉ ውስጥ ያለው የውሃ ዑደት በየወቅቱ ከፍተኛ ለውጥ እያሳየ ነው። ይህ ለውጥ በአካባቢው ያለውን የአየር ንብረት ሁኔታ ለመተንበይ ለሚሰሩ ባለሙያዎች ትልቅ መረጃ ሆኗል።

ጥያቄ፡ በምስራቅ ተራራማ አካባቢ የተደረገው ጥናት የውሃውን ዑደት እንዴት ማጠናቀቅ እንደሚቻል ገልጿል?"
comprehension|177#0,comprehension,,science,"ከዚህ በታች የቀረበውን መረጃ በመጠቀም ለጥያቄው መልስ ስጥ።

Context:
በሰኔ ፲፪ ቀን ፪፼፻፶፭ ዓ.ም በዝዋይ ከተማ የሚገኘው የአረንጓዴ ተስፋ ማዕከል የዕፅዋት ምግብ አዘገጃጀት ጥናት በስኬት ማጠናቀቁን በዜና አስታውቋል። በምርምር ቡድኑ መሪ የሆኑት ዶክተር አበበ በቀለ እንደገለጹት ዕፅዋት በፀሐይ ብርሃን አማካኝነት ካርቦን ዳይኦክሳይድን ወደ ኦክስጅን የሚቀይሩበትን ሂደት በዝርዝር መዝግበዋል። ይህ አዲስ የላብራቶሪ ሙከራ በከተማዋ ውስጥ የሚገኙ አዳዲስ ተክሎች በፍጥነት እንዲያድጉ ለማድረግ ትልቅ አስተዋጽኦ ይኖረዋል።

ዶክተር አበበ በቀለ በዝዋይ ከተማ በሰኔ ፲፪ ቀን የትኛውን የዕፅዋት ሂደት መዝግበዋል?"
comprehension|177#1,comprehension,,science,"ከዚህ በታች ያለውን ምንባብ አንብበህ ጥያቄውን መልስ።

Context:
የአባይ ሸለቆ የዕፅዋት ጥበቃ ማኅበር በነሐሴ ፭ ቀን በወጣው ሪፖርት መሠረት በክልሉ ውስጥ የሚገኙ አረንጓዴ ቅጠሎች ለምግብ ዝግጅት የሚያስፈልጋቸውን ጉልበት ከፀሐይ ብርሃን ያገኛሉ። የጥናቱ ተካፋይ የሆኑት የሳይንስ ባለሙያዎች በዝግጅቱ ላይ እንደገለጹት የቅጠሎች አረንጓዴ ቀለም ለዚህ ሂደት ወሳኝ የሆነውን ንጥረ ነገር ይይዛል። በዚህ ሂደት ውስጥ ተክሎች ከባቢ አየር ውስጥ ያለውን አየር በመሳብ ለሰው ልጅ የሚሆን ንጹህ ኦክስጅን በብዛት ያመነጫሉ።

በአባይ ሸለቆ የዕፅዋት ጥበቃ ማኅበር ሪፖርት መሠረት ቅጠሎች ለምግብ ዝግጅት የሚያስፈልጋቸውን ጉልበት ከየት ያገኛሉ?"
comprehension|177#2,comprehension,,science,"ከዚህ በታች የቀረበውን መረጃ በመጠቀም ለጥያቄው መልስ ስጥ።

Context:
በታላቁ ሰማይ ተክል ማዕከል የሥራ አስኪያጅ የሆኑት ወይዘሮ መቅደስ በኅዳር ፳ ቀን በሰጡት መግለጫ አዳዲስ የዕፅዋት ዝርያዎች በፀሐይ ብርሃን የመመገብ አቅማቸው ከፍተኛ መሆኑን ገልጸዋል። ማዕከሉ በዘንድሮው ዓመት ፬፻፶ አዳዲስ ተክሎችን በመትከል በፀሐይ ብርሃን አማካኝነት ኦክስጅን የማመንጨት ሂደታቸውን እንዲጀምሩ አድርጓል። ይህ የሳይንስ ስራ በክልሉ ውስጥ ያለውን የአየር ንብረት ለማሻሻል እና የአረንጓዴ ልማትን ለማፋጠን ከፍተኛ ሚና ይጫወታል።

ወይዘሮ መቅደስ በሰጡት መግለጫ መሠረት ማዕከሉ በዚህ ዓመት ስንት አዳዲስ ተክሎችን ተክሏል?"
comprehension|178#1,comprehension,,science,"ይህን ምንባብ መሠረት በማድረግ ለጥያቄው መልስ ስጥ።

ምንባብ፡ በሰኔ ፳፭ ዓመተ ምህረት በምስራቅ አውራጃ በሚገኘው የዝንብ ወንዝ አካባቢ የልብ ትርታን የሚያጠናው የንጋት ሳይንስ ማኅበር ትልቅ ግኝት አገኘ። ማኅበሩ በ፪፻፶ አምስት ወጣት ተመራማሪዎች አማካኝነት የልብ ጡንቻዎች ደም እንዴት ወደ መላ ሰውነት እንደሚረጩ አዲስ ዘዴ አገኘ። በምርምር ሂደቱ ወቅት በ፪፻፶ አምስት ሰዓታት ውስጥ የተከናወኑ ሙከራዎች የልብ ቫልቮች ደምን ወደ ኋላ እንዳይመለስ እንዴት እንደሚከላከሉ አሳይተዋል። የጥናቱ ተሳታፊ የነበሩት ፻፳ አምስት ሰዎች በልባቸው ውስጥ ያለው የደም ፍሰት መጠን በጣም ከፍተኛ መሆኑን ለሳይንስ ማኅበሩ አስታውቀዋል። የንጋት ሳይንስ ማኅበር ይህንን አዲስ የልብ የደም ዝውውር መረጃ ለጤና ሚኒስቴር በ፪፻፶ አምስት ሺህ ብር ወጪ ለሚገዛ መጽሐፍነት ያዘጋጃል።

ጥያቄ፡ የንጋት ሳይንስ ማኅበር የልብ ቫልቮች ምን ዓይነት ተግባር እንደሚሰሩ አረጋግጧል?"
comprehension|178#2,comprehension,,science,"ከዚህ በታች ያለውን ምንባብ አንብበህ ጥያቄውን መልስ።

Context:
በሰኔ ፰ ቀን ሁለት ሺህ አሥራ ሁለት ዓመተ ምህረት በሰሜን አውራጃ በምትገኘው የኮረብታ ከተማ የሳንባ ጤና ማዕከል አዲስ መረጃ አሳውቋል። ማዕከሉ በ፪፻፶ አምስት የጤና ባለሙያዎች አማካኝነት የሰውነት የኦክስጅን መተንፈሻ ሥርዓት እንዴት እንደሚሠራ ጥልቅ ምርምር አድርጓል። በምርምሩ መሠረት የሳንባ ውስጥ የትንፋሽ ቱቦዎች አየርን ወደ ደም ለማድረስ የሚያደርጉት ሂደት በ፪፻፶ አምስት ሰዓታት ውስጥ ተመዝግቧል። የጥናቱ ተሳታፊ የነበሩት ፻፵ አምስት ሰዎች በሳንባቸው ውስጥ ያለው የኦክስጅን መጠን በጣም የተመጣጠነ መሆኑን ለጥናቱ ቡድኑ ገልጸዋል። ማዕከሉ ይህንን የትንፋሽ ሥርዓት ጥናት ለማስፋፋት በ፪፻፶ አምስት ሺህ ብር ተጨማሪ የላብራቶሪ መሣሪያዎችን ለመግዛት ወስኗል።

የኮረብታ ከተማ የሳንባ ጤና ማዕከል የትንፋሽ ሥርዓት ጥናቱን ለማስፋፋት ምን ለማድረግ ወስኗል?"
comprehension|179#0,comprehension,,science,"የተሰጠውን ጽሑፍ በጥንቃቄ ካነበብክ በኋላ የቀረበውን ጥያቄ መልስ።

ጽሑፍ፡ በኢትዮጵያ ውስጥ የኤሌክትሪክ ኃይል ማመንጫ ዘዴዎች በዋናነት በውሃ ጉልበት ላይ የተመሰረቱ ሲሆኑ ይህም በታላቁ የኢትዮጵያ ህዳሴ ግድብ አማካኝነት ከፍተኛ መጠን ያለው ኃይል ለማመንጨት ያስችላል። የውሃ ግድቦች በወንዞች ላይ የሚገነቡ ሲሆን ይህም የውሃውን ፍሰት በመቆጣጠር ተለዋዋጭ የሆኑ የኤሌክትሪክ ፍላጎቶችን ለማሟላት ይረዳሉ። ከውሃ ኃይል በተጨማሪ በፀሐይ ብርሃን አማካኝነት የፀሐይ ፓነሎችን በመጠቀም በገጠራማ አካባቢዎች ለሚገኙ ቤቶች ንጹህ የኤሌክትሪክ ኃይል ማቅረብ ይቻላል። የፀሐይ ኃይል ማመንጫዎች ምንም ዓይነት የካርቦን ልቀትን ስለማያመነጩ ለአካባቢ ጥበቃ እጅግ በጣም ጠቃሚና ዘላቂ የሆኑ የኃይል ምንጮች ናቸው። በቅርብ ጊዜያት በሀገሪቱ ውስጥ የንፋስ ኃይልን በመጠቀም ኤሌክትሪክ የማመንጨት ስራዎችም በከፍተኛ ሁኔታ እየተስፋፉ መጥተዋል። የንፋስ ተርባይኖች በከፍተኛ የንፋስ ፍጥነት በሚነፉባቸው አካባቢዎች ላይ ተተክለው የኤሌክትሪክ ኃይልን በቋሚነት ለማመንጨት ያገለግላሉ። እነዚህ ሁሉ የኃይል ምንጮች በሀገሪቱ ኢኮኖሚ እድገት ውስጥ ትልቅ ሚና ያላቸው ሲሆን የህዝቡን የኑሮ ደረጃ ለማሻሻል ይረዳሉ። የኤሌክትሪክ አቅርቦት መሻሻል በኢንዱስትሪ ዘርፍ ውስጥ ያለውን ምርታማነት በመጨመር ለሀገሪቱ የረጅም ጊዜ ልማት መሰረት ይሆናል።

ጥያቄ፡ በኢትዮጵያ ውስጥ የፀሐይ ፓነሎችን በመጠቀም የሚገኘው የኤሌክትሪክ ኃይል ለአካባቢ ጥበቃ ለምን ጠቃሚ ነው?"
comprehension|179#1,comprehension,,science,"ከሚከተለው ጽሑፍ በመነሳት ጥያቄውን መልስ።

የኤሌክትሪክ ኃይል ከአንድ ቦታ ወደ ሌላ ቦታ ሲጓዝ በከፍተኛ የቮልቴጅ መጠን በኤሌክትሪክ መስመሮች አማካኝነት መጓዝ ይኖርበታል። ይህ ሂደት በትራንስፎርመሮች አማካኝነት የቮልቴጅ መጠኑን በመጨመር የኃይል ብክነትን በከፍተኛ ሁኔታ ለመቀነስ ይረዳል። በከተማ ውስጥ ለሚገኙ ቤቶችና ተቋማት የኤሌክትሪክ ኃይል ሲደርስ ትራንስፎርመሮች የቮልቴጅ መጠኑን በመቀነስ ለቤት ውስጥ መገልገያዎች ተስማሚ ያደርጉታል። የኤሌክትሪክ መቆራረጥ በአንዳንድ አካባቢዎች ሊከሰት የሚችለው በኃይል መስመሮች ላይ በሚፈጠር ብልሽት ወይም በከፍተኛ የኃይል ፍላጎት መጨመር ምክንያት ነው። የኤሌክትሪክ መቆራረጥን ለመከላከል የኃይል አቅርቦት ስርዓቱን ዘመናዊ በማድረግና አዳዲስ ቴክኖሎጂዎችን በመጠቀም ማሻሻል ይቻላል። የኤሌክትሪክ ኃይልን በብቃት ለመጠቀም የቤት ውስጥ መገልገያዎች ጥራት ያላቸውና የኤሌክትሪክ ፍጆታቸውን የሚቆጣጠሩ መሆን አለባቸው። የኤሌክትሪክ ኃይል አጠቃቀምን በተመለከተ ጥንቃቄ ማድረግ ለደህንነት ወሳኝ ሲሆን ይህም ከኤሌክትሪክ አደጋዎች ለመከላከል ይረዳል። በኤሌክትሪክ መስመሮች ላይ የሚደረጉ ጥገናዎች በወቅቱ መከናወን የኃይል አቅርቦት መረጋጋትን ለማረጋገጥ በጣም አስፈላጊ ተግባራት ናቸው።

ጥያቄ፡ የኤሌክትሪክ ኃይል በኤሌክትሪክ መስመሮች ላይ ሲጓዝ የቮልቴጅ መጠኑን መጨመር ለምን ያስፈልጋል?"
comprehension|180#0,comprehension,,science,"የተሰጠውን ጽሑፍ በጥንቃቄ ካነበብክ በኋላ የቀረበውን ጥያቄ መልስ።

ጽሑፍ፡ በኢትዮጵያ ሰማይ ላይ በየዓመቱ የሚታዩት የከዋክብት እንቅስቃሴዎች ለግብርና ስራ በጣም አስፈላጊ የሆኑ የወቅት መለኪያዎች ናቸው። ገበሬዎች ዝናብ መቼ እንደሚመጣ ለመገመት የከዋክብት አቀማመጥን እና የጨረቃ ቅርጽን በጥንቃቄ ይመለከታሉ። እነዚህ የጠፈር አካላት በምድር ላይ ያለውን የአየር ሁኔታ በመለወጥ ለሰብል ምርት ስኬታማነት ትልቅ ሚና ይጫወታሉ። የጠፈር ሳይንስ እውቀት ከባህላዊ አሰራር ጋር ተዳምሮ ለተሻለ ምርታማነት ይረዳል።

ጥያቄ፡ ገበሬዎች ዝናብ መቼ እንደሚመጣ ለመገመት ምን ምን ነገሮችን ይመለከታሉ?"
comprehension|180#1,comprehension,,science,"ከዚህ በታች ያለውን ምንባብ አንብበህ ጥያቄውን መልስ።

Context:
የምድር ከፀሐይ ርቀት እና በምድር የዘመነ አቅጣጫ ሽክርክሪት ምክንያት በየዓመቱ የተለያዩ ወቅቶች ይፈጠራሉ። በኢትዮጵያ ውስጥ የሚታዩት የክረምት እና የበጋ ወቅቶች ከዚህ የፕላኔት እንቅስቃሴ ጋር በቀጥታ የተያያዙ ናቸው። ፀሐይ በሰማይ ላይ የምታሳየው የጉዞ መስመር በየወቅቱ ስለሚቀያየር የአየር ሙቀት መጠን ይለያያል። ይህ የፕላኔት እንቅስቃሴ ለሕይወት አስፈላጊ የሆነውን የብርሃን እና የሙቀት መጠን ይወስናል።

በምድር ላይ የተለያዩ ወቅቶች እንዲፈጠሩ የሚያደርጉት ዋና ዋና ምክንያቶች ምንድን ናቸው?"
comprehension|180#2,comprehension,,science,"ከሚከተለው ጽሑፍ በመነሳት ጥያቄውን መልስ።

በጠፈር ውስጥ የሚገኙት ፕላኔቶች በሙሉ የራሳቸው የሆነ የስበት ኃይል እና የቅርጽ ባህሪ አላቸው። ለምሳሌ እንደ ምድር ያሉ ፕላኔቶች በውሃ እና በጋዝ የተከበቡ ሲሆኑ ሌሎች ፕላኔቶች ግን ደረቅና ሞቃት ናቸው። እነዚህ የጠፈር አካላት በራሳቸው ምህዋር ውስጥ በመዞር በየጊዜው የቦታ ለውጥ ያደርጋሉ። የፕላኔቶች ስብጥር እና መጠን በጠፈር ውስጥ ያላቸውን ተጽዕኖ ይወስናሉ።

ጥያቄ፡ እንደ ምድር ያሉ ፕላኔቶች በምን የተከበቡ ናቸው?"
comprehension|181#0,comprehension,,science,"ምንባቡን ካነበብሽ በኋላ ለጥያቄው መልስ ስጪ።

Context:
በሰኔ ፲፪ ቀን በወንጌል ከተማ በሚገኘው አዲስ የኬሚስትሪ ላብራቶሪ ውስጥ የባለሙያ አቶ በቀለ ተስፋዬ አዲስ የጽዳት ዘዴን አቀረቡ። ይህ አዲስ ዘዴ በቤት ውስጥ ጥቅም ላይ የሚውሉ የሎሚ ጭማቂ እና የሶዳ አቧራን በመቀላቀል የቆሸሹ የብረት ዕቃዎችን በቀላሉ ለማጽዳት ይረዳል። ላብራቶሪው ባሰናዳው መረጃ መሰረት ይህ ድብልቅ በውስጡ ባለው አሲድ ምክንያት በብረት ላይ ያለውን ዝገት በሰባት ደቂቃ ውስጥ ማስወገድ ይችላል። የከተማዋ የጤና መምሪያ በዚሁ ሂደት ውስጥ ምንም አይነት ጎጂ ኬሚካሎች አለመኖራቸውን በዝርዝር አረጋግጧል። አቶ በቀለ በዚህ አዲስ የጽዳት ዘዴ አማካኝነት በየቤቱ የሚገኙ የብረት እቃዎችን ደህንነቱ የተጠበቀ እና ተፈጥሯዊ በሆነ መንገድ ማጽዳት እንደሚቻል ገልጸዋል።

አቶ በቀለ የብረት ዕቃዎችን ለማጽዳት የተጠቀሙት የጽዳት ዘዴ ምን ምን ነገሮችን ማቀላቀል ይጠይቃል?"
comprehension|182#0,comprehension,,agriculture,"በሚከተለው ጽሑፍ መሠረት ጥያቄውን በአጭሩ መልስ።

Context:
ጤፍ በኢትዮጵያ እና በሌሎች የአፍሪካ አገራት ውስጥ በጣም ተፈላጊ የሆነና ለምግብ ዋስትና ትልቅ አስተዋፅኦ የሚያደርግ የጥራጥሬ እህል ነው። ይህ ሰብል በተለያዩ የአየር ንብረት ሁኔታዎች ውስጥ ሊበቅል የሚችል በመሆኑ ለአርሶ አደሮች አስተማማኝ የገቢ ምንጭ ሆኖ ያገለግላል። ለጤፍ ምርታማነት የተመጣጠነ የዝናብ መጠን እና ለስላሳ የአፈር ሁኔታ በጣም አስፈላጊ መሆኑን ገበሬዎች በየዓመቱ ይረዳሉ። አርሶ አደሮች ዘር ለመዝራት ከመጀመራቸው በፊት መሬቱን በሚገባ ማዘጋጀት እና አረም እንዳይበቅል መከላከል ይኖርባቸዋል። የጤፍ ምርት በሚሰበሰብበት ወቅት ጥንቃቄ የተሞላበት አያያዝ ለጥራቱ መረጋገጥ እና ለገበያ ዝግጁ ለመሆን ወሳኝ ሚና ይጫወታል። በሰብል ምርት ወቅት የሚከሰቱ ተግዳሮቶች ለመቀነስ አዳዲስ የግብርና ዘዴዎችን መጠቀም ለተሻለ ውጤት ይረዳል። የጤፍ ፍሬዎች በጣም ጥቃቅን በመሆናቸው ምርቱን ለመሰብሰብ እና ለማቀነባበር ልዩ ጥረት እና ትዕግስት ይጠይቃሉ።

ጤፍ ለተሻለ ምርታማነት ምን ዓይነት የአፈር ሁኔታ ያስፈልገዋል?"
comprehension|182#1,comprehension,,agriculture,"ጽሑፉን አንብበህ ጥያቄውን መልስ፡

ጽሑፍ፡ የጥራጥሬ እህሎች እርባታ በዓለም አቀፍ ደረጃ ለሰው ልጅ የተመጣጠነ ምግብ ለማቅረብ ከፍተኛ ጠቀሜታ አለው። በተለይም እንደ ስንዴ እና ገብስ ያሉ ሰብሎች በብዙ አገራት ውስጥ እንደ ዋና የዕለት ተዕለት ምግብ ያገለግላሉ። እነዚህ እህሎች በውስጣቸው ከፍተኛ መጠን ያለው ካርቦሃይድሬት እና ቫይታሚን ስለሚይዙ ለሰውነት ጉልበት ለመስጠት በጣም አስፈላጊ ናቸው። የአየር ንብረት ለውጥ በሰብል ምርት ላይ ተጽዕኖ ስለሚያሳድር አርሶ አደሮች ዘመናዊ የውሃ አጠቃቀም ዘዴዎችን መጠቀም አለባቸው። ለምለም መሬቶች እና በቂ የፀሐይ ብርሃን ለእህሎች እድገት መሰረታዊ የሆኑ ተፈጥሯዊ ግብዓቶች ናቸው። የሰብል በሽታዎችን ለመከላከል በወቅቱ የሚደረጉ የክትባት እና የኬሚካል አጠቃቀሞች ምርቱን ለመጠበቅ ይረዳሉ። ምርታማነትን ለመጨመር አዳዲስ የዘር አይነቶችን መጠቀም እና የአፈር ለምነትን መጠበቅ ለገበሬዎች ስኬት ቁልፍ ነው።

ጥያቄ፡ እህሎች ለሰው ልጅ ለምን በጣም አስፈላጊ ተብለው ተገልጸዋል?"
comprehension|182#2,comprehension,,agriculture,"ይህን ምንባብ መሠረት በማድረግ ለጥያቄው መልስ ስጥ።

ምንባብ፡ በአጠቃላይ የእህል እርባታ ሂደት ከመዝራት ጀምሮ እስከ መሰብሰብ ድረስ በርካታ ስልታዊ እርምጃዎችን መከተልን ይጠይቃል። መሬቱን ማርከስ እና ለዘር ዝግጁ ማድረግ የመጀመሪያው እና በጣም ወሳኝ የሆነው የግብርና ተግባር ነው። አርሶ አደሮች ምርታማነታቸውን ለመጨመር ሲሉ በየወቅቱ የአፈር ምርመራ ማድረግ እና ተገቢውን ማዳበሪያ መጠቀም ይኖርባቸዋል። የዝናብ መዘንበጥ እና ድርቅ በሰብል እድገት ላይ ከፍተኛ ጉዳት ሊያደርሱ ስለሚችሉ የውሃ መጋቢ ዘዴዎችን ማዘጋጀት ያስፈልጋል። ምርት በሚሰበሰብበት ጊዜ እህሎቹ እንዳይበላሹ እና ጥራታቸው እንዳይቀንስ በንጹህ ቦታ ማከማቸት በጣም አስፈላጊ ነው። የግብርና መሣሪያዎችን በአግባቡ መጠቀም እና የሰው ኃይልን በብቃት ማሰማራት ለሥራው ቅልጥፍና ትልቅ አስተዋፅኦ ያደርጋል። በየዓመቱ የሚታዩ የሰብል ምርት መቀነስ ችግሮችን ለመቅረፍ የቴክኖሎጂ አጠቃቀምን ማሳደግ ለወደፊቱ ተስፋ ይሰጣል።

ጥያቄ፡ የእህል ምርት ጥራቱ እንዳይቀንስ ምን መደረግ አለበት?"
comprehension|183#1,comprehension,,agriculture,"ከሚከተለው ጽሑፍ በመነሳት ጥያቄውን መልስ።

የአባይ ሸለቆ የቡና ላኪዎች ማህበር በነሐሴ 5 ቀን 2015 ዓ.ም በወንዝ ዳርቻ በሚገኘው የቅድስት ማርያም ገጠር ውስጥ 85 ቶን ከፍተኛ ጥራት ያለው ቡና መሰብሰብ መቻሉን አስታውቋል። በገበሬ ተስፋዬ በቀለ መሪነት የተከናወነው ይህ የምርት ስብሰባ በዘመናዊ የሜካኒካል መቆረጫ መሳሪያዎች የታገዘ በመሆኑ ስራውን በጣም አቀላጥፎ አጠናቅቋል። የተሰበሰበው ምርት በሙሉ ለውጭ ሀገር ገበያ እንዲቀርብ በታቀደው መሠረት ወደ ዋናው ማከማቻ መላክ ተጀምሯል።

ጥያቄ፡ በቅድስት ማርያም ገጠር የተሰበሰበው የቡና መጠን ስንት ቶን ነው?"
comprehension|183#2,comprehension,,agriculture,"ጽሑፉን አንብበህ ጥያቄውን መልስ፡

ጽሑፍ፡ በታላቁ የቡና ምርት ተመራማሪዎች ማዕከል ጥናት መሰረት በካቲት ወር ውስጥ በደቡብ አውራጃ በሚገኙ የቡና እርሻዎች ላይ ከፍተኛ የጥቁር ነፍሳት ጥቃት ደርሷል። የጥናቱ መሪ የሆኑት የዶክተር አበበ ኃይሌ ቡድን እንደገለጹት ይህ ችግር በ120 ሄክታር መሬት ላይ ተስፋጭቶ የሚገኝ ሲሆን መፍትሄውም የተፈጥሮ ተባይ ማጥፊያዎችን መጠቀም ነው። አርሶ አደሮች ይህንን መፍትሄ ካልተገበሩ በቀን 5 ሄክታር መሬት እየጠፋ እንደሚሄድ ማዕከሉ አስጠንቅቋል።

ጥያቄ፡ በደቡብ አውራጃ በሚገኙ የቡና እርሻዎች ላይ የደረሰው የጥቁር ነፍሳት ጥቃት መፍትሄ ምንድን ነው?"
comprehension|184#0,comprehension,,agriculture,"ጽሑፉን አንብበህ ጥያቄውን መልስ፡

ጽሑፍ፡ በሰኔ ፲፪ ቀን በወንጌል አርሰን ከተማ ውስጥ በታላቁ አረንጓዴ ተስፋ ማህበር የተዘጋጀው የአፈር ጥበቃ ስልጠና በሰፊው ተካሂዷል። በዚህ ስልጠና ላይ ከ፪፻፶ አርሶ አደሮች መካከል ፻፶ዎቹ የድንጋይ ግንብ ግንባታ ዘዴን በተመለከተ ጥልቅ እውቀት እንዲያገኙ ተደርጓል። የፕሮግራሙ አስተባባሪ አቶ በቀለ ተስፋዬ እንደገለጹት ይህ ስልጠና የአፈር መሸርሸርን ለመቀነስ በየዓመቱ በ፭ ሚሊዮን ብር በጀት ይከናወናል። አዲሱ ዘዴ በሰሜን አቅጣጫ በሚገኘው በዘር ሸለቆ ውስጥ ለሚገኙ ፻፳ እርከኖች መሬቶች ተፈጻሚ እንዲሆን ታቅዷል። የድርጅቱ የቴክኒክ ባለሙያ የሆኑት ወይዘሪት ሳራ አቤል የአፈር እርጥበትን ለመጠበቅ የዛፍ ተከላ ወሳኝ መሆኑን አብራርተዋል።

ጥያቄ፡ በወንጌል አርሰን ከተማ በተካሄደው ስልጠና ላይ የአፈር መሸርሸርን ለመቀነስ የሚውለው ዓመታዊ በጀት ምን ያህል ነው?"
comprehension|184#2,comprehension,,agriculture,"ከሚከተለው ጽሑፍ በመነሳት ጥያቄውን መልስ።

የሰሜን ኮረብታ የእርሻ ልማት ማህበር በነሐሴ ፲፭ ቀን በሰላም ከተማ ውስጥ አዲስ የአፈር ማዳበሪያ አጠቃቀም መመሪያ አውጥቷል። ይህ አዲስ መመሪያ በ፪፻፶፭ ሄክታር መሬት ላይ የአፈርን ለምነት ለመጠበቅ እንዲረዳ ተደርጎ ተዘጋጅቷል። የዘርፉ ተመራማሪ የሆኑት ወይዘሮ መቅደስ አሰፋ እንደገለጹት የአፈር መሸርሸርን ለመቀነስ የሣር መሸፈኛ መጠቀም ወሳኝ ነው። በዘንድሮው ዓመት በ፪ ሚሊዮን ፬ መቶ ሺህ ብር የተገዛው አዲስ መሣሪያ ለአፈር ጥበቃ ሥራ እንዲውል ተደርጓል። ማህበሩ በየወሩ ፲ አዳዲስ ስልጠናዎችን በመስጠት የአርሶ አደሩን ግንዛቤ ለማሳደግ እየሰራ ይገኛል።

ጥያቄ፡ ወይዘሮ መቅደስ አሰፋ የአፈር መሸርሸርን ለመከላከል ምን ዓይነት ዘዴ መጠቀም አስፈላጊ መሆኑን ገልጸዋል?"
comprehension|186#0,comprehension,,agriculture,"በሚከተለው ጽሑፍ መሠረት ጥያቄውን በአጭሩ መልስ።

Context:
በሰኔ 12 ቀን 2016 ዓ.ም በወንጌል ደብረ ማርቆስ አካባቢ በሚገኘው አርሶ አደር ማሞ በቀለ አማካኝነት አዲስ የንፍቀታ መስመር ተዘርግቷል። ይህ የውሃ ማሰራጫ ፕሮጀክት በታላቁ አባይ ተፋሰስ ስር በሚገኝ የዘይቱ የውሃ ማጠራቀሚያ ላይ ተመስርቶ ለ500 አርሶ አደሮች በነፃ አገልግሎት ይሰጣል። የዘይቱ የግብርና ማህበር ሰብሳቢ የሆኑት አቶ በቀለ በፕሮጀክቱ አማካኝነት በየሳምንቱ 200 ሺህ ሊትር ውሃ ለሽንኩርት እርባታ እንዲውል አድርገዋል ይላሉ።

በዘይቱ የግብርና ማህበር አማካኝነት ለሽንኩርት እርባታ በየሳምንቱ ምን ያህል ውሃ እንዲቀርብ ተደርጓል?"
comprehension|186#1,comprehension,,agriculture,"ከዚህ በታች ያለውን ምንባብ አንብበህ ጥያቄውን መልስ።

Context:
የአባይ ሸለቆ የልማት ድርጅት በካቲት ወር ውስጥ በጎጃም ዞን በሚገኘው በኩላ ተራራ ስር አዲስ የጠብታ መስዋዕትነት ዘዴን ተግባራዊ ለማድረግ መወሰኑን አስታወቀ። ይህ አዲስ የቴክኖሎጂ አጠቃቀም በድርጅቱ በኩል ለተመረጡ 120 አትክልት አምራች ገበሬዎች በሙሉ በነፃ እንዲሰጥ ተደርጓል። የድርጅቱ ዋና መኮንን አቶ ተክለማርያም እንደገለጹት ይህ ዘዴ በየቀኑ የሚባክነውን የውሃ መጠን በ40 በመቶ ለመቀነስ ትልቅ ሚና ይጫወታል።

የአባይ ሸለቆ የልማት ድርጅት በኩላ ተራራ ስር ተግባራዊ ለማድረግ የወሰነው አዲስ የውሃ አጠቃቀም ዘዴ ምንድን ነው?"
comprehension|186#2,comprehension,,agriculture,"በሚከተለው ጽሑፍ መሠረት ጥያቄውን በአጭሩ መልስ።

Context:
በመስከረም 5 ቀን በሰሜን አውራጃ በሚገኘው በወንጌል ገጠር ውስጥ የፋኖስ የግብርና ማህበር አባላት በጋራ በመሆን አዲስ የውሃ ጉድጓድ ቁፋሮ አጠናቀዋል። ይህ የውሃ ጉድጓድ በወንጌል ገጠር በሚገኙ 300 የጥራጥሬ ሰብል አምራቾች ላይ ከፍተኛ ተጽዕኖ እንዲኖረው ተደርጎ የተዘጋጀ ነው። የማህበሩን አባል የሆኑት ወይዘሮ አልማዝ በጉድጓዱ አማካኝነት በየዓመቱ 50 ቶን ተጨማሪ ምርት ማምረት እንደሚቻል በዝርዝር አስረድተዋል።

ወይዘሮ አልማዝ በውሃ ጉድጓዱ አማካኝነት በየዓመቱ ምን ያህል ተጨማሪ ምርት ማምረት እንደሚቻል ገልጸዋል?"
comprehension|188#0,comprehension,,news,"እባክዎን ከታች ያለውን ጽሑፍ አንብበው ለሚከተለው ጥያቄ መልስ ይስጡ።

Context:
በአዲስ አበባ ከተማ ውስጥ በሚገኘው የዝቅተኛ ኮረብታ አካባቢ በሰኔ 15 ቀን 2016 ዓ.ም በአዲሱ አባይ መኖሪያ መንደር ውስጥ ታላቅ የባህል በዓል ተከብሯል። በዚሁ ዝግጅት ላይ የሰላም ኮሚቴ አባል የሆኑት አቶ በቀለ ተስፋዬ በመጀመሪያ ንግግር በማድረግ የአካባቢው ነዋሪዎች አንድነት እንዲጠበቅ ጥሪ አቅርበዋል። በዓሉን ለማዘጋጀት የሰላም ኮሚቴው ከማህበረሰቡ አባላት ጋር በመሆን በድምሩ 45,000 ብር ማሰባሰብ ችሏል። በዝግጅቱ ላይ የባህል ልብስ የለበሱ 120 ወጣቶች የተለያዩ የባህል ጭፈራዎችን በማሳየት ለታዳሚው ትልቅ መዝናኛ ሰጥተዋል። የአካባቢው የንግድ ማህበር ተወካይ የሆኑት ወይዘሮ አልማዝ በበዓሉ ላይ ለተሳታፊዎች በነጻ የሚቀርቡ 500 የሀገር በቀል ምግቦችን አቅርበዋል። በበዓሉ መድረክ ላይ የተደረገው የሽልማት ሥነ-ሥርዓት በሰላም ኮሚቴው የበላይነት የተከናወነ ሲሆን አሸናፊዎችም የተለያዩ ስጦታዎችን ተቀብለዋል። የዝግጅቱ ዋና ዓላማ በአካባቢው ያለውን ማህበራዊ ትስስር ማጠናከር እና ወጣቶችን በባህል እውቀት ማነጽ መሆኑ ተገልጿል። በዓሉ ማክተሙን ተከትሎም ነዋሪዎች በጋራ በመሆን የአካባቢውን የጽዳት ስራ ለመስራት ቃል ገብተዋል።

በበዓሉ ላይ ወይዘሮ አልማዝ ለተሳታፊዎች ምን ዓይነት አገልግሎት አቅርበዋል?"
comprehension|188#1,comprehension,,news,"ምንባቡን ካነበብሽ በኋላ ለጥያቄው መልስ ስጪ።

Context:
በአባይ ሸለቆ አካባቢ በሚገኘው የጥቁር አባይ ገበሬዎች ማህበር አባላት መካከል ትልቅ የልማት ስራ ተጀምሯል። ማህበሩ በሰኔ 20 ቀን 2016 ዓ.ም በሰሜን አቅጣጫ በሚገኘው የጥቁር አባይ እርሻ ቦታ ላይ አዲስ የውሃ መፍሰሻ ቦይ ለመቆፈር ወስኗል። ይህንን ፕሮጀክት ለመተግበር የጥቁር አባይ ገበሬዎች ማህበር ከባንክ ጋር በመተባበር 850,000 ብር የገንዘብ ድጋፍ አግኝቷል። በፕሮጀክቱ መጀመሪያ ላይ የገበሬዎች መሪ የሆኑት አቶ ቴዎድሮስ ካሳ የቦታውን አቀማመጥ ለመፈተሽ ከኢንጂነሮች ጋር በመሆን ጉብኝት አድርገዋል። በቦታው ላይ የሚገኙ 35 አዳዲስ የውሃ ጉድጓዶች ለገበሬዎቹ የዘላቂ ልማት መሰረት እንደሚሆኑ ተገልጿል። ፕሮጀክቱ ተጠናቆ ወደ ስራ ለመግባት በሁለት ወራት ውስጥ እንዲያልቅ ማህበሩ አቅዷል። በስራው ሂደት ላይ 60 የአካባቢው ወጣቶች በዕለት ተዕለት የጉልበት ስራ ላይ እንዲሳተፉ ተደርጓል። ይህ የውሃ ቦይ መገንባት በአካባቢው ያለውን የሰብል ምርታማነት በከፍተኛ ሁኔታ እንደሚጨምር የኢንጂነሩ ቡድን አባል የሆኑት አቶ መለስ ገልጸዋል።

የጥቁር አባይ ገበሬዎች ማህበር ለቦይ ግንባታ ፕሮጀክቱ ያገኘው የገንዘብ መጠን ስንት ነው?"
comprehension|188#2,comprehension,,news,"ይህን ምንባብ መሠረት በማድረግ ለጥያቄው መልስ ስጥ።

ምንባብ፡ በደቡብ ኢትዮጵያ በምትገኘው የጥቁር አባይ ሸለቃ ውስጥ በሚገኘው የሰላም ከተማ የጥበብ ማዕከል ትልቅ የሥዕል ኤግዚቢሽን ተካሂዷል። በዚሁ የጥበብ ማዕከል ውስጥ በሐምሌ 5 ቀን 2016 ዓ.ም የተካሄደው ዝግጅት በሰላም ከተማ የኪነጥበብ አፍቃሪዎችን በአንድ ላይ አሰባስቧል። በኤግዚቢሽኑ ላይ የሰላም ከተማ የጥበብ ማህበር አባል የሆኑት ወይዘሪት ሳራ አቤል 15 የተለያዩ የባህል ሥዕሎችን አቅርባለች። በዝግጅቱ ላይ የጥበብ ማዕከሉ አስተዳዳሪ የሆኑት አቶ ዮናስ በቀለ ለሥዕሎቹ የተሰጠው ከፍተኛ ትኩረት ለከተማዋ የኪነጥበብ እድገት ትልቅ አስተዋጽኦ እንዳለው ተናግረዋል። በኤግዚቢሽኑ ወቅት ለተሳታፊዎች በሙሉ የጥበብ ስራዎችን አሰራር የሚያስተምር አጭር ስልጠና በነጻ ተሰጥቷል። በዝግጅቱ ላይ የተሳተፉት የኪነጥበብ ተማሪዎች በድምሩ 40 ሲሆኑ አብዛኞቹ ከከተማው ውጭ የመጡ ናቸው። ኤግዚቢሽኑ የተካሄደው በአካባቢው ያለውን የሥዕል ጥበብ እውቀት ለማሳደግ እና አዳዲስ ተሰጥኦዎችን ለማበረታታት ነው። በዝግጅቱ ማጠቃለያ ላይ የተመረጡ 5 ሥዕሎች ለተመልካቾች እንዲሸጡ ተደርገዋል።

ጥያቄ፡ በሰላም ከተማ የጥበብ ማዕከል ኤግዚቢሽን ላይ ወይዘሪት ሳራ አቤል ስንት ሥዕሎችን አቅርባለች?"
comprehension|189#0,comprehension,,news,"ከዚህ በታች ያለውን ምንባብ አንብበህ ጥያቄውን መልስ።

Context:
በሰኔ ፲፪ ቀን ሁለት ሺህ አስራ ስድስት ዓመተ ምህረት የዝቅተኛው አቅም የንግድ ማህበር በጎጃም ክልል ውስጥ የሚገኘውን የጥራዝ ምርት ማከማቻ በ፲፭ ሚሊዮን ብር አድሷል። ይህ አዲስ ማከማቻ በወንጌል ከተማ ውስጥ ለሚገኙ አርሶ አደሮች ምርታቸውን በአግባቡ እንዲያስቀምጡና የገበያ ዋጋ እንዲቆጣጠሩ ትልቅ እገዛ ያደርጋል። ማህበሩ ይህንን ፕሮጀክት ለመተግበር ከባንክ ጋር በመተባበር ከፍተኛ የገንዘብ ድጋፍ ማግኘት ችሏል።

የዝቅተኛው አቅም የንግድ ማህበር አዲስ ማከማቻ የገነባው በየትኛው ከተማ ውስጥ ነው?"
comprehension|189#2,comprehension,,news,"ጽሑፉን በጥንቃቄ አንብባችሁ ጥያቄውን ከጽሑፉ በመነሳት መልሱ።

Context:
በአዲስ አበባ ከተማ ውስጥ የሚገኘው የሰላም የኢንቨስትመንት ድርጅት በጥር ፳ ቀን ለተጠቃሚዎች አዲስ የብድር አገልግሎት መጀመሩን በይፋ አስታውቋል። ይህ አዲስ አገልግሎት በየሳምንቱ ለ፭ መካከለኛ የንግድ ድርጅቶች ብቻ የሚሰጥ ሲሆን ብድሩም በዝቅተኛ ወለድ የተዘጋጀ ነው። ድርጅቱ ይህንን ውሳኔ የወሰነው በከተማዋ ውስጥ ያሉ አነስተኛ ነጋዴዎች የፋይናንስ አቅርቦት እንዲያገኙ ለማድረግ ነው።

የሰላም ኢንቨስትመንት ድርጅት አዲስ የብድር አገልግሎት የሚሰጠው ለስንት የንግድ ድርጅቶች ነው?"
comprehension|190#0,comprehension,,news,"ምንባቡን ካነበብሽ በኋላ ለጥያቄው መልስ ስጪ።

Context:
በአባይ ወንዝ ዳርቻ በሚገኘው አዲሱ ዘመናዊ የብሩህ ተስፋ ትምህርት ቤት ግንባታ ፕሮጀክት ላይ ሰኔ 15 ቀን 2016 ዓ.ም በአዲስ አጀንዳ መጀመሩ ተገልጿል። የሰሜን ኮረብታ የትምህርት መርጃ መሳሪያዎች ማምረቻ ድርጅት ለዚህ ትልቅ ፕሮጀክት ብቁ የሆኑ 500 የቴክኒክ ባለሙያዎችን በሙሉ ለስራው አሰማርቷል። የፕሮጀክቱ ዋና መሃንዲስ አቶ በቀለ ተስፋዬ እንደገለጹት ይህ ግንባታ ለቀጣዩ ዓመት መጨረሻ ድረስ ተጠናቆ ለተማሪዎች ክፍት ይሆናል። ለግንባታው የሚያስፈልጉ ግብዓቶች በጠቅላላው 12 ሚሊዮን ብር የሚያወጡ ሲሆኑ ይህም ከክልሉ የትምህርት ቢሮ በጀት የተገኘ ነው። ይህ ትልቅ የትምህርት መሰረተ ልማት ግንባታ በአካባቢው የሚገኙ 3,000 ተማሪዎችን የጥራት ትምህርት ለማሻሻል ትልቅ ሚና ይጫወታል።

ለአዲሱ የብሩህ ተስፋ ትምህርት ቤት ግንባታ ፕሮጀክት ስንት የቴክኒክ ባለሙያዎች ተሰማርተዋል?"
comprehension|190#1,comprehension,,news,"ከዚህ በታች የቀረበውን መረጃ በመጠቀም ለጥያቄው መልስ ስጥ።

Context:
በአባይ ከተማ በሚገኘው የደመራ የሳይንስ ምርምር ማዕከል ውስጥ የጁላይ 10 ቀን 2016 ዓ.ም በታላቅ ስነስርዓት አዲስ የላብራቶሪ መሣሪያዎች ተረክበዋል። የሰላም ኮሌጅ የሳይንስ ክፍል ተማሪዎች እነዚህን አዳዲስ የላብራቶሪ መሣሪያዎች ለመጠቀም በየሳምንቱ ሶስት ቀናት የልምምድ ጊዜ እንዲኖራቸው ተወስኗል። የማዕከሉ ዳይሬክተር ወይዘሮ አልማዝ አሰፋ እንደገለጹት እነዚህ መሣሪያዎች ለተማሪዎች በተለይም ለኬሚስትሪ ትምህርት ትልቅ እገዛ ያደርጋሉ። አዲሱ የላብራቶሪ ክፍል በጠቅላላው 850 ካሬ ሜትር ስፋት ያለው ሲሆን በውስጡም 15 የተለያዩ የሙከራ ጠረጴዛዎች ተገጥመዋል። ይህ አዲስ የቴክኖሎጂ ዝግጅት በከተማዋ ውስጥ ያለውን የሳይንስ ትምህርት ደረጃ ወደ ላቀ ደረጃ ለማድረስ ያለመ ነው።

የደመራ የሳይንስ ምርምር ማዕከል አዲስ የላብራቶሪ መሣሪያዎች የተረከቡት በየትኛው ቀን ነው?"
comprehension|190#2,comprehension,,news,"ጽሑፉን በጥንቃቄ አንብባችሁ ጥያቄውን ከጽሑፉ በመነሳት መልሱ።

Context:
የአባይ ሸለቆ የትምህርት ዕድገት ማህበር በነሐሴ 5 ቀን 2016 ዓ.ም በታላቁ የጥበብ ማዕከል ውስጥ ለተመረጡ 50 ወጣት ተማሪዎች የነፃ የትምህርት ዕድል አሳውቋል። ይህ የትምህርት ዕድል በተለይ በዲጂታል ቴክኖሎጂ እና በግብርና ሳይንስ ዘርፎች ለሚማሩ ተማሪዎች ብቻ እንዲሆን ተደርጎ የተዘጋጀ ነው። የፕሮግራሙ አስተባባሪ አቶ ታደሰ በቀለ እንደገለጹት ተማሪዎቹ በየዓመቱ 20,000 ብር የትምህርት ድጋፍ የሚያገኙ ይሆናል። ይህ ዕድል ተማሪዎች በቴክኖሎጂ የታገዘ የግብርና እውቀት እንዲያገኙ በማድረግ ለሀገሪቱ የኢኮኖሚ እድገት አስተዋጽኦ እንዲያደርጉ ለማድረግ ታስቦ የተዘጋጀ ነው። ተማሪዎቹ ይህንን ዕድል ለማግኘት በጣም ከፍተኛ የሆነ የፈተና ውጤት ማሳየት እንዳለባቸው ማህበሩ አሳስቧል።

የአባይ ሸለቆ የትምህርት ዕድገት ማህበር ለተማሪዎቹ የሚሰጠው የነፃ የትምህርት ዕድል በየትኞቹ ሁለት የትምህርት ዘርፎች ላይ ያተኮረ ነው?"
comprehension|191#0,comprehension,,news,"ከሚከተለው ጽሑፍ በመነሳት ጥያቄውን መልስ።

በሰኔ ፲፪ ቀን በወንጌል ተራራ አካባቢ በሚገኘው የዝቅተኛ ቦታ ላይ የአየር ንብረት ለውጥ ከፍተኛ ጉዳት ማድረሱን የሰንጋ የግብርና ማህበር አስታወቀ። በዚያ አካባቢ የሚገኙ የጥቁር አባይ ተፋሰስ ተከታዮች በደረሰባቸው ድንገተኛ የጎርፍ መጥለቅለቅ ምክንያት በዘንድሮው የሰብል ምርት ላይ ከፍተኛ ኪሳራ አስተናግደዋል። የድርጅቱ ዋና ስራ አስኪያጅ አቶ በቀለ ተስፋዬ እንደገለጹት በሰባት ወራት ውስጥ የዝናብ መጠን ከወትሮው በሃያ አምስት በመቶ በላይ በመጨመሩ ነው። በዚህ ምክንያት በክልሉ የሚገኙ አምስት ትላልቅ የጥራጥሬ እርሻዎች ሙሉ በሙሉ በውሃ መጥለቅለቅ ምክንያት መጥፋታቸው ተረጋግጧል። የአካባቢው ነዋሪዎች በየቀኑ ለሶስት ሰዓታት ያህል የሚቆይ የጎርፍ መጥለቅለቅ በየመንገዱ ላይ እየታየ መሆኑን ለሚዲያ ገለጹ። የሰንጋ የግብርና ማህበር የጎርፍ መከላከያ ግንብ ለመገንባት አምስት ሚሊዮን ብር የሚያስፈልገው በጀት ለክልሉ አስተዳደር ማቅረቡን ገልጿል። በአካባቢው የሚገኙ የዱር እንስሳትም በውሃው መጥለቅለቅ ምክንያት መጠለያቸውን አጥተው ወደ ሰፈሩ እየተሰደዱ መሆኑን የባዮሎጂ ባለሙያዎች አሳውቀዋል።

ጥያቄ፡ በሰንጋ የግብርና ማህበር መረጃ መሰረት በዘንድሮው የሰብል ምርት ላይ ጉዳት እንዲደርስ ምክንያት የሆነው ምንድን ነው?"
comprehension|191#1,comprehension,,news,"ከዚህ በታች የቀረበውን መረጃ በመጠቀም ለጥያቄው መልስ ስጥ።

Context:
በጥቅምት አምስት ቀን በደብረ ማርቆስ ከተማ አቅራቢያ በሚገኘው የሰማይ ሰላም ደን ውስጥ ከፍተኛ የደን መጨፍጨፍ መከሰቱን የሰላም ተፈጥሮ ጥበቃ ቡድን ዘገባ አውጥቷል። በዘንድሮው ዓመት ውስጥ ብቻ በሁለት መቶ ሄክታር የሚያህል የደን መሬት በህገወጥ መንገድ መፋጨቱ በቡድኑ ጥናት ተረጋግጧል። የጥበቃ ቡድኑ አባል የሆነችው ወይዘሪት አልማዝ አሰፋ እንደገለጸችው በደን ውስጥ የሚገኙ አምስት ብርቅዬ የዛፍ አይነቶች ሙሉ በሙሉ ሊጠፉ ተቃርበዋል። ይህ ችግር የደረሰው በደን ውስጥ የሚኖሩ አምስት የተለያዩ የዱር አእዋፋት ዝርያዎች መኖሪያቸው በመጥፋቱ ምክንያት መሆኑን ጥናቱ ያሳያል። የደን ጥበቃ ባለሙያዎች በየሳምንቱ ሁለት ጊዜ የሚደረገው የክትትል ጉዞ በቂ አለመሆኑን ለከተማው አስተዳደር በደብዳቤ አሳውቀዋል። በደን ውስጥ የሚገኙ አምስት የጥበቃ ጣቢያዎች የሰው ኃይል እጥረት በመኖሩ ምክንያት በቂ ቁጥጥር ማድረግ እንዳልቻሉ ሪፖርቱ አክሎ ገልጿል። መንግስት በአፋጣኝ አምስት ሚሊዮን ችግኞችን ለመትከል የሚያስችል እቅድ ማውጣት እንዳለበት የጥበቃ ቡድኑ ጥሪ አቅርቧል።

በሰማይ ሰላም ደን ውስጥ የደን መጨፍጨፍ መከሰቱን የገለጸው የትኛው ድርጅት ነው?"
comprehension|191#2,comprehension,,news,"ምንባቡን ካነበብሽ በኋላ ለጥያቄው መልስ ስጪ።

Context:
በነሐሴ ሃያ ቀን በወርቃማ ሸለቆ አካባቢ የሚገኘው የፀሐይ ብርሃን የኃይል ማመንጫ ጣቢያ በከፍተኛ የሙቀት መጠን ምክንያት ስራ ማቆሙ ተነገረ። በዚያ አካባቢ ያለው የአየር ሙቀት በሰባት ቀናት ውስጥ ከሰማንያ ዲግሪ ሴልሺየስ በላይ መድረሱ የአካባቢው የአየር ሁኔታ ተመራማሪዎች ገልጸዋል። የጣቢያው መሃንዲስ አቶ ታደሰ ከበሩ የኃይል ማመንጫው ሞተሮች ከመጠን በላይ በመግልላቸው ስራ እንዲያቆም መደረጉን አስረድተዋል። በዚህ የኃይል መቋረጥ ምክንያት በአካባቢው የሚገኙ አምስት ትላልቅ የፋብሪካ ተቋማት ለሁለት ቀናት ያህል ስራ ማቆማቸው ታውቋል። የኃይል ማመንጫ ጣቢያው የሙቀት መቀነሻ ዘዴዎችን ለመጠቀም አምስት መቶ አዳዲስ ማሽኖችን ለመግዛት እቅድ ማውጣቱን የጣቢያው አስተዳደር ገልጿል። በአካባቢው የሚገኙ ነዋሪዎች በሙቀቱ ምክንያት የኤሌክትሪክ አገልግሎት ማቋረጡ በዕለት ተዕለት እንቅስቃሴያቸው ላይ እንቅፋት መሆኑን ተናግረዋል። የኃይል ማመንጫ ጣቢያው ስራ ለመጀመር አምስት ሳምንታት ሊፈጅበት እንደሚችል የቴክኒክ ቡድኑ በሰጠው መግለጫ ተገልጿል።

በወርቃማ ሸለቆ የኃይል ማመንጫ ጣቢያ ስራ እንዲያቆም ምክንያት የሆነው ምንድን ነው?"
comprehension|192#0,comprehension,,news,"ከዚህ በታች የቀረበውን መረጃ በመጠቀም ለጥያቄው መልስ ስጥ።

Context:
በሰኔ ፲፪ ቀን በታላቁ ዘላላ ከተማ የትራንስፖርት ባለስልጣን አቶ በቀለ ተሰማ በሰጠው መግለጫ አዲስ የባቡር መስመር ግንባታ በ፪፻፲፭ ዓ.ም ይጠናቀቃል ብሏል። ይህ ፕሮጀክት በከፍተኛ ወጪ የ፪ ቢሊዮን ብር በጀት የተመደበለት ሲሆን በከተማዋ ሰሜናዊ ክፍል ለሚገኙ አምስት አዳዲስ ሰፈሮች አገልግሎት ይሰጣል። የግንባታው ስራ በዘላላ መሠረተ ልማት ድርጅት አማካኝነት ሲከናወን የከተማዋን የትራንስፖርት ፍጥነት በከፍተኛ ሁኔታ እንደሚጨምር ተገልጿል።

አዲሱ የባቡር መስመር ግንባታ በስንት ዓመተ ምህረት ይጠናቀቃል?"
comprehension|192#2,comprehension,,news,"የተሰጠውን ጽሑፍ በጥንቃቄ ካነበብክ በኋላ የቀረበውን ጥያቄ መልስ።

ጽሑፍ፡ በአዲሱ ዞን የኤሌክትሪክ መሠረተ ልማት ማሻሻያ ፕሮጀክት መሠረት በዘንድሮው ዓመት በ፲፭ አዳዲስ የኃይል ማመንጫ ጣቢያዎች እንዲገነቡ ውሳኔ ተላልፏል። ይህ ውሳኔ በዞኑ የሚገኙ የ፪፻፳ አዳዲስ የኢንዱስትሪ መንደሮችን የኃይል ፍላጎት ለማሟላትና የኤሌክትሪክ መቆራረጥን ለመቀነስ የታለመ ነው። የዞኑ የኢንጂነሪንግ ማህበር አባላት ፕሮጀክቱ በታቀደለት ጊዜ እንዲጠናቀቅ አስፈላጊውን የቴክኒክ ድጋፍ ሁሉ እንደሚያደርጉ ቃል ገብተዋል።

ጥያቄ፡ በአዲሱ ዞን የሚገነቡት አዳዲስ የኃይል ማመንጫ ጣቢያዎች ብዛት ስንት ነው?"
comprehension|193#0,comprehension,,news,"እባክዎን ከታች ያለውን ጽሑፍ አንብበው ለሚከተለው ጥያቄ መልስ ይስጡ።

Context:
በአዲስ አበባ ከተማ ውስጥ በሚገኘው የሰማያዊ ኮከብ ስፖርት ማዕከል ውስጥ ሰኔ 12 ቀን 2016 ዓ.ም በታላቁ የክልል ውድድር ላይ የባቡር ከተማ ክለብ አሸንፏል። በዚሁ ውድድር ላይ የባቡር ከተማ ክለብ ተጫዋቾች በድምሩ አምስት ወርቅ ሜዳሊያዎችን በማንሳት ከፍተኛ ውጤት ማስመዝገብ ችለዋል። የውድድሩ ዋና አዘጋጅ የሆኑት አቶ በቀለ ተስፋዬ በዝግጅቱ ላይ ተገኝተው ለተሸናፊዎቹ ቡድኖች የገንዘብ ሽልማት አበርክተዋል። በውድድሩ ወቅት የባቡር ከተማ ክለብ ተጫዋች የሆነው አቶ አበበ ካሳ የክለቡን ድል በማስመዝገብ በዋናነት አስተዋጽኦ አድርጓል። የክልሉ ስፖርት ኮሚቴ በዝግጅቱ ላይ የተገኘውን ውጤት በማድነቅ ለክለቡ ተጨማሪ የገንዘብ ድጋፍ ለማድረግ ቃል ገብቷል። ይህ ስፖርታዊ ዝግጅት በከተማዋ ውስጥ ለሚገኙ ወጣቶች ትልቅ መነሳሳትን የፈጠረ መሆኑን የአዘጋጆቹ አስተባባሪ ገልጸዋል።

በሰኔ 12 ቀን 2016 ዓ.ም በተካሄደው ውድድር ላይ የባቡር ከተማ ክለብ ስንት የወርቅ ሜዳሊያዎችን አሸንፏል?"
comprehension|193#1,comprehension,,news,"ንባቡን መሠረት በማድረግ ጥያቄውን መልስ።

Context:
በአባይ ወንዝ ዳርቻ በሚገኘው የጥቁር አውራጃ ስፖርት ሜዳ ውስጥ የሰሜን ንስር ክለብ ከደቡብ አንበሳ ክለብ ጋር ትልቅ የኳስ ጨዋታ አድርጓል። ጨዋታው የተካሄደው ሐምሌ 5 ቀን 2016 ዓ.ም ሲሆን የጨዋታው ውጤትም ሁለት ለአንድ በሰሜን ንስር ክለብ በኩል ነበር። የጨዋታውን መጀመሪያ ላይ የሰሜን ንስር ክለብ ተጫዋች የሆነው አቶ ታደሰ በቀለ የመጀመሪያውን ጎል በማስቆጠር ቡድኑ እንዲመራ አድርጓል። የደቡብ አንበሳ ክለብ ተጫዋቾች በጨዋታው ወቅት በሜዳው ላይ የነበረውን አስቸጋሪ ሁኔታ ለመቋቋም ከፍተኛ ጥረት አድርገዋል። የጨዋታው ዳኛ የሆኑት አቶ መኮንን በቀለ ጨዋታው ያለ ምንም ችግር እንዲጠናቀቅ አስፈላጊውን ቁጥጥር አድርገዋል። የክለቦቹ ደጋፊዎች በሜዳው ዙሪያ በመገኘት ለተጫዋቾቹ ከፍተኛ ድጋፍና መነሳሳትን ሰጥተዋል።

በጨዋታው ወቅት የመጀመሪያውን ጎል ያስቆጠረው የትኛው ተጫዋች ነው?"
comprehension|193#2,comprehension,,news,"ምንባቡን ካነበብሽ በኋላ ለጥያቄው መልስ ስጪ።

Context:
በአባይ ተራራ ስፖርት ማዕከል ውስጥ በነሐሴ 20 ቀን 2016 ዓ.ም የረጅም ርቀት ሩጫ ውድድር በታላቅ ድምቀት ተካሂዷል። በዚሁ ውድድር ላይ የጎጃም ኮከብ ክለብ አባል የሆነችው ወይዘሪት ሳራ አሰፋ በ30 ደቂቃ ውስጥ ውድድሩን በማጠናቀቅ አሸናፊ ሆናለች። የውድድሩ ድጋፍ ሰጪ የሆኑት የክልሉ ወጣቶች ማኅበር በውድድሩ ላይ ለተሳታፊዎች የውሃና የምግብ ድጋፍ አድርገዋል። የውድድሩ አዘጋጅ የሆኑት አቶ ዮናስ በቀለ አሸናፊ የሆነችውን ወይዘሪት ሳራ አሰፋ የ10,000 ብር የገንዘብ ሽልማት ሰጥተዋል። ውድድሩ በከተማዋ ውስጥ ለሚገኙ ስፖርተኞች አዲስ ተስፋን የፈጠረ መሆኑን የአካባቢው ነዋሪዎች ገልጸዋል። በውድድሩ ላይ የተሳተፉት አጠቃላይ ተወዳዳሪዎች ቁጥር በሰማያዊ ተራራ ስፖርት ማዕከል ውስጥ በሰፈሩ ስምንት የተለያዩ ክለቦች ውስጥ ይገኛሉ።

የጎጃም ኮከብ ክለብ አባል የሆነችው አሸናፊ ተወዳዳሪ ማን ናት?"
comprehension|194#0,comprehension,,technology,"ምንባቡን ካነበብሽ በኋላ ለጥያቄው መልስ ስጪ።

Context:
በሰኔ ፲፪ ቀን ሁለት ሺህ አሥራ ስድስት ዓመተ ምህረት በዝቅተኛው የዞራ ቴክኖሎጂ ከተማ ውስጥ አዲስ የሞባይል ክፍያ ሥርዓት ተጀመረ። የዝቅታ ዲጂታል ባንክ የተባለው ድርጅት በከተማዋ ውስጥ ለሚገኙ አምስት መቶ አዳዲስ ነጋዴዎች የኤሌክትሮኒክስ መክፈያ መሣሪያዎችን በነፃ አከፋፍሏል። የድርጅቱ ዋና ሥራ አስፈጻሚ አቶ በቀለ ተስፋዬ እንደገለጹት ይህ አዲስ ሥርዓት በየቀኑ እስከ አምስት ሺህ ብር ድረስ ያለውን የገንዘብ ዝውውር በሰከንድ ውስጥ ያከናውናል። በከተማዋ የሚገኙ ወጣቶች በስማርት ስልካቸው አማካኝነት የዕለት ተዕለት ወጪያቸውን በቀላሉ ለመቆጣጠር እንዲችሉ ልዩ ስልጠና ተሰጥቷቸዋል። የቴክኖሎጂው ባለሙያዎች በየሳምንቱ ቅዳሜ ዕለት በከተማው መሃል ላይ የቴክኒክ ድጋፍ ሰጪ መርሃ ግብር ያዘጋጃሉ። ይህ አዲስ የክፍያ ዘዴ በከተማዋ የንግድ እንቅስቃሴ ላይ ከፍተኛ ለውጥ እንደሚያመጣ የንግድ ማኅበሩ አባላት ተስፋ አድርገዋል። በቅርቡ ደግሞ በከተማዋ ውስጥ የሚገኙ ሌሎች አራት አካባቢዎችን ለማካተት የሚያስችል ዕቅድ ተይዟል።

የዝቅታ ዲጂታል ባንክ ለነጋዴዎች በነፃ ያከፋፈለው የኤሌክትሮኒክስ መክፈያ መሣሪያ ብዛት ስንት ነው?"
comprehension|194#1,comprehension,,technology,"ጽሑፉን በጥንቃቄ አንብባችሁ ጥያቄውን ከጽሑፉ በመነሳት መልሱ።

Context:
በአቢሲኒያ የቴክኖሎጂ ማዕከል ውስጥ በታቀደው ልዩ መርሃ ግብር መሠረት አዲስ የሞባይል ስልክ ሞዴል በሰኔ ወር ለገበያ ቀርቧል። የሉሚና ኮርፖሬሽን የሰሯቸው እነዚህ ስልኮች በውስጣቸው ከፍተኛ አቅም ያለው የባትሪ መጠን እና ፈጣን የኢንተርኔት ግንኙነት ይዘዋል። የድርጅቱ የቴክኒክ መምሪያ አባል የሆኑት ወይዘሪት ሳራ አቤል እንደገለጹት ስልኩ በአንድ ጊዜ ለሁለት ቀን ሙሉ አገልግሎት መስጠት ይችላል። ስልኩ በከተማዋ ውስጥ በሚገኙ አሥራ ሁለት ዋና ዋና መሸጫ ማዕከላት ብቻ ለተጠቃሚዎች እንዲቀርብ ተደርጓል። የሽያጭ ሂደቱን ለማቀላጠፍ በሞባይል መተግበሪያ አማካኝነት ቅድመ ክፍያ መፈጸም እንደሚቻል ተገልጿል። በሽያጩ ወቅት በየቀኑ መቶ አዳዲስ ደንበኞችን ለመሳብ ልዩ የዋጋ ቅናሽ ተደርጓል። የቴክኖሎጂ ባለሙያዎች ስልኩን ለመጠቀም የሚያስፈልጉ መሠረታዊ መመሪያዎችን በቪዲዮ ለደንበኞች እያቀረቡ ይገኛሉ።

አዲሱ የሉሚና ኮርፖሬሽን ስልክ በአንድ ጊዜ ለስንት ቀናት አገልግሎት መስጠት ይችላል?"
comprehension|194#2,comprehension,,technology,"የተሰጠውን ጽሑፍ በጥንቃቄ ካነበብክ በኋላ የቀረበውን ጥያቄ መልስ።

ጽሑፍ፡ በአዲሱ የዘመናዊ መገናኛ ዘዴዎች መመሪያ መሠረት በወርቅ ከተማ ውስጥ የሚገኙ የሞባይል ገንዘብ ተጠቃሚዎች አዲስ ደንብ ተፈጠረ። የከተማዋ የፋይናንስ ተቆጣጣሪ ኮሚሽን በሰኔ ፳፭ ዓ.ም ከወደፊት የገንዘብ ዝውውር ስጋቶችን ለመከላከል አዲስ መመሪያ አውጥቷል። በዚህ መመሪያ መሠረት ማንኛውም ሰው ከአንድ ሺህ ብር በላይ በሞባይል ለመላክ ሲፈልግ የሁለት ደረጃ ማረጋገጫ ኮድ መጠቀም አለበት። የኮሚሽኑ ተወካይ አቶ ታደሰ በቀለ እንደገለጹት ይህ እርምጃ የደንበኞችን ገንዘብ ከሌቦች ለመጠበቅ ወሳኝ ነው። በከተማዋ ውስጥ የሚገኙ አምስት ዋና ዋና የሞባይል አገልግሎት ሰጪ ድርጅቶች ይህንን አዲስ ደንብ ተግባራዊ ለማድረግ ተስማምተዋል። ደንቡ ተግባራዊ ከመደረጉ በፊት ለሦስት ወራት የሚቆይ የሙከራ ጊዜ እንዲኖር ተወስኗል። ማንኛውም ደንቡን የማይከተል ድርጅት በከፍተኛ የገንዘብ ቅጣት እንደሚቀጣ ኮሚሽኑ አስታውቋል። ይህ አዲስ ሥርዓት በከተማዋ ያለውን የዲጂታል የገንዘብ ደህንነት በከፍተኛ ደረጃ ያሻሽለዋል።

ጥያቄ፡ በወርቅ ከተማ አዲስ መመሪያ መሠረት ከአንድ ሺህ ብር በላይ ለመላክ ምን ዓይነት ማረጋገጫ ያስፈልጋል?"
comprehension|195#0,comprehension,,technology,"ጽሑፉን አንብበህ ጥያቄውን መልስ፡

ጽሑፍ፡ በሰኔ ፲፪ ቀን በታላቁ የዞዲያክ ከተማ ውስጥ በሚገኘው የዲጂታል መገናኛ ማዕከል በሰላም አበበ የተባለ ባለሙያ አዲስ የሶሻል ሚዲያ መተግበሪያ ለገበያ አቀረበ። ይህ መተግበሪያ በሰላም አበበ አማካኝነት በሰባት ሚሊዮን ተጠቃሚዎች ዘንድ በፍጥነት ተሰራጭቶ በታላቁ የዞዲያክ ከተማ የቴክኖሎጂ ማህበር ከፍተኛ እውቅና አግኝቷል። አዲሱ መተግበሪያ ተጠቃሚዎች መረጃዎችን በሰላማዊ መንገድ እንዲለዋወጡ የሚያስችል ልዩ የደህንነት ስርዓት በውስጡ አካትቷል።

ጥያቄ፡ በሰላም አበበ አማካኝነት ለገበያ የቀረበው አዲስ መተግበሪያ ምን ዓይነት ልዩ ስርዓት በውስጡ አካትቷል?"
comprehension|195#1,comprehension,,technology,"ከዚህ በታች የቀረበውን መረጃ በመጠቀም ለጥያቄው መልስ ስጥ።

Context:
የአርክታስ የቴክኖሎጂ ድርጅት በጁላይ ፭ ቀን በወጣው መግለጫ መሰረት በኢንተርኔት አጠቃቀም ላይ ከፍተኛ ለውጥ የሚያመጣ አዲስ የሳተላይት መረብ ለመዘርጋት ፭ ቢሊዮን ብር መድቧል። ይህ ግዙፍ ፕሮጀክት በሰሜናዊው የብሉ ስካይ ክልል ውስጥ የሚገኙ የገጠር መንደሮችን ከዓለም አቀፍ የኢንተርኔት መረብ ጋር ለማገናኘት የታለመ ነው። የድርጅቱ ዋና ስራ አስኪያጅ አቶ ኬሩማ በሰጡት መግለጫ ፕሮጀክቱ እስከ ታህሳስ ወር ድረስ ተጠናቆ ስራ እንዲጀምር እንደሚጠበቅ ገልጸዋል።

የአርክታስ የቴክኖሎጂ ድርጅት አዲስ የሳተላይት መረብ ለመዘርጋት መድቦ ያቀረበው የገንዘብ መጠን ስንት ነው?"
comprehension|195#2,comprehension,,technology,"ንባቡን መሠረት በማድረግ ጥያቄውን መልስ።

Context:
በመጋቢት ፳ ቀን በኒዮ-ሲቲ የሳይበር ደህንነት ተቋም በኩል በታላቁ የኔትወርክ መረብ ላይ ከፍተኛ ጥቃት ለመፈጸም የሞከሩ የሳይበር ወንጀለኞች በቁጥጥር ስር መዋላቸው ታውቋል። በዚሁ ጥቃት ምክንያት በታላቁ የኔትወርክ መረብ ላይ ለሁለት ሰዓታት ያህል የኢንተርኔት አገልግሎት መቋረጥ የነበረ ቢሆንም አሁን ግን አገልግሎቱ ሙሉ በሙሉ ተመልሷል። ተቋሙ ለወንጀለኞቹ በሰጠው መግለጫ የዲጂታል መረጃዎችን ለመስረቅ የታለመው ሙከራ በቴክኒክ ባለሙያዎች ጥረት ሳይሳካ መቅረቱን አረጋግጧል።

በኒዮ-ሲቲ የሳይበር ደህንነት ተቋም መግለጫ መሰረት የኢንተርኔት አገልግሎቱ ለምን ለሁለት ሰዓታት ያህል ተቋርጦ ነበር?"
comprehension|196#1,comprehension,,technology,"ከሚከተለው ጽሑፍ በመነሳት ጥያቄውን መልስ።

በሰሜን ኢትዮጵያ በጎንደር ተራራማ አካባቢ የሚገኘው የንጋት የግብርና ተቋም በዘመናዊ የሰው ሰራሽ አስተውሎት መሣሪያዎች እርሻን ለማዘመን አዲስ ዕቅድ አውጥቷል። ተቋሙ በኅዳር ወር ውስጥ በታዋቂዋ ሳይንቲስት ወይዘሮ አልማዝ አበበ መሪነት የዲጂታል መረጃ አሰባሰብ መሣሪያዎችን ለገበሬዎች ማከፋፈል ይጀምራል። እነዚህ መሣሪያዎች የአፈርን እርጥበትና የሰብል በሽታዎችን በከፍተኛ ትክክለኛነት በመለየት ለገበሬዎች በየቀኑ መረጃ በሞባይል ስልክ በኩል ይልካሉ። ተቋሙ ለዚህ ዘመናዊ የግብርና ለውጥ አምስት መቶ ሺህ ብር የሚያወጣ የዲጂታል መሠረተ ልማት ግንባታ ሥራ በዝግጅት ላይ መሆኑን ገልጿል። የንጋት የግብርና ተቋም ሰራተኞች ይህ ቴክኖሎጂ የሰብል ምርታማነትን በሁለት እጥፍ እንደሚያሳድገው በዝርዝር ማብራሪያ ሰጥተዋል።

ጥያቄ፡ የንጋት የግብርና ተቋም ለዲጂታል መሠረተ ልማት ግንባታ የሚያወጣው የገንዘብ መጠን ስንት ነው?"
comprehension|196#2,comprehension,,technology,"ከዚህ በታች የቀረበውን መረጃ በመጠቀም ለጥያቄው መልስ ስጥ።

Context:
በአዲስ አበባ ከተማ ውስጥ በሚገኘው የብሩክ የትምህርት ማዕከል ውስጥ የሰው ሰራሽ አስተውሎት ትምህርት ለመስጠት አዲስ የሥልጠና ፕሮግራም ተጀምሯል። ይህ ፕሮግራም በጥር ወር መጀመሪያ ላይ በባለሙያው አቶ ታደሰ ካሳ ተዘጋጅቶ ለሁለት መቶ ተማሪዎች በነጻ እንዲሰጥ ተደርጓል። ተማሪዎቹ ስለ ኮምፒውተር አእምሮ አሠራርና ስለ መረጃ ትንተና ጥልቅ ግንዛቤ እንዲያገኙ ለማድረግ የተለያዩ ተግባራዊ ልምምዶች ተካተዋል። የትምህርት ማዕከሉ አስተዳደር ይህ ሥልጠና ለወጣቶች የቴክኖሎጂ ዕውቀትን ለማሳደግና ለወደፊት ሥራ ለመዘጋጀት ትልቅ ዕድል እንደሆነ ገልጿል። ሥልጠናው በየሳምንቱ እሁድ ጠዋት በማዕከሉ ውስጥ በሚገኙ ዘመናዊ የኮምፒውተር ክፍሎች ውስጥ እንደሚካሄድ ተገልጿል።

በብሩክ የትምህርት ማዕከል የሚሰጠው የሰው ሰራሽ አስተውሎት ሥልጠና በሳምንት የትኛው ቀን ይካሄዳል?"
comprehension|197#0,comprehension,,technology,"ንባቡን መሠረት በማድረግ ጥያቄውን መልስ።

Context:
በኢትዮጵያ ውስጥ የፀሐይ ብርሃን ጉልበትን መጠቀም ለሀገሪቱ የኤሌክትሪክ ፍላጎት መሟላት ትልቅ ሚና ይጫወታል። በየአካባቢው የሚገኙ ሰፊ ሜዳዎች ለፀሐይ ፓነሎች ዝርጋታ በጣም ተስማሚ የሆኑ የተፈጥሮ መልክዓ ምድር አላቸው። እነዚህ የፀሐይ ፓነሎች የፀሐይን ብርሃን በቀጥታ ወደ ኤሌክትሪክ ሃይል በመቀየር ለቤቶችና ለፋብሪካዎች አገልግሎት ይሰጣሉ። በቅርብ ጊዜ በተሰሩ አዳዲስ የፀሐይ ማዕከላት አማካኝነት በገጠር አካባቢዎች ለሚኖሩ ማህበረሰቦች የኤሌክትሪክ አገልግሎት ተደራሽነት እየጨመረ መጥቷል። የፀሐይ ጉልበትን መጠቀም የአየር ብክለትን ለመቀነስና የአካባቢ ጥበቃን ለማረጋገጥ ከፍተኛ አስተዋፅኦ የሚያደርግ ዘላቂ የሃይል ምንጭ ነው። የፀሐይ ፓነሎች ለመጫን የሚያስፈልገው ቦታ በከፍተኛ ሁኔታ ሊሰፋ ቢችልም የሃይል ምርታማነታቸው ግን በጣም ከፍተኛ ነው። መንግስት ለዚህ ዘርፍ የሚያስፈልገውን የገንዘብ ድጋፍና የቴክኖሎጂ ሽግግር ለማሳለጥ የተለያዩ ስልቶችን እየቀረጸ ይገኛል። የፀሐይ ጉልበት ቴክኖሎጂን በስፋት መጠቀም የሀገሪቱን የኢኮኖሚ እድገት ለማፋጠንና የኤሌክትሪክ እጥረት ለመቅረፍ ይረዳል።

የፀሐይ ፓነሎች የፀሐይን ብርሃን ወደ ምን ዓይነት የሃይል ዓይነት ይቀይራሉ?"
comprehension|197#1,comprehension,,technology,"ጽሑፉን በጥንቃቄ አንብባችሁ ጥያቄውን ከጽሑፉ በመነሳት መልሱ።

Context:
በኢትዮጵያ የፀሐይ ጉልበት ዘርፍ ውስጥ የባትሪ ማከማቻ ቴክኖሎጂን መጠቀም ለስኬታማነቱ ወሳኝ የሆነ ጉዳይ ነው። የፀሐይ ብርሃን በሌለባቸው የሌሊት ሰዓታት ውስጥም የኤሌክትሪክ አገልግሎት እንዲኖር እነዚህ ባትሪዎች አስፈላጊ ናቸው። ባትሪዎቹ በቀን ውስጥ የተመረተውን ትርፍ የኤሌክትሪክ ሃይል በመያዝ ለሌላ ጊዜ እንዲውል ያደርጋሉ። የባትሪ ማከማቻ ሥርዓቶች በፀሐይ ማዕከላት ውስጥ ተገቢውን የቴክኒክ ጥበቃና ክትትል ካላገኙ ዕድሜያቸው ሊያጥር ይችላል። በአሁኑ ወቅት በሀገሪቱ ውስጥ የሚገኙ የፀሐይ ማዕከላት አብዛኞቹ በቀጥታ ለተጠቃሚዎች አገልግሎት ለመስጠት የባትሪ ቴክኖሎጂን እየተጠቀሙ ነው። የባትሪ ዋጋ መቀነስ ለዚህ ዘርፍ እድገት ትልቅ ዕድል የሚፈጥር ሲሆን የቴክኖሎጂ አቅርቦቱም እየተሻሻለ መጥቷል። የባትሪዎችን ጥራትና አቅም በየጊዜው መፈተሽ የሃይል አቅርቦቱ ሳይቋረጥ እንዲቀጥል ለማድረግ በጣም አስፈላጊ ተግባር ነው። ይህ የቴክኖሎጂ መሻሻል በኢትዮጵያ የፀሐይ ጉልበት ልማት ላይ አዲስ ምዕራፍ እንደሚከፍት ይጠበቃል።

በፀሐይ ማዕከላት ውስጥ የባትሪ ማከማቻ ሥርዓቶች ለምን አስፈላጊ ሆነ?"
comprehension|197#2,comprehension,,technology,"ይህን ምንባብ መሠረት በማድረግ ለጥያቄው መልስ ስጥ።

ምንባብ፡ የፀሐይ ጉልበት ቴክኖሎጂን በገጠር አካባቢዎች ለሚገኙ ትናንሽ የግብርና ምርቶች ማቀነባበሪያ ማሽኖች መጠቀም ይቻላል። እነዚህ ማሽኖች በፀሐይ ብርሃን የሚሰሩ በመሆናቸው ለገበሬዎች የኤሌክትሪክ ወጪን በከፍተኛ ሁኔታ ይቀንሳሉ። ለምሳሌ የፀሐይ ጉልበትን በመጠቀም የሚሰሩ የውሃ ፓምፖች ለተክሎች ውሃ ለማቅረብ በጣም ጠቃሚ ናቸው። እነዚህ ፓምፖች የነዳጅ ፍጆታንና የአየር ብክለትን በማስቀረት ለተፈጥሮ ምህዳር ምቹ የሆኑ የግብርና ዘዴዎችን ይደግፋሉ። የፀሐይ ጉልበት ማሽኖች ለመጠገን ቀላልና ረጅም ጊዜ የሚያገለግሉ በመሆናቸው ለገበሬዎች አስተማማኝ የሥራ መሣሪያዎች ናቸው። በፀሐይ ጉልበት የሚሰሩ ማሽኖችን መጠቀም የግብርና ምርታማነትን ለማሳደግና የምግብ ዋስትናን ለማረጋገጥ ይረዳል። የቴክኖሎጂው ዋጋ መጀመሪያ ላይ ከፍ ቢልም በረጅም ጊዜ ውስጥ የሚገኘው ጥቅም እጅግ ከፍተኛ ነው። የገበሬዎች የፀሐይ ጉልበት መሣሪያዎችን አጠቃቀም ማሳደግ የሀገሪቱን የግብርና ዘርፍ ለማዘመን ትልቅ አቅም ይፈጥራል።

ጥያቄ፡ የፀሐይ ጉልበት ውሃ ፓምፖች ለገበሬዎች የሚሰጡት ዋና ጥቅሞች ምንድን ናቸው?"
comprehension|198#0,comprehension,,technology,"እባክዎን ከታች ያለውን ጽሑፍ አንብበው ለሚከተለው ጥያቄ መልስ ይስጡ።

Context:
ኮምፒውተር መረጃዎችን በፍጥነት ለማቀናበር እና ለተለያዩ ስራዎች ለመጠቀም የሚያገለግል በጣም አስፈላጊ የሆነ የኤሌክትሮኒክስ መሳሪያ ነው። ይህ መሣሪያ መረጃዎችን ለመቀበል እና ለማከማቸት እንዲሁም ለተጠቃሚዎች ግልጽ በሆነ መንገድ ለማቅረብ የሚያስችሉ የተለያዩ ክፍሎችን በውስጡ ይይዛል። የኮምፒውተር ዋና ክፍሎች እንደ ማቀናበሪያ እና ማከማቻ ያሉ መሣሪያዎችን በማቀናጀት ውስብስብ የሆኑ የሂሳብ ስሌቶችን እና የጽሁፍ ስራዎችን በሰላም ማከናወን ይችላሉ።

ኮምፒውተር መረጃዎችን ለማቀናበር እና ለተለያዩ ስራዎች ለመጠቀም የሚያገለግል ምን ዓይነት መሳሪያ ነው?"
comprehension|198#1,comprehension,,technology,"ምንባቡን ካነበብሽ በኋላ ለጥያቄው መልስ ስጪ።

Context:
የኮምፒውተር ማህደረ ትውስታ በሁለት ዋና ዋና ክፍሎች ማለትም በጊዜያዊ እና በቋሚ መረጃ ማከማቻዎች ተከፍሎ ሊታይ ይችላል። ጊዜያዊ መረጃ ማከማቻው ኮምፒውተሩ እየሰራ ባለበት ወቅት አስፈላጊ የሆኑ መረጃዎችን በከፍተኛ ፍጥነት ለመያዝ የሚያገለግል ሲሆን ስራው ሲቆም መረጃዎቹ ይጠፋሉ። በሌላ በኩል ቋሚ መረጃ ማከማቻው ደግሞ ኮምፒውተሩ ቢጠፋም እንኳ ፋይሎችን እና መረጃዎችን ለረጅም ጊዜ ሳይጠፉ እንዲቆዩ የማድረግ ትልቅ አቅም አለው።

ጊዜያዊ መረጃ ማከማቻው ስራው ሲቆም ምን ዓይነት ሁኔታ ይስተዋላል?"
comprehension|198#2,comprehension,,technology,"ከሚከተለው ጽሑፍ በመነሳት ጥያቄውን መልስ።

የኮምፒውተር መግቢያ መሳሪያዎች ለተጠቃሚው ከኮምፒውተሩ ጋር በቀጥታ ግንኙነት እንዲፈጥር እና ትዕዛዞችን እንዲሰጥ የሚያስችሉ ወሳኝ መሣሪያዎች ናቸው። ለምሳሌ እንደ አይጥ እና እንደ ሰሌዳ ያሉ መሳሪያዎች ተጠቃሚው በስክሪኑ ላይ ያሉ ነገሮችን እንዲቆጣጠር እና የተለያዩ የጽሁፍ ስራዎችን እንዲከታተል ይረዳሉ። እነዚህ መሳሪያዎች ያለ እነሱ ኮምፒውተሩን በብቃት መጠቀም እና የተለያዩ የዲጂታል ስራዎችን ማከናወን በጣም አስቸጋሪ እና የማይቻል ይሆናል።

ጥያቄ፡ ተጠቃሚው በስክሪኑ ላይ ያሉ ነገሮችን እንዲቆጣጠር እና የጽሁፍ ስራዎችን እንዲከታተል የሚረዱ መሳሪያዎች የትኞቹ ናቸው?"
comprehension|199#0,comprehension,,technology,"ከዚህ በታች ያለውን ምንባብ አንብበህ ጥያቄውን መልስ።

Context:
በአሁኑ ጊዜ በኢንተርኔት ዓለም ውስጥ የዲጂታል ደህንነት መጠበቅ እጅግ በጣም አስፈላጊና የግል ሕይወትን ለመጠበቅ የሚረዳ ትልቅ ተግባር ነው። የሰዎች የግል መረጃዎች በሳይበር ጥቃት ሰለባ እንዳይሆኑ በየጊዜው ጠንካራ የይለፍ ቃላትን መጠቀምና ለውጥ ማድረግ ያስፈልጋል። የሁለትዮሽ ማረጋገጫ ዘዴን በመጠቀም የኢሜይል እና የማኅበራዊ ሚዲያ አካውንቶችን ከማይታወቁ ሰዎች ጥቃት በከፍተኛ ሁኔታ መከላከል ይቻላል። አጠራጣሪ የሆኑ ሊንኮችን ወይም መልዕክቶችን ሲቀበሉ ሳይመረምሩ አለመክፈት ለተለያዩ የዲጂታል ስርቆቶች መጋለጥን significantly ይቀንሳል። የኮምፒውተር ሶፍትዌሮችን በየጊዜው ማዘመን ለደህንነት መከላከያ የሚሆኑ አዳዲስ መመሪያዎችን ስለሚይዙ ለጥቃት የመጋለጥ ዕድልን በጣም ዝቅ ያደርጋል። የዲጂታል መረጃዎችን ለሌሎች ሰዎች በነጻ አለመስጠት ለደህንነት መረጋገጥ መሰረታዊ የሆነ የጥንቃቄ እርምጃ ነው።

የሁለትዮሽ ማረጋገጫ ዘዴን መጠቀም ለምን እንደሚያስፈልግ በጽሑፉ ውስጥ የተጠቀሰውን ምክንያት ግለጽ?"
comprehension|199#1,comprehension,,technology,"ይህን ምንባብ መሠረት በማድረግ ለጥያቄው መልስ ስጥ።

ምንባብ፡ በዲጂታል መድረኮች ላይ የሚታዩ የማጭበርበሪያ ዘዴዎች ሰዎችን ለመበዝበዝና የግል መረጃዎችን ለመስረቅ የተለያዩ መንገዶችን ይጠቀማሉ። አጭበርባሪዎች ብዙ ጊዜ እውነተኛ የሚመስሉ የባንክ መልዕክቶችን ወይም የሽልማት ማስታወቂያዎችን በመላክ ሰዎችን ለማታለል ይሞክራሉ። እነዚህ ሰዎች የተጠቃሚዎችን የባንክ መለያ ቁጥርና ሚስጥራዊ የይለፍ ቃላት ለማግኘት ከፍተኛ ጥረት ያደርጋሉ። ማንኛውንም ያልታወቀ የኢንተርኔት ማስታወቂያ ወይም የገንዘብ ስጦታ መልዕክት ሲደርስ ጥንቃቄ ማድረግ ለደህንነት ወሳኝ ነው። የዲጂታል መረጃዎችን ለሌሎች ሰዎች በነጻ አለመስጠት ለደህንነት መረጋገጥ መሰረታዊ የሆነ የጥንቃቄ እርምጃ ነው። በማንኛውም ሁኔታ የማያውቁትን ሰው የባንክ መረጃ መጠየቅን በፍጹም መቀበል የለብንም።

ጥያቄ፡ አጭበርባሪዎች ሰዎችን ለማታለል የሚጠቀሙባቸው ሁለት ዋና ዋና መንገዶች ምን ምን ናቸው?"
translation|4#0,translation,EN2AM,history,"ከታች ያለውን English ጽሑፍ ወደ አማርኛ ተርጉም።

Context:
The ancient Egyptians built massive pyramids near the Nile River."
translation|4#1,translation,EN2AM,history,"ከእንግሊዝኛ ወደ አማርኛ ተርጉም።

Context:
Which civilization is known for inventing the first writing system called cuneiform?"
translation|4#3,translation,EN2AM,history,"የሚከተለውን የእንግሊዝኛ ጽሑፍ ወደ አማርኛ ተርጉም፡ ""Tell me about the daily life of people living in the Indus Valley."""
translation|4#4,translation,EN2AM,history,"የሚከተለውን የእንግሊዝኛ ዓረፍተ ነገር ወደ አማርኛ ተርጉም።

Context:
Ancient Greek city-states often had different laws and leaders."
translation|4#6,translation,EN2AM,history,"Translate the following English text into clear and natural Amharic: ""Trade routes connected many distant empires through the desert sands."""
translation|4#7,translation,EN2AM,history,"የሚከተለውን የእንግሊዝኛ ጽሑፍ ወደ አማርኛ ተርጉም፡ ""Many early civilizations started in river valleys to help with farming."""
translation|5#0,translation,AM2EN,history,"እባክዎን ይህን የአማርኛ ጽሑፍ በእንግሊዝኛ ይተርጉሙ።

Context:
በሃያኛው ክፍለ ዘመን መጀመሪያ ላይ በአፍሪካ አህጉር ውስጥ የነበሩት የቅኝ ግዛት ኃይሎች ተጽዕኖ በጣም ከፍተኛ ነበር።"
translation|5#1,translation,AM2EN,history,"ይህን አማርኛ ጽሑፍ ወደ እንግሊዝኛ ተርጉምልኝ።

Context:
ዓለም አቀፍ ጦርነቶች በኢትዮጵያ የፖለቲካ ሁኔታ ላይ ከፍተኛ ለውጥ አምጥተዋል። የሀገሪቱ የውጭ ግንኙነትም ተቀይሯል።"
translation|5#2,translation,AM2EN,history,"ይህን አማርኛ ጽሑፍ ወደ እንግሊዝኛ ተርጉምልኝ።

Context:
በወቅቱ የነበረው የዓለም ኢኮኖሚ መዋቅር በሁለት ትልልቅ ኃይሎች መካከል ተከፍሎ ነበር።"
translation|5#3,translation,AM2EN,history,ይህን አማርኛ ወደ እንግሊዝኛ ተርጉምልኝ፡ በአፍሪካ ነፃነት ለሚታገሉ አገራት የኢትዮጵያ የዲፕሎማሲ ጥረት ትልቅ ድጋፍ ሰጥቷል።
translation|5#4,translation,AM2EN,history,"ከታች ያለውን የአማርኛ ጽሑፍ ወደ English ተርጉም።

Context:
የቴክኖሎጂ እድገት በዓለም ላይ የነበረውን የጦርነት ስልት ሙሉ በሙሉ ለውጦታል።"
translation|5#5,translation,AM2EN,history,"ከአማርኛ ወደ እንግሊዝኛ ተርጉም።

Context:
በሃያኛው ክፍለ ዘመን አጋማሽ ላይ የተከሰቱት ማህበራዊ ለውጦች በከተሞች ውስጥ የሚኖሩ ሰዎችን ሕይወት ቀይረውታል።"
translation|5#6,translation,AM2EN,history,"Translate into English:

የዓለም አቀፍ ድርጅቶች መመሥረት ለሀገራት ሰላም አስፈላጊ ነበር።"
translation|5#7,translation,AM2EN,history,"እባክዎን ይህን የአማርኛ ጽሑፍ በእንግሊዝኛ ይተርጉሙ።

Context:
በወቅቱ የነበሩት የንግድ መስመሮች በባህር ላይ የነበረው የሰላም ሁኔታ ላይ በእጅጉ የተመሰረቱ ነበሩ።"
translation|6#1,translation,EN2AM,health,"Translate into Amharic:

To prevent malaria, make sure there is no stagnant water around your house."
translation|6#3,translation,EN2AM,health,"እባክዎን ይህን የእንግሊዝኛ ጽሑፍ ወደ አማርኛ ይተርጉሙ።

Context:
If you feel feverish or have chills, please visit a health center immediately."
translation|6#4,translation,EN2AM,health,"ከእንግሊዝኛ ወደ አማርኛ ተርጉም።

Context:
Are you using mosquito repellent creams when you go outside at night?"
translation|6#5,translation,EN2AM,health,Please translate this to Amharic: Regularly cleaning the drains near your home helps stop mosquitoes from breeding.
translation|6#6,translation,EN2AM,health,"እባክዎን ይህን የእንግሊዝኛ ጽሑፍ ወደ አማርኛ ይተርጉሙ።

Context:
Mosquito control is a shared responsibility for every member of the community."
translation|6#7,translation,EN2AM,health,"የሚከተለውን የእንግሊዝኛ ዓረፍተ ነገር ወደ አማርኛ ተርጉም።

Context:
Using indoor residual spraying is an effective way to keep your family safe."
translation|7#0,translation,AM2EN,health,"ከታች ያለውን የአማርኛ ጽሑፍ ወደ English ተርጉም።

Context:
ነፍሰ ጡር ሴቶች በየወሩ ቢያንስ አንድ ጊዜ ወደ ጤና ጣቢያ በመሄድ ክትትል ማድረግ አለባቸው።"
translation|7#1,translation,AM2EN,health,"Translate the following Amharic text into English: ""ሕፃናት በቂ ቫይታሚን እንዲያገኙ በየጊዜው የተመከረውን የተመጣጠነ ምግብ መስጠት በጣም አስፈላጊ ነው።"""
translation|7#3,translation,AM2EN,health,"ከታች ያለውን የአማርኛ ጽሑፍ ወደ English ተርጉም።

Context:
በመውለጃ ወቅት የደም ማነስ ካለ በጤና ባለሙያ የታገዘ እርዳታ በፍጥነት ማግኘት ያስፈልጋል።"
translation|7#4,translation,AM2EN,health,ይህን አማርኛ ወደ እንግሊዝኛ ተርጉምልኝ፡ እናቶች በጡት ማጥባት ወቅት ንጽህናቸውን መጠበቅና በቂ ውሃ መጠጣት ይኖርባቸዋል።
translation|7#5,translation,AM2EN,health,"ከአማርኛ ወደ እንግሊዝኛ ተርጉም።

Context:
ሕፃናት ከቁስለታ በሽታ ለመጠበቅ በወቅቱ መከተል ያለባቸው የክትባት መርሃ ግብር አለ።"
translation|7#6,translation,AM2EN,health,"ከአማርኛ ወደ እንግሊዝኛ ተርጉም።

Context:
የተመጣጠነ ምግብ ለ grows ለሚያድግ ሕፃን አካላዊና አእምሯዊ እድገት ወሳኝ ነው።"
translation|7#7,translation,AM2EN,health,"እባክዎን ይህን የአማርኛ ጽሑፍ በእንግሊዝኛ ይተርጉሙ።

Context:
እርግዝና ከመጀመሩ በፊት የብረትና የፎሊክ አሲድ ክኒኖችን መውሰድ ለሕፃኑ ጤና ይረዳል።"
translation|8#0,translation,EN2AM,health,"ከታች ያለውን English ጽሑፍ ወደ አማርኛ ተርጉም።

Context:
Eating a variety of colorful vegetables provides essential vitamins for your body."
translation|8#1,translation,EN2AM,health,"የሚከተለውን የእንግሊዝኛ ጽሑፍ ወደ አማርኛ ተርጉም፡ ""How much water should an average adult drink every single day to stay hydrated?"""
translation|8#3,translation,EN2AM,health,"የሚከተለውን የእንግሊዝኛ ዓረፍተ ነገር ወደ አማርኛ ተርጉም።

Context:
Proteins are necessary for muscle growth. You can find them in beans and meat."
translation|8#4,translation,EN2AM,health,"የሚከተለውን የእንግሊዝኛ ዓረፍተ ነገር ወደ አማርኛ ተርጉም።

Context:
Please explain the difference between healthy fats and unhealthy fats in simple terms."
translation|8#5,translation,EN2AM,health,"ከእንግሊዝኛ ወደ አማርኛ ተርጉም።

Context:
A balanced diet must include carbohydrates, proteins, and healthy fats in the right amounts."
translation|8#7,translation,EN2AM,health,"ይህን እንግሊዝኛ ጽሑፍ ወደ አማርኛ ተርጉምልኝ።

Context:
Is it better to eat whole grains instead of refined white flour for digestion?"
translation|9#0,translation,AM2EN,health,"እባክዎን ይህን የአማርኛ ጽሑፍ በእንግሊዝኛ ይተርጉሙ።

Context:
ከምግብ ከመብላትዎ በፊት እና ከመጸዳጃ ቤት መጠቀም በኋላ እጅዎን በሳሙና እና በፈሳሽ ውሃ በሚገባ መታጠብ አለብዎት።"
translation|9#1,translation,AM2EN,health,"ይህን አማርኛ ጽሑፍ ወደ እንግሊዝኛ ተርጉምልኝ።

Context:
በአካባቢዎ የሚገኙ የቆሻሻ ማስወገጃ ጉድጓዶች በዝግ መሆን አለባቸው። ይህ በሽታ እንዳይሰራጭ ይረዳል።"
translation|9#2,translation,AM2EN,health,"ይህን አማርኛ ጽሑፍ ወደ እንግሊዝኛ ተርጉምልኝ።

Context:
ለአትክልት እና ለፍራፍሬ አዘገጃጀት የሚጠቀሙትን ውሃ መቅላት ወይም በንጹህ ውሃ መታጠብ በጣም አስፈላጊ ነው።"
translation|9#4,translation,AM2EN,health,"Translate the following Amharic text into English: ""በቤት ውስጥ የሚጠቀሙት የውሃ ማጠራቀሚያ ዕቃዎች ሁልጊዜ በደንብ መሸፈን አለባቸው።"""
translation|9#5,translation,AM2EN,health,"ከታች ያለውን የአማርኛ ጽሑፍ ወደ English ተርጉም።

Context:
የተለያዩ ተላላፊ በሽታዎችን ለመከላከል የግል ንጽህናን መጠበቅ መሰረታዊ ተግባር ነው።"
translation|9#6,translation,AM2EN,health,"ይህን አማርኛ ጽሑፍ ወደ እንግሊዝኛ ተርጉምልኝ።

Context:
የልጆች የልብስ እና የቆዳ ንጽህና ለጤናማ እድገታቸው ትልቅ አስተዋጽኦ አለው።"
translation|9#7,translation,AM2EN,health,"Translate into English:

በአካባቢያችን የሚገኙ የውሃ ጉድጓዶች ከቆሻሻ ማስወገጃ ቦታዎች ራቅ ብለው መገኘት አለባቸው።"
translation|10#0,translation,EN2AM,health,"ከእንግሊዝኛ ወደ አማርኛ ተርጉም።

Context:
Vaccinations protect your children from many dangerous and preventable diseases."
translation|10#1,translation,EN2AM,health,"ይህን እንግሊዝኛ ጽሑፍ ወደ አማርኛ ተርጉምልኝ።

Context:
Please bring your immunization card to the clinic for your next dose."
translation|10#2,translation,EN2AM,health,"የሚከተለውን የእንግሊዝኛ ጽሑፍ ወደ አማርኛ ተርጉም፡ ""Is it safe to get the flu shot during the winter season?"""
translation|10#3,translation,EN2AM,health,"ከእንግሊዝኛ ወደ አማርኛ ተርጉም።

Context:
Herd immunity occurs when a large portion of a community becomes immune to a disease."
translation|10#4,translation,EN2AM,health,"ከታች ያለውን English ጽሑፍ ወደ አማርኛ ተርጉም።

Context:
Some people might experience mild fever or soreness after receiving a vaccine."
translation|10#5,translation,EN2AM,health,"ከታች ያለውን English ጽሑፍ ወደ አማርኛ ተርጉም።

Context:
Make sure to follow the recommended schedule to ensure full protection."
translation|10#6,translation,EN2AM,health,"እባክዎን ይህን የእንግሊዝኛ ጽሑፍ ወደ አማርኛ ይተርጉሙ።

Context:
Why are routine childhood vaccinations so important for global health?"
translation|10#7,translation,EN2AM,health,"የሚከተለውን የእንግሊዝኛ ጽሑፍ ወደ አማርኛ ተርጉም፡ ""Consult your local healthcare provider if you have questions about side effects."""
translation|11#1,translation,AM2EN,health,ይህን አማርኛ ወደ እንግሊዝኛ ተርጉምልኝ፡ በቀላል መቆረጥ ላይ በንጹህ ውሃ ታጥቦ በንጹህ ጨርቅ መሸፈን ይገባል።
translation|11#2,translation,AM2EN,health,"የሚከተለውን የአማርኛ ጽሑፍ ወደ እንግሊዝኛ ተርጉም፡ ""የሚቃጠል አካባቢን በፍጥነት በቀዝቃዛ ውሃ ለብዙ ደቂቃዎች ማቀዝቀዝ አስፈላጊ ነው።"""
translation|11#3,translation,AM2EN,health,"ከአማርኛ ወደ እንግሊዝኛ ተርጉም።

Context:
አንድ ሰው በድንገት ቢወድቅና ንቃተ ህሊናውን ቢስት መጀመሪያ የአተነፋፈስ ሁኔታውን መፈተሽ ያስፈልጋል።"
translation|11#4,translation,AM2EN,health,"Translate the following Amharic text into English: ""ከፍተኛ ትኩሳት ሲኖር ሰውየው ብዙ ፈሳሽ እንዲወስድ ማድረግና በረዶ መጠቀም ይቻላል።"""
translation|11#5,translation,AM2EN,health,"Translate into English:

ከባድ ደም መፍሰስ ካለ በቆራጥ ጨርቅ ላይ የቁስሉን ቦታ በመጫን ደሙ እንዲቆም ማድረግ ይገባል።"
translation|11#7,translation,AM2EN,health,"የሚከተለውን የአማርኛ ዓረፍተ ነገር ወደ እንግሊዝኛ ተርጉም።

Context:
አንድ ሰው በምግብ መዋጥ ሲቸገር ሆዱን በኃይል በመጫን እንዲወጣ ማድረግ ያስፈልጋል።"
translation|12#0,translation,EN2AM,science,"ከታች ያለውን English ጽሑፍ ወደ አማርኛ ተርጉም።

Context:
When the sun heats the water in Lake Tana, it turns into vapor and rises into the sky."
translation|12#1,translation,EN2AM,science,"ከእንግሊዝኛ ወደ አማርኛ ተርጉም።

Context:
Heavy rain is falling on the highlands of Wollo today."
translation|12#3,translation,EN2AM,science,"የሚከተለውን የእንግሊዝኛ ጽሑፍ ወደ አማርኛ ተርጉም፡ ""Farmers in the Rift Valley depend on the seasonal rains for their crops."""
translation|12#4,translation,EN2AM,science,"የሚከተለውን የእንግሊዝኛ ዓረፍተ ነገር ወደ አማርኛ ተርጉም።

Context:
What causes the water to flow from the mountains down to the lowlands?"
translation|12#5,translation,EN2AM,science,"የሚከተለውን የእንግሊዝኛ ዓረፍተ ነገር ወደ አማርኛ ተርጉም።

Context:
Evaporation is a very important part of the natural water cycle."
translation|12#6,translation,EN2AM,science,"ይህን እንግሊዝኛ ጽሑፍ ወደ አማርኛ ተርጉምልኝ።

Context:
The dry season in Ethiopia often leads to less water in the rivers."
translation|13#0,translation,AM2EN,science,"ይህን አማርኛ ጽሑፍ ወደ እንግሊዝኛ ተርጉምልኝ።

Context:
ተክሎች የፀሐይ ብርሃን፣ ውሃ እና ካርቦን ዳይኦክሳይድን በመጠቀም የራሳቸውን ምግብ የሚያዘጋጁበት ሂደት ፎቶሲንተሲስ ይባላል።"
translation|13#1,translation,AM2EN,science,"ከታች ያለውን የአማርኛ ጽሑፍ ወደ English ተርጉም።

Context:
በቅጠሎች ውስጥ የሚገኘው አረንጓዴ ቀለም ለፎቶሲንተሲስ ሂደት በጣም አስፈላጊ ነው።"
translation|13#2,translation,AM2EN,science,"Translate into English:

ለእጽዋት እድገት በቂ የፀሐይ ብርሃን ካልተገኘ የፎቶሲንተሲስ ሂደት ስለሚስተጓጎል ተክሎቹ ሊያረግሙ ይችላሉ።"
translation|13#3,translation,AM2EN,science,"እባክዎን ይህን የአማርኛ ጽሑፍ በእንግሊዝኛ ይተርጉሙ።

Context:
ተክሎች ምግብ ሲያዘጋጁ ኦክስጅንን ወደ አየር ይለቃሉ። ይህ ለሰው ልጆች እና ለእንስሳት መተንፈስ ወሳኝ ነው።"
translation|13#4,translation,AM2EN,science,"እባክዎን ይህን የአማርኛ ጽሑፍ በእንግሊዝኛ ይተርጉሙ።

Context:
የአንድ ተክል ቅጠል ምን ያህል አረንጓዴ ነው? ይህ የሚያሳየው በውስጡ ያለውን ክሎሮፊል መጠን ነው።"
translation|13#6,translation,AM2EN,science,"Translate the following Amharic text into English: ""ፎቶሲንተሲስ ሲከናወን ተክሎች ካርቦን ዳይኦክሳይድን በመ absorbs በማድረግ ወደ ስኳር ይቀይሩታል።"""
translation|14#0,translation,EN2AM,science,"ይህን እንግሊዝኛ ጽሑፍ ወደ አማርኛ ተርጉምልኝ።

Context:
The human heart pumps oxygenated blood through the entire body to keep cells alive."
translation|14#1,translation,EN2AM,science,"እባክዎን ይህን የእንግሊዝኛ ጽሑፍ ወደ አማርኛ ይተርጉሙ።

Context:
How do the lungs help us breathe when we are running in the field?"
translation|14#2,translation,EN2AM,science,"ከእንግሊዝኛ ወደ አማርኛ ተርጉም።

Context:
The skeletal system provides structure for our body. It also protects vital organs like the brain."
translation|14#3,translation,EN2AM,science,"የሚከተለውን የእንግሊዝኛ ዓረፍተ ነገር ወደ አማርኛ ተርጉም።

Context:
Explain the main function of the digestive system in simple terms."
translation|14#4,translation,EN2AM,science,"ከእንግሊዝኛ ወደ አማርኛ ተርጉም።

Context:
Nerves carry electrical signals from the brain to the muscles very quickly."
translation|14#5,translation,EN2AM,science,"Translate the following English text into clear and natural Amharic: ""What happens to our blood circulation when we exercise under the hot sun?"""
translation|14#6,translation,EN2AM,science,"ከእንግሊዝኛ ወደ አማርኛ ተርጉም።

Context:
The kidneys act as filters to remove waste products from our bloodstream."
translation|14#7,translation,EN2AM,science,"ይህን እንግሊዝኛ ጽሑፍ ወደ አማርኛ ተርጉምልኝ።

Context:
Identify the system responsible for transporting nutrients and oxygen throughout the body."
translation|15#0,translation,AM2EN,science,"እባክዎን ይህን የአማርኛ ጽሑፍ በእንግሊዝኛ ይተርጉሙ።

Context:
የኤሌክትሪክ ኃይል በኤሌክትሪክ ሽቦዎች አማካኝነት ከአንድ ቦታ ወደ ሌላ ቦታ ይጓዛል።"
translation|15#1,translation,AM2EN,science,"ይህን አማርኛ ጽሑፍ ወደ እንግሊዝኛ ተርጉምልኝ።

Context:
የፀሐይ ብርሃንን በመጠቀም የኤሌክትሪክ ኃይል ማመንጨት ለኢትዮጵያ ገጠር አካባቢዎች ትልቅ ጥቅም አለው።"
translation|15#3,translation,AM2EN,science,"ከታች ያለውን የአማርኛ ጽሑፍ ወደ English ተርጉም።

Context:
የኤሌክትሪክ ፍሰት መጠን የሚለካው በአምፔር ሲሆን መሣሪያውም የሚለካው በኦም ነው።"
translation|15#4,translation,AM2EN,science,"የሚከተለውን የአማርኛ ጽሑፍ ወደ እንግሊዝኛ ተርጉም፡ ""የኤሌክትሪክ ብልሽት እንዳይከሰት በቤታችን ውስጥ ያሉ ገመዶችን በየጊዜው መፈተሽ ያስፈልጋል።"""
translation|15#5,translation,AM2EN,science,"እባክዎን ይህን የአማርኛ ጽሑፍ በእንግሊዝኛ ይተርጉሙ።

Context:
የውሃ ላይ ግድቦች የሚፈጠረውን የውሃ ግፊት በመጠቀም ከፍተኛ የኤሌክትሪክ ኃይል ያመነጫሉ።"
translation|15#6,translation,AM2EN,science,"ይህን አማርኛ ጽሑፍ ወደ እንግሊዝኛ ተርጉምልኝ።

Context:
ኤሌክትሪክን ያለ ጥንቃቄ መጠቀም ለከፍተኛ አደጋ ሊዳርግ ይችላል። ስለዚህ ሁልጊዜ መጠንቀቅ አለብን።"
translation|15#7,translation,AM2EN,science,"ከታች ያለውን የአማርኛ ጽሑፍ ወደ English ተርጉም።

Context:
የኤሌክትሪክ መሣሪያዎች በብዛት ሲሰሩ ብዙ ሙቀት ስለሚያመነጩ አየር በሚገባ እንዲያገኝ ማድረግ ይገባል።"
translation|16#0,translation,EN2AM,science,"የሚከተለውን የእንግሊዝኛ ዓረፍተ ነገር ወደ አማርኛ ተርጉም።

Context:
The moon reflects the light from the sun to shine in our night sky."
translation|16#1,translation,EN2AM,science,"ከታች ያለውን English ጽሑፍ ወደ አማርኛ ተርጉም።

Context:
Why does the sun rise in the east and set in the west every day?"
translation|16#2,translation,EN2AM,science,"ከታች ያለውን English ጽሑፍ ወደ አማርኛ ተርጉም።

Context:
The Great Rift Valley in Ethiopia was formed by the movement of tectonic plates."
translation|16#3,translation,EN2AM,science,"የሚከተለውን የእንግሊዝኛ ጽሑፍ ወደ አማርኛ ተርጉም፡ ""Planets orbit the sun in a circular path through space."""
translation|16#4,translation,EN2AM,science,"ከእንግሊዝኛ ወደ አማርኛ ተርጉም።

Context:
How many days does it take for the Earth to complete one full revolution around the sun?"
translation|16#5,translation,EN2AM,science,"የሚከተለውን የእንግሊዝኛ ዓረፍተ ነገር ወደ አማርኛ ተርጉም።

Context:
Gravity is the invisible force that keeps our feet on the ground."
translation|16#6,translation,EN2AM,science,"ይህን እንግሊዝኛ ጽሑፍ ወደ አማርኛ ተርጉምልኝ።

Context:
Look at those bright stars tonight. They are very far away from our planet."
translation|17#0,translation,AM2EN,science,"እባክዎን ይህን የአማርኛ ጽሑፍ በእንግሊዝኛ ይተርጉሙ።

Context:
ምግብ ስንበስል በቅባት ውስጥ የሚፈጠረው ሙቀት ምግቡ በፍጥነት እንዲበስልና ጣዕሙ እንዲቀየር ያደርጋል።"
translation|17#1,translation,AM2EN,science,"ከአማርኛ ወደ እንግሊዝኛ ተርጉም።

Context:
ሎሚ በውስጡ የያዘው አሲድ ለምግብ መከላከያነትና ለጽዳት ስራዎች በብዛት ጥቅም ላይ ይውላል።"
translation|17#2,translation,AM2EN,science,"የሚከተለውን የአማርኛ ዓረፍተ ነገር ወደ እንግሊዝኛ ተርጉም።

Context:
ጨው በውሃ ውስጥ ሲሟሟ የጨው ቅንጣት በውሃው ውስጥ ተበታትኖ መታየት አይቻልም።"
translation|17#3,translation,AM2EN,science,"እባክዎን ይህን የአማርኛ ጽሑፍ በእንግሊዝኛ ይተርጉሙ።

Context:
የቤት ውስጥ ማጽጃዎች በኬሚካል ሂደት አማካኝነት በገጽታ ላይ ያሉትን እድፎች በቀላሉ ያስወግዳሉ።"
translation|17#4,translation,AM2EN,science,"የሚከተለውን የአማርኛ ዓረፍተ ነገር ወደ እንግሊዝኛ ተርጉም።

Context:
ለእሳት መለኮስ የሚረዱ ነገሮች ከኦክስጅን ጋር ሲገናኙ ከፍተኛ ሙቀትና ብርሃን ያመነጫሉ።"
translation|17#6,translation,AM2EN,science,"ከታች ያለውን የአማርኛ ጽሑፍ ወደ English ተርጉም።

Context:
ብረት በውሃና በአየር አማካኝነት ሲጋለጥ ቀስ በቀስ ወደ ዝገት የመቀየር ባህሪ አለው።"
translation|17#7,translation,AM2EN,science,ይህን አማርኛ ወደ እንግሊዝኛ ተርጉምልኝ፡ የቤተሰብ አባላት በየቀኑ የሚጠቀሙባቸው ሳሙናዎች በቆዳ ላይ ያለውን ቅባትና ቆሻሻ ለማስወገድ ይረዳሉ።
translation|18#0,translation,EN2AM,agriculture,"ይህን እንግሊዝኛ ጽሑፍ ወደ አማርኛ ተርጉምልኝ።

Context:
Teff is a highly nutritious ancient grain that is essential for the Ethiopian diet."
translation|18#1,translation,EN2AM,agriculture,"ይህን እንግሊዝኛ ጽሑፍ ወደ አማርኛ ተርጉምልኝ።

Context:
Make sure to plant the seeds when the soil is moist and the weather is warm."
translation|18#2,translation,EN2AM,agriculture,"ከታች ያለውን English ጽሑፍ ወደ አማርኛ ተርጉም።

Context:
Farmers must protect their cereal crops from birds and pests during the growing season."
translation|18#3,translation,EN2AM,agriculture,"የሚከተለውን የእንግሊዝኛ ጽሑፍ ወደ አማርኛ ተርጉም፡ ""How much rainfall is required for a successful teff harvest in this region?"""
translation|18#4,translation,EN2AM,agriculture,"እባክዎን ይህን የእንግሊዝኛ ጽሑፍ ወደ አማርኛ ይተርጉሙ።

Context:
Proper weeding is necessary to ensure that the grain grows strong and healthy."
translation|18#5,translation,EN2AM,agriculture,"ይህን እንግሊዝኛ ጽሑፍ ወደ አማርኛ ተርጉምልኝ።

Context:
The harvest period usually begins after the stalks turn a golden brown color."
translation|18#6,translation,EN2AM,agriculture,"ይህን እንግሊዝኛ ጽሑፍ ወደ አማርኛ ተርጉምልኝ።

Context:
Using organic fertilizer can significantly improve the yield of your cereal farm."
translation|18#7,translation,EN2AM,agriculture,"የሚከተለውን የእንግሊዝኛ ዓረፍተ ነገር ወደ አማርኛ ተርጉም።

Context:
Is it better to sow teff seeds by hand or use a mechanical seeder?"
translation|19#0,translation,AM2EN,agriculture,"ከታች ያለውን የአማርኛ ጽሑፍ ወደ English ተርጉም።

Context:
የቡና ተክል በዝናብ ወቅት በቂ እርጥበት ማግኘቱ ለጥሩ ምርት ወሳኝ ነው።"
translation|19#3,translation,AM2EN,agriculture,"እባክዎን ይህን የአማርኛ ጽሑፍ በእንግሊዝኛ ይተርጉሙ።

Context:
በቡና ማጠቢያ ወቅት ንጹህ ውሃ መጠቀም የጥራቱን ሁኔታ ይወስናል።"
translation|19#4,translation,AM2EN,agriculture,"እባክዎን ይህን የአማርኛ ጽሑፍ በእንግሊዝኛ ይተርጉሙ።

Context:
የቡና ተክሎችን ከበሽታ ለመጠበቅ በየጊዜው ማዳበሪያ መጠቀም ይገባል።"
translation|19#5,translation,AM2EN,agriculture,"ይህን አማርኛ ጽሑፍ ወደ እንግሊዝኛ ተርጉምልኝ።

Context:
በአካባቢው የሚገኙ የቡና ተክሎች በቂ የፀሐይ ብርሃን ማግኘታቸውን አረጋግጡ።"
translation|19#6,translation,AM2EN,agriculture,"ይህን አማርኛ ጽሑፍ ወደ እንግሊዝኛ ተርጉምልኝ።

Context:
የቡና ምርትን ለማሳደግ አፈርን በየወቅቱ ማዘጋጀት በጣም አስፈላጊ ነው።"
translation|19#7,translation,AM2EN,agriculture,"ይህን አማርኛ ጽሑፍ ወደ እንግሊዝኛ ተርጉምልኝ።

Context:
በቡና አሰባሰብ ወቅት የበሰሉ ፍሬዎችን ብቻ መለየት ምርታማነትን ይጨምራል።"
translation|20#0,translation,EN2AM,agriculture,"ይህን እንግሊዝኛ ጽሑፍ ወደ አማርኛ ተርጉምልኝ።

Context:
Farmers should build stone terraces on steep hillsides to prevent soil erosion during the heavy rainy season."
translation|20#2,translation,EN2AM,agriculture,"የሚከተለውን የእንግሊዝኛ ጽሑፍ ወደ አማርኛ ተርጉም፡ ""Why is it important to cover the ground with organic mulch after harvesting crops?"""
translation|20#3,translation,EN2AM,agriculture,"ይህን እንግሊዝኛ ጽሑፍ ወደ አማርኛ ተርጉምልኝ።

Context:
Do not plow the land vertically on slopes. Instead, follow the contour lines of the mountain."
translation|20#4,translation,EN2AM,agriculture,"ይህን እንግሊዝኛ ጽሑፍ ወደ አማርኛ ተርጉምልኝ።

Context:
Mulching is a great way to keep moisture in the ground and stop the topsoil from washing away."
translation|20#5,translation,EN2AM,agriculture,"ከታች ያለውን English ጽሑፍ ወደ አማርኛ ተርጉም።

Context:
Constructing small check dams in the gullies can stop the water from cutting deep into the earth."
translation|20#6,translation,EN2AM,agriculture,"ከእንግሊዝኛ ወደ አማርኛ ተርጉም።

Context:
Explain how crop rotation can improve soil health and prevent the loss of fertile land."
translation|20#7,translation,EN2AM,agriculture,"እባክዎን ይህን የእንግሊዝኛ ጽሑፍ ወደ አማርኛ ይተርጉሙ።

Context:
Keep the soil covered with grass or small plants to protect it from the hot sun and wind."
translation|21#1,translation,AM2EN,agriculture,"የሚከተለውን የአማርኛ ዓረፍተ ነገር ወደ እንግሊዝኛ ተርጉም።

Context:
በጎሳው መሠረት በቤት ውስጥ የሚደረግ የእንስሳት እንክብካቤ ዘዴዎች በየወቅቱ ሊለወጡ ይችላሉ።"
translation|21#3,translation,AM2EN,agriculture,"ይህን አማርኛ ጽሑፍ ወደ እንግሊዝኛ ተርጉምልኝ።

Context:
የከብት በሽታዎችን ለመከላከል መሬት በደንብ መጸዳዳትና በረንዳው ንጹህ መሆን ይኖርበታል።"
translation|21#4,translation,AM2EN,agriculture,"የሚከተለውን የአማርኛ ዓረፍተ ነገር ወደ እንግሊዝኛ ተርጉም።

Context:
በዝናብ ወቅት የእንስሳትን መጠለያ ከእርጥበት መጠበቅ ለጤናቸው ወሳኝ ነው።"
translation|21#5,translation,AM2EN,agriculture,"ይህን አማርኛ ጽሑፍ ወደ እንግሊዝኛ ተርጉምልኝ።

Context:
ላም በቂ እረፍት ካላገኘች ወተት የመስጠት አቅሟ ይቀንሳል።"
translation|21#6,translation,AM2EN,agriculture,"ከታች ያለውን የአማርኛ ጽሑፍ ወደ English ተርጉም።

Context:
የእንስሳት መኖ አዘገጃጀት ጥራት ለከብቶቹ የሰውነት ጥንካሬ ትልቅ ሚና ይጫወታል።"
translation|21#7,translation,AM2EN,agriculture,"ከታች ያለውን የአማርኛ ጽሑፍ ወደ English ተርጉም።

Context:
በመኖ ማከፋፈያ ወቅት ጥንቃቄ ማድረግና ንጹህ መሣሪያዎችን መጠቀም ያስፈልጋል።"
translation|22#0,translation,EN2AM,agriculture,Please translate this to Amharic: Farmers should use drip irrigation to save water during the dry season.
translation|22#1,translation,EN2AM,agriculture,"ይህን እንግሊዝኛ ጽሑፍ ወደ አማርኛ ተርጉምልኝ።

Context:
How much water does a single hectare of teff need for optimal growth?"
translation|22#2,translation,EN2AM,agriculture,"ከእንግሊዝኛ ወደ አማርኛ ተርጉም።

Context:
The river water is too muddy for the small pumps. We must clean the filters first."
translation|22#3,translation,EN2AM,agriculture,"እባክዎን ይህን የእንግሊዝኛ ጽሑፍ ወደ አማርኛ ይተርጉሙ።

Context:
Please explain the difference between furrow irrigation and basin irrigation methods."
translation|22#4,translation,EN2AM,agriculture,"እባክዎን ይህን የእንግሊዝኛ ጽሑፍ ወደ አማርኛ ይተርጉሙ።

Context:
Building a small pond near the field helps store rainwater for the crops."
translation|22#5,translation,EN2AM,agriculture,Please translate this to Amharic: Avoid watering the plants in the middle of the hot afternoon sun.
translation|22#7,translation,EN2AM,agriculture,Please translate this to Amharic: Proper water management increases the total harvest and protects the soil from erosion.
translation|23#0,translation,AM2EN,agriculture,"እባክዎን ይህን የአማርኛ ጽሑፍ በእንግሊዝኛ ይተርጉሙ።

Context:
በሰብል ላይ የሚከሰቱ በሽታዎችን ለመከላከል የተመጣጠነ ማዳበሪያ መጠቀም በጣም አስፈላጊ ነው።"
translation|23#2,translation,AM2EN,agriculture,"ይህን አማርኛ ጽሑፍ ወደ እንግሊዝኛ ተርጉምልኝ።

Context:
በተክሎች ቅጠሎች ላይ የሚታዩ ነጭ ነጠብጣቦችን በማየት የፈንገስ በሽታ መኖሩን ማወቅ ይቻላል።"
translation|23#3,translation,AM2EN,agriculture,"እባክዎን ይህን የአማርኛ ጽሑፍ በእንግሊዝኛ ይተርጉሙ።

Context:
ተክሎችን በየጊዜው መከታተል በሽታዎች ሳይስፋፉ አስቀድሞ ለመከላከል ይረዳል።"
translation|23#4,translation,AM2EN,agriculture,"ከታች ያለውን የአማርኛ ጽሑፍ ወደ English ተርጉም።

Context:
የተባይ መከላከያ ዘዴዎች በተፈጥሮ ላይ የተመሰረቱ ሲሆኑ ለአካባቢ ጥበቃ ተስማሚ ናቸው።"
translation|23#5,translation,AM2EN,agriculture,"የሚከተለውን የአማርኛ ዓረፍተ ነገር ወደ እንግሊዝኛ ተርጉም።

Context:
የሰብል በሽታን ለመከላከል የተከረከመ መሬት ላይ ዘር መዝራት ተገቢ ነው።"
translation|23#7,translation,AM2EN,agriculture,"የሚከተለውን የአማርኛ ዓረፍተ ነገር ወደ እንግሊዝኛ ተርጉም።

Context:
ለአዝመራ ጥራት የተሻለ ምርት ለማግኘት የተባይ መከላከያ ዘዴዎችን በዘመናዊ መንገድ መጠቀም ያስፈልጋል።"
translation|24#0,translation,EN2AM,news,"ከታች ያለውን English ጽሑፍ ወደ አማርኛ ተርጉም።

Context:
The local neighborhood association will host a community garden planting event this Saturday morning."
translation|24#1,translation,EN2AM,news,"ከታች ያለውን English ጽሑፍ ወደ አማርኛ ተርጉም።

Context:
Please remember to bring your own reusable water bottles to the town hall meeting tonight."
translation|24#3,translation,EN2AM,news,"ይህን እንግሊዝኛ ጽሑፍ ወደ አማርኛ ተርጉምልኝ።

Context:
The small library is looking for volunteers to help organize the upcoming children's book fair."
translation|24#4,translation,EN2AM,news,"Translate the following English text into clear and natural Amharic: ""Don't forget that the weekly farmers market has been moved to the school courtyard."""
translation|24#5,translation,EN2AM,news,"ይህን እንግሊዝኛ ጽሑፍ ወደ አማርኛ ተርጉምልኝ።

Context:
Local artisans will showcase their handmade crafts at the community center during the holiday season."
translation|24#7,translation,EN2AM,news,"የሚከተለውን የእንግሊዝኛ ዓረፍተ ነገር ወደ አማርኛ ተርጉም።

Context:
A charity bake sale will be held to raise funds for the new local playground equipment."
translation|25#1,translation,AM2EN,news,"ከታች ያለውን የአማርኛ ጽሑፍ ወደ English ተርጉም።

Context:
አዳዲስ የኢንቨስትመንት ሕጎች በኢንዱስትሪው ውስጥ አዳዲስ የሥራ ዕድሎችን ይፈጥራሉ።"
translation|25#2,translation,AM2EN,news,"ከታች ያለውን የአማርኛ ጽሑፍ ወደ English ተርጉም።

Context:
የሸማቾች የኑሮ ውድነት በየወሩ እየጨመረ መምጣቱ በቤተሰብ ወጪ ላይ ተጽዕኖ አሳድሯል።"
translation|25#3,translation,AM2EN,news,"ከአማርኛ ወደ እንግሊዝኛ ተርጉም።

Context:
የባንክ ወለድ ምጣኔ ለንግድ ድርጅቶች የብድር አገልግሎት ማግኘት አስቸጋሪ አድርጎታል።"
translation|25#4,translation,AM2EN,news,"እባክዎን ይህን የአማርኛ ጽሑፍ በእንግሊዝኛ ይተርጉሙ።

Context:
በአገር ውስጥ ምርት ላይ የተመሰረተ የኢኮኖሚ ዕድገት ለማምጣት የግብርና ዘርፉ መታደስ አለበት።"
translation|25#5,translation,AM2EN,news,"ይህን አማርኛ ጽሑፍ ወደ እንግሊዝኛ ተርጉምልኝ።

Context:
የአክሲዮን ገበያው ባለፈው ሳምንት ከፍተኛ መዋዠቅ አሳይቷል። የዋጋ መውረድና መውጣት ተከታታይ ሆኖ ተገኝቷል።"
translation|25#6,translation,AM2EN,news,"ከታች ያለውን የአማርኛ ጽሑፍ ወደ English ተርጉም።

Context:
መንግሥት የንግድ እንቅስቃሴውን ለማሳለጥ አዳዲስ የግብር ማቅለያ እርምጃዎችን ወስዷል።"
translation|25#7,translation,AM2EN,news,"Translate into English:

በከተማዋ ውስጥ የሚገኙ የችርቻሮ ነጋዴዎች የሸቀጦች ዋጋ መጨመር ስላላቸው አጉልተው እየሸጡ ነው።"
translation|26#0,translation,EN2AM,news,Please translate this to Amharic: The Ministry of Education announced new guidelines for primary school curriculum reforms starting next semester.
translation|26#1,translation,EN2AM,news,"የሚከተለውን የእንግሊዝኛ ዓረፍተ ነገር ወደ አማርኛ ተርጉም።

Context:
Many students in rural areas are struggling to access digital learning tools due to poor internet connectivity."
translation|26#2,translation,EN2AM,news,"እባክዎን ይህን የእንግሊዝኛ ጽሑፍ ወደ አማርኛ ይተርጉሙ።

Context:
Local universities are expanding their research departments to focus more on agricultural technology and science."
translation|26#3,translation,EN2AM,news,"የሚከተለውን የእንግሊዝኛ ጽሑፍ ወደ አማርኛ ተርጉም፡ ""Did the government increase the budget for teacher training programs this year?"""
translation|26#4,translation,EN2AM,news,"ከታች ያለውን English ጽሑፍ ወደ አማርኛ ተርጉም።

Context:
New scholarship opportunities are available for high school graduates who excel in mathematics and physics."
translation|26#5,translation,EN2AM,news,"ከታች ያለውን English ጽሑፍ ወደ አማርኛ ተርጉም።

Context:
Teachers must attend the upcoming workshop on modern classroom management techniques."
translation|26#6,translation,EN2AM,news,"የሚከተለውን የእንግሊዝኛ ዓረፍተ ነገር ወደ አማርኛ ተርጉም።

Context:
The construction of three new vocational training centers in the southern region is finally complete."
translation|26#7,translation,EN2AM,news,"ይህን እንግሊዝኛ ጽሑፍ ወደ አማርኛ ተርጉምልኝ።

Context:
It is very important for parents to support their children's reading habits at home."
translation|27#0,translation,AM2EN,news,"ከአማርኛ ወደ እንግሊዝኛ ተርጉም።

Context:
በአገራችን እየታየ ያለው የዝናብ መዛባት በግብርናው ዘርፍ ላይ ከፍተኛ ጉዳት እያደረሰ ይገኛል።"
translation|27#1,translation,AM2EN,news,"ከአማርኛ ወደ እንግሊዝኛ ተርጉም።

Context:
የደን መጨፍጨፍ የአፈር መሸርሸርን በማፋጠን የምግብ ዋስትናችንን አደጋ ላይ ይጥላል።"
translation|27#2,translation,AM2EN,news,"የሚከተለውን የአማርኛ ዓረፍተ ነገር ወደ እንግሊዝኛ ተርጉም።

Context:
የአየር ንብረት ለውጥን ለመከላከል አረንጓዴ አሻራ መርሃ ግብርን በየአካባቢው መተግበር አስፈላጊ ነው።"
translation|27#3,translation,AM2EN,news,"ከታች ያለውን የአማርኛ ጽሑፍ ወደ English ተርጉም።

Context:
የወንዞች ውሃ መጠን መቀነስ ለታችኛው ተፋሰስ አርሶ አደሮች ትልቅ ስጋት ሆኗል።"
translation|27#4,translation,AM2EN,news,"ከታች ያለውን የአማርኛ ጽሑፍ ወደ English ተርጉም።

Context:
የፀሐይ ብርሃን ኃይልን መጠቀም ለኢትዮጵያ የኃይል ፍላጎት ዘላቂ መፍትሄ ሊሆን ይችላል።"
translation|27#5,translation,AM2EN,news,"ከአማርኛ ወደ እንግሊዝኛ ተርጉም።

Context:
የከተማ አካባቢዎች ከልክ በላይ መሞቅ ለጤና ችግሮች ምክንያት ሊሆን ይችላል።"
translation|27#7,translation,AM2EN,news,"ይህን አማርኛ ጽሑፍ ወደ እንግሊዝኛ ተርጉምልኝ።

Context:
በደረቅ ወቅቶች የሚከሰቱ ድርቅ አደጋዎችን ለመቀነስ የውሃ ማጠራቀሚያዎችን መገንባት ይገባል።"
translation|28#0,translation,EN2AM,news,"Translate into Amharic:

The new railway line will connect the major industrial zones to the central port."
translation|28#2,translation,EN2AM,news,"ከእንግሊዝኛ ወደ አማርኛ ተርጉም።

Context:
Please check the bus schedule before leaving your house to avoid long waits."
translation|28#3,translation,EN2AM,news,"እባክዎን ይህን የእንግሊዝኛ ጽሑፍ ወደ አማርኛ ይተርጉሙ።

Context:
The government announced a massive budget increase for the construction of urban bridges."
translation|28#4,translation,EN2AM,news,"የሚከተለውን የእንግሊዝኛ ጽሑፍ ወደ አማርኛ ተርጉም፡ ""Heavy rain caused several flooding issues on the main highway yesterday morning."""
translation|28#5,translation,EN2AM,news,"የሚከተለውን የእንግሊዝኛ ዓረፍተ ነገር ወደ አማርኛ ተርጉም።

Context:
Is the metro system running on time during the weekend holidays?"
translation|29#1,translation,AM2EN,news,"እባክዎን ይህን የአማርኛ ጽሑፍ በእንግሊዝኛ ይተርጉሙ።

Context:
የሀገሪቱ ብሄራዊ ቡድን ቡድኑን በሁለት ነጥብ ልዩነት ማሸነፍ ችሏል። ተጫዋቾቹ በጣም ደስተኛ ናቸው።"
translation|29#2,translation,AM2EN,news,"ከአማርኛ ወደ እንግሊዝኛ ተርጉም።

Context:
በዛሬው ስፖርታዊ ዜና መሰረት የአትሌቶቹ የልምምድ ፕሮግራም በከፍተኛ ሁኔታ ተቀይሯል።"
translation|29#3,translation,AM2EN,news,"ይህን አማርኛ ጽሑፍ ወደ እንግሊዝኛ ተርጉምልኝ።

Context:
አዲሱ የአሰልጣኝ ስልጠና ዘዴ ለቡድኑ ውጤታማነት ትልቅ አስተዋጽኦ እያደረገ ይገኛል።"
translation|29#6,translation,AM2EN,news,"ከታች ያለውን የአማርኛ ጽሑፍ ወደ English ተርጉም።

Context:
በውድድሩ መጨረሻ ላይ የነበረው የነጥብ ልዩነት በጣም አሳሳቢ ሆኗል።"
translation|29#7,translation,AM2EN,news,"የሚከተለውን የአማርኛ ጽሑፍ ወደ እንግሊዝኛ ተርጉም፡ ""ተጫዋቹ በሜዳ ላይ በደረሰበት ጉዳት ምክንያት ለተወሰኑ ሳምንታት ከጨዋታው እንዲቀል ይችላል።"""
translation|30#0,translation,EN2AM,technology,"የሚከተለውን የእንግሊዝኛ ዓረፍተ ነገር ወደ አማርኛ ተርጉም።

Context:
Please enter your secret PIN to complete this Telebirr transaction successfully."
translation|30#1,translation,EN2AM,technology,"የሚከተለውን የእንግሊዝኛ ዓረፍተ ነገር ወደ አማርኛ ተርጉም።

Context:
My phone screen is broken and I cannot see the numbers to dial a call."
translation|30#3,translation,EN2AM,technology,"Translate into Amharic:

The battery on this new smartphone lasts much longer than my old one."
translation|30#4,translation,EN2AM,technology,"ከእንግሊዝኛ ወደ አማርኛ ተርጉም።

Context:
Check your balance regularly to ensure you have enough funds for your mobile airtime."
translation|30#5,translation,EN2AM,technology,"ከእንግሊዝኛ ወደ አማርኛ ተርጉም።

Context:
Is it safe to use mobile banking while I am connected to public Wi-Fi?"
translation|30#6,translation,EN2AM,technology,"ከእንግሊዝኛ ወደ አማርኛ ተርጉም።

Context:
I forgot my mobile money password and need to reset it at the service center."
translation|30#7,translation,EN2AM,technology,"ይህን እንግሊዝኛ ጽሑፍ ወደ አማርኛ ተርጉምልኝ።

Context:
Download the latest application update to improve your phone's security and performance."
translation|31#0,translation,AM2EN,technology,"ከታች ያለውን የአማርኛ ጽሑፍ ወደ English ተርጉም።

Context:
የማህበራዊ ሚዲያ አካውንትዎን ደህንነት ለመጠበቅ ሁልጊዜ ጠንካራ የይለፍ ቃል ይጠቀሙ።"
translation|31#1,translation,AM2EN,technology,"እባክዎን ይህን የአማርኛ ጽሑፍ በእንግሊዝኛ ይተርጉሙ።

Context:
ኢንተርኔት መጠቀም ለትምህርት በጣም ጠቃሚ ነው። ብዙ መረጃዎችን በፍጥነት ማግኘት ያስችላል።"
translation|31#2,translation,AM2EN,technology,ይህን አማርኛ ወደ እንግሊዝኛ ተርጉምልኝ፡ አዳዲስ መረጃዎችን ለማግኘት በየቀኑ ድረ ገጾችን መጎብኘት አስፈላጊ ነው።
translation|31#3,translation,AM2EN,technology,"Translate into English:

የድረ ገጽ አድራሻውን በትክክል መጻፍዎን እርግጠኛ ይሁኑ። ከዚያ በኋላ መረጃውን መፈለግ ይችላሉ።"
translation|31#4,translation,AM2EN,technology,"Translate into English:

በኢንተርኔት ላይ የሚለቀቁ ምስሎች እና ጽሁፎች የሌሎችን መብት መጣስ የለባቸውም።"
translation|31#5,translation,AM2EN,technology,"ይህን አማርኛ ጽሑፍ ወደ እንግሊዝኛ ተርጉምልኝ።

Context:
የዋይፋይ ምልክቱ ካልታየ መጀመሪያ የኔትወርክ መስመሩን መፈተሽ ይኖርብዎታል።"
translation|31#6,translation,AM2EN,technology,"ከአማርኛ ወደ እንግሊዝኛ ተርጉም።

Context:
በማህበራዊ ትስስር ገጾች ላይ ከማያውቁት ሰው ጋር መረጃ መጋራት አደገኛ ሊሆን ይችላል።"
translation|31#7,translation,AM2EN,technology,"Translate into English:

የሞባይል መተግበሪያዎችን ከመጫንዎ በፊት የጥንቃቄ መመሪያዎቹን በደንብ ማንበብ ያስፈልጋል።"
translation|32#0,translation,EN2AM,technology,"ይህን እንግሊዝኛ ጽሑፍ ወደ አማርኛ ተርጉምልኝ።

Context:
Artificial intelligence is a branch of computer science that aims to create machines capable of performing human-like tasks."
translation|32#2,translation,EN2AM,technology,"ይህን እንግሊዝኛ ጽሑፍ ወደ አማርኛ ተርጉምልኝ።

Context:
How do neural networks function in modern technology?"
translation|32#4,translation,EN2AM,technology,"ከታች ያለውን English ጽሑፍ ወደ አማርኛ ተርጉም።

Context:
Natural language processing helps computers understand and respond to human speech effectively."
translation|32#5,translation,EN2AM,technology,"የሚከተለውን የእንግሊዝኛ ጽሑፍ ወደ አማርኛ ተርጉም፡ ""Is computer vision used in self-driving cars to recognize objects on the road?"""
translation|32#6,translation,EN2AM,technology,"Translate into Amharic:

Data is the most important fuel for training any intelligent system today."
translation|32#7,translation,EN2AM,technology,"የሚከተለውን የእንግሊዝኛ ጽሑፍ ወደ አማርኛ ተርጉም፡ ""Explain the basic difference between narrow AI and general AI in simple terms."""
translation|33#0,translation,AM2EN,technology,"Translate the following Amharic text into English: ""በኢትዮጵያ የአየር ንብረት ለፀሐይ ኃይል ማመንጫ ፕሮጀክቶች በጣም ተስማሚ ነው።"""
translation|33#1,translation,AM2EN,technology,"የሚከተለውን የአማርኛ ዓረፍተ ነገር ወደ እንግሊዝኛ ተርጉም።

Context:
የፀሐይ ፓነሎች በቤት ውስጥ የኤሌክትሪክ ፍጆታን ለመቀነስ ይረዳሉ። ወጪያቸው መጀመሪያ ላይ ቢጨምርም በኋላ ግን ትርፋማ ነው።"
translation|33#2,translation,AM2EN,technology,"ይህን አማርኛ ጽሑፍ ወደ እንግሊዝኛ ተርጉምልኝ።

Context:
አነስተኛ የፀሐይ ብርሃን ተቀባዮች በገጠር አካባቢዎች ለሚገኙ መንደሮች መብራት ለማቅረብ ትልቅ ሚና ይጫወታሉ።"
translation|33#3,translation,AM2EN,technology,"ይህን አማርኛ ጽሑፍ ወደ እንግሊዝኛ ተርጉምልኝ።

Context:
የፀሐይ ኃይልን ለመጠቀም የሚያስፈልጉ የባትሪ መከማቻ ዘዴዎች አሁን ላይ እየተሻሻሉ መጥተዋል።"
translation|33#4,translation,AM2EN,technology,"የሚከተለውን የአማርኛ ዓረፍተ ነገር ወደ እንግሊዝኛ ተርጉም።

Context:
በገበሬዎች እርሻ ላይ የፀሐይ ኃይል የሚጠቀሙ የውሃ ፓምፖችን መጠቀም ምርታማነትን ይጨምራል።"
translation|33#5,translation,AM2EN,technology,"ይህን አማርኛ ጽሑፍ ወደ እንግሊዝኛ ተርጉምልኝ።

Context:
ንፁህ እና ታዳሽ የፀሐይ ኃይልን መጠቀም የአካባቢ ብክለትን ለመቀነስ ወሳኝ እርምጃ ነው።"
translation|33#6,translation,AM2EN,technology,"የሚከተለውን የአማርኛ ዓረፍተ ነገር ወደ እንግሊዝኛ ተርጉም።

Context:
የፀሐይ ብርሃን ተቀባዮች በቀጥታ የኤሌክትሪክ ኃይልን ወደ ማመንጨት መቻላቸው ለቴክኖሎጂው እድገት ምክንያት ሆኗል።"
translation|33#7,translation,AM2EN,technology,"እባክዎን ይህን የአማርኛ ጽሑፍ በእንግሊዝኛ ይተርጉሙ።

Context:
በየመንደሩ የሚገጠሙ የፀሐይ ብርሃን መጋቢዎች ለትምህርት ቤቶች የሌሊት ትምህርት እንዲኖር ያደርጋሉ።"
translation|34#0,translation,EN2AM,technology,"ከእንግሊዝኛ ወደ አማርኛ ተርጉም።

Context:
A computer monitor is the hardware device used to display visual information from the system."
translation|34#1,translation,EN2AM,technology,"እባክዎን ይህን የእንግሊዝኛ ጽሑፍ ወደ አማርኛ ይተርጉሙ።

Context:
How do I connect my wireless mouse to this laptop?"
translation|34#2,translation,EN2AM,technology,Please translate this to Amharic: The central processing unit acts as the brain of the computer to perform calculations.
translation|34#3,translation,EN2AM,technology,"እባክዎን ይህን የእንግሊዝኛ ጽሑፍ ወደ አማርኛ ይተርጉሙ።

Context:
Always remember to save your files before you turn off the computer."
translation|34#4,translation,EN2AM,technology,"Translate into Amharic:

What is the difference between hardware and software?"
translation|34#6,translation,EN2AM,technology,"የሚከተለውን የእንግሊዝኛ ጽሑፍ ወደ አማርኛ ተርጉም፡ ""A keyboard is used to type letters and numbers into the device."""
translation|34#7,translation,EN2AM,technology,"ይህን እንግሊዝኛ ጽሑፍ ወደ አማርኛ ተርጉምልኝ።

Context:
Please restart your computer if the internet connection is not working properly."
translation|35#0,translation,AM2EN,technology,"ከታች ያለውን የአማርኛ ጽሑፍ ወደ English ተርጉም።

Context:
የማይታወቁ ሰዎችን የኢንተርኔት መልዕክት በፍፁም አትቀበሉ፤ ይህም ለኮምፒውተርዎ ቫይረስ ሊያስገባ ይችላል።"
translation|35#1,translation,AM2EN,technology,"እባክዎን ይህን የአማርኛ ጽሑፍ በእንግሊዝኛ ይተርጉሙ።

Context:
የግል መረጃዎን ለሌላ ሰው መስጠት አደገኛ ነው። ሁልጊዜ ጠንካራ የይለፍ ቃል ይጠቀሙ።"
translation|35#3,translation,AM2EN,technology,"ይህን አማርኛ ጽሑፍ ወደ እንግሊዝኛ ተርጉምልኝ።

Context:
አጠራጣሪ የሆኑ የኢሜይል ሊንኮችን ከመጫን ይቆጠቡ።"
translation|35#4,translation,AM2EN,technology,"Translate into English:

የባንክ መረጃዎን በስልክ መልዕክት ለሚጠየቁ ሰዎች በፍፁም አያሳውቁ።"
translation|35#6,translation,AM2EN,technology,"ይህን አማርኛ ጽሑፍ ወደ እንግሊዝኛ ተርጉምልኝ።

Context:
የሞባይል ስልክዎ መረጃዎች እንዳይሰረቁ ሁልጊዜ አዳዲስ የደህንነት ማሻሻያዎችን ይጫኑ።"
translation|35#7,translation,AM2EN,technology,"የሚከተለውን የአማርኛ ዓረፍተ ነገር ወደ እንግሊዝኛ ተርጉም።

Context:
የፎቶግራፍ እና የቪዲዮ መረጃዎችዎ በሌላ ሰው እጅ እንዳይወድቁ ጥንቃቄ ያድርጉ።"
translation|36#0,translation,EN2AM,daily_life,"እባክዎን ይህን የእንግሊዝኛ ጽሑፍ ወደ አማርኛ ይተርጉሙ።

Context:
Please add a little bit of salt to the soup to improve the taste."
translation|36#1,translation,EN2AM,daily_life,"የሚከተለውን የእንግሊዝኛ ጽሑፍ ወደ አማርኛ ተርጉም፡ ""How long does it take to cook the red lentils until they are soft?"""
translation|36#2,translation,EN2AM,daily_life,"ይህን እንግሊዝኛ ጽሑፍ ወደ አማርኛ ተርጉምልኝ።

Context:
The traditional bread is best when it is served warm with honey and butter."
translation|36#6,translation,EN2AM,daily_life,"እባክዎን ይህን የእንግሊዝኛ ጽሑፍ ወደ አማርኛ ይተርጉሙ።

Context:
I am looking for a recipe that uses coffee beans and cardamom."
translation|36#7,translation,EN2AM,daily_life,"ይህን እንግሊዝኛ ጽሑፍ ወደ አማርኛ ተርጉምልኝ።

Context:
Eating together from a single large plate is a beautiful part of our culture."
translation|37#1,translation,AM2EN,daily_life,"ከታች ያለውን የአማርኛ ጽሑፍ ወደ English ተርጉም።

Context:
አያቴ ሁልጊዜ ጠዋት ቡና እየጠጡ ታወራናለች።"
translation|37#2,translation,AM2EN,daily_life,"ከታች ያለውን የአማርኛ ጽሑፍ ወደ English ተርጉም።

Context:
የአባቴ ወንድም የእኔ አጎት ይባላል።"
translation|37#3,translation,AM2EN,daily_life,"Translate the following Amharic text into English: ""እናትና አባቴ ለቤተሰባችን ሰላም እንዲሰፍን ሁልጊዜ ይጸልያሉ።"""
translation|37#4,translation,AM2EN,daily_life,"ከታች ያለውን የአማርኛ ጽሑፍ ወደ English ተርጉም።

Context:
ወንድሜ ከስራ ሲመለስ በጣም ደክሞት ነበር።"
translation|37#6,translation,AM2EN,daily_life,"ከአማርኛ ወደ እንግሊዝኛ ተርጉም።

Context:
አክስቴ በጣም ደግና ለሰው ሁሉ አሳቢ ናት።"
translation|37#7,translation,AM2EN,daily_life,"የሚከተለውን የአማርኛ ዓረፍተ ነገር ወደ እንግሊዝኛ ተርጉም።

Context:
የአባቴ እህት የእኔ አክስቴ ናት። እሷ በጣም ትወዳኛለች።"
translation|38#1,translation,EN2AM,daily_life,"ይህን እንግሊዝኛ ጽሑፍ ወደ አማርኛ ተርጉምልኝ።

Context:
I would like to buy some fresh tomatoes and green peppers. Do you have any left?"
translation|38#4,translation,EN2AM,daily_life,"ከእንግሊዝኛ ወደ አማርኛ ተርጉም።

Context:
Can you please wrap these spices in a separate bag for me?"
translation|38#5,translation,EN2AM,daily_life,"Translate the following English text into clear and natural Amharic: ""The price of teff has increased significantly since last month."""
translation|38#6,translation,EN2AM,daily_life,"ይህን እንግሊዝኛ ጽሑፍ ወደ አማርኛ ተርጉምልኝ።

Context:
Is this honey organic and produced from local highland flowers?"
translation|39#0,translation,AM2EN,daily_life,"እባክዎን ይህን የአማርኛ ጽሑፍ በእንግሊዝኛ ይተርጉሙ።

Context:
ለጉዞዬ የሚያስፈልጉኝን ነገሮች ሁሉ በቦርሳዬ ውስጥ በትክክል ማዘጋጀት አለብኝ።"
translation|39#1,translation,AM2EN,daily_life,"የሚከተለውን የአማርኛ ዓረፍተ ነገር ወደ እንግሊዝኛ ተርጉም።

Context:
አውቶቡሱ በሰዓቱ ካልመጣ ወደ ሌላ መንገድ መሄድ ይኖርብኛል።"
translation|39#2,translation,AM2EN,daily_life,"እባክዎን ይህን የአማርኛ ጽሑፍ በእንግሊዝኛ ይተርጉሙ።

Context:
የባቡር ትኬቱን የት እንዳስቀመጥኩት አላስታውስም። እባክህ help አድርገኝ።"
translation|39#3,translation,AM2EN,daily_life,"Translate the following Amharic text into English: ""ከተማዋን ለመጎብኘት ታክሲ መያዝ በጣም ፈጣን እና ቀላል መንገድ ነው።"""
translation|39#4,translation,AM2EN,daily_life,"እባክዎን ይህን የአማርኛ ጽሑፍ በእንግሊዝኛ ይተርጉሙ።

Context:
አውሮፕላኑ ከመነሳቱ በፊት ፓስፖርቴን እና የጉዞ ሰነዶቼን ደጋግሜ አረጋግጣለሁ።"
translation|39#5,translation,AM2EN,daily_life,"Translate the following Amharic text into English: ""መንገዱ በጣም አድካሚ ስለነበረ በድንገት እረፍት መውሰድ ፈለግኩ።"""
translation|39#6,translation,AM2EN,daily_life,"ይህን አማርኛ ጽሑፍ ወደ እንግሊዝኛ ተርጉምልኝ።

Context:
አዲስ አበባ ለመድረስ በሌሊት የሚጓዙ አውቶቡሶችን መጠቀም ይመረጣል።"
translation|39#7,translation,AM2EN,daily_life,"እባክዎን ይህን የአማርኛ ጽሑፍ በእንግሊዝኛ ይተርጉሙ።

Context:
የመኪናው ነዳጅ አልቆ መንገድ ላይ መቆም በጣም አሳሳቢ ነው።"
translation|40#0,translation,EN2AM,daily_life,Please translate this to Amharic: I forgot to bring my math textbook to school today.
translation|40#1,translation,EN2AM,daily_life,"ከእንግሊዝኛ ወደ አማርኛ ተርጉም።

Context:
Did you finish the homework that the teacher gave us yesterday afternoon?"
translation|40#2,translation,EN2AM,daily_life,"እባክዎን ይህን የእንግሊዝኛ ጽሑፍ ወደ አማርኛ ይተርጉሙ።

Context:
Please wait for me near the school gate after the final bell rings."
translation|40#3,translation,EN2AM,daily_life,"ከእንግሊዝኛ ወደ አማርኛ ተርጉም።

Context:
The students are lining up in the courtyard for the morning assembly."
translation|40#4,translation,EN2AM,daily_life,"ከእንግሊዝኛ ወደ አማርኛ ተርጉም።

Context:
My brother needs to buy a new blue uniform for his primary school."
translation|40#5,translation,EN2AM,daily_life,"ከእንግሊዝኛ ወደ አማርኛ ተርጉም።

Context:
We usually eat our lunch together under the big tree during the break."
translation|40#6,translation,EN2AM,daily_life,"ከእንግሊዝኛ ወደ አማርኛ ተርጉም።

Context:
The science laboratory is closed for cleaning this entire week."
translation|40#7,translation,EN2AM,daily_life,"Translate the following English text into clear and natural Amharic: ""Can you lend me a pencil because mine just broke while writing?"""
translation|41#2,translation,AM2EN,daily_life,"Translate into English:

በየዓመቱ በሚከበረው ትልቅ በዓል ላይ ልዩ ምግብ ይዘጋጃል። ማንም ሰው ሳይቀር ይጣፍጠዋል።"
translation|41#3,translation,AM2EN,daily_life,"ከአማርኛ ወደ እንግሊዝኛ ተርጉም።

Context:
የድሮው ወግ መሠረት በበዓል ቀን ጎረቤቶችን መጎብኘትና ስጦታ መስጠት በጣም አስፈላጊ ነው።"
translation|41#4,translation,AM2EN,daily_life,"ይህን አማርኛ ጽሑፍ ወደ እንግሊዝኛ ተርጉምልኝ።

Context:
ልጆች በበዓል ወቅት አዳዲስ ጨዋታዎችን በመጫወት በጣም ይደሰታሉ።"
translation|41#5,translation,AM2EN,daily_life,"የሚከተለውን የአማርኛ ጽሑፍ ወደ እንግሊዝኛ ተርጉም፡ ""መንደሩ በበዓል ድምቀት ተሞልቷል። ሙዚቃና ጭፈራ በየቦታው ይሰማል።"""
translation|41#6,translation,AM2EN,daily_life,"Translate the following Amharic text into English: ""በዓል የፍቅርና የአንድነት ጊዜ ነው። ሰዎች ሁሉ በሰላም ይገናኛሉ።"""
translation|41#7,translation,AM2EN,daily_life,"ይህን አማርኛ ጽሑፍ ወደ እንግሊዝኛ ተርጉምልኝ።

Context:
የአባቶቻችንን ትውፊት ለመጠበቅ በዓላትን በታላቅ ክብር ማክበር ይገባል።"
translation|42#0,translation,EN2AM,history,Please translate this to Amharic: The victory at Adwa protected the sovereignty of the Ethiopian nation.
translation|42#1,translation,EN2AM,history,"ከታች ያለውን English ጽሑፍ ወደ አማርኛ ተርጉም።

Context:
How did the local fighters organize their defense against the invading forces?"
translation|42#2,translation,EN2AM,history,"ከእንግሊዝኛ ወደ አማርኛ ተርጉም።

Context:
It was a massive battle. Many different ethnic groups fought together for freedom."
translation|42#3,translation,EN2AM,history,"እባክዎን ይህን የእንግሊዝኛ ጽሑፍ ወደ አማርኛ ይተርጉሙ።

Context:
The strategic location of the mountains played a key role in the outcome."
translation|42#4,translation,EN2AM,history,"እባክዎን ይህን የእንግሊዝኛ ጽሑፍ ወደ አማርኛ ይተርጉሙ።

Context:
Tell me about the impact of this event on African independence movements."
translation|42#5,translation,EN2AM,history,"እባክዎን ይህን የእንግሊዝኛ ጽሑፍ ወደ አማርኛ ይተርጉሙ።

Context:
The soldiers used the rugged terrain to their advantage during the conflict."
translation|42#6,translation,EN2AM,history,"ይህን እንግሊዝኛ ጽሑፍ ወደ አማርኛ ተርጉምልኝ።

Context:
Was the treaty signed before the actual fighting started in the region?"
translation|42#7,translation,EN2AM,history,"የሚከተለውን የእንግሊዝኛ ዓረፍተ ነገር ወደ አማርኛ ተርጉም።

Context:
History remembers this day as a symbol of pride and resistance."
translation|43#0,translation,AM2EN,history,ይህን አማርኛ ወደ እንግሊዝኛ ተርጉምልኝ፡ በኢትዮጵያ አቆጣጠር አዲስ ዓመት የሚከበረው መስከረም አንድ ቀን ነው።
translation|43#1,translation,AM2EN,history,"Translate into English:

የኢትዮጵያ ዘመን አቆጣጠር ከምዕራባውያን አቆጣጠር በሰባት ዓመታት ይለያል።"
translation|43#2,translation,AM2EN,history,"ከታች ያለውን የአማርኛ ጽሑፍ ወደ English ተርጉም።

Context:
በየዓመቱ በታኅሣሥ ወር የሚከበሩት በዓላት በቤተክርስቲያን ሥርዓት መሠረት ናቸው።"
translation|43#3,translation,AM2EN,history,"ከታች ያለውን የአማርኛ ጽሑፍ ወደ English ተርጉም።

Context:
የኢትዮጵያ የቀን መቁጠሪያ አሥራ ሁለት ወራትና አስራ ሶስት ቀናት አሉት።"
translation|43#4,translation,AM2EN,history,"የሚከተለውን የአማርኛ ጽሑፍ ወደ እንግሊዝኛ ተርጉም፡ ""መስከረም ሲመጣ በየቤቱ አዲስ ልብስ ይለበሳል እንዲሁም በዓሉ በደስታ ይከበራል።"""
translation|43#5,translation,AM2EN,history,"የሚከተለውን የአማርኛ ዓረፍተ ነገር ወደ እንግሊዝኛ ተርጉም።

Context:
በኢትዮጵያ የዘመን መለወጫ በዓል ወቅት ልዩ ልዩ ባህላዊ ምግቦች ይዘጋጃሉ።"
translation|43#6,translation,AM2EN,history,"Translate into English:

ጳጉሜ ወር በአሥራ ሁለት ወራት መሃል የሚገኝ አጭር ወር ነው።"
translation|44#0,translation,EN2AM,history,"እባክዎን ይህን የእንግሊዝኛ ጽሑፍ ወደ አማርኛ ይተርጉሙ።

Context:
The struggle for national sovereignty was a long and difficult process for many African nations."
translation|44#2,translation,EN2AM,history,"የሚከተለውን የእንግሊዝኛ ዓረፍተ ነገር ወደ አማርኛ ተርጉም።

Context:
Independence movements often relied on unity and shared cultural identity to achieve their goals."
translation|44#3,translation,EN2AM,history,"የሚከተለውን የእንግሊዝኛ ጽሑፍ ወደ አማርኛ ተርጉም፡ ""Many young students participated in peaceful protests to demand greater freedom and rights."""
translation|44#5,translation,EN2AM,history,"ከእንግሊዝኛ ወደ አማርኛ ተርጉም።

Context:
Did the diplomatic negotiations lead to a peaceful transition of power in the region?"
translation|44#7,translation,EN2AM,history,"ይህን እንግሊዝኛ ጽሑፍ ወደ አማርኛ ተርጉምልኝ።

Context:
Explain the impact of pan-Africanism on the various liberation movements across the continent."
translation|45#0,translation,AM2EN,history,"እባክዎን ይህን የአማርኛ ጽሑፍ በእንግሊዝኛ ይተርጉሙ።

Context:
ጥንታዊቷ አክሱም መንግሥት በንግድ መስመር ላይ የነበራትን ከፍተኛ ተጽዕኖ ለመረዳት የባሕር ላይ ጉዞዎችን ማጥናት ያስፈልጋል።"
translation|45#1,translation,AM2EN,history,"ከታች ያለውን የአማርኛ ጽሑፍ ወደ English ተርጉም።

Context:
የአድዋ ጦርነት ውጤት ለኢትዮጵያ ነፃነት ብቻ ሳይሆን ለመላው አፍሪካ ተምሳሌት ነው።"
translation|45#2,translation,AM2EN,history,"የሚከተለውን የአማርኛ ዓረፍተ ነገር ወደ እንግሊዝኛ ተርጉም።

Context:
በጥንት ዘመን የነበሩት የድንጋይ ቅርጾች ለምን እንደተሰሩ ማንም አያውቅም። ምስጢራቸው እስካሁን አልተፈታም።"
translation|45#3,translation,AM2EN,history,"እባክዎን ይህን የአማርኛ ጽሑፍ በእንግሊዝኛ ይተርጉሙ።

Context:
የአባይ ወንዝ ለግብፅ ሥልጣኔ ምን ዓይነት ጠቀሜታ ነበረው?"
translation|45#4,translation,AM2EN,history,"ይህን አማርኛ ጽሑፍ ወደ እንግሊዝኛ ተርጉምልኝ።

Context:
በመካከለኛው ዘመን የነበሩት የገበሬዎች የኑሮ ሁኔታ ከነገሥታት የሕይወት ዘይቤ በጣም የተለየ ነበር።"
translation|46#0,translation,EN2AM,history,"እባክዎን ይህን የእንግሊዝኛ ጽሑፍ ወደ አማርኛ ይተርጉሙ።

Context:
The two world wars fundamentally changed the borders of many nations in the twentieth century."
translation|46#2,translation,EN2AM,history,"ከታች ያለውን English ጽሑፍ ወደ አማርኛ ተርጉም።

Context:
Many colonies finally gained their independence after the second global conflict ended."
translation|46#3,translation,EN2AM,history,"Translate the following English text into clear and natural Amharic: ""The space race was a major competition between superpowers during the Cold War era."""
translation|46#4,translation,EN2AM,history,"ከእንግሊዝኛ ወደ አማርኛ ተርጉም።

Context:
How did the invention of the radio change how people received news back then?"
translation|46#7,translation,EN2AM,history,"Translate into Amharic:

Technological progress moved incredibly fast during the middle of the last century."
translation|47#0,translation,AM2EN,health,"ከአማርኛ ወደ እንግሊዝኛ ተርጉም።

Context:
በየቀኑ ማታ ማታ የአልጋ አውታር መሸፈኛ መጠቀም የወባ በሽታን ለመከላከል በጣም አስፈላጊ ነው።"
translation|47#1,translation,AM2EN,health,"ይህን አማርኛ ጽሑፍ ወደ እንግሊዝኛ ተርጉምልኝ።

Context:
ዙሪያዎ ላይ የቆሙ የውሃ መከማቻዎችን በማስወገድ የወባ ትንኝ እንዳይራባ ማድረግ ይችላሉ።"
translation|47#2,translation,AM2EN,health,"ይህን አማርኛ ጽሑፍ ወደ እንግሊዝኛ ተርጉምልኝ።

Context:
ልጆች የወባ በሽታ እንዳይይዛቸው ሁልጊዜ በታመነ የአልጋ አውታር መሸፈኛ ውስጥ መተኛት አለባቸው።"
translation|47#4,translation,AM2EN,health,"የሚከተለውን የአማርኛ ዓረፍተ ነገር ወደ እንግሊዝኛ ተርጉም።

Context:
ከቤት ውጭ በሚወጡበት ጊዜ ረጅም እጅና እግር ያላቸው ልብሶችን መልበስ በሽታውን ለመከላከል ይረዳል።"
translation|47#5,translation,AM2EN,health,"ከአማርኛ ወደ እንግሊዝኛ ተርጉም።

Context:
የተሰማዎት ከፍተኛ ትኩሳት እና የራስ ምታት ካለ በአቅራቢያዎ ወደሚገኝ የጤና ተቋም ይሂዱ።"
translation|47#6,translation,AM2EN,health,"ከታች ያለውን የአማርኛ ጽሑፍ ወደ English ተርጉም።

Context:
በቤትዎ ውስጥ የቆሙ የውሃ መከማቻዎችን በመሸፈን የወባ ትንኞች እንዳይራቡ ማድረግ ይቻላል።"
translation|48#0,translation,EN2AM,health,"ይህን እንግሊዝኛ ጽሑፍ ወደ አማርኛ ተርጉምልኝ።

Context:
Pregnant women should attend all scheduled prenatal checkups to ensure a healthy pregnancy."
translation|48#1,translation,EN2AM,health,"ከታች ያለውን English ጽሑፍ ወደ አማርኛ ተርጉም።

Context:
Make sure the baby receives all necessary vaccinations according to the medical schedule."
translation|48#2,translation,EN2AM,health,"የሚከተለውን የእንግሊዝኛ ጽሑፍ ወደ አማርኛ ተርጉም፡ ""Is it important to eat nutritious food while breastfeeding your newborn child?"""
translation|48#3,translation,EN2AM,health,"እባክዎን ይህን የእንግሊዝኛ ጽሑፍ ወደ አማርኛ ይተርጉሙ።

Context:
Wash your hands frequently with soap to prevent the spread of infections to infants."
translation|48#4,translation,EN2AM,health,"የሚከተለውን የእንግሊዝኛ ዓረፍተ ነገር ወደ አማርኛ ተርጉም።

Context:
A mother needs plenty of rest and clean water during her recovery period."
translation|48#5,translation,EN2AM,health,"እባክዎን ይህን የእንግሊዝኛ ጽሑፍ ወደ አማርኛ ይተርጉሙ።

Context:
How can we improve access to basic maternal healthcare services in rural areas?"
translation|49#0,translation,AM2EN,health,"የሚከተለውን የአማርኛ ጽሑፍ ወደ እንግሊዝኛ ተርጉም፡ ""ለጤናማ የሰውነት እድገት በየቀኑ የተለያዩ አትክልቶችና ፍራፍሬዎችን መመገብ በጣም አስፈላጊ ነው።"""
translation|49#1,translation,AM2EN,health,"ከታች ያለውን የአማርኛ ጽሑፍ ወደ English ተርጉም።

Context:
የፕሮቲን መጠን የበዛባቸውን እንደ ምስርና አተር ያሉ ጥራጥሬዎችን በምግብ ውስጥ ማካተት ይመከራል።"
translation|49#2,translation,AM2EN,health,"ይህን አማርኛ ጽሑፍ ወደ እንግሊዝኛ ተርጉምልኝ።

Context:
ከልክ በላይ ስኳርና ጨው መጠቀም ለደም ግፊትና ለሌሎች በሽታዎች መንስኤ ሊሆን ይችላል።"
translation|49#4,translation,AM2EN,health,"ከአማርኛ ወደ እንግሊዝኛ ተርጉም።

Context:
የተመጣጠነ ምግብ ማለት ሰውነታችን የሚፈልገውን ንጥረ ነገር በሙሉ በአግባቡ ማግኘት ማለት ነው።"
translation|49#5,translation,AM2EN,health,"ይህን አማርኛ ጽሑፍ ወደ እንግሊዝኛ ተርጉምልኝ።

Context:
በቤት ውስጥ የተዘጋጁ ትኩስ ምግቦችን መመገብ ከፋብሪካ ምርቶች ይልቅ የተሻለ ነው።"
translation|49#6,translation,AM2EN,health,"ይህን አማርኛ ጽሑፍ ወደ እንግሊዝኛ ተርጉምልኝ።

Context:
ለህፃናት እድገት የወተት ተዋጽኦዎችና የእንስሳት ተዋጽኦዎች በምግብ ውስጥ መኖር አለባቸው።"
translation|49#7,translation,AM2EN,health,"ከአማርኛ ወደ እንግሊዝኛ ተርጉም።

Context:
ቅባት የበዛባቸውና በዘይት የተጠበሱ ምግቦችን መቀነስ ለልብ ጤና ተመራጭ ነው።"
translation|50#0,translation,EN2AM,health,"የሚከተለውን የእንግሊዝኛ ጽሑፍ ወደ አማርኛ ተርጉም፡ ""Always wash your hands with soap and clean water after using the toilet."""
translation|50#1,translation,EN2AM,health,"የሚከተለውን የእንግሊዝኛ ዓረፍተ ነገር ወደ አማርኛ ተርጉም።

Context:
To prevent the spread of germs, keep your living area clean and tidy."
translation|50#2,translation,EN2AM,health,"የሚከተለውን የእንግሊዝኛ ዓረፍተ ነገር ወደ አማርኛ ተርጉም።

Context:
Drinking boiled water is a very important way to stay healthy and safe."
translation|50#3,translation,EN2AM,health,"እባክዎን ይህን የእንግሊዝኛ ጽሑፍ ወደ አማርኛ ይተርጉሙ።

Context:
Make sure to cover your mouth with your elbow when you cough or sneeze."
translation|50#4,translation,EN2AM,health,"ይህን እንግሊዝኛ ጽሑፍ ወደ አማርኛ ተርጉምልኝ።

Context:
Proper waste disposal helps to stop flies from spreading diseases in the community."
translation|50#6,translation,EN2AM,health,"እባክዎን ይህን የእንግሊዝኛ ጽሑፍ ወደ አማርኛ ይተርጉሙ።

Context:
Do you know how to properly sanitize your hands before eating a meal?"
translation|50#7,translation,EN2AM,health,"የሚከተለውን የእንግሊዝኛ ዓረፍተ ነገር ወደ አማርኛ ተርጉም።

Context:
Keep food covered at all times to protect it from dust and insects."
translation|51#0,translation,AM2EN,health,"ይህን አማርኛ ጽሑፍ ወደ እንግሊዝኛ ተርጉምልኝ።

Context:
ልጆች በየጊዜው የሚሰጣቸው ክትባቶች ከከባድ በሽታዎች እንዲጠበቁ ትልቅ እገዛ ያደርጋሉ።"
translation|51#1,translation,AM2EN,health,"ከታች ያለውን የአማርኛ ጽሑፍ ወደ English ተርጉም።

Context:
ክትባት ከመወሰዱ በፊት ለጤና ባለሙያው ያለዎትን ማንኛውም አይነት የጤና ሁኔታ መናገር ይኖርብዎታል።"
translation|51#2,translation,AM2EN,health,"የሚከተለውን የአማርኛ ዓረፍተ ነገር ወደ እንግሊዝኛ ተርጉም።

Context:
እናቶች የሕፃናትን የክትባት መርሃ ግብር በወቅቱ እንዲከተሉ ይመከራል።"
translation|51#3,translation,AM2EN,health,"ከአማርኛ ወደ እንግሊዝኛ ተርጉም።

Context:
ክትባት ከተሰጠ በኋላ መጠነኛ ትኩሳት ወይም የሰውነት ሕመም ሊኖር ይችላል። ይህም ተፈጥሯዊ ነው።"
translation|51#4,translation,AM2EN,health,"ከታች ያለውን የአማርኛ ጽሑፍ ወደ English ተርጉም።

Context:
በአቅራቢያዎ በሚገኝ የጤና ጣቢያ በመሄድ ስለ ነፃ የክትባት አገልግሎት ማወቅ ይችላሉ።"
translation|51#5,translation,AM2EN,health,"እባክዎን ይህን የአማርኛ ጽሑፍ በእንግሊዝኛ ይተርጉሙ።

Context:
የክትባት መታወቂያ ካርድዎን በሥርዓት መያዝ ለቀጣይ ክትባቶች በጣም አስፈላጊ ነው።"
translation|51#6,translation,AM2EN,health,"ይህን አማርኛ ጽሑፍ ወደ እንግሊዝኛ ተርጉምልኝ።

Context:
አንዳንድ በሽታዎች በክትባት አማካኝነት ሙሉ በሙሉ ሊወገዱ ይችላሉ።"
translation|51#7,translation,AM2EN,health,"የሚከተለውን የአማርኛ ጽሑፍ ወደ እንግሊዝኛ ተርጉም፡ ""አዲስ የተወለዱ ሕፃናት በመጀመሪያዎቹ ወራት ውስጥ ወሳኝ የሆኑ ክትባቶችን ማግኘት አለባቸው።"""
translation|52#0,translation,EN2AM,health,"ከእንግሊዝኛ ወደ አማርኛ ተርጉም።

Context:
Apply firm pressure to the wound using a clean cloth to stop the bleeding."
translation|52#1,translation,EN2AM,health,"የሚከተለውን የእንግሊዝኛ ጽሑፍ ወደ አማርኛ ተርጉም፡ ""If someone is choking, perform the Heimlich maneuver immediately."""
translation|52#2,translation,EN2AM,health,"የሚከተለውን የእንግሊዝኛ ዓረፍተ ነገር ወደ አማርኛ ተርጉም።

Context:
How should you treat a minor burn from a hot stove?"
translation|52#3,translation,EN2AM,health,"Translate the following English text into clear and natural Amharic: ""Rinse the eye with clean water for several minutes if a chemical splashes into it."""
translation|52#4,translation,EN2AM,health,Please translate this to Amharic: Do not move the person if you suspect they have a broken neck or spine.
translation|52#5,translation,EN2AM,health,"ከታች ያለውን English ጽሑፍ ወደ አማርኛ ተርጉም።

Context:
Keep the injured limb elevated above the level of the heart to reduce swelling."
translation|52#6,translation,EN2AM,health,"ከታች ያለውን English ጽሑፍ ወደ አማርኛ ተርጉም።

Context:
Check if the person is breathing and has a pulse before starting CPR."
translation|52#7,translation,EN2AM,health,"ከእንግሊዝኛ ወደ አማርኛ ተርጉም።

Context:
Wash the area with soap and water before applying an antiseptic ointment."
translation|53#1,translation,AM2EN,science,"ከአማርኛ ወደ እንግሊዝኛ ተርጉም።

Context:
ደመናዎች በሰማይ ላይ ሲከማቹ በውስጣቸው ያሉ ትናንሽ የውሃ ጠብታዎች ተገናኝተው ትልቅ የዝናብ ጠብታ ይሆናሉ።"
translation|53#2,translation,AM2EN,science,"እባክዎን ይህን የአማርኛ ጽሑፍ በእንግሊዝኛ ይተርጉሙ።

Context:
ከፍተኛ የሙቀት መጠን ሲኖር በኢትዮጵያ ከፍተኛ ቦታዎች ላይ ያለ ውኃ በፍጥነት ወደ አየር ይለወጣል።"
translation|53#3,translation,AM2EN,science,"እባክዎን ይህን የአማርኛ ጽሑፍ በእንግሊዝኛ ይተርጉሙ።

Context:
ዝናብ ሲዘንብ ውሃው መሬት ውስጥ በመግባት ለተክሎችና ለእንስሳት አስፈላጊ የሆነውን እርጥበት ይሰጣል።"
translation|53#4,translation,AM2EN,science,"ይህን አማርኛ ጽሑፍ ወደ እንግሊዝኛ ተርጉምልኝ።

Context:
በተለያዩ ወቅቶች የሚከሰቱ የአየር ሁኔታ ለውጦች በግብርና ስራ ላይ ትልቅ ተጽዕኖ ይፈጥራሉ።"
translation|53#5,translation,AM2EN,science,ይህን አማርኛ ወደ እንግሊዝኛ ተርጉምልኝ፡ ውሃ ከአንድ ቦታ ወደ ሌላ ቦታ የሚዘዋወረው በባክመራ ሂደት አማካኝነት ነው።
translation|53#6,translation,AM2EN,science,"እባክዎን ይህን የአማርኛ ጽሑፍ በእንግሊዝኛ ይተርጉሙ።

Context:
በበረዶማ አካባቢዎች ውሃ ወደ በረዶነት ሲቀየር የአየር ሁኔታው በጣም ቀዝቃዛ መሆኑን እንረዳለን።"
translation|53#7,translation,AM2EN,science,"እባክዎን ይህን የአማርኛ ጽሑፍ በእንግሊዝኛ ይተርጉሙ።

Context:
የአየር ግፊት መቀነስና የትነት መጠን መጨመር በሰማይ ላይ ደመና እንዲፈጠር ያደርጋሉ።"
translation|54#0,translation,EN2AM,science,"እባክዎን ይህን የእንግሊዝኛ ጽሑፍ ወደ አማርኛ ይተርጉሙ።

Context:
Plants use sunlight to make their own food through a process called photosynthesis."
translation|54#1,translation,EN2AM,science,"የሚከተለውን የእንግሊዝኛ ዓረፍተ ነገር ወደ አማርኛ ተርጉም።

Context:
Chlorophyll is the green pigment found in leaves that absorbs light energy."
translation|54#2,translation,EN2AM,science,"የሚከተለውን የእንግሊዝኛ ዓረፍተ ነገር ወደ አማርኛ ተርጉም።

Context:
Does the absence of sunlight prevent a coffee plant from growing properly?"
translation|54#3,translation,EN2AM,science,"Please translate this to Amharic: During photosynthesis, plants take in carbon dioxide and release oxygen into the air."
translation|54#5,translation,EN2AM,science,"ከታች ያለውን English ጽሑፍ ወደ አማርኛ ተርጉም።

Context:
Plants need water, light, and carbon dioxide to produce glucose for energy."
translation|54#6,translation,EN2AM,science,"እባክዎን ይህን የእንግሊዝኛ ጽሑፍ ወደ አማርኛ ይተርጉሙ።

Context:
Explain how the leaves of a teff plant capture energy from the sun."
translation|54#7,translation,EN2AM,science,"የሚከተለውን የእንግሊዝኛ ዓረፍተ ነገር ወደ አማርኛ ተርጉም።

Context:
Stomata are tiny holes on the leaf surface used for gas exchange."
translation|55#0,translation,AM2EN,science,"ይህን አማርኛ ጽሑፍ ወደ እንግሊዝኛ ተርጉምልኝ።

Context:
ሰውነታችን ምግብን ወደ ጉልበት ለመቀየር የምንጠቀምበት ዋናው ሥርዓት የምግብ መፈጨት ሥርዓት ይባላል።"
translation|55#2,translation,AM2EN,science,"ከአማርኛ ወደ እንግሊዝኛ ተርጉም።

Context:
ሳንባዎች አየርን ወደ ውስጥ በማስገባትና ወደ ውጭ በማውጣት በሰውነታችን ውስጥ ያለውን የአየር መጠን ያስተካክላሉ።"
translation|55#3,translation,AM2EN,science,"ከአማርኛ ወደ እንግሊዝኛ ተርጉም።

Context:
አጥንቶች ለሰውነታችን ቅርጽና ጥንካሬ ይሰጣሉ። በተጨማሪም ውስጣዊ አካላትን ከአደጋ ይከላከላሉ።"
translation|55#4,translation,AM2EN,science,"ይህን አማርኛ ጽሑፍ ወደ እንግሊዝኛ ተርጉምልኝ።

Context:
ነርቭ ሥርዓት ከአንጎል ጀምሮ እስከ እግር ጣት ድረስ ያለውን መረጃ በፍጥነት ያስተላልፋል።"
translation|55#5,translation,AM2EN,science,"ከታች ያለውን የአማርኛ ጽሑፍ ወደ English ተርጉም።

Context:
ኩላሊቶች በደም ውስጥ ያሉ አላስፈላጊ ነገሮችን በማጣራት ንጹህ ደም እንዲኖር ያደርጋሉ።"
translation|56#0,translation,EN2AM,science,"እባክዎን ይህን የእንግሊዝኛ ጽሑፍ ወደ አማርኛ ይተርጉሙ።

Context:
Electricity flows through a conductor to power various household appliances."
translation|56#1,translation,EN2AM,science,"ከታች ያለውን English ጽሑፍ ወደ አማርኛ ተርጉም።

Context:
What is the main difference between renewable and non-renewable energy sources?"
translation|56#2,translation,EN2AM,science,"እባክዎን ይህን የእንግሊዝኛ ጽሑፍ ወደ አማርኛ ይተርጉሙ።

Context:
Solar panels convert sunlight directly into electrical energy for homes."
translation|56#3,translation,EN2AM,science,"የሚከተለውን የእንግሊዝኛ ጽሑፍ ወደ አማርኛ ተርጉም፡ ""A battery stores chemical energy and releases it as electricity."""
translation|56#6,translation,EN2AM,science,"የሚከተለውን የእንግሊዝኛ ዓረፍተ ነገር ወደ አማርኛ ተርጉም።

Context:
How does a transformer change the voltage levels in a power grid?"
translation|56#7,translation,EN2AM,science,"ከታች ያለውን English ጽሑፍ ወደ አማርኛ ተርጉም።

Context:
Wind turbines use the movement of air to generate clean electricity."
translation|57#0,translation,AM2EN,science,"እባክዎን ይህን የአማርኛ ጽሑፍ በእንግሊዝኛ ይተርጉሙ።

Context:
ፀሐይ የሥነ-ፈለክ ሥርዓት ውስጥ ማዕከላዊ አካል በመሆኗ በሁሉም ፕላኔቶች ላይ ብርሃንና ሙቀት ታመጣለች።"
translation|57#1,translation,AM2EN,science,"እባክዎን ይህን የአማርኛ ጽሑፍ በእንግሊዝኛ ይተርጉሙ።

Context:
ምድር በራሷ ዘንግ ላይ ስትሽከረከር በቀንና በሌሊት መፈጠር ምክንያት ይሆናል።"
translation|57#2,translation,AM2EN,science,ይህን አማርኛ ወደ እንግሊዝኛ ተርጉምልኝ፡ ጨረቃ ከምድር በቅርብ የምትገኝ የሰማይ አካል ናት። የራሷ ብርሃን የላትም።
translation|57#3,translation,AM2EN,science,"ከታች ያለውን የአማርኛ ጽሑፍ ወደ English ተርጉም።

Context:
በጠፈር ውስጥ ያሉ ከዋክብት በጣም ሩቅ ስለሆኑ በዓይን ሲታዩ እንደ ትናንሽ ነጥቦች ይመስላሉ።"
translation|57#4,translation,AM2EN,science,"የሚከተለውን የአማርኛ ጽሑፍ ወደ እንግሊዝኛ ተርጉም፡ ""የመሬት ንጣፍ በውስጡ በሚገኙ ትናንሽና ተንቀሳቃሽ የድንጋይ ክፍሎች የተገነባ ነው።"""
translation|57#5,translation,AM2EN,science,"ከአማርኛ ወደ እንግሊዝኛ ተርጉም።

Context:
በአየር ግፊት ምክንያት የከባቢ አየር ውኃንና አየርን በምድር ዙሪያ ይይዛል።"
translation|57#6,translation,AM2EN,science,ይህን አማርኛ ወደ እንግሊዝኛ ተርጉምልኝ፡ የሳተላይቶች ጥቅሞች ለተለያዩ የኮሙኒኬሽን አገልግሎቶችና ለአየር ሁኔታ ጥናት በጣም አስፈላጊ ናቸው።
translation|57#7,translation,AM2EN,science,"የሚከተለውን የአማርኛ ጽሑፍ ወደ እንግሊዝኛ ተርጉም፡ ""በጠፈር ውስጥ ምንም ዓይነት አየር ስለሌለ የሰው ልጅ ያለ የኦክስጅን ማቀጣጠያ ሊኖር አይችልም።"""
translation|58#0,translation,EN2AM,science,"Translate the following English text into clear and natural Amharic: ""Why does bread rise when we add yeast to the dough?"""
translation|58#1,translation,EN2AM,science,"ይህን እንግሊዝኛ ጽሑፍ ወደ አማርኛ ተርጉምልኝ።

Context:
Adding lemon juice to certain metals can cause them to rust faster."
translation|58#2,translation,EN2AM,science,"ከእንግሊዝኛ ወደ አማርኛ ተርጉም።

Context:
Explain how soap removes oil from your hands during washing."
translation|58#3,translation,EN2AM,science,"ይህን እንግሊዝኛ ጽሑፍ ወደ አማርኛ ተርጉምልኝ።

Context:
When we boil water for tea, it changes from a liquid to a gas."
translation|58#5,translation,EN2AM,science,"ይህን እንግሊዝኛ ጽሑፍ ወደ አማርኛ ተርጉምልኝ።

Context:
Vinegar and baking soda create bubbles when they are mixed together."
translation|59#0,translation,AM2EN,agriculture,"የሚከተለውን የአማርኛ ዓረፍተ ነገር ወደ እንግሊዝኛ ተርጉም።

Context:
ጤፍ በኢትዮጵያ ውስጥ ዋነኛው የሰብል ዓይነት ሲሆን ለሀገሪቱ የምግብ ዋስትና ትልቅ አስተዋጽኦ ያደርጋል።"
translation|59#1,translation,AM2EN,agriculture,"ከአማርኛ ወደ እንግሊዝኛ ተርጉም።

Context:
የገብስ ምርትን ለመጨመር አርሶ አደሮች ጥራት ያለው ዘርና ተገቢውን ማዳበሪያ መጠቀም ይኖርባቸዋል።"
translation|59#2,translation,AM2EN,agriculture,"Translate into English:

በደረቅ ወቅት እርጥበትን ለመጠበቅ ለጥሩ ሰብል የሚረዱ የዘመናዊ መስኖ ዘዴዎችን መጠቀም አስፈላጊ ነው።"
translation|59#3,translation,AM2EN,agriculture,"ከአማርኛ ወደ እንግሊዝኛ ተርጉም።

Context:
የጥራጥሬ ምርቶች ለሰውነታችን የሚያስፈልገውን ፕሮቲን ስለሚሰጡ በየዓመቱ በስፋት መዝራት አለብን።"
translation|59#5,translation,AM2EN,agriculture,"ከታች ያለውን የአማርኛ ጽሑፍ ወደ English ተርጉም።

Context:
የአየር ንብረት ለውጥ በሰብል ምርት ላይ የሚያደርሰውን ጉዳት ለመቀነስ አዳዲስ የግብርና ዘዴዎችን ማላመድ ይገባል።"
translation|59#6,translation,AM2EN,agriculture,"ከአማርኛ ወደ እንግሊዝኛ ተርጉም።

Context:
የጤፍ ምርት ከመሰብሰቡ በፊት በቂ የፀሐይ ብርሃንና ደረቅ አየር መኖሩ ለጥራት ወሳኝ ነው።"
translation|59#7,translation,AM2EN,agriculture,"የሚከተለውን የአማርኛ ጽሑፍ ወደ እንግሊዝኛ ተርጉም፡ ""በየወቅቱ የሚከናወኑ የከርሰ ምድር ውሃ አጠቃቀም ስልቶች ለጥሩ ምርት መሰረት ናቸው።"""
translation|60#0,translation,EN2AM,agriculture,"Translate into Amharic:

Properly drying coffee cherries in the sun is essential for maintaining high quality."
translation|60#2,translation,EN2AM,agriculture,"የሚከተለውን የእንግሊዝኛ ጽሑፍ ወደ አማርኛ ተርጉም፡ ""Farmers should prune their coffee trees regularly to ensure better yields next year."""
translation|60#3,translation,EN2AM,agriculture,"የሚከተለውን የእንግሊዝኛ ዓረፍተ ነገር ወደ አማርኛ ተርጉም።

Context:
The shade trees in the garden help protect the coffee plants from too much heat."
translation|60#4,translation,EN2AM,agriculture,"Translate the following English text into clear and natural Amharic: ""Please explain the difference between natural processed coffee and washed coffee."""
translation|60#5,translation,EN2AM,agriculture,"ከእንግሊዝኛ ወደ አማርኛ ተርጉም።

Context:
Do not pick the green cherries; only harvest them when they are bright red."
translation|60#6,translation,EN2AM,agriculture,"የሚከተለውን የእንግሊዝኛ ዓረፍተ ነገር ወደ አማርኛ ተርጉም።

Context:
Using organic fertilizer can improve the soil health in your coffee plantation."
translation|60#7,translation,EN2AM,agriculture,"የሚከተለውን የእንግሊዝኛ ጽሑፍ ወደ አማርኛ ተርጉም፡ ""Many cooperatives in the region help local growers access international markets."""
translation|61#0,translation,AM2EN,agriculture,"ከአማርኛ ወደ እንግሊዝኛ ተርጉም።

Context:
የአፈር መሸርሸርን ለመከላከል ተዳፋትማ ቦታዎች ላይ የእርከን ግንባታ ማካሄድ በጣም አስፈላጊ ነው።"
translation|61#1,translation,AM2EN,agriculture,"Translate into English:

በዝናብ ወቅት አፈር እንዳይወሰድ ለመከላከል የዛፎችን ስር በብዛት መትከል ይገባል።"
translation|61#2,translation,AM2EN,agriculture,"ይህን አማርኛ ጽሑፍ ወደ እንግሊዝኛ ተርጉምልኝ።

Context:
አፈር ለም እንዲሆንና ለሰብል ምርታማነት እንዲረዳ በተፈጥሮአዊ የአፈር ማዳበሪያ መጠቀም ይመከራል።"
translation|61#3,translation,AM2EN,agriculture,"የሚከተለውን የአማርኛ ጽሑፍ ወደ እንግሊዝኛ ተርጉም፡ ""የአፈር ንጣፉ እንዳይላጥ በሳር ወይም በገለባ መሸፈን ይቻላል። ይህም እርጥበት እንዲቆይ ያደርጋል።"""
translation|61#4,translation,AM2EN,agriculture,ይህን አማርኛ ወደ እንግሊዝኛ ተርጉምልኝ፡ ከመጠን በላይ የሆነ የአፈር መሸርሸር ለግብርና ምርታማነት ትልቅ ስጋት ነው።
translation|61#5,translation,AM2EN,agriculture,"ከታች ያለውን የአማርኛ ጽሑፍ ወደ English ተርጉም።

Context:
በመሬት ላይ የሚፈጠርን ውሃ ፍሰት ለመቆጣጠር አነስተኛ ጉድጓዶች መቆፈር አለባቸው።"
translation|61#6,translation,AM2EN,agriculture,"ይህን አማርኛ ጽሑፍ ወደ እንግሊዝኛ ተርጉምልኝ።

Context:
የተራራማ ቦታዎችን የአፈር ጥራት ለመጠበቅ የአፈር መከላከያ አጥሮች መገንባት አለብን።"
translation|61#7,translation,AM2EN,agriculture,"እባክዎን ይህን የአማርኛ ጽሑፍ በእንግሊዝኛ ይተርጉሙ።

Context:
አፈርን ከኬሚካል ማዳበሪያ አጠቃቀም ለመጠበቅ የተፈጥሮ ዘዴዎችን መጠቀም የተሻለ ነው።"
translation|62#0,translation,EN2AM,agriculture,"የሚከተለውን የእንግሊዝኛ ጽሑፍ ወደ አማርኛ ተርጉም፡ ""Make sure the cows have clean water and enough grass to eat every single day."""
translation|62#1,translation,EN2AM,agriculture,"ከታች ያለውን English ጽሑፍ ወደ አማርኛ ተርጉም።

Context:
Regularly check the sheep for signs of skin diseases or unusual behavior."
translation|62#3,translation,EN2AM,agriculture,"እባክዎን ይህን የእንግሊዝኛ ጽሑፍ ወደ አማርኛ ይተርጉሙ።

Context:
Keep the goat pen dry and well-ventilated to prevent respiratory infections."
translation|62#4,translation,EN2AM,agriculture,"ከእንግሊዝኛ ወደ አማርኛ ተርጉም።

Context:
Does the calf need extra nutrients during the rainy season?"
translation|62#5,translation,EN2AM,agriculture,"ይህን እንግሊዝኛ ጽሑፍ ወደ አማርኛ ተርጉምልኝ።

Context:
A balanced diet consisting of hay and mineral supplements promotes healthy cattle growth."
translation|62#6,translation,EN2AM,agriculture,"ከእንግሊዝኛ ወደ አማርኛ ተርጉም።

Context:
Clean the milking equipment thoroughly after every use to maintain hygiene."
translation|62#7,translation,EN2AM,agriculture,"Translate the following English text into clear and natural Amharic: ""Watch the newborn lambs closely for the first few hours after birth."""
translation|63#0,translation,AM2EN,agriculture,ይህን አማርኛ ወደ እንግሊዝኛ ተርጉምልኝ፡ በደረቅ ወቅት ሰብል እንዳይደርቅ በየጊዜው ውሃ ማቅረብ ለገበሬው በጣም አስፈላጊ ነው።
translation|63#1,translation,AM2EN,agriculture,"እባክዎን ይህን የአማርኛ ጽሑፍ በእንግሊዝኛ ይተርጉሙ።

Context:
የዝናብ ውሃን በአግባቡ ለመጠቀም በየሜዳው የውሃ ማጠራቀሚያ ጉድጓድ መቆፈር ይገባል።"
translation|63#3,translation,AM2EN,agriculture,"ይህን አማርኛ ጽሑፍ ወደ እንግሊዝኛ ተርጉምልኝ።

Context:
በጠብታ መስመር የመስኖ ዘዴ መጠቀም የውሃ ብክነትን ለመቀነስ ይረዳል።"
translation|63#4,translation,AM2EN,agriculture,"ከአማርኛ ወደ እንግሊዝኛ ተርጉም።

Context:
የአባይ ወንዝ ውሃ ለግብርና ስራ በሰፊው እንዲውል በየአካባቢው ስራዎች እየተከናወኑ ነው።"
translation|63#5,translation,AM2EN,agriculture,"ይህን አማርኛ ጽሑፍ ወደ እንግሊዝኛ ተርጉምልኝ።

Context:
በመኸር ወቅት አፈር እርጥበት እንዲኖረው ማድረግ ምርትን ይጨምራል።"
translation|63#6,translation,AM2EN,agriculture,"Translate into English:

የመስኖ ቦዮች እንዳይደፈኑ በየጊዜው ማጽዳትና መጠገን ለገበሬው ስኬት ወሳኝ ነው።"
translation|63#7,translation,AM2EN,agriculture,"የሚከተለውን የአማርኛ ዓረፍተ ነገር ወደ እንግሊዝኛ ተርጉም።

Context:
የውሃ አቅርቦት ውስን በሆነባቸው አካባቢዎች የከርሰ ምድር ውሃን መጠቀም የተለመደ ነው።"
translation|64#0,translation,EN2AM,agriculture,"ይህን እንግሊዝኛ ጽሑፍ ወደ አማርኛ ተርጉምልኝ።

Context:
How can farmers protect their teff crops from stem borers without using expensive chemicals?"
translation|64#2,translation,EN2AM,agriculture,"እባክዎን ይህን የእንግሊዝኛ ጽሑፍ ወደ አማርኛ ይተርጉሙ።

Context:
Apply the organic pesticide early in the morning before the sun gets too hot."
translation|64#3,translation,EN2AM,agriculture,"የሚከተለውን የእንግሊዝኛ ዓረፍተ ነገር ወደ አማርኛ ተርጉም።

Context:
If you notice small holes in the maize leaves, it might be a sign of fall armyworm infestation."
translation|64#4,translation,EN2AM,agriculture,"Translate into Amharic:

Mixing neem oil with water is an effective traditional method for controlling garden pests."
translation|64#5,translation,EN2AM,agriculture,Please translate this to Amharic: Farmers must rotate their crops every season to prevent soil diseases from spreading.
translation|64#6,translation,EN2AM,agriculture,"ከእንግሊዝኛ ወደ አማርኛ ተርጉም።

Context:
Is it true that planting marigolds helps to keep harmful insects away from the vegetable garden?"
translation|64#7,translation,EN2AM,agriculture,"ከእንግሊዝኛ ወደ አማርኛ ተርጉም።

Context:
Check the underside of the leaves regularly to catch any insect eggs early."
translation|65#0,translation,AM2EN,news,"የሚከተለውን የአማርኛ ዓረፍተ ነገር ወደ እንግሊዝኛ ተርጉም።

Context:
በአካባቢው በሚገኘው ማዕከል ለሚ diadakan የሚደረገው የባህል ትርኢት ለሁሉም ነዋሪዎች በነጻ ክፍት ነው።"
translation|65#1,translation,AM2EN,news,"Translate the following Amharic text into English: ""የወጣቶች ስፖርታዊ ውድድር በሚቀጥለው ሳምንት ቅዳሜ ጠዋት በከተማው ሜዳ ላይ ይካሄዳል። ተሳታፊዎች በሰዓቱ እንዲገኙ ይጠበቃል።"""
translation|65#2,translation,AM2EN,news,"የሚከተለውን የአማርኛ ዓረፍተ ነገር ወደ እንግሊዝኛ ተርጉም።

Context:
የአካባቢው ነዋሪዎች በጋራ በመሆን የአረንጓዴ አሻራ መትከል የሚጀምሩበት ልዩ ቀን ነገ ተከፋፍሎ ይከናወናል።"
translation|65#3,translation,AM2EN,news,"የሚከተለውን የአማርኛ ዓረፍተ ነገር ወደ እንግሊዝኛ ተርጉም።

Context:
በሰፈር ውስጥ ለሚገኙ ህፃናት የሚዘጋጀው የሥዕል ውድድር የፈጠራ ችሎታቸውን ለማሳየት ትልቅ ዕድል ይሰጣል።"
translation|65#4,translation,AM2EN,news,"ከታች ያለውን የአማርኛ ጽሑፍ ወደ English ተርጉም።

Context:
የእርሻ ምርት አውደ ጥናቱ አርሶ አደሮች አዳዲስ የቴክኖሎጂ ዘዴዎችን እንዲማሩ ይረዳቸዋል።"
translation|65#5,translation,AM2EN,news,"Translate into English:

የጤና ባለሙያዎች በየቀኑ ጠዋት በገበያው መሃል የነፃ የጤና ምርመራ አገልግሎት ይሰጣሉ።"
translation|65#6,translation,AM2EN,news,"ከታች ያለውን የአማርኛ ጽሑፍ ወደ English ተርጉም።

Context:
በአዲሱ ቤተመጽሐፍት መመረቅ ሥነ ሥርዓት ላይ የከተማው መሪዎች ተገኝተው ንግግር ያደርጋሉ።"
translation|66#0,translation,EN2AM,news,"ይህን እንግሊዝኛ ጽሑፍ ወደ አማርኛ ተርጉምልኝ።

Context:
Global stock markets experienced a significant decline due to rising inflation rates."
translation|66#1,translation,EN2AM,news,"እባክዎን ይህን የእንግሊዝኛ ጽሑፍ ወደ አማርኛ ይተርጉሙ።

Context:
The central bank decided to increase interest rates to stabilize the local currency."
translation|66#2,translation,EN2AM,news,"እባክዎን ይህን የእንግሊዝኛ ጽሑፍ ወደ አማርኛ ይተርጉሙ።

Context:
Oil prices are falling. Many investors are worried about the future of energy stocks."
translation|66#3,translation,EN2AM,news,"ይህን እንግሊዝኛ ጽሑፍ ወደ አማርኛ ተርጉምልኝ።

Context:
Could you please explain how the recent trade agreement will affect small businesses?"
translation|66#4,translation,EN2AM,news,"ከታች ያለውን English ጽሑፍ ወደ አማርኛ ተርጉም።

Context:
Gold is often seen as a safe investment during times of economic uncertainty."
translation|66#5,translation,EN2AM,news,Please translate this to Amharic: The company reported a massive profit this quarter despite the global supply chain issues.
translation|66#6,translation,EN2AM,news,"የሚከተለውን የእንግሊዝኛ ጽሑፍ ወደ አማርኛ ተርጉም፡ ""Why did the value of the dollar strengthen against other major currencies today?"""
translation|66#7,translation,EN2AM,news,"ከታች ያለውን English ጽሑፍ ወደ አማርኛ ተርጉም።

Context:
Consumer spending has decreased because the cost of living is getting too high."
translation|67#0,translation,AM2EN,news,"ከታች ያለውን የአማርኛ ጽሑፍ ወደ English ተርጉም።

Context:
በአዲስ አበባ ከተማ ውስጥ የሚገኙ የቴክኖሎጂ ትምህርት ቤቶች ቁጥር እንዲጨምር መንግስት አዲስ መመሪያ አውጥቷል።"
translation|67#1,translation,AM2EN,news,"ከአማርኛ ወደ እንግሊዝኛ ተርጉም።

Context:
ተማሪዎች በሳይንስ ትምህርት ላይ ያላቸውን ተሳትፎ ለማሳደግ አዳዲስ የላብራቶሪ መሳሪያዎች ወደ ትምህርት ቤቶች እየተላኩ ነው።"
translation|67#2,translation,AM2EN,news,"እባክዎን ይህን የአማርኛ ጽሑፍ በእንግሊዝኛ ይተርጉሙ።

Context:
የመጀመሪያ ደረጃ ትምህርት ጥራትን ለማሻሻል መምህራን በየዓመቱ ልዩ ስልጠና እንዲወስዱ ተደርጓል።"
translation|67#3,translation,AM2EN,news,"የሚከተለውን የአማርኛ ጽሑፍ ወደ እንግሊዝኛ ተርጉም፡ ""በገጠር አካባቢዎች የሚገኙ ተማሪዎች የዲጂታል መማሪያ መጽሐፍትን በቀላሉ እንዲያገኙ ለማድረግ የኢንተርኔት አገልግሎት እየተስፋፋ ነው።"""
translation|67#4,translation,AM2EN,news,"ከታች ያለውን የአማርኛ ጽሑፍ ወደ English ተርጉም።

Context:
ዩኒቨርሲቲዎች በምርምር ስራ ላይ ያላቸውን ትኩረት እንዲጨምሩ የሚገፋፋ አዲስ የገንዘብ ድጋፍ ተዘጋጅቷል።"
translation|67#5,translation,AM2EN,news,"ከታች ያለውን የአማርኛ ጽሑፍ ወደ English ተርጉም።

Context:
የሴት ተማሪዎች በከፍተኛ ትምህርት ተቋማት ውስጥ ያላቸው ተሳትፎ በከፍተኛ ሁኔታ እየጨመረ መጥቷል።"
translation|67#6,translation,AM2EN,news,"ከታች ያለውን የአማርኛ ጽሑፍ ወደ English ተርጉም።

Context:
አዳዲስ የትምህርት መርሃ ግብሮች በሀገሪቱ የትምህርት ሥርዓት ውስጥ እንዲካተቱ ውይይት ተደርጓል።"
translation|67#7,translation,AM2EN,news,"ከታች ያለውን የአማርኛ ጽሑፍ ወደ English ተርጉም።

Context:
የሙያ ትምህርት ሰጪ ተቋማት ለሥራ ገበያው ዝግጁ የሆኑ ባለሙያዎችን ለማፍራት ከፍተኛ ጥረት እያደረጉ ነው።"
translation|68#0,translation,EN2AM,news,"እባክዎን ይህን የእንግሊዝኛ ጽሑፍ ወደ አማርኛ ይተርጉሙ።

Context:
Global temperatures are rising at an alarming rate due to greenhouse gas emissions."
translation|68#1,translation,EN2AM,news,"Translate into Amharic:

The local community is planting many trees to prevent soil erosion."
translation|68#2,translation,EN2AM,news,"ከታች ያለውን English ጽሑፍ ወደ አማርኛ ተርጉም።

Context:
Heavy rainfall caused significant flooding in the coastal regions last week."
translation|68#3,translation,EN2AM,news,"የሚከተለውን የእንግሊዝኛ ዓረፍተ ነገር ወደ አማርኛ ተርጉም።

Context:
Renewable energy sources like wind and solar are becoming more affordable for everyone."
translation|68#4,translation,EN2AM,news,"የሚከተለውን የእንግሊዝኛ ዓረፍተ ነገር ወደ አማርኛ ተርጉም።

Context:
Ocean pollution is a serious threat to marine life and food security."
translation|68#6,translation,EN2AM,news,"ከእንግሊዝኛ ወደ አማርኛ ተርጉም።

Context:
Deforestation is destroying the natural habitats of many unique animal species."
translation|68#7,translation,EN2AM,news,"ከታች ያለውን English ጽሑፍ ወደ አማርኛ ተርጉም።

Context:
Climate change affects agriculture. Farmers are struggling with unpredictable weather patterns."
translation|69#0,translation,AM2EN,news,"ከታች ያለውን የአማርኛ ጽሑፍ ወደ English ተርጉም።

Context:
አዲሱ የባቡር መስመር ከተማዋን ከሌሎች አካባቢዎች ጋር ለማገናኘት ትልቅ ሚና ይጫወታል።"
translation|69#1,translation,AM2EN,news,"እባክዎን ይህን የአማርኛ ጽሑፍ በእንግሊዝኛ ይተርጉሙ።

Context:
በአዲስ አበባ ውስጥ የሚደረገው የጎዳና ግንባታ ስራ በከተማዋ ትራፊክ እንቅስቃሴ ላይ ተጽዕኖ እያሳደረ ነው።"
translation|69#2,translation,AM2EN,news,"ከአማርኛ ወደ እንግሊዝኛ ተርጉም።

Context:
የአውሮፕላን ማረፊያው ማሻሻያ መጠናቀቁ ለቱሪዝም ዘርፍ እድገት አስተዋጽኦ ያደርጋል።"
translation|69#4,translation,AM2EN,news,"ከአማርኛ ወደ እንግሊዝኛ ተርጉም።

Context:
በክልሉ የሚገነባው አዲስ ድልድይ ለገበሬዎች ምርታቸውን ወደ ገበያ ለማድረስ ምቹ ሁኔታን ይፈጥራል።"
translation|69#5,translation,AM2EN,news,"ይህን አማርኛ ጽሑፍ ወደ እንግሊዝኛ ተርጉምልኝ።

Context:
የመንግስት የትራንስፖርት አገልግሎት ማሻሻያ ሰራተኞች በሰዓቱ እንዲደርሱ ለማድረግ ታቅዷል።"
translation|69#6,translation,AM2EN,news,"ከታች ያለውን የአማርኛ ጽሑፍ ወደ English ተርጉም።

Context:
በሀገሪቱ ውስጥ እየተገነቡ ያሉ የሃይድሮ ኤሌክትሪክ ተክኖሎጂዎች ለኤሌክትሪክ መብራት አቅርቦት ወሳኝ ናቸው።"
translation|69#7,translation,AM2EN,news,"ይህን አማርኛ ጽሑፍ ወደ እንግሊዝኛ ተርጉምልኝ።

Context:
አዳዲስ የብስክሌት መንገዶች መገንባታቸው ለከተማዋ አካባቢ ጥበቃ ጠቃሚ ነው።"
translation|70#0,translation,EN2AM,news,"ከታች ያለውን English ጽሑፍ ወደ አማርኛ ተርጉም።

Context:
The Ethiopian national football team will play their next friendly match this weekend in Addis Ababa."
translation|70#1,translation,EN2AM,news,"ይህን እንግሊዝኛ ጽሑፍ ወደ አማርኛ ተርጉምልኝ።

Context:
Did the local marathon runner win the gold medal at the international championship yesterday?"
translation|70#4,translation,EN2AM,news,"የሚከተለውን የእንግሊዝኛ ዓረፍተ ነገር ወደ አማርኛ ተርጉም።

Context:
Heavy rain delayed the training session for the regional athletics squad this morning."
translation|70#5,translation,EN2AM,news,"Translate into Amharic:

Our local club finally secured a victory after three consecutive losses in the league."
translation|70#6,translation,EN2AM,news,"የሚከተለውን የእንግሊዝኛ ዓረፍተ ነገር ወደ አማርኛ ተርጉም።

Context:
How many goals did the striker score during the final minutes of the game?"
translation|70#7,translation,EN2AM,news,"ከእንግሊዝኛ ወደ አማርኛ ተርጉም።

Context:
The sports news reporter announced that the upcoming tennis tournament has been postponed due to unforeseen circumstances."
translation|71#0,translation,AM2EN,technology,"እባክዎን ይህን የአማርኛ ጽሑፍ በእንግሊዝኛ ይተርጉሙ።

Context:
በሞባይል ስልክዎ አማካኝነት የገንዘብ ዝውውር ለማድረግ የባንክ መተግበሪያውን በመጠቀም የይለፍ ቃልዎን ያስገቡ።"
translation|71#1,translation,AM2EN,technology,"ከታች ያለውን የአማርኛ ጽሑፍ ወደ English ተርጉም።

Context:
አዲስ ስልክ ሲገዙ የባትሪ ዕድሜው ረጅም መሆኑን እና የካሜራ ጥራቱን ማረጋገጥ በጣም አስፈላጊ ነው።"
translation|71#2,translation,AM2EN,technology,"ከታች ያለውን የአማርኛ ጽሑፍ ወደ English ተርጉም።

Context:
የሞባይል ገንዘብ አገልግሎቱን ለመጠቀም መጀመሪያ የደንበኛ መታወቂያ ቁጥርዎን መመዝገብ ይኖርብዎታል።"
translation|71#3,translation,AM2EN,technology,"ይህን አማርኛ ጽሑፍ ወደ እንግሊዝኛ ተርጉምልኝ።

Context:
ስልካችሁ በድንገት ቢጠፋ የባንክ መተግበሪያውን ወዲያውኑ በማሰናበት የገንዘብዎን ደህንነት ይጠብቁ።"
translation|71#5,translation,AM2EN,technology,ይህን አማርኛ ወደ እንግሊዝኛ ተርጉምልኝ፡ ስልኩ በጣም ቀዝቃዛ ከሆነ ወይም ይሞቃል ከሆነ የባትሪውን ሁኔታ መፈተሽ ያስፈልጋል።
translation|71#6,translation,AM2EN,technology,"ከታች ያለውን የአማርኛ ጽሑፍ ወደ English ተርጉም።

Context:
የዲጂታል ክፍያ ዘዴዎችን በብዛት መጠቀም ለዕለት ተዕለት እንቅስቃሴዎ ምቹ ነው።"
translation|71#7,translation,AM2EN,technology,"ይህን አማርኛ ጽሑፍ ወደ እንግሊዝኛ ተርጉምልኝ።

Context:
የስልክዎን የመረጃ አጠቃቀም ለመቀነስ አላስፈላጊ የሆኑ መተግበሪያዎችን ማጥፋት ይችላሉ።"
translation|72#1,translation,EN2AM,technology,Please translate this to Amharic: How do I change my Facebook password using my mobile phone?
translation|72#2,translation,EN2AM,technology,"የሚከተለውን የእንግሊዝኛ ዓረፍተ ነገር ወደ አማርኛ ተርጉም።

Context:
The broadband connection in this area is very slow during the rainy season."
translation|72#3,translation,EN2AM,technology,"ከእንግሊዝኛ ወደ አማርኛ ተርጉም።

Context:
Don't share your private banking details with strangers on social media platforms."
translation|72#4,translation,EN2AM,technology,"የሚከተለውን የእንግሊዝኛ ዓረፍተ ነገር ወደ አማርኛ ተርጉም።

Context:
Many young people in Addis Ababa use TikTok to promote their small businesses."
translation|72#5,translation,EN2AM,technology,"የሚከተለውን የእንግሊዝኛ ዓረፍተ ነገር ወደ አማርኛ ተርጉም።

Context:
Make sure your Wi-Fi router is placed in an open space for better signal."
translation|72#6,translation,EN2AM,technology,"ከታች ያለውን English ጽሑፍ ወደ አማርኛ ተርጉም።

Context:
Did you see the viral video about the new digital payment system?"
translation|72#7,translation,EN2AM,technology,"Translate into Amharic:

To upload a photo to Instagram, click the plus icon at the bottom of the screen."
translation|73#1,translation,AM2EN,technology,"እባክዎን ይህን የአማርኛ ጽሑፍ በእንግሊዝኛ ይተርጉሙ።

Context:
ኮምፒውተሮች በራሳቸው መረጃዎችን በመተንተን ውሳኔ እንዲሰጡ የሚያስችል ዘዴ መሠረታዊ የሰው ሰራሽ አስተውሎት አካል ነው።"
translation|73#2,translation,AM2EN,technology,"የሚከተለውን የአማርኛ ጽሑፍ ወደ እንግሊዝኛ ተርጉም፡ ""የማሽን መማር ሂደት በብዙ መረጃዎች አማካኝነት ኮምፒውተሩ አዳዲስ ነገሮችን እንዲረዳ የሚያደርግ ጥበብ ነው።"""
translation|73#3,translation,AM2EN,technology,"ከአማርኛ ወደ እንግሊዝኛ ተርጉም።

Context:
በአሁኑ ጊዜ በኢትዮጵያ የቴክኖሎጂ ዘርፍ ውስጥ አርቲፊሻል ኢንተለጀንስ ከፍተኛ ለውጥ እያመጣ ይገኛል።"
translation|73#4,translation,AM2EN,technology,"Translate the following Amharic text into English: ""አንድ የሰው ሰራሽ አስተውሎት ሥርዓት ትክክለኛ ውሳኔ ለመስጠት ብዙ መረጃዎችን ማቀናበር ይኖርበታል።"""
translation|73#5,translation,AM2EN,technology,"እባክዎን ይህን የአማርኛ ጽሑፍ በእንግሊዝኛ ይተርጉሙ።

Context:
የአርቲፊሻል ኢንተለጀንስ መሠረታዊ ዓላማ የሰውን ልጅ የዕለት ተዕለት ሥራ ማቅለል ነው።"
translation|73#6,translation,AM2EN,technology,"እባክዎን ይህን የአማርኛ ጽሑፍ በእንግሊዝኛ ይተርጉሙ።

Context:
መረጃዎች ለኮምፒውተር አስተውሎት ልማት በጣም አስፈላጊ ናቸው። ያለ መረጃ ማሽኑ ሊማር አይችልም።"
translation|73#7,translation,AM2EN,technology,"Translate into English:

በአርቲፊሻል ኢንተለጀንስ አማካኝነት የቋንቋ ትርጉም ሥራዎችን በከፍተኛ ፍጥነት ማከናወን ይቻላል።"
translation|74#0,translation,EN2AM,technology,"ከእንግሊዝኛ ወደ አማርኛ ተርጉም።

Context:
Solar panels are becoming more affordable for small businesses in Addis Ababa."
translation|74#1,translation,EN2AM,technology,"እባክዎን ይህን የእንግሊዝኛ ጽሑፍ ወደ አማርኛ ይተርጉሙ።

Context:
How can we use solar energy to power irrigation pumps in rural farming areas?"
translation|74#3,translation,EN2AM,technology,"የሚከተለውን የእንግሊዝኛ ዓረፍተ ነገር ወደ አማርኛ ተርጉም።

Context:
Please explain the difference between off-grid and grid-connected solar technology."
translation|74#4,translation,EN2AM,technology,"Please translate this to Amharic: The sunlight in Ethiopia is very strong, making solar power a great choice."
translation|74#6,translation,EN2AM,technology,"ከታች ያለውን English ጽሑፍ ወደ አማርኛ ተርጉም።

Context:
Can solar energy provide a reliable solution for the electricity shortages in remote villages?"
translation|74#7,translation,EN2AM,technology,"ይህን እንግሊዝኛ ጽሑፍ ወደ አማርኛ ተርጉምልኝ።

Context:
Clean energy technology helps protect our natural environment and reduces pollution."
summarisation|4#1,summarisation,,history,"ይህ ጽሑፍ ምን እንደሚናገር በአጭሩ አስረዳ።

Context:
በጥንታዊው የሉሚና ሥልጣኔ ዘመን በ፻፪፻፸፰ ዓመተ ምሕረት በታላቁ የሉሚና የውሃ ማጠራቀሚያ ግንባታ ላይ ከፍተኛ ለውጥ ተመዝግቧል። ይህ ፕሮጀክት በሉሚና የግብርና ማኅበር መሪ በሆኑት በጌታቸው ዘላለም አማካኝነት በ፪፻፸፰ ዓመተ ምሕረት ተጀምሮ ለ፭ ዓመታት ቀጥሏል። በግንባታው ወቅት በ፪፻፹፪ ዓመተ ምሕረት ፪፼ አምስት መቶ የውሃ ማጠራቀሚያ ጉድጓዶች በከፍተኛ ጥንቃቄ ተቆፍረው ተጠናቀቁ። የውሃው መጠን በየዓመቱ በ፪፼ አሥር ሺህ ሊትር እየጨመረ መሄዱ ለክልሉ የግብርና እድገት ትልቅ አስተዋጽኦ አድርጓል። የሉሚና ንጉሥ አረጋዊ በ፪፻፹፫ ዓመተ ምሕረት በታላቁ የውሃ ማጠራቀሚያ ላይ ለ፪፻ ዓመታት የሚቆይ ሕግ አውጥቷል። ይህ የውሃ ፕሮጀክት በወቅቱ የነበሩትን ፪፻ ሰዓሊያንና ፪፼ ገበሬዎችን በማሳተፍ በታሪክ ተመዝግቦ ይገኛል። የውሃ ማጠራቀሚያው በ፪፻፹፬ ዓመተ ምሕረት ሲጠናቀቅ በሉሚና ምድር ላይ ለታላቅ የብልጽግና ዘመን መሠረት ሆኗል። የሉሚና መዛግብት እንደሚያመለክቱት ይህ የውሃ አጠቃቀም ሥርዓት በወቅቱ የነበረውን የሳይንስ እውቀት በግልጽ ያሳያል።"
summarisation|4#2,summarisation,,history,"ከዚህ በታች ያለውን ጽሑፍ በ2-3 ዓረፍተ ነገሮች አጠቃልለው።

Context:
በ፻፪፻፵፬ ዓመተ ምሕረት በታላቁ የካላን መንግሥት ውስጥ በታዋቂው የካላን የሥነ ጥበብ ማኅበር አማካኝነት ትልቅ የሥነ ጥበብ ትርኢት ተዘጋጅቷል። ይህ ታላቅ ዝግጅት በ፻፪፻፵፭ ዓመተ ምሕረት በ፪፼ ሰባት መቶ ሰዓሊያን ተሳትፎ በታላቁ የካላን አዳራሽ ተካሂዷል። የዝግጅቱ ዋና ዓላማ በ፻፪፻፵፬ ዓመተ ምሕረት የተገነቡትን አዳዲስ የሥነ ጥበብ ውጤቶች ለሕዝቡ ማስተዋወቅ ነበር። በዝግጅቱ ወቅት በ፻፪፻፵፯ ዓመተ ምሕረት የተሰሩ ፪፼ አምስት መቶ ሥዕሎች ለሽያጭ የቀረቡ መሆናቸው ይታወቃል። የካላን ንጉሥ ዮናታን በ፻፪፻፵፰ ዓመተ ምሕረት በዝግጅቱ ላይ በመገኘት ለጥበበኞች ከፍተኛ የገንዘብ ድጋፍ አድርጓል። የዝግጅቱ ወጪ በ፻፪፻፵፭ ዓመተ ምሕረት በ፪፼ አሥር ሺህ ወርቅ ሳንቲሞች የተሸፈነ መሆኑን የታሪክ መዛግብት ያረጋግጣሉ። ይህ የሥነ ጥበብ ትርኢት በካላን ታሪክ ውስጥ ለ፪፻ ዓመታት የሚቆይ ትልቅ ክብርን አትርፎላቸዋል። የካላን መዛግብት እንደሚያመለክቱት ይህ ዝግጅት በወቅቱ የነበረውን የባህል ብልጽግናና የጥበብ ደረጃ በግልጽ ያሳያል።"
summarisation|6#1,summarisation,,health,"እባክዎን ይህን ጽሑፍ በአጭሩ ያጠቃልሉ።

Context:
በአባይ ሸለቆ አካባቢ በሚገኘው የኩሬ ወንዝ ዳርቻ በሚገኙ መንደሮች ውስጥ የወባ በሽታን ለመከላከል አዲስ የጤና ፕሮጀክት ተጀምሯል። የኩሬ ደንበኛ የጤና ማኅበር አባላት በነሐሴ ፭ ቀን በነበረው ስብሰባ ላይ ፪፻፲፭ አዳዲስ የፀረ ወባ መጋረጃዎችን ለነዋሪዎች ለማከፋፈል ወስነዋል። በፕሮጀክቱ መሠረት በየቤቱ ዙሪያ የሚገኙ የቆሙ ውሃዎችን በማድረቅ የትንኝ መራቢያን ለመቀነስ ሰፊ ሥራ ይከናወናል። የፕሮጀክቱ አስተባባሪ ወይዘሮ አልማዝ በሰጡት መግለጫ መሰረት በየሳምንቱ ፳ ሰዎች በፈቃደኝነት በመታዘዝ የጤና ትምህርት ይሰጣሉ። መንደሩ ውስጥ የሚገኙ ወጣቶች በየቀኑ ጠዋትና ማታ የቤት ውስጥ አካባቢን በማጽዳት ለበሽታው መከላከያ እንዲሆኑ ተመክረዋል። ይህ አዲስ የጤና ተነሳሽነት በክልሉ ውስጥ ያለውን የወባ ስጋት በ፸ በመቶ እንደሚቀንስ ተገምቷል።"
summarisation|7#0,summarisation,,health,"የሚከተለውን ጽሑፍ ዋና ዋና ነጥቦች ብቻ በመያዝ አጭር አድርገህ ግለጽ።

Context:
በሰኔ ፲፪ ቀን በታላቁ አባይ ከተማ በሚገኘው የሰላም ማዕከል ውስጥ የጤና ባለሙያዎች ትልቅ ስልጠና ሰጥተዋል። የብሩክ የጤና ተቋም ሰራተኞች በወር ፭፻ አዳዲስ እናቶች ስለ ተገቢ አመጋገብ በሰፊው ተማርተዋል። በስልጠናው ወቅት በከተማዋ ውስጥ የሚገኙ ፳፪ የጤና ጣቢያዎች የህፃናት ክትባት አሰጣጥ ሂደትን እንዲያሻሽሉ መመሪያ ተሰጥቷቸዋል። የጤናው ሚኒስቴር ተወካይ አቶ በቀለ በዝግጅቱ ላይ በመገኘት የእናቶች ጤና ለሀገር እድገት ወሳኝ መሆኑን ገልጸዋል። በዘንድሮው ዓመት በከተማዋ ውስጥ የሚገኙ ፪,፻፶ አዳዲስ ህፃናት በክትባት ፕሮግራም እንዲካተቱ ተቀጥሯል። የጤና ባለሙያዎች በየሳምንቱ ቅዳሜ እና እሁድ ለእናቶች ነፃ የምክር አገልግሎት ለመስጠት ወስነዋል። ይህ ፕሮግራም በከተማዋ ውስጥ ያለውን የህፃናት ሞት መጠን በ፲ በመቶ ለመቀነስ ያለመ ነው። የከተማዋ ነዋሪዎች በዝግጅቱ ላይ በመሳተፍ ለጤናው ዘርፍ አስፈላጊውን ድጋፍ እንዲያደርጉ ተጠይቀዋል።"
summarisation|7#1,summarisation,,health,"የሚከተለውን ጽሑፍ ዋና ዋና ነጥቦች ብቻ በመያዝ አጭር አድርገህ ግለጽ።

Context:
በጥቅምት ፭ ቀን በደቡብ አቅጣጫ በሚገኘው የዝቅተኛ ተራራ መንደር ውስጥ አዲስ የጤና ጣቢያ ተከፍቷል። የሰንበት የጤና ማህበር በገንዘብ ድጋፍ የገነባው ይህ ማዕከል ለ፪,፻፻ አዳዲስ ህፃናት አገልግሎት ይሰጣል። በጣቢያው ውስጥ የሚሰሩት ፲፭ የህክምና ባለሙያዎች ስለ እናቶች የጤና ክትትል ጥልቅ እውቀት ያላቸው ናቸው። የጤና ጣቢያው ስራ አስኪያጅ ወይዘሮ አልማዝ በዝግጅቱ ላይ በመገኘት የህፃናትን እድገት ለመከታተል አዳዲስ መሳሪያዎች መኖራቸውን ገልጻለች። በየወሩ በ፪ ጊዜ የሚደረገው የክትባት ዘመቻ በክልሉ ውስጥ ያለውን የጤና ሁኔታ ለማሻሻል ትልቅ ተስፋ ሰጥቷል። መንደሩ ውስጥ የሚኖሩ ፬፻ እናቶች በየሳምንቱ ቅዳሜ ለምግብ እና ለንፅህና ትምህርት እንዲወስዱ ተጋብዘዋል። የጤና ባለሙያዎች በየቀኑ ለ፳ አዳዲስ እናቶች የቤት ለቤት የጤና ምርመራ አገልግሎት እየሰጡ ይገኛሉ። ይህ አዲስ ተቋም በአካባቢው ያለውን የጤና አገልግሎት ክፍተት ለመሙላት ከፍተኛ ሚና ይጫወታል።"
summarisation|7#2,summarisation,,health,"ከዚህ በታች ያለውን ጽሑፍ በ2-3 ዓረፍተ ነገሮች አጠቃልለው።

Context:
በጥር ፳ ቀን በምስራቅ አቅጣጫ በሚገኘው የብርሃን ከተማ ውስጥ የህፃናት እናቶች የጤና ጉባኤ ተካሂዷል። የደስታ የጤና ተቋም በዝግጅቱ ላይ በመሳተፍ ለ፪፻ እናቶች ነፃ የቪታሚን ድጋፍ አድልቷል። በጉባኤው ወቅት በከተማዋ ውስጥ የሚገኙ ፳፪ የጤና ማዕከላት የህፃናት አመጋገብን በተመለከተ አዲስ መመሪያ አውጥተዋል። የጤና ባለሙያው አቶ ታደሰ በንግግራቸው ወቅት ህፃናት በቂ የተመጣጠነ ምግብ ካልተመገቡ እድገታቸው እንደሚስተጓጎል አስረድተዋል። በከተማዋ ውስጥ የሚገኙ ፭ የህፃናት ማቆያ ተቋማት አዳዲስ የጤና መመሪያዎችን ተግባራዊ ለማድረግ ቃል ገብተዋል። በዘንድሮው የጤና ጥናት መሰረት በከተማዋ ውስጥ ያለውን የህፃናት ጤና ሁኔታ በ፭ በመቶ ለማሻሻል ታቅዷል። የከተማዋ ነዋሪዎች በየወሩ በሚደረገው የጤና ምርመራ ላይ እንዲሳተፉ በጉባኤው ላይ ጥሪ ተደርጓል። ይህ የጤና ጉባኤ በከተማዋ ውስጥ ያለውን የእናቶች እና የህፃናት ጤና ግንዛቤ ለማሳደግ ትልቅ እርምጃ ነው።"
summarisation|8#0,summarisation,,health,"ጽሑፉን አንብበሽ ማጠቃለያውን ጻፊ።

Context:
በሰሜን ኢትዮጵያ በገጠር አካባቢ በሚገኘው የዝንጅብል ከተማ ውስጥ የጤና ጥበቃ ባለሙያዎች በአዲስ የሥርዓተ ምግብ ዘመቻ መጀመራቸውን በሰኔ 12 ቀን 2016 ዓ.ም በሰጡት መግለጫ ገለጹ። የዞኑ የጤና መምሪያ ተቆጣጣሪ የሆኑት አቶ በቀለ ተሰማ በዝግጅቱ ላይ በመገኘት የአካባቢው ነዋሪዎች በቂ ፕሮቲን እና ቫይታሚን ማግኘት እንዳለባቸው አሳስበዋል። በዘመቻው መሠረት በየሳምንቱ 500 አዳዲስ ቤተሰቦች የጤና ትምህርት እንዲያገኙ እና የተመጣጠነ ምግብ አዘገጃጀት እንዲማሩ ተደርጓል። የጤና ባለሙያት እንደ አቶታ መላኩ በዝርዝር ሲያስረዱ የጥራጥሬ አይነቶች እና የአትክልት ውጤቶች ለልጆች እድገት ወሳኝ መሆናቸውን አጽንኦት ሰጥተው ተናግረዋል። በከተማዋ የሚገኘው የሰላም ማዕከል የጤና መረጃ ማሰራጫ በመሆን በየቀኑ ለ200 ሰዎች ስለ ተመጣጣኝ ምግብ አዘገጃጀት መመሪያዎችን በነፃ ያከፋፍላል። የፕሮግራሙ ተሳታፊ የሆኑት ወይዘሮ አልማዝ አበበ በአዲሱ መመሪያ መሰረት በቤታቸው ውስጥ የአትክልት ስፍራ በመክፈት ለልጆቻቸው የተሟላ ምግብ ማቅረብ መቻላቸውን ገልጻለች። የጤና ባለሙያዎች በየቀኑ 15 ሰዓታት የሚፈጅ የቤት ለቤት ጉብኝት በማድረግ የአካባቢውን ነዋሪዎች የአመጋገብ ሁኔታ በቅርበት ይከታተላሉ። በዘመቻው ወቅት የተዘጋጁት የጤና መጽሐፍት በየመንደሩ በሚገኙ ትምህርት ቤቶች ውስጥ ለተማሪዎች በነፃ እንዲከፋፈሉ ተደርጓል። የጤና መምሪያው በየወሩ 50 የጤና ባለሙያዎችን በማሰልጠን አዳዲስ መረጃዎችን ለህብረተሰቡ እንዲያደርሱ እቅድ አውጥቷል። ይህ የጤና ዘመቻ በክልሉ ውስጥ ያለውን የተመጣጠነ ምግብ እጥረት ለመቅረፍ ትልቅ ተስፋ እንደሚሰጥ ተገልጿል። በክልሉ የሚገኙ የጤና ጣቢያዎች በሙሉ የዚህን ዘመቻ ስኬት ለመደገፍ አስፈላጊውን ቁሳቁስ ማቅረባቸውን አረጋግጠዋል። በመጨረሻም የጤና መምሪያው ነዋሪዎች በጋራ በመሆን የተመጣጠነ ምግብ ባህልን እንዲገነቡ ጥሪ አቅርቧል።"
summarisation|8#1,summarisation,,health,"ከዚህ በታች ያለውን ጽሑፍ በ2-3 ዓረፍተ ነገሮች አጠቃልለው።

Context:
በአዲስ አበባ ከተማ ውስጥ በሚገኘው የጥበብ ማዕከል የጤና ምርምር ተቋም በቅርቡ ባደረገው ጥናት መሰረት የህፃናት አመጋገብ ሁኔታን በተመለከተ አዲስ መረጃ አውጥቷል። የጥናቱ መሪ የሆኑት ዶክተር ሳሙኤል አበራ በጥር 5 ቀን 2017 ዓ.ም ባደረጉት መግለጫ መሰረት በከተማዋ ውስጥ ያሉ 300 ህፃናትን በቅርብ ተከታትለው ውጤቱን አሳውቀዋል። ጥናቱ እንደሚያሳየው በከተማዋ የሚገኙ 40 በመቶ ህፃናት በቂ የብረት ንጥረ ነገር እጥረት እንዳለባቸው እና ይህም ለዕድገት መዘግየት ምክንያት መሆኑን አረጋግጧል። ተቋሙ ይህንን ችግር ለመፍታት በየሳምንቱ ቅዳሜ እና እሁድ በነፃ የሥርዓተ ምግብ ምክር አገልግሎት መስጠት መጀመሩን ገልጿል። የጥናቱ ተሳታፊ የነበሩት ወይዘሮ ሄለን ተሰማ በልጃቸው ላይ የታየውን የጤና መሻሻል እና የተሻለ የምግብ ፍላጎት በማሳየት ለሌሎች እናቶች ተሞክሮዋን አጋርተዋል። የጤና ተመራማሪዎች እንደ አቶታ ዮናስ ያሉ ባለሙያዎች በየቀኑ 20 ኪሎ ግራም የጥራጥሬ ውጤቶችን ለተቸገሩ ቤተሰቦች ማከፋፈል እንደሚቻል አቅጣጫ አሳይተዋል። ተቋሙ በየዓመቱ 10 ሚሊዮን ብር ለዚህ የሥርዓተ ምግብ ጥናት እና ለትምህርት ዘመቻ መመደቡን በዝርዝር አስረድቷል። በምርምር ውጤቱ መሰረት የአትክልት እና የፍራፍሬ አጠቃቀምን ለማሳደግ አዲስ የጤና መመሪያ ተዘጋጅቶ ለሁሉም ማዕከላት ተሰራጭቷል። የጤና ተቋሙ በየሁለት ወሩ አዳዲስ የምርምር ውጤቶችን ለህዝብ ክፍት በማድረግ ግንዛቤ ለመፍጠር እየሰራ ይገኛል። በከተማዋ የሚገኙ የጤና ጣቢያዎች ከዚህ ጥናት ጋር ተቀናጅተው የህፃናትን ክብደት እና ቁመት በየወሩ እንዲመዘግቡ ታዟል። የጥናቱ ውጤት ለወደፊቱ የህፃናት ጤና መሻሻል መሰረት እንደሚሆን ተመራማሪዎቹ በልበ ሙሉነት ተናግረዋል። በመጨረሻም ተቋሙ ለተጨማሪ ምርምር የሚያስፈልጉ የገንዘብ ድጋፎችን ከግል ድርጅቶች ለማሰባሰብ መጀመሩን ገልጿል።"
summarisation|8#2,summarisation,,health,"የጽሑፉን ዋና ሐሳብ በአጭሩ ግለጽ።

Context:
በደቡብ ኢትዮጵያ በወንጌል ከተማ ውስጥ በሚገኘው የግብርና ማህበር በሰኔ 20 ቀን 2016 ዓ.ም የተካሄደው የጤና እና የምግብ ስልጠና ለብዙዎች ትምህርት ሆኗል። የማህበሩ ሰብሳቢ የሆኑት አቶ ታደሰ ካሳ በስልጠናው ላይ በመገኘት የአካባቢው ገበሬዎች ለራሳቸው እና ለቤተሰባቸው የተመጣጠነ ምግብ ማምረት እንደሚችሉ አብራርተዋል። በስልጠናው ወቅት 150 አርሶ አደሮች ተገኝተው ስለ ተመጣጣኝ ምግብ አዘገጃጀት እና ስለ አትክልት ልማት ሰፊ ግንዛቤ አግኝተዋል። የግብርና ባለሙያዋ ወይዘሮ መቅዳት አበበ በየቀኑ 5 ዓይነት የአትክልት አይነቶችን በየቤታቸው ማልማት እንደሚችሉ በምሳሌ አሳይታ አብራርታለች። ስልጠናው በዋናነት ትኩረት ያደረገው በፕሮቲን እና በቪታሚን የበለጸጉ ሰብል አይነቶችን እንዴት በቀላሉ ማምረት እንደሚቻል ላይ ነው። በስልጠናው የተሳተፉት አቶ በቀለ ከበቀሉ በቤታቸው ውስጥ አዲስ የአትክልት ስፍራ በመክፈት ለቤተሰባቸው የተሟላ ምግብ ማቅረብ መጀመራቸውን ገልጸዋል። የማህበሩ የጤና አማካሪ የሆኑት አቶታ ዮናስ በየሳምንቱ 10 ኪሎ ግራም የዘር አይነቶችን ለተሳታፊዎች በቅናሽ ዋጋ ማቅረብ እንደሚችሉ አረጋግጠዋል። ይህ ፕሮጀክት በየዓመቱ 500 አዳዲስ ቤተሰቦችን ለማሰልጠን እና የተመጣጠነ ምግብ እጥረት እንዲቀንስ ለማድረግ ታቅዶ የተጀመረ ነው። በከተማዋ የሚገኙ የጤና ጣቢያዎች ከማህበሩ ጋር በመተባበር የህፃናትን የአመጋገብ ሁኔታ በየወሩ መከታተል እንደሚችሉ ገልጸዋል። ስልጠናው የተሳካ እንዲሆን በየቀኑ 4 ሰዓታት የሚቆዩ ተግባራዊ የልማት ትምህርቶች መሰጠታቸው ተገልጿል። የማህበሩ አመራሮች በቀጣይ በሌሎች አካባቢዎችም ተመሳሳይ ስልጠናዎችን ለመስጠት ዝግጅታቸውን ማጠናቀቃቸውን አሳውቀዋል። በክልሉ ያሉ የግብርና ባለሙያዎች ይህንን ስኬታማ ተሞክሮ ለሌሎች ማህበሮች እንዲያስተላልፉ ጥሪ ተደርጓል። በመጨረሻም የጤና እና የግብርና ትስስር የአካባቢውን ነዋሪዎች ጤና ለመጠበቅ ወሳኝ መሆኑ ተመላክቷል።"
summarisation|9#0,summarisation,,health,"የጽሑፉን ዋና ሐሳብ በአጭሩ ግለጽ።

Context:
በሰኔ 12 ቀን 2016 ዓ.ም በደቡብ ሪጅን በሚገኘው አባይ ሸለቆ ከተማ ውስጥ በታላቁ የንጽህና ዘመቻ ወቅት አዲስ የፍሳሽ ማስወገጃ መስመር ተገንብቷል። ይህ ፕሮጀክት በታማኝ የልማት ማህበር አማካኝነት በ500 ሺህ ብር ወጪ ለ3,000 ነዋሪዎች ንጹህ የውሃ አገልግሎት ለማቅረብ ታቅዶ የተጀመረ ነው። የከተማዋ የጤና መኮንን አቶ በቀለ ተስፋፋሪው የጤና መዋቅር በከተማዋ ውስጥ የሚታየውን የሆድ ዕቃ ህመም በከፍተኛ ሁኔታ እንደሚቀንስ ገልጸዋል። በዘመቻው ወቅት 50 የጤና ባለሙያዎች በየቤቱ በመዞር ስለ እጅ መታጠብ እና ስለ ሳሙና አጠቃቀም አስፈላጊነት ሰፊ ግንዛቤ ሰጥተዋል። የከተማዋ አስተዳደር በቀጣይ በየወሩ የንጽህና ቁጥጥር ስራዎችን በከፍተኛ ጥንቃቄ ለማከናወን ቃል መግባቱን ለሚዲያ አውጥቷል።"
summarisation|9#1,summarisation,,health,"ለዚህ ጽሑፍ አጭር ማጠቃለያ ጻፍ።

Context:
በአማራ ክልል በወንጌል ተራራ አካባቢ በሚገኘው አዲስ ሰላም ትምህርት ቤት ውስጥ የሳሙና እና የንጽህና ቁሳቁስ ማከፋፈያ መርሃ ግብር ተካሂዷል። በሰኔ 15 ቀን በተከናወነው በዚህ ዝግጅት ላይ የሰላም ደስታ የበጎ አድራጎት ድርጅት 2,500 የሳሙና ፓኬቶችን ለተማሪዎች በነጻ አድልቷል። በትምህርት ቤቱ ርዕሰ መምህር ወይዘሮ አልማዝ በዝግጅቱ ላይ እንደገለጹት ይህ እርምጃ ተማሪዎች በንጽህና እንዲኖሩ ትልቅ አስተዋጽኦ ይኖረዋል። በዝግጅቱ ወቅት 150 ተማሪዎች ስለ ንጹህ ውሃ አጠቃቀም እና ስለ መጸዳጃ ቤት አጠቃቀም አዳዲስ ትምህርቶችን በስልጠና ተከታትለዋል። ድርጅቱ በቀጣይ ዓመት ተጨማሪ 5,000 የንጽህና ቁሳቁሶችን ለማቅረብ በጀት መመደቡን ለወላጆች በሰጠው መግለጫ አስታውቋል።"
summarisation|10#0,summarisation,,health,"ይህን ጽሑፍ በአጭሩ አጠቃልልልኝ።

በሰሜን አቅጣጫ በሚገኘው የዝቅተኛ ተራራማው ዞን ውስጥ በሚገኘው የዘንባባ ከተማ የጤና መምሪያ ሰኔ 15 ቀን 2016 ዓ.ም በአዲስ መርሃ ግብር መሠረት የክትባት ዘመቻ መጀመሩን በይፋ አስታውቋል። የከተማዋ የጤና ባለሙያ የሆኑት አቶ በቀለ ተሰማ እንደገለጹት ይህ ዘመቻ በድምሩ 45,000 ሕፃናትን እና 12,000 አዋቂዎችን ለመድረስ በታቀደ መልኩ በሰፊው እየተከናወነ ይገኛል። በዘመቻው ወቅት በየቀኑ በአምስት የተለያዩ የጤና ጣቢያዎች አማካኝነት በሺዎች የሚቆጠሩ ሰዎች የክትባት አገልግሎት እንዲያገኙ ተደርጓል። የዘንባባ የጤና መምሪያ የክትባት ክምችት በበቂ ሁኔታ መኖሩን እና የቅዝቃዜ መቆጠቢያ ማቀያየሪያዎች ዝግጁ መሆናቸውን ለሕዝቡ በዝርዝር አብራርቷል። የከተማዋ ነዋሪ የሆኑት ወይዘሮ አልማዝ አበበ በዘመቻው ላይ ተሳትፎ በማድረጋቸው ለሌሎች ወላጆች ትልቅ አርአያ መሆናቸውን በጋዜጣዊ መግለጫ ተገልጿል። ይህ የጤክት ዘመቻ በተለይ በወቅታዊ የአየር ንብረት ለውጥ ምክንያት ሊከሰቱ የሚችሉ ተላላፊ በሽታዎችን ለመከላከል ከፍተኛ ሚና ይጫወታል። የጤና ባለሙያዎች በየመንደሩ በመዘዋወር ስለ ክትባቱ አስፈላጊነት እና ስለሚኖሩት ቀላል የጎንዮሽ ጉዳቶች ለሕዝቡ ግንዛቤ እየሰጡ ይገኛሉ። በመጨረሻም የከተማዋ አስተዳደር የክትባት ዘመቻው በተሳካ ሁኔታ እንዲጠናቀቅ የሁሉም ነዋሪዎች ትብብር እንዲደረግ በጽኑ አሳስቧል።"
summarisation|11#0,summarisation,,health,"የሚከተለውን ጽሑፍ አጠቃልል።

Context:
በሰኔ 12 ቀን 2016 ዓ.ም በደብረ ማርቆስ ከተማ ውስጥ በሚገኘው የአባይ ተፋሰስ የጤና ጣቢያ ውስጥ አንድ አሳዛኝ አደጋ ተከስቷል። በዚያ ዕለት በስራ ላይ የነበሩ 45 ሰራተኞች በድንገተኛ የኬሚካል መጋዘን ፍንዳታ ምክንያት ከፍተኛ ጉዳት ደርሶባቸዋል። የከተማዋ የጤና ባለሙያ የሆኑት አቶ በቀለ ተስፋዬ እንደገለጹት አብዛኞቹ ሰራተኞች በቆዳቸው ላይ ከፍተኛ የቃጠሎ ምልክት ይታይባቸዋል። የድንገተኛ አደጋ መከላከል ድርጅት አባላት በአካባቢው በመገኘት የመጀመሪያ እርዳታ ለመስጠት በከፍተኛ ትጋት እየሰሩ ይገኛሉ። የቃጠሎ ጉዳት ለደረሰባቸው ሰዎች ንጹህ ቀዝቃዛ ውሃ ለ20 ደቂቃ ያህል መጠቀም በጣም አስፈላጊ መሆኑን ባለሙያዎች አሳስበዋል። በቦታው የነበሩ የጤና ባለሙያዎች በቁስሉ ላይ ቅባት ወይም ቅባት መሰል ነገሮችን አለመቀባት እንደሚገባ በጽኑ አሳስበዋል። የቁስሉን ስፋት ለመቀነስ እና ኢንፌክሽን እንዳይከሰት ንጹህ ጨርቅ በመጠቀም ቁስሉን መሸፈን እንደሚገባ ተገልጿል። የጤና ጣቢያው የህክምና ቡድን በአሁኑ ሰዓት ለተጎዱት ሰዎች አስፈላጊውን የህክምና አገልግሎት በከፍተኛ ጥንቃቄ እየሰጠ ነው። በቦታው የነበሩ ሰዎችም ለተጎዱት ሰዎች በፍጥነት እርዳታ እንዲሰጥ በየመሃሉ ጥሪ እያቀረቡ ይገኛሉ። የከተማዋ አስተዳደር ለተጎዱት ሰዎች አስፈላጊውን ድጋፍ ለማድረግ በዝግጅት ላይ መሆኑን በይፋ አስታውቋል። በቀጣይ መሰል አደጋዎች እንዳይከሰቱ የኬሚካል አያያዝ ስርዓቱ እንዲሻሻል ጥብቅ ትዕዛዝ ተሰጥቷል። አጠቃላይ የጉዳት መጠንን ለመገምገም የጤና ባለሙያዎች በቦታው ላይ ተገኝተው ጥልቅ ምርመራ እያደረጉ ነው።"
summarisation|11#1,summarisation,,health,"ከዚህ በታች ያለውን ጽሑፍ በ2-3 ዓረፍተ ነገሮች አጠቃልለው።

Context:
በጥቅምት 5 ቀን 2015 ዓ.ም በዞሬ ከተማ በሚገኘው የሰላም ተራራ አካባቢ ውስጥ አንድ ትልቅ የጉዞ ቡድን አደጋ ገጥሞታል። በጉዞው ላይ የነበሩ 12 ወጣቶች በድንገተኛ የድንጋይ መንሸራተት ምክንያት የእግር እና የእጅ ጉዳት ደርሶባቸዋል። የዞሬ የድንገተኛ አደጋ መከላከል ኮሚቴ አባላት ወዲያውኑ ወደ ቦታው በመሄድ የመጀመሪያ እርዳታ መስጠት ጀምረዋል። የቡድኑ መሪ የሆኑት ወይዘሮ አልማዝ እንደገለጹት አንዳንዶቹ ወጣቶች በከፍተኛ ሁኔታ ደም እየፈሰሰባቸው ነበር። የደም መፍሰስን ለመቆጣጠር በቁስሉ ላይ ንጹህ ጨርቅ በማድረግ በከፍተኛ ጫና መያዝ እንደሚገባ ባለሙያዎች አሳስበዋል። በድንገተኛ ሁኔታ የሰከረ ሰው ሲገጥም ሰውየውን በጎን በኩል ማስቀመጥ እና የአተነፋፈስ መንገድን ክፍት ማድረግ አስፈላጊ ነው። የጤና ባለሙያዎች በቦታው ላይ በመገኘት ለተጎዱት ወጣቶች የመጀመሪያ ደረጃ ህክምና በመስጠት ወደ ሆስፒታል አዛውረዋቸዋል። በድንገተኛ አደጋ ወቅት ሰዎችን አለማስደንገጥ እና መረጋጋትን መጠበቅ ለህክምናው ሂደት በጣም ወሳኝ መሆኑ ተገልጿል። የዞሬ የጤና መምሪያ በየጊዜው ለነዋሪዎች ስለ መሰረታዊ የመጀመሪያ እርዳታ ስልጠና መስጠት እንደሚገባ አሳስቧል። በቦታው የነበሩ የድንገተኛ አደጋ ሰራተኞች ለተጎዱት ሰዎች አስፈላጊውን እንክብካቤ በማድረግ ላይ ይገኛሉ። የጉዞ ቡድኑ አባላትም ለወደፊቱ መሰል አደጋዎችን ለመከላከል ጥንቃቄ ማድረግ እንደሚገባ ተምረዋል። አጠቃላይ ሁኔታው አሁን ላይ መረጋጋት የጀመረ መሆኑን የከተማዋ የጸጥታ አካላት አስታውቀዋል።"
summarisation|11#2,summarisation,,health,"ጽሑፉን አንብበህ ዋናውን ሐሳብ በሁለት ወይም ሦስት ዓረፍተ ነገሮች ግለጽ።

ጽሑፍ፡ በጥር 20 ቀን 2017 ዓ.ም በወሎ ክልል በሚገኘው የንጋት ገበያ ውስጥ አንድ ያልተጠበቀ የጤና ችግር ተከስቷል። በገበያው ውስጥ በነበሩ 30 ነጋዴዎች ላይ በድንገት የራስ ምታት እና የ dizzy የመሰለ ስሜት ታይቷል። የጤና ባለሙያው አቶ ታደሰ አበበ እንደገለጹት ይህ ችግር በከፍተኛ የሙቀት መጠን ምክንያት የመጣ ሊሆን ይችላል። በከፍተኛ ሙቀት ምክንያት የሰውነት ፈሳሽ ሲቀንስ የሚከሰተውን የድካም ስሜት ለመከላከል በቂ ውሃ መጠጣት ያስፈልጋል። የሰውነት ፈሳሽ ሲቀንስ ወይም የሙቀት መዛባትን ለመከላከል ሰውየውን ጥላ ስር ማቆም አስፈላጊ መሆኑ ተገልጿል። በድንገት የራስ መዞር ለሚሰማው ሰው ቀስ ብሎ መቀመጥ ወይም መተኛት እንደሚገባ ባለሙያዎች አሳስበዋል። የጤበት መረጃ ሰጪዎች በገበያው ውስጥ ለሚገኙ ሰዎች ስለ ፈሳሽ መተካካት አስፈላጊነት ግንዛቤ እየሰጡ ነው። በወቅቱ በነበሩ ሰዎች መካከል የተወሰኑት የሰውነት ሙቀታቸው በጣም ከፍ ብሎ ነበር። የጤና ባለሙያዎች ለተጎዱት ሰዎች ቀዝቃዛ ውሃ እና ጨው ያለበት ፈሳሽ በመስጠት መርዳት ጀምረዋል። በገበያው ውስጥ ያሉ ነጋዴዎችም በሙቀት ወቅት በቂ እረፍት ማድረግ እንደሚገባ ተምረዋል። የጤና ጣቢያው ሰራተኞች በገበያው ውስጥ የጤና ክትትል ለማድረግ በቋሚነት መገኘት እንደሚጀምሩ አስታውቀዋል። አጠቃላይ የነጋዴዎቹ ሁኔታ አሁን ላይ መሻሻል መጀመሩን የጤና ባለሙያዎች በሪፖርት አቅርበዋል።"
summarisation|12#2,summarisation,,science,"የሚከተለውን ጽሑፍ አጠቃልል።

Context:
በጥቅምት ፳ ቀን በሰማያዊ ተራራ የጥናት ጣቢያ የተገኘው መረጃ በአካባቢው የዝናብ መዝገብ ላይ ትልቅ ለውጥ ማሳየቱን አረጋግጧል። በከፍተኛ የትነት ሂደት ምክንያት በሰማይ ላይ የተፈጠሩት ደመናዎች በከባድ ዝናብነት ወደ መሬት ለመመለስ ከፍተኛ የቅዝቃዜ ሁኔታ ያስፈልጋቸዋል። የጥናት ተቋሙ ቴክኒሻን አቶ ካሳሁን በቀለ እንደገለጹት በደመና ውስጥ ያለው የውሃ ትነት መጠን ከባለፈው ዓመት በሃምሳ በመቶ ይበልጣል። ይህ ከፍተኛ የትነት መጠን በደመና ውስጥ የውሃ ጠብታዎች እንዲከማቹ በማድረግ ለከባድ ዝናብ መከሰት ምክንያት ይሆናል። የዝናቡ መከሰት ለአካባቢው የውሃ ዑደት መረጋጋትና ለተፈጥሮአዊ የውሃ ምንጮች መታደስ እጅግ አስፈላጊ መሆኑ ተገልጿል። በክልሉ የሚገኙት የውሃ መቆጣጠሪያ አካላት የዝናቡ መጠንና የደመና ሁኔታን በየቀኑ በቅርብ ክትትል እያደረጉ መሆኑን አስታውቀዋል።"
summarisation|13#0,summarisation,,science,"የሚከተለውን ጽሑፍ አጠቃልል።

Context:
ዕፅዋት ለሕይወት አስፈላጊ የሆነውን ምግብ ለማዘጋጀት የፀሐይ ብርሃንን በመጠቀም የፎቶሲንተሲስ የተባለውን ውስብስብ ሂደት በየቀኑ በከፍተኛ ሁኔታ ያከናውናሉ። በዚህ ሂደት ውስጥ ዕፅዋት ከአየር ውስጥ ካለው ካርቦን ዳይኦክሳይድ እና ከመሬት ውስጥ ካለው ውሃ በመውሰድ ስኳር ያመርታሉ። የቅጠሎች ውስጥ የሚገኙት ክሎሮፕላስት የተባሉ ጥቃቅን ክፍሎች የፀሐይ ብርሃንን ለመ absorbs ለማድረግ የሚያስችላቸውን አረንጓዴ ቀለም ይይዛሉ። ይህ የተፈጥሮ ሂደት ለምድር ላይ ያሉ ፍጥረታት ሁሉ አስፈላጊ የሆነውን ኦክስጅን ወደ አየር ውስጥ በብዛት ይለቃል። ዕፅዋት የሚሰሩት ስኳር ለዕድገታቸውና ለተለያዩ የሰውነት ክፍሎቻቸው ግንባታ እንደ ዋና የኃይል ምንጭ ሆኖ ያገለግላል። ያለዚህ ሂደት በዓለም ላይ ያሉ የሕይወት ዘርፎች ሁሉ ምግብ ለማግኘትና ለመተንፈስ ትልቅ ችግር ይገጥማቸዋል። የፎቶሲንተሲስ ሂደት በምድር ላይ ያለውን የካርቦን መጠን ለመቆጣጠርና የአየር ንብረትን ለመጠበቅ ወሳኝ ሚና ይጫወታል። ስለዚህ ዕፅዋት ለተፈጥሮ ሚዛን መረጋጋትና ለሰው ልጅ ሕልውና መኖር የማይተካ እና እጅግ በጣም አስፈላጊ ናቸው።"
summarisation|13#1,summarisation,,science,"የሚከተለውን ጽሑፍ ዋና ዋና ነጥቦች በመያዝ በ2-3 ዓረፍተ ነገሮች አጠቃልል።

ጽሑፍ፡ የፎቶሲንተሲስ ሂደት በዕፅዋት ውስጥ የሚከናወን የኬሚካላዊ ለውጥ ሲሆን ይህም የፀሐይ ኃይልን ወደ ኬሚካላዊ ኃይል የሚቀይር ነው። ዕፅዋት በሥር መሥሪያቸው አማካኝነት ከመሬት ውስጥ የሚያገኙትን ውሃ ወደ ቅጠሎቻቸው በማድረስ ለሂደቱ ዝግጁ ያደርጋሉ። በቅጠሎች ላይ የሚገኙት ትናንሽ ቀዳዳዎች የአየርን እንቅስቃሴ በማመቻቸት ካርቦን ዳይኦክሳይድ ወደ ውስጥ እንዲገባ ይፈቅዳሉ። የፀሐይ ብርሃን በቅጠሉ ላይ ሲያርፍ ክሎሮፊል የተባለው ንጥረ ነገር ብርሃኑን በመ absorbs በማድረግ ሂደቱን ይጀምራል። በዚህ ወቅት የሚፈጠረው ግሉኮዝ የተባለው ስኳር ለዕፅዋት እድገትና ለተለያዩ ተግባራት መሰረታዊ ግብዓት ይሆናል። ከዚህ በተጨማሪ በሂደቱ መጨረሻ ላይ የሚፈጠረው ኦክስጅን ለእንስሳትና ለሰዎች መተንፈሻነት በጣም አስፈላጊ ነው። ዕፅዋት ይህንን ተግባር ማከናወን ካቆሙ በምድር ላይ ያለ ማንኛውም ሕይወት በቀላሉ ሊጠፋ ይችላል። የፎቶሲንተሲስ ጥናት የዕፅዋትን የሕይወት ዑደትና የአካባቢውን ሥነ-ምህዳር ለመረዳት ትልቅ ዕውቀት ይሰጠናል።"
summarisation|14#2,summarisation,,science,"የሚከተለውን ምንባብ በአጭሩ አጠቃልል፡

የሰው ልጅ የነርቭ ሥርዓት በሰውነታችን ውስጥ ያሉትን ሁሉንም ተግባራት ለመቆጣጠር እና ለመምራት የሚያስችል በጣም ፈጣን መገናኛ ነው። የአንጎል ክፍል መረጃዎችን በመተንተን እና ውሳኔዎችን በመስጠት የሰውነታችን ዋና መሪ እና ማዕከል ሆኖ ያገለግላል። የአንቀላፋት እና የንቃት ሁኔታዎችን እንዲሁም ስሜቶችን እና ትውስታዎችን የመያዝ አቅም ያለው ብቸኛው የሰውነት ክፍል ነው። የአከርካሪ አጥንት ነርቭ ደግሞ ከአንጎል ወደ ተለያዩ የሰውነት ክፍሎች መረጃ እንዲተላለፍ እንደ ዋና መስመር ያገለግላል። የነርቭ ሴሎች ወይም ኒውሮኖች መረጃዎችን በኤሌክትሪክ ምልክቶች አማካኝነት በጣም በከፍተኛ ፍጥነት ከአንድ ቦታ ወደ ሌላ ቦታ ያስተላልፋሉ። በአካባቢያችን ያሉ ለውጦችን ለምሳሌ ሙቀትን ወይም ህመምን በፍጥነት እንድንረዳ የሚያደርጉት እነዚህ የነርቭ ሴሎች ናቸው። ማዕከላዊ የነርቭ ሥርዓት ማለት አንጎልን እና የአከርካሪ አጥንትን ነርቭን በማጣመር የሰውነትን ቁጥጥር የሚያደርግ ክፍል ነው። በሌላ በኩል ደግሞ የ peripherical nervous system በሰውነት ክፍሎች እና በማዕከላዊ ሥርዓቱ መካከል ያለውን ግንኙነት ያጠናክራል። ይህ ሥርዓት በሰውነታችን ውስጥ ያለውን የጡንቻ እንቅስቃሴ እና የውስጥ አካላትን ስራ በሙሉ ይቆጣጠራል። ለምሳሌ እጃችንን ለማንቀሳቀስ ወይም ለመራመድ የሚያስፈልገው ትዕዛዝ የሚሰጠው ከአንጎል ወደ ጡንቻዎች በሚሄድ የነርቭ መልዕክት ነው። የነርቭ ሥርዓት ጤናማ እንዲሆን በቂ እንቅልፍ ማግኘት እና ከአእምሮ ውጥረት መራቅ በጣም አስፈላጊ ተግባራቶች ናቸው። ይህ ውስብስብ መዋቅር ያለ እሱ የሰው ልጅ ማሰብ፣ መንቀሳቀስ እና በዓለም ላይ መኖር አይችልም።"
summarisation|15#0,summarisation,,science,"የሚከተለውን ምንባብ በአጭሩ አጠቃልል፡

በሰኔ ፲፪ ቀን በዝቅተኛው የዘንባባ ከተማ ውስጥ በታላቁ የኤሌክትሪክ ማመንጫ ጣቢያ አዲስ የፀሐይ ብርሃን ኃይል ማከማቻ ዘዴ ተገብቷል። የዝቅተኛው የዘንባባ የኃይል ማሰባሰቢያ ድርጅት መሪ አቶ በቀለ ተስፋዬ እንደገለጹት ይህ አዲስ ቴክኖሎጂ በየቀኑ ፭፻ ሜጋ ዋት ኃይል ማመንጨት ይችላል። ይህ ፕሮጀክት በጠቅላላው ፲፪ ሚሊዮን ብር ወጪ የተከናወነ ሲሆን ለከተማዋ ነዋሪዎች አስተማማኝ የኤሌክትሪክ አገልግሎት ለመስጠት ታስቦ የተዘጋጀ ነው። የሳይንስ ተመራማሪዎቹ በዘንባባ ከተማ ውስጥ የሚገኙ የፀሐይ ብርሃን መጠንን በመለካት ውጤታማነቱን በከፍተኛ ደረጃ ማረጋገጥ ችለዋል። ይህ አዲስ የኃይል ምንጭ በቀጣይ ዓመታት በክልሉ ውስጥ ያለውን የኤሌክትሪክ ፍላጎት በከፍተኛ ሁኔታ ለመቀነስ ትልቅ ሚና ይጫወታል።"
summarisation|15#1,summarisation,,science,"ለዚህ ጽሑፍ አጭር ማጠቃለያ ጻፍ።

Context:
በአቢሲኒያ የቴክኖሎጂ ማዕከል ውስጥ የሚገኙ ሳይንቲስቶች በንፋስ ኃይል አማካኝነት የሚሰሩ አዳዲስ የባትሪ አይነቶችን ሰኔ ፲፭ ቀን ማስተዋውቀዋል። የንፋስ ኃይል ጥናት ተቋም ተቆጣጣሪ ወይዘሪት ሳራ አበበ እንደገለጹት እነዚህ ባትሪዎች በንፋስ ፍጥነት ብቻ ፪ ሰዓት ውስጥ ሙሉ በሙሉ መሙላት ይችላሉ። ይህ ግኝት በዓለም አቀፍ ደረጃ ለሚገኙ የንፋስ ማመንጫ ጣቢያዎች አዲስ የኃይል ማከማቻ አማራጭ እንደሚሆን ተገልጿል። ፕሮጀክቱ በ፪፻ ፶ ሚሊዮን ዶላር በጀት የተከናወነ ሲሆን ለጥናቱ የተሳተፉት ፵ ሳይንቲስቶች ከፍተኛ ጥረት አድርገዋል። ይህ አዲስ የኃይል ማከማቻ ዘዴ ለከተማዋ የኤሌክትሪክ መቆራረጥ ችግር ዘላቂ መፍትሔ እንደሚሰጥ ተስፋ ተደርጓል።"
summarisation|15#2,summarisation,,science,"የጽሑፉን ዋና ሐሳብ በአጭሩ ግለጽ።

Context:
በሰኔ ፳ ቀን በሰማያዊ ተራራ ተራራማ አካባቢ በሚገኘው የውሃ ኃይል ማመንጫ ጣቢያ አዲስ የኤሌክትሪክ ማከፋፈያ መስመር ተገንብቷል። የሰማያዊ ተራራ የኃይል ማመንጫ ድርጅት መሃንዲስ አቶ ዮናስ ታደሰ እንደገለጹት አዲሱ መስመር ፭፻ ኪሎ ሜትር ርቀት የሚሸፍን ነው። ይህ ግንባታ በጠቅላላው ፰ ቢሊዮን ብር ወጪ የተከናወነ ሲሆን ለ፲፬ አዳዲስ መንደሮች የኤሌክትሪክ አገልግሎት ይሰጣል። የውሃ ኃይል ማመንጫው ጣቢያ በዓመት ውስጥ ፲፪ ቢሊዮን ኪሎ ዋት ኃይል ማመንጨት እንደሚችል በሪፖርቱ ተገልጿል። ይህ አዲስ የኤሌክትሪክ መስመር በአካባቢው ያለውን የኢንዱስትሪ እንቅስቃሴ ለማሳደግ እና የኑሮ ደረጃን ለማሻሻል ትልቅ አስተዋጽኦ ይኖረዋል።"
summarisation|16#0,summarisation,,science,"ከዚህ በታች ያለውን ጽሑፍ በ2-3 ዓረፍተ ነገሮች አጠቃልለው።

Context:
የመሬት አቀማመጥና የአየር ንብረት ለኢትዮጵያ ግብርና እጅግ አስፈላጊ የሆነ ተፈጥሯዊ መሠረት መሆኑን ሁላችንም በሚገባ እናውቃለን። በከፍተኛ ቦታዎች ላይ የሚገኙት ተራራማ አካባቢዎች ለሀገሪቱ የዝናብ መጠንና ለውሃ ምንጭ መገኛነት ትልቅ ሚና ይጫወታሉ። የአየር ግፊት ለውጥና የሙቀት መጠን መጨመር በከፍተኛ ቦታዎች ላይ የሚገኙትን የዕፅዋት ዝርያዎች እድገት ላይ ተጽዕኖ ሊያሳድር ይችላል። በከፍተኛ የባህር ጠለል ላይ የሚገኙ አካባቢዎች አየር ቀጭን ስለሚሆን ለሰው ልጅ የመተንፈስ ሂደት ፈታኝ ሊሆን ይችላል። የአፈር አወቃቀርና የድንጋይ ይዘት በየክልሉ እንደየአቀማመጡ በመለያየት ለተለያዩ የሰብል አይነቶች ምቹ ሁኔታን ይፈጥራሉ። የፀሐይ ብርሃን መጠንና የክረምት ዝናብ መከታተል ለተሻለ ምርታማነትና ለምግብ ዋስትና መረጋገጥ በጣም አስፈላጊ ነው። በምድር ላይ ያሉ የተፈጥሮ ሀብቶች አጠቃቀም በአካባቢ ጥበቃና በሳይንሳዊ ጥናት ላይ የተመሰረተ መሆን ይኖርበታል። የአየር ንብረት ለውጥን ለመረዳት የሳይንስ ምርምሮችና የመሬት አቀማመጥ ጥናቶች በየጊዜው መከናወን አለባቸው።"
summarisation|16#2,summarisation,,science,"የሚከተለውን ጽሑፍ ዋና ዋና ነጥቦች ብቻ በመያዝ አጭር አድርገህ ግለጽ።

Context:
የመሬት ውስጣዊ መዋቅርና የቴክቶኒክ ሰሌዳዎች እንቅስቃሴ ለተፈጥሮ ክስተቶች መከሰት ዋነኛ ምክንያት መሆናቸውን ሳይንሳዊ ጥናቶች ያረጋግጣሉ። በምድር ውስጥ የሚገኙት የድንጋይና የማዕድን ንብርብሮች ስለ መሬት አመጣጥና እድገት ታሪካዊ መረጃዎችን ይዘዋል። የሰሌዳዎች መገፋፋትና መራራቅ በተለያዩ አካባቢዎች ላይ የመሬት መንቀጥቀጥና የእሳተ ገሞል ፍንዳታ እንዲከሰት ያደርጋሉ። በኢትዮጵያ የአቀማመጥ ሁኔታ በተለይም በስምጥ ሸለቆ አካባቢ የሰሌዳዎች እንቅስቃሴ በግልጽ የሚታይና ጥናት የሚሻ ነው። የጂኦሎጂካል ጥናቶች መደረግ ለከተማ ግንባታና ለደህንነት ጥበቃ እጅግ አስፈላጊ የሆኑ መረጃዎችን ይሰጣሉ። በምድር ውስጥ ያለው ከፍተኛ ሙቀትና የላቫ ፍሰት አዳዲስ ማዕድናት እንዲፈጠሩና እንዲከማቹ ትልቅ አስተዋጽኦ አለው። የአፈርና የድንጋይ ይዘት በየቦታው በመለያየቱ የተለያየ የጂኦሎጂካል ባህሪና የአየር ንብረት ሁኔታ እንዲኖር ያደርጋል። ስለ መሬት ውስጣዊ እንቅስቃሴ ማወቅ የተፈጥሮ አደጋዎችን አስቀድሞ ለመረዳትና ለመከላከል ከፍተኛ እገዛ ያደርጋል።"
summarisation|17#0,summarisation,,science,"እባክዎን ይህን ጽሑፍ በአጭሩ ያጠቃልሉ።

Context:
በየቀኑ የምንጠቀምባቸው የቤት ውስጥ ቁሳቁሶች ውስጥ የኬሚስትሪ ሳይንስ ትልቅ ሚና እንዳለው ማወቅ በጣም አስፈላጊ የሆነ መሠረታዊ እውቀት ነው። በኩሽና ውስጥ የምንጠቀምባቸው እንደ ጨው እና ስኳር ያሉ ነገሮች የተለያዩ የኬሚስትሪ ውህዶች ተብለው ሊጠሩ ይችላሉ። ለምሳሌ ጨው በሶዲየም እና በክሎሪን ንጥረ ነገሮች የተገነባ በጣም ጠንካራ የሆነ የኬሚስትሪ ውህድ መሆኑን መረዳት ይቻላል። ምግብ ስናበስል የሚፈጠረው የሙቀት ለውጥ በምግቡ ውስጥ ያሉትን ሞለኪውሎች በመቀየር ጣዕሙን እና ይዘቱን ሙሉ በሙሉ ይለውጠዋል። በምግብ ዝግጅት ወቅት የምንጠቀምባቸው የሎሚ ጭማቂ እና የዳቦ ማውጫ ኬሚካሎች በምግብ ውስጥ ያሉትን ንጥረ ነገሮች ለማቀላቀል ይረዳሉ። በቤት ውስጥ የምንጠቀምባቸው የጽዳት ዕቃዎች እንደ ሳሙና እና ኬሚካል ያላቸው ፈሳሾች ቅባትን ለማስወገድ የሚሰሩ ልዩ ሂደቶች ናቸው። እነዚህ የጽዳት ቁሳቁሶች በውሃ እና በቅባት መካከል ያለውን ግንኙነት በማመቻቸት ቆሻሻን በቀላሉ ለማስወገድ ትልቅ እገዛ ያደርጋሉ። በቤት ውስጥ ያለውን አየር ለማጽዳት የምንጠቀምባቸው ተፈጥሯዊ ዕፅዋትም በውስጣቸው የኬሚስትሪ ሂደቶችን በመከተል ኦክስጅንን ያመነጫሉ። የቤት ውስጥ አየር ንብረት ለውጥ እና የኬሚካል ትነት በጤናችን ላይ ሊኖራቸው የሚችለውን ተጽዕኖ ማወቅ በጣም አስፈላጊ ነው። የኬሚስትሪ እውቀት በዕለት ተዕለት ሕይወታችን ውስጥ የምንፈጽማቸውን ተግባራት በበለጠ ጥንቃቄ እና ግንዛቤ እንድንሠራ ይረዳናል። ስለዚህ በዙሪያችን ያሉትን ለውጦች በኬሚስትሪ እይታ ማየት ዓለምን በተለየ መንገድ እንድንረዳ ያደርገናል።"
summarisation|17#1,summarisation,,science,"እባክዎን ይህን ጽሑፍ በአጭሩ ያጠቃልሉ።

Context:
የብረት ዝገት በቤት ውስጥ እና በከተማ አካባቢዎች ውስጥ በብዛት የምናገኘው የኬሚስትሪ ውጤት መሆኑን ማወቅ ይገባናል። ብረት ከኦክስጅን እና ከውሃ ጋር ሲገናኝ በኬሚስትሪ ሂደት አማካኝነት ዝገት ወይም ኦክሳይድ የመፍጠር ባህሪ አለው። ይህ ሂደት የብረት ጥንካሬን በመቀነስ ዕቃዎቹ በፍጥነት እንዲበላሹ እና እንዲሰበሩ ሊያደርግ ይችላል። ብረትን ከዝገት ለመከላከል የምንጠቀምባቸው ቀለም እና ቅባቶች የብረቱን ገጽታ ከውሃ እና ከአየር መነጠል እንዲችል ያደርጋሉ። በቤት ውስጥ የምንጠቀምባቸው የኤሌክትሮኒክስ ዕቃዎች ውስጥ ያሉ የኬሚካል ባትሪዎች ለኤሌክትሪክ ኃይል ምንጭ መሆናቸው ይታወቃል። እነዚህ ባትሪዎች በውስጣቸው ባሉ ኬሚካሎች አማካኝነት የኤሌክትሮኬሚካል ሂደትን በመፈጸም ኃይልን ወደ ኤሌክትሪክ ይቀይራሉ። የባትሪዎች አገልግሎት ሲያልቅ በውስጣቸው ያሉ ኬሚካሎች ለአካባቢ ብክለት እንዳይዳርጉ በጥንቃቄ ማስወገድ በጣም አስፈላጊ ተግባር ነው። በቤት ውስጥ የምንጠቀምባቸው የሳሙና እና የሻምፑ ዓይነቶች በኬሚስትሪ ህግ መሰረት የተሰሩ ልዩ ውህዶች ናቸው። እነዚህ ውህዶች በቆዳችን ላይ ያሉትን ቅባቶች እና ቆሻሻዎች በኬሚካዊ ትስስር አማካኝነት በቀላሉ እንዲለቀቁ ያደርጋሉ። የኬሚስትሪ ሳይንስን መረዳት የዕለት ተዕለት ቁሳቁሶቻችንን እድሜ ለማራዘም እና ጥንካሬያቸውን ለመጠበቅ ትልቅ እገዛ ያደርጋል። የኬሚካዊ ለውጦችን መከታተል በቤት ውስጥ ያለውን ደህንነት ለመጠበቅ እና አደጋዎችን ለመቀነስ ይረዳል።"
summarisation|18#2,summarisation,,agriculture,"የሚከተለውን ምንባብ በአጭሩ አጠቃልል፡

በካቲት ወር ውስጥ በምስራቅ ሜዳዎች በሚገኙ የእርሻ ማህበራት ስር የሚሰሩ ገበሬዎች አዲስ የቴክኖሎጂ መሣሪያዎችን መጠቀም ጀምረዋል። የኩላሊት የግብርና ማህበር አባል የሆኑት አቶ ታደሰ ካሳ በዘመናዊ መርፌ መዝራሪያ አማካኝነት የጤፍ ዘርን በሰፋፊ መሬት ላይ መዝራት መቻላቸውን ገልጸዋል። በዘንድሮው የዝግጅት ወቅት በሃያ ሺህ ሄክታር መሬት ላይ የተከናወነው ስራ ለክልሉ የሰብል ዋስትና ትልቅ አስተዋጽኦ ይኖረዋል። የግብርና ምርት ጥናት ተቋሙ እንደገለጸው በአዲሱ የዘር ዝርያ ምክንያት በሰብሉ ላይ የሚከሰተው የነፍሳት ጉዳት በአስራ አምስት በመቶ ቀንሷል። ይህ የቴክኖሎጂ ሽግግር በክልሉ ውስጥ የሚገኙ አምስት መቶ አርሶ አደሮችን የኑሮ ደረጃ ለማሻሻል ትልቅ ተስፋ ሰጪ እርምጃ ተደርጎ ተወስዷል።"
summarisation|20#0,summarisation,,agriculture,"የሚከተለውን ጽሑፍ ዋና ዋና ነጥቦች በመያዝ በ2-3 ዓረፍተ ነገሮች አጠቃልል።

ጽሑፍ፡ በኢትዮጵያ የገጠር አካባቢዎች የሚታየው የአፈር መሸርሸር ችግር በግብርና ምርታማነት ላይ ከፍተኛ የሆነ አሉታዊ ተጽዕኖ እያሳደረ ይገኛል። የአፈር መሸርሸር በዋናነት በዝናብ ውሃ እና በንፋስ አማካኝነት የአፈርን ለምነት የሚፈጥሩ ንጥረ ነገሮችን ይዞ በመሄድ መሬቱን ያጎድዳል። ይህ ክስተት በተለይ በኮረብታማ ቦታዎች ላይ የሚገኙ የእርሻ ማሳዎችን ለከፍተኛ ጉዳት በማጋለጥ የምግብ ዋስትናን አደጋ ላይ ይጥላል። የአፈር መሸርሸርን ለመከላከል የ terraces ወይም የደረጃ ግንባታ ዘዴን መጠቀም መሬቱ እንዳይሸረሸር ለማድረግ በጣም ውጤታማ መንገድ ነው። በተጨማሪም በረጅም መስመሮች የዛፎችን እና የቁጥቋጦዎችን መስመር በመትከል የአፈርን የመያዝ አቅም ማሳደግ ይቻላል። የደን ሽፋንን ማሳደግ የአፈርን ንጣፍ ከዝናብ ውሃ ቀጥተኛ ተጽዕኖ ለመከላከል ትልቅ ሚና ይጫወታል። አርሶ አደሮች በየዓመቱ የሚታየውን የአፈር መሸርሸር መጠን ለመቀነስ ዘላቂ የሆኑ የአፈር ጥበቃ ስልቶችን መተግበር ይኖርባቸዋል። የአፈር መሸርሸርን ለመቀነስ የሚደረጉ ጥረቶች የወደፊት ትውልድ የሚጠቀምበትን መሬት ለመጠበቅ ወሳኝ ተግባራት ናቸው። የአፈር ጥበቃ ስልቶችን በትክክል መተግበር የአፈርን እርጥበት በመጠበቅ ለሰብል እድገት ምቹ ሁኔታን ይፈጥራል። በመሆኑም የአፈር መሸርሸርን መከላከል ለሀገሪቱ የግብርና እድገት እና ለኢኮኖሚ መረጋጋት መሰረት ነው።"
summarisation|20#1,summarisation,,agriculture,"ይህን ጽሑፍ በአጭሩ አጠቃልልልኝ።

በኢትዮጵያ የከፋፋይ የዝናብ ወቅት የአፈር መሸርሸርን ለመቀነስ የኮንቱር መስመር እርሻ ዘዴን መጠቀም በጣም አስፈላጊ የሆነ ተግባር ነው። ይህ ዘዴ በኮረብታማ መሬቶች ላይ የአፈር መሸርሸርን ለመቀነስ እና የውሃ ፍሰትን ለመቆጣጠር ይረዳል። የአፈር መሸርሸርን ለመከላከል የድንጋይ ግንባታ እና የጭቃ ግንባታ ዘዴዎችን በመጠቀም መሬቱን ማጠናከር ይቻላል። እነዚህ ዘዴዎች የውሃ ፍሰት ፍጥነትን በመቀነስ አፈር በረጅም ርቀት እንዳይወሰድ ያደርጋሉ። የአፈር መሸርሸርን ለመቀነስ የሰብል ተከታታይነትን በመጠበቅ መሬቱ ሁልጊዜ በዕፅዋት መሸፈን አለበት። የአፈርን መዋቅር ለመጠበቅ እና ለምነትን ለማቆየት የኦርጋኒክ ማዳበሪያዎችን መጠቀም ተመራጭ የሆነ መንገድ ነው። የደን መጓደል ለአፈር መሸርሸር ዋነኛ መንስኤ በመሆኑ የዛፍ ተከላ ስራዎችን ማጠናከር የግድ ይላል። የአፈር ጥበቃ ስራዎች በህብረተሰቡ ውስጥ በጋራ መከናወን ያለባቸው እና የሁሉንም ድጋፍ የሚሻቸው ተግባራት ናቸው። የአፈር መሸርሸርን ለመከላከል የሚደረጉ ስራዎች የአፈርን ንጣፍ በመጠበቅ ለረጅም ጊዜ ምርታማነትን ያረጋግጣሉ። የአፈር መሸርሸርን መቆጣጠር የአካባቢ ጥበቃን ከግብርና ምርታማነት ጋር ለማቀናጀት ይረዳል። በመጨረሻም የአፈር ጥበቃ ስልቶችን መከተል የአፈርን ለምነት በመጠበቅ ለተሻለ ምርት መሰረት ይጥላል።"
summarisation|20#2,summarisation,,agriculture,"የጽሑፉን ዋና ሐሳብ በአጭሩ ግለጽ።

Context:
በኢትዮጵያ የደጋማ አካባቢዎች የሚገኙ የእርሻ ማሳዎች ለአፈር መሸርሸር በጣም ተጋላጭ መሆናቸውን ማወቅ ያስፈልጋል። የአፈር መሸርሸርን ለመከላከል የድንጋይ ግንባታ እና የኮንቱር መስመር ዘዴዎችን መጠቀም በጣም ውጤታማ መፍትሄዎች ናቸው። እነዚህ ዘዴዎች የዝናብ ውሃ ፍጥነትን በመቀነስ አፈር እንዲሸረሸር እንዳይችል ከፍተኛ ጥበቃ ያደርጋሉ። የአፈር መሸርሸርን ለመቀነስ የደን ሽፋንን ማሳደግ እና ዛፎችን መትከል በጣም አስፈላጊ ተግባራት ናቸው። የዛፎች ስር አፈርን አጥብቆ በመያዝ የአፈር መሸርሸርን በከፍተኛ ሁኔታ ለመቀነስ ይረዳሉ። የአፈርን ለምነት ለመጠበቅ እና ምርታማነትን ለመጨመር የሰብል ተከታታይነትን መጠቀም ይገባል። የአፈር መሸርሸርን ለመከላከል የሚደረጉ ጥረቶች የአካባቢውን ስነ ህይወት ለመጠበቅ ትልቅ አስተዋጽኦ ያበረክታሉ። አርሶ አደሮች የአፈር ጥበቃ ዘዴዎችን በመማር እና በመተግበር የገቢያቸውን ምርታማነት ማሳደግ ይችላሉ። የአፈር መሸርሸርን መከላከል የአፈርን እርጥበት በመጠበቅ ለሰብል እድገት ምቹ ሁኔታን ይፈጥራል። የአፈር መሸርሸርን ለመቆጣጠር የሚደረጉ ስራዎች ለሀገሪቱ የምግብ ዋስትና መረጋገጥ ወሳኝ ናቸው። በመሆኑም የአፈር ጥበቃ ስልቶችን በስፋት መተግበር የአፈርን ንጣፍ ለመጠበቅ እና ለረጅም ጊዜ አገልግሎት ለማዋል ይረዳል።"
summarisation|21#0,summarisation,,agriculture,"ጽሑፉን አንብበሽ ማጠቃለያውን ጻፊ።

Context:
በሰኔ ፲፪ ቀን በዝቅተኛው የዞን አስተዳደር ስር በሚገኘው አባይ ሸለቆ ውስጥ የከብት አርቢዎች ማህበር አዲስ ፕሮግራም ጀምሯል። ይህ ፕሮግራም በባለሙያ የታገዘ ሲሆን በዓመት ውስጥ ፭፻ አምሳ አዳዲስ የጤና ክትባቶችን ለመስጠት በታቀደ መልኩ ተዘጋጅቷል። የፕሮግራሙ አስተባባሪ አቶ በቀለ ተስፋዬ እንደገለጹት በክልሉ የሚገኙ ፪፻ አርቢዎች በቀጥታ ተጠቃሚ ይሆናሉ። አዲሱ የክትባት ዘዴ ከባለሙያዎች የተገኘ ሲሆን ይህም የእንስሳትን በሽታ የመከላከል አቅም በከፍተኛ ሁኔታ ይጨምራል። ማህበሩ ለዚህ ስራ የሚያስፈልገውን የገንዘብ ድጋፍ ከክልሉ የግብርና ቢሮ በ፪ ሚሊዮን ብር አግኝቷል። ፕሮጀክቱ በሚቀጥሉት ስድስት ወራት ውስጥ ሙሉ በሙሉ ተጠናቆ ወደ ስራ እንደሚገባ ተገልጿል።"
summarisation|21#1,summarisation,,agriculture,"እባክዎን ይህን ጽሑፍ በአጭሩ ያጠቃልሉ።

Context:
በታላቁ የሰሜን ሜዳ ግብርና ማዕከል ውስጥ የዶክተር ሄለን አበበ መሪነት አዲስ የጥጃ እንክብካቤ ስልጠና ተሰጥቷል። ይህ ስልጠና በነሐሴ ፭ ቀን የተጀመረ ሲሆን በስልጠናው ላይ ፻፳ አርቢዎች በዝርዝር ተሳትፈዋል። ስልጠናው በዋናነት በወተት አውራ ከብቶች አመጋገብ እና በንጽህና አጠባበቅ ላይ ትኩረት አድርጎ የተዘጋጀ ነው። የልምምድ ክፍለ ጊዜው በዘመናዊ የእንስሳት ማቆያ ውስጥ የተካሄደ ሲሆን አዳዲስ መሣሪያዎችም ለተሳታፊዎች ተሰጥተዋል። የትምህርት ክፍለ ጊዜው በየቀኑ ለሦስት ሰዓታት የሚቆይ ሲሆን በሦስት ወራት ውስጥ ይጠናቀቃል። ይህ ስልጠና በክልሉ የሚገኙ የእንስሳት ሞት መጠንን በ፲ በመቶ ለመቀነስ ያለመ ነው።"
summarisation|21#2,summarisation,,agriculture,"ለዚህ ጽሑፍ አጭር ማጠቃለያ ጻፍ።

Context:
በአዲሱ የብሩ ማዕከል የከብት ምርት ማሻሻያ መርሃ ግብር መሠረት ፪፻፵ አዳዲስ የጎመን ዝርያዎች ለከብቶች እንዲሆኑ ተዘጋጅተዋል። ይህ ዝግጅት በኅዳር ፲፭ ቀን በታላቁ የግብርና ማህበር ስም የተከናወነ ትልቅ ተግባር ነው። የፕሮጀክቱ ተቆጣጣሪ አቶ ታደሰ ከበሩ እንደገለጹት ይህ አዲስ የአመጋገብ ዘዴ የከብቶችን የሥጋ ምርት በ፳ በመቶ ይጨምራል። ለዚህ ስራ የሚያስፈልገው የውሃ አቅርቦት በ፪ አዳዲስ የውሃ ጉድጓዶች አማካኝነት በዘመናዊ መንገድ ተሟልቷል። ማዕከሉ ለዚህ ተግባር በድምሩ ፪ ሚሊዮን ስምንት መቶ ሺህ ብር ወጪ አድርጓል። በቅርቡ በሚካሄደው የክትትል ጉብኝት የአመጋገብ ስርዓቱ ውጤታማነት በዝርዝር እንደሚታይ ተገልጿል።"
summarisation|23#0,summarisation,,agriculture,"የሚከተለውን ጽሑፍ አጠቃልል።

Context:
በሰኔ 15 ቀን 2016 ዓ.ም በደቡብ ዞን በሚገኘው አባይ ሸለቆ ውስጥ ከፍተኛ የሆነ የሰብል በሽታ መከሰቱን የአርሶ አደሩን ድምፅ የሚሰማው የዞኑ ግብርና ቢሮ አስታውቋል። በዚሁ አካባቢ የሚገኙ የጤፍ እና የገብስ አምራቾች በድንገት በደረሰባቸው የቅጠል መድረቅ በሽታ ምክንያት የሰብል ምርታቸው በ40 በመቶ እንደሚቀንስ ገልጸዋል። የዞኑ የግብርና ባለሙያ አቶ በቀለ ተስፋዬ እንደገለጹት በሽታው የተከሰተው በከፍተኛ እርጥበት እና በሙቀት መጨመር ምክንያት መሆኑን ተረጋግጧል። የዞኑ የግብርና ተቋም የባለሙያ ቡድንን ወደ ተጎጂው አካባቢ በመላክ የሰብሉን ሁኔታ በጥልቀት እንዲመረምሩ ትዕዛዝ ሰጥቷል። በአካባቢው የሚገኙ 500 አርሶ አደሮች በበሽታው ምክንያት ከፍተኛ የኢኮኖሚ ኪሳራ እየደረሰባቸው መሆኑን የክልሉ የግብርና መምሪያ ሪፖርት አውጥቷል። የባለሙያዎች ቡድን በሽታውን ለመከላከል የሚያስችሉ ተፈጥሯዊ መፍትሄዎችን እና የተሻሻሉ የዘር አይነቶችን ለገበሬው ለማስተዋወቅ እየሰራ ይገኛል። የዞኑ የግብርና መምሪያ በበሽታው የተጠቁ ሰብሎችን በፍጥነት እንዲለዩ እና ለባለሙያዎች እንዲያሳውቁ ለሁሉም አርሶ አደሮች ጥብቅ ማሳሰቢያ ሰጥቷል። በአካባቢው የሚገኙ የግብርና ማህበራት አርሶ አደሮች የኬሚካል ማዳበሪያ ከመጠቀም ይልቅ የተፈጥሮ መከላከያ ዘዴዎችን እንዲከተሉ ይመክራሉ። በቅርቡ በሚካሄደው የክልሉ የግብርና ኮንፈረንስ ላይ ስለ በሽታው መከላከያ ዘዴዎች ሰፊ ስልጠና ለመስጠት ታቅዷል። የአባይ ሸለቆ አርሶ አደሮች በበሽታው ምክንያት ሊመጣ የሚችለውን የምርት መቀነስ ለመቋቋም የጋራ ስምምነት ላይ ደርሰዋል። የዞኑ አስተዳደር ለተጎጂ አርሶ አደሮች ድጋፍ ለማድረግ የሚያስችል የፋይናንስ እቅድ ማዘጋጀቱን ለሚዲያ አውጥቷል። በአጠቃላይ በሽታው በክልሉ ሰፊ ቦታ ላይ እንዳይስፋፋ ጥብቅ ክትትል ማድረግ አስፈላጊ መሆኑን ባለሙያዎች አሳስበዋል።"
summarisation|23#2,summarisation,,agriculture,"ለዚህ ጽሑፍ አጭር ማጠቃለያ ጻፍ።

Context:
በጥር 05 ቀን 2017 ዓ.ም በምዕራብ ሸለቆ ውስጥ የሚገኙ የፍራፍሬ አምራቾች በድንገት በደረሰባቸው የጥቁር ነፍሳት ጥቃት ከፍተኛ ስጋት ላይ መሆናቸውን ገልጸዋል። በሸለቆው ውስጥ የሚገኙ የሎሚ እና የብርቱካን አምራቾች በነፍሳቱ ምክንያት የፍራፍሬ ምርታቸው በ50 በመቶ ሊቀንስ እንደሚችል ተገኝቷል። የሸለቆው የግብርና መምሪያ አቶ ካሳሁን በቀለ በነፍሳቱ ምክንያት የሚደርሰውን ጉዳት ለመቀነስ አስቸኳይ እርምጃ መውሰድ እንደሚገባ ተናግረዋል። በክልሉ የሚገኙ የግብርና ባለሙያዎች በነፍሳቱ የተጠቁ ቦታዎችን በመለየት የክትትል ስራ መጀመራቸውን ለሚዲያ ገልጸዋል። አርሶ አደሮች የነፍሳቱን ስርጭት ለመቆጣጠር የባዮሎጂካል መከላከያ ዘዴዎችን እንዲጠቀሙ የክልሉ የግብርና ቢሮ ይመክራል። በነፍሳቱ ምክንያት በየቀኑ 10,000 ዶላር የሚያክል የገበያ ኪሳራ እየደረሰ መሆኑን የንግድ ማህበሩ ሪፖርት አውጥቷል። የክልሉ የግብርና መምሪያ ለተጎጂ አርሶ አደሮች የነፍሳት መከላከያ መድሃኒቶችን በቅናሽ ዋጋ ለማቅረብ እቅድ አውጥቷል። በምዕራብ ሸለቆ የሚገኙ የግብርና ኮኦፕሬቲቮች አርሶ አደሮች በጋራ በመሆን የነፍሳቱን ስርጭት ለመግታት እየሰሩ ይገኛሉ። የባለሙያዎች ቡድን በየሳምንቱ የነፍሳቱን ብዛት እና ስርጭት በመለካት ሪፖርት ለክልሉ መምሪያ እንዲያቀርብ ተወስኗል። አርሶ አደሮች የነፍሳቱን መባባስ ለመከላከል የሰብል መዝሪያ ጊዜያቸውን እንዲያስተካክሉ ጥብቅ ምክር ተሰጥቷቸዋል። በነፍሳቱ ምክንያት የሚከሰተው ጉዳት ከቀጠለ በአካባቢው የሚታየው የፍራፍሬ ምርት ሙሉ በሙሉ ሊጠፋ እንደሚችል ተሰግቷል። የክልሉ መንግስት ለዚህ ችግር መፍትሄ ለማምጣት ተጨማሪ የሰው ኃይል እና ቁሳቁስ ማሰማራቱን አረጋግጧል።"
summarisation|24#0,summarisation,,news,"ይህን ጽሑፍ በአጭሩ አጠቃልልልኝ።

በአዲስ ሰላም ከተማ በሚገኘው የዝቅተኛ መሬት አካባቢ የጥበብ ማኅበር አባላት ሰኔ ፲፪ ቀን በዓመት አንድ ጊዜ የሚካሄደውን የኪነጥበብ ትርኢት በታላቅ ድምቀት አከናውነዋል። በዚህ ዝግጅት ላይ ከአንድ መቶ በላይ ወጣቶች በባህላዊ ውዝዋዜ እና በሙዚቃ ትርኢት በመሳተፍ ለከተማዋ ነዋሪዎች ልዩ መዝናኛን ሰጥተዋል። የጥበብ ማኅበሩ መሪ የሆኑት አቶ በቀለ ተስፋዬ በንግግራቸው ላይ የኪነጥበብ ትምህርት ለወጣቶች አስፈላጊ መሆኑን በዝርዝር አብራርተዋል። በዝግጅቱ ወቅት ለተሳታፊዎች በድምሩ አምስት ሺህ ብር የሚያወጣ የምስክር ወረቀት እና የሽልማት ስጦታዎች ተበርክተዋል። የከተማዋ አስተዳደር ተወካዮችም በዝግጅቱ ላይ በመገኘት ለወጣቶች የፈጠራ ስራዎች የሚደረገውን ድጋፍ አረጋግጠዋል። ይህ ዓመታዊ መድረክ በየዓመቱ በሰኔ ወር መጨረሻ ላይ እንደሚካሄድ ማኅበሩ ለህዝብ በይፋ አስታውቋል።"
summarisation|24#2,summarisation,,news,"ይህን ጽሑፍ በአጭሩ አጠቃልልልኝ።

በሰማያዊ ተራራ ከተማ በሚገኘው የልጆች መጫወቻ አዳራሽ ውስጥ ሰኔ ፲፰ ቀን ለታዳጊዎች የሚሆን የንባብ እና የዕውቀት ውድድር ተካሂዷል። በውድድሩ ላይ ከአስር የተለያዩ ትምህርት ቤቶች የመጡ ሁለት መቶ አምሳ ተማሪዎች በከፍተኛ ተነሳሽነት ተሳትፈዋል። የውድድሩ አሸናፊ የሆኑት ተማሪዎች በድምሩ አሥር ሺህ ብር የሚገመት የትምህርት መርጃ መሣሪያዎች እና መጽሐፍትን ሽልማት አግኝተዋል። የከተማዋ የትምህርት መመሪያ የዘርፉ ተቆጣጣሪ የሆኑት አቶ ዮናስ በቀለ ለተማሪዎቹ ብሩህ ተስፋ እንዲኖራቸው ጠንክረው እንዲማሩ አበረታተዋል። በዝግጅቱ ወቅት የተዘጋጁ ልዩ የጥበብ ትርኢቶችም ተማሪዎቹ ከትምህርት ጎን ለጎን በኪነጥበብ እንዲሰማሩ አድርገዋል። ይህ የንባብ ባህል ማሳደጊያ መርሃ ግብር በየሦስት ወሩ በከተማዋ ውስጥ እንደሚካሄድ በዝግጅቱ ማጠቃለያ ላይ ተገልጿል።"
summarisation|25#0,summarisation,,news,"ይህ ጽሑፍ ምን እንደሚናገር በአጭሩ አስረዳ።

Context:
በሰኔ ፲፪ ቀን በወንጌል ከተማ በሚገኘው የንግድ ማዕከል ውስጥ የኢትዮ-አባይ የንግድ ማኅበር በዓመት ውስጥ የገቢ ዕድገት ማሳየቱን በሰፊው አስታውቋል። ማኅበሩ ባወጣው መረጃ መሠረት ባለፈው ዓመት ከነበረው የ፲፭ በመቶ ዕድገት በመሻገር የ፳፭ በመቶ የትርፍ መጠን ማሳካቱን በዝርዝር አብራርቷል። የማኅበሩ ሥራ አስፈጻሚ አቶ በቀለ ተስፋዬ በሰጡት መግለጫ መሠረት አዲሱ የኢንቨስትመንት መመሪያ ለድርጅቱ ከፍተኛ የገንዘብ ፍሰት እንዲመጣ አድርጓል። በከተማዋ የሚገኙ አዳዲስ የፋብሪካ ግንባታዎች በወር ፭ ሚሊዮን ብር የሚያክል ተጨማሪ የሥራ ዕድል ለወጣቶች መፍጠር መጀመራቸውን አክለው ገልጸዋል። የንግድ ማኅበሩ በዓመት ውስጥ ከ፲፪ ሚሊዮን ብር በላይ ለልማት ሥራዎች ማዋሉን በዝርዝር ማብራሪያ ሰጥተው አረጋግጠዋል። በክልሉ የሚገኙ አነስተኛ የንግድ ተቋማትም በዘንድሮው የንግድ ዓመት የገበያ ተሳትፎአቸውን በከፍተኛ ሁኔታ ማሳደጋቸውን መረጃው ያሳያል። የገበያ ዋጋ መረጋጋት ለንግዱ ዘርፍ መፈጠር ትልቅ መሠረት መሆኑን የኢኮኖሚ ባለሙያዎች በከተማዋ ስብሰባ ላይ ተናግረዋል። ይህ አዎንታዊ ለውጥ በቀጣይ ዓመታት ለከተማዋ የኢኮኖሚ ዕድገት ትልቅ ተስፋ እንደሚሰጥ ሁሉም ተሳታፊዎች በጋራ ተስፋ አድርገዋል።"
summarisation|25#1,summarisation,,news,"የሚከተለውን ጽሑፍ ዋና ዋና ነጥቦች ብቻ በመያዝ አጭር አድርገህ ግለጽ።

Context:
በሐምሌ ፭ ቀን በዝቅተኛው የኢኮኖሚ ቀጠና በሚገኘው የሰላም ተራራ አካባቢ የግብርና ምርቶች ገበያ በከፍተኛ ሁኔታ መናር መጀመሩ ተገልጿል። የክልሉ የግብርና ሚኒስቴር ባወጣው መግለጫ መሠረት የጥራጥሬ ምርቶች ዋጋ በወር ውስጥ በ፲፬ በመቶ መጨመር ማሳየቱን አመልክቷል። በአካባቢው የሚገኙ የገበሬዎች ማኅበር አባላት በምርት ብዛት ቢበልጥም በገበያ መገኘት ችግር እንዳለባቸው ለሚመለከተው አካል አቤቱታ አቅርበዋል። የገበያ መረጃ ሰብሳቢው አቶ ታደሰ አበበ በሰጡት መግለጫ መሠረት የትራንስፖርት ወጪ መጨመር ለምርቶች ዋጋ መናር ዋነኛው ምክንያት ነው። በሰላም ተራራ ከተማ የሚገኙ ነጋዴዎች በየቀኑ ፪ ሚሊዮን ብር የሚያክል ምርት ወደ ዋናው ከተማ ለማጓጓዝ እየጣሩ መሆኑን ገልጸዋል። የግብርና ምርቶች ዋጋ መናር በከተማው ነዋሪዎች የዕለት ተዕለት የኑሮ ውድነት ላይ ከፍተኛ ተጽዕኖ እያሳደረ መሆኑን ጥናቶች ያሳያሉ። መንግሥት የትራንስፖርት ድጋፍ በማድረግ የምርቶችን ፍሰት ለማቀላጠፍ የ፪ ቢሊዮን ብር በጀት መመደቡንም በዜናው ላይ ተጠቅሷል። ይህ እርምጃ በገበያው ላይ ያለውን የዋጋ መናር ለመቀነስና ለገበሬዎች የተሻለ ገቢ ለማስገኘት ይረዳናል ተብሎ ይታመናል።"
summarisation|25#2,summarisation,,news,"የሚከተለውን ምንባብ በአጭሩ አጠቃልል፡

በነሐሴ ፳ ቀን በደቡብ አቅጣጫ በሚገኘው የብሩ ማዕከል የፋይናንስ ተቋማት የዲጂታል ክፍያ አጠቃቀምን ለማስፋፋት አዲስ መርሃ ግብር ጀምረዋል። የብሩ ባንክ የሥራ አመራር ቦርድ ባወጣው መመሪያ መሠረት በዘንድሮው ዓመት የዲጂታል ክፍያ ተጠቃሚዎችን ቁጥር በ፸ በመቶ ማሳደግ እንደሚቻል ወስኗል። የባንኩ ዋና ሥራ አስኪያች ወይዘሮ አልማዝ አሰፋ በሰጡት መግለጫ መሠረት አዲሱ ሥርዓት የንግድ ልውውጥን ፈጣንና አስተማማኝ ያደርገዋል። በከተማዋ የሚገኙ አነስተኛ የችርቻሮ ነጋዴዎችም በዲጂታል መሣሪያዎች አማካኝነት ክፍያ መቀበል መጀመራቸውን መረጃው በዝርዝር አመልክቷል። የባንኩ የቴክኖሎጂ ክፍል በየወሩ ፭ ሚሊዮን ብር የሚያወጣ የሶፍትዌር ማሻሻያ በማድረግ ደንበኞችን ለማገልገል እየሠራ መሆኑ ተገልጿል። የዲጂታል ክፍያ አጠቃቀም መጨመር በከተማዋ የገንዘብ ዝውውር ፍጥነትና በንግድ እንቅስቃሴ ላይ ከፍተኛ ለውጥ እያመጣ ነው። የፋይናንስ ባለሙያዎች ይህ የቴክኖሎጂ ሽግግር ለክልሉ የኢኮኖሚ ዘመናዊነት መሠረት መሆኑን በሰፊው አጽንኦት ሰጥተው ተናግረዋል። የባንኩ ዓላማ በሦስት ዓመት ውስጥ በከተማዋ ያለውን የፋይናንስ ተደራሽነት ወደ ፱፱ በመቶ ማድረስ መሆኑ ተገልጿል።"
summarisation|26#0,summarisation,,news,"የሚከተለውን ጽሑፍ ዋና ዋና ነጥቦች በመያዝ በ2-3 ዓረፍተ ነገሮች አጠቃልል።

ጽሑፍ፡ በሰሜን አውራጃ በሚገኘው የዝቅተኛ ኮረብታ አካባቢ የሰላም ተስፋ ትምህርት ቤቶች ማህበር በቅርቡ አዲስ የቴክኖሎጂ ማዕከል ለመክፈት ሰፊ ዝግጅት እያደረገ ይገኛል። ይህ አዲስ የተቋቋመ ማዕከል በታላቁ አበበ ተክሌ የገንዘብ ድጋፍ የተገነባ ሲሆን በአጠቃላይ አምስት ሚሊዮን ብር ወጪ ተደርጎበታል። ማዕከሉ በየሳምንቱ ለሁለት መቶ ተማሪዎች የኮምፒውተር እና የሶፍትዌር ልማት ስልጠናዎችን በነጻ ለመስጠት አቅዶ ተነስተዋል። የትምህርት ቤቱ ዳይሬክተር አቶ በቀለ ደሳለኝ እንደገለጹት ይህ ፕሮጀክት በክልሉ ያለውን የዲጂታል እውቀት ለማሳደግ ትልቅ ሚና ይጫወታል። በታህሳስ አምስት ቀን ሁለት ሺህ አስራ ስድስት ዓመተ ምህረት የሚመረቀው ይህ ማዕከል ዘመናዊ የላብራቶሪ መሣሪያዎችን ይዞ ይገኛል። ተማሪዎች በስልጠናው ወቅት የተለያዩ የኢንተርኔት መሠረተ ልማቶችን እና የዲጂታል መጽሐፍትን በነጻ መጠቀም ይችላሉ። ማህበሩ ከክልሉ የትምህርት ቢሮ ጋር በመተባበር ለስልጠናው የሚያስፈልጉ ባለሙያዎችን በዝርዝር መርጧል። ፕሮጀክቱ ለሚቀጥሉት አምስት ዓመታት በየዓመቱ አዳዲስ የቴክኖሎጂ መሣሪያዎችን ለማቅረብ ግብ አውጥቷል። በክልሉ የሚገኙ ሌሎች ትምህርት ቤቶችም በዚህ ማዕከል ስልጠና እንዲያገኙ ለማድረግ ጥረት እየተደረገ ነው። የገንዘብ ድጋፉ ከሀገር ውስጥ የግል ባለሀብቶች እና ከልማት ድርጅቶች የተሰበሰበ ነው። ይህ ስኬት በክልሉ የትምህርት ጥራት ላይ አዲስ ምዕራፍ እንደሚከፍት ተስፋ ይደረጋል። ማዕከሉን ለመክፈት የሚደረገው ዝግጅት በአሁኑ ወቅት በከፍተኛ ሁኔታ እየተከናወነ ይገኛል።"
summarisation|26#1,summarisation,,news,"እባክዎን ይህን ጽሑፍ በአጭሩ ያጠቃልሉ።

Context:
በደቡብ አቅጣጫ በሚገኘው የጥቁር አባይ ተፋሰስ አካባቢ የልማትና እውቀት ማዕከል በቅርቡ አዲስ የሙያ ስልጠና ማዕከል መክፈቱን አስታወቀ። ይህ አዲስ ተቋም በሰኔ አሥራ ሁለት ቀን ሁለት ሺህ አሥራ ስምንት ዓመተ ምህረት በይፋ ሥራ መጀመሩ ተገልጿል። ማዕከሉ በጠቅላላው ሰባት መሠረታዊ የሙያ ዘርፎችን ለሰባት መቶ ወጣቶች ለማስተማር ታቅዶ የተቋቋመ ነው። የድርጅቱ ሥራ አስፈጻሚ ወይዘሪት ሳራ መለሰ እንደገለጹት ስልጠናው በዋናነት በግብርና ቴክኖሎጂ እና በህንፃ ግንባታ ላይ ያተኩራል። ለዚህ ፕሮጀክት በድምሩ ስምንት ሚሊዮን ብር በክልሉ የልማት ፈንድ አማካኝነት ተመድቧል። ተማሪዎች በስልጠናው ወቅት በተግባር ላይ የተመሰረቱ ትምህርቶችን እና የዘመናዊ መሣሪያዎች አጠቃቀምን ይማራሉ። ማዕከሉ በየሦስት ወሩ አዳዲስ የሙያ ብቃቶችን ለመለካት የሚያስችሉ ፈተናዎችን የማካሄድ ሥርዓት አለው። በስልጠናው ማጠናቀቂያ ላይ ተማሪዎች የሥራ ፈጠራ ብቃታቸውን የሚያሳዩ ፕሮጀክቶችን ለገምጋሚዎች ማቅረብ ይኖርባቸዋል። የክልሉ የሥራና ክህሎት ቢሮ ከማዕከሉ ጋር በመሆን ለተመረቁ ወጣቶች የሥራ ዕድል ለማመቻቸት እየሠራ ነው። በየዓመቱ አንድ መቶ አዳዲስ ተማሪዎችን ለመቀበል የሚያስችል የፋይናንስ አቅም ማዕከሉ አለው። ይህ ስልጠና በክልሉ ያለውን የሥራ አጥነት መጠን ለመቀነስ ትልቅ አስተዋጽኦ ይኖረዋል። ማዕከሉ በየዓመቱ አዳዲስ የሙያ ዘርፎችን በማካተት ተደራሽነቱን ለማስፋት አቅዷል።"
summarisation|26#2,summarisation,,news,"የሚከተለውን ጽሑፍ ዋና ዋና ነጥቦች በመያዝ በ2-3 ዓረፍተ ነገሮች አጠቃልል።

ጽሑፍ፡ በምስራቅ አውራጃ በሚገኘው የንጋት ከተማ የትምህርት ጥራት ማሻሻያ ኮሚቴ አዲስ የቤተ መጻሕፍት ግንባታ ፕሮጀክት መጀመሩን አበሰረ። ይህ ግዙፍ ፕሮጀክት በጥር ሃያ አምስት ቀን ሁለት ሺህ አስራ ሰባት ዓመተ ምህረት መጀመሩ ተገልጿል። የቤተ መጻሕፍቱ ግንባታ በአጠቃላይ አሥራ ሁለት ሚሊዮን ብር ወጪ የሚጠይቅ መሆኑ ተነግሯል። ፕሮጀክቱ በከተማዋ ውስጥ ለሚገኙ አምስት መሠረታዊ ትምህርት ቤቶች ተማሪዎች አገልግሎት እንዲሰጥ ተደርጎ ተነድፏል። የኮሚቴው ሰብሳቢ አቶ ዮናስ ታደሰ እንደገለጹት ቤተ መጻሕፍቱ በሺዎች የሚቆጠሩ አዳዲስ መጽሐፍትን ይይዛሉ። ተማሪዎች በቤተ መጻሕፍቱ ውስጥ የዲጂታል መረጃዎችን ለማግኘት የሚያስችሉ የኮምፒውተር ክፍሎችን ያገኛሉ። ግንባታው በዐሥራ ሁለት ወራት ውስጥ ተጠናቆ ለሕዝብ ክፍት እንዲሆን ታቅዷል። ፕሮጀክቱ በከተማዋ ውስጥ ያለውን የንባብ ባህል ለማሳደግ ትልቅ ዓላማ አለው። በግንባታው ሂደት ውስጥ በአካባቢው የሚገኙ አርባ አዳዲስ የሥራ ዕድሎችን መፍጠሩ ተገልጿል። ቤተ መጻሕፍቱ ለታዳጊዎች እና ለወጣቶች ምቹ የሆነ የጥናት ክፍል እንዲኖረው ተደርጎ ተቀርጿል። የከተማዋ አስተዳደር ለዚህ ፕሮጀክት አስፈላጊውን የመሬት እና የቁሳቁስ ድጋፍ አድርጓል። ይህ የቤተ መጻሕፍት ግንባታ በትምህርት ቤቶቹ ውስጥ ያለውን የንባብ ፍላጎት በከፍተኛ ሁኔታ ይጨምራል።"
summarisation|27#1,summarisation,,news,"የሚከተለውን ጽሑፍ ዋና ዋና ነጥቦች በመያዝ በ2-3 ዓረፍተ ነገሮች አጠቃልል።

ጽሑፍ፡ በአባይ ሸለቆ አቅራቢያ በሚገኘው የኩላሊት ከተማ ውስጥ በቅርቡ በተከሰተው ከባድ የጎርፍ መጥለቅለቅ ምክንያት ሰፊ የግብርና መሬቶች በውሃ ተውጠዋል። የሰላም አርሶ አደሮች ማህበር ባወጣው መረጃ መሰረት በነሐሴ ወር ውስጥ የደረሰው የጎርፍ መጠን ካለፈው ዓመት በሁለት እጥፍ ይበልጣል። በጎርፉ ምክንያት በሺዎች የሚቆጠሩ ሄክታር የአትክልት ቦታዎች እና የጥራጥሬ ሰብሎች ሙሉ በሙሉ መጥፋታቸው ተገልጿል። የከተማዋ የአካባቢ ጥበቃ ባለስልጣን በጎርፉ ምክንያት የተበከሰውን የውሃ ምንጭ ለማጽዳት አዲስ ፕሮጀክት መጀመሩን ለህዝቡ አሳውቋል። የከተማዋ ነዋሪዎች በጎርፍ መከላከያ ግንባታ ላይ እንዲሳተፉ እና የቆሻሻ አወጋገድ ስርዓቱን እንዲያሻሽሉ ጥሪ ተደርጎባቸዋል።"
summarisation|27#2,summarisation,,news,"ይህን ጽሑፍ በአጭሩ አጠቃልልልኝ።

በአዲሱ የሰማይ ሰማያዊ ደን ውስጥ የተከሰተው ያልተለመደ የደን መቃጠል በአካባቢው የዱር እንስሳት መኖሪያ ላይ ትልቅ ስጋት ፈጥሯል። የደን ጥበቃ ተቋሙ እንደገለጸው ከሆነ ባለፈው ማክሰኞ በነበረው ከፍተኛ ንፋስ ምክንያት እሳቱ በሃያ ኪሎ ሜትር ስፋት ላይ ተሰራጭቷል። በቃጠሎው ምክንያት በሺዎች የሚቆጠሩ ብርቅዬ ወፎች እና እንስሳት መኖሪያቸውን ማጣታቸው በባለሙያዎች ጥናት ተረጋግጧል። የደን ጥበቃ ባለሙያው አቶ ታደሰ በቀለ እሳቱን ለመቆጣጠር በሃምሳ የሰላም አርበኞች ቡድን የታገዘ ከፍተኛ ጥረት መደረጉን ገልጸዋል። ተቋሙ ለወደፊቱ እንዲህ አይነት አደጋዎችን ለመከላከል በደን ውስጥ የውሃ ማጠራቀሚያዎችን ለመገንባት ከፍተኛ በጀት መድቧል።"
summarisation|28#0,summarisation,,news,"ጽሑፉን አንብበሽ ማጠቃለያውን ጻፊ።

Context:
በሰኔ ፲፪ ቀን በታላቁ የዘንባባ ከተማ የባቡር መስመር ግንባታ ፕሮጀክት በታላቅ ድምቀት ተጀምሯል። የከተማዋ የትራንስፖርት ባለስልጣን አቶ በቀለ ተስፋዬ በሥነ ሥርዓቱ ላይ በመገኘት ግንባታው ለሀገሪቱ ትልቅ እምቅ አቅም እንደሚፈጥር ገልጸዋል። ይህ አዲስ የባቡር መስመር ከዝቅተኛው የከተማ ክፍል እስከ ከፍተኛው ተራራማ አካባቢ ድረስ በ፳፭ ኪሎ ሜትር ርቀት ላይ ይዘረጋል። ፕሮጀክቱ በአጠቃላይ ፭ ቢሊዮን ብር ወጪ የሚጠይቅ ሲሆን ለሥራውም ፪ ሺህ ሰራተኞች ተቀጥረው እየሰሩ ይገኛሉ። የኮንስትራክሽን ድርጅቱ የሆነው አቢሲኒያ መሠረተ ልማት ግንባታ በሁለት ዓመት ውስጥ ሥራውን አጠናቆ ለማስረከብ አቅዷል። አዲሱ መስመር በቀን ውስጥ ፲፭ ሺህ ተጓዦችን ማስተናገድ እንደሚችል የቴክኒክ ባለሙያዎቹ በዝርዝር አስረድተዋል። የከተማዋ ነዋሪዎች በዚህ የትራንስፖርት ለውጥ ምክንያት የትራፊክ መጨናነቅ እንደሚቀንስ ተስፋ በማድረግ በደስታ እየጠበቁ ነው። መንግሥት ለዚህ ፕሮጀክት የሚያስፈልገውን የፋይናንስ ድጋፍ በሙሉ በወቅቱ ለማቅረብ ቃል ገብቷል።"
summarisation|28#1,summarisation,,news,"እባክዎን ይህን ጽሑፍ በአጭሩ ያጠቃልሉ።

Context:
በአውሮፓዊቷ የሰማያዊ ወንዝ ከተማ የባሕር ላይ ድልድይ ግንባታ ላይ ከፍተኛ ችግር እየታየ መሆኑን የከተማዋ መቃኛ ባለሙያዎች ገልጸዋል። የድልድዩ ግንባታ በታላቁ የሰማያዊ ወንዝ ላይ በ፳፳፬ ዓመተ ምሕረት መከናወን የነበረበት ቢሆንም በአሁኑ ወቅት ተቋርጧል። የድልድዩ ግንባታ ተቋራጭ የሆነው ኒዮ ቴክኖሎጂስ ድርጅት በድንገት በገጠመው የቁሳቁስ እጥረት ምክንያት ሥራውን ለማቆም ተገዷል። የድልድዩ ጠቅላላ ርዝመት ፯ ከ፲ አምስት ሜትሮች ሲሆን ለግንባታው የሚያስፈልጉ የብረት ቁሳቁሶች ዋጋ በ፪፻ በመቶ አድጓል። የከተማዋ ከንቲባ ወይዘሮ አልማዝ አሰፋ በጉዳዩ ላይ አፋጣኝ መፍትሔ እንዲሰጥ ለሚመለከታቸው አካላት በደብዳቤ አሳውቀዋል። አዲሱ ድልድይ ከተጠናቀቀ በኋላ በከተማዋ ያለውን የንግድ እንቅስቃሴ በ፵ በመቶ ሊያሳድግ እንደሚችል ተገምቷል። የከተማዋ ነዋሪዎች ግንባታው እንዲቀጥልና የትራንስፖርት ችግሩ እንዲፈታ በጽኑ እየጠየቁ ይገኛሉ። የኢንጂነሪንግ ቡድኑ ግንባታውን ለመቀጠል አዲስ የፋይናንስ ምንጭ መፈለግ እንዳለበት ገልጿል።"
summarisation|28#2,summarisation,,news,"ጽሑፉን አንብበሽ ማጠቃለያውን ጻፊ።

Context:
በምስራቃዊቷ የፀሐይ ምድር ግዛት ውስጥ አዲስ የኤሌክትሪክ መኪና መጫኛ ጣቢያዎች መዘርጋታቸው በዜና ተዘግቧል። የሀገሪቱ የኢነርጂ ሚኒስቴር በሰኔ ፭ ቀን በወጣው መግለጫ መሠረት በ፲፭ ከተሞች ውስጥ ፪ ሺህ መጫኛዎች ይገጠማሉ። ይህ አዲስ መሠረተ ልማት በከተማዋ ውስጥ የሚንቀሳቀሱ የኤሌክትሪክ ተሽከርካሪዎችን ቁጥር ለማሳደግ ያለመ ነው። የፕሮጀክቱ አጠቃላይ ወጪ ፯፻ ሚሊዮን ዶላር ሲሆን በውጭ ኢንቨስትመንት የሚደገፍ መሆኑ ተገልጿል። የኢነርጂ ባለሙያው አቶ ታደሰ በቀለ አዲሱ ቴክኖሎጂ የአየር ብክለትን በ፶ በመቶ እንደሚቀንስ አስረድተዋል። የኤሌክትሪክ መጫኛዎቹ በሁሉም የከተማዋ ክፍሎች በቀላሉ እንዲገኙ ተደርገው እንዲሰሩ ተደርጓል። የትራንስፖርት ተጠቃሚዎች በዚህ አዲስ አሠራር ምክንያት የነዳጅ ወጪያቸው በከፍተኛ ሁኔታ እንደሚቀንስ ተስፋ አድርገዋል። የኢንቨስትመንት ድርጅቱ የሆነው ግሎባል ኢነርጂ ግንባታው በሦስት ወራት ውስጥ ተጠናቆ ለሕዝብ ክፍት እንደሚሆን ገልጿል።"
summarisation|29#0,summarisation,,news,"የሚከተለውን ጽሑፍ አጠቃልል።

Context:
በቅርቡ በታላቁ የዝቅተኛ ተራራ ስታዲየም በተካሄደው ዓለም አቀፍ የኳስ ውድድር ላይ የብሉ ስታር ክለብ በሁለት ለዜሮ በማሸነፍ ድል ተቀዳጅቷል። የቡድኑ ዋና አጥቂ አቶ ታደሰ በቀን ሰኔ አሥራ አምስት ዓመተ ምህረት በሁለት ተከታታይ ግቦች ተጫዋቾቹንና ደጋፊዎቻቸውን እጅግ በጣም አስደስተዋል። የጨዋታው መጀመሪያ ላይ የሜዳው ሁኔታ አስቸጋሪ ቢሆንም ተጫዋቾቹ ግን በከፍተኛ ጥንካሬና ብቃት ጨዋታውን ለመቆጣጠር ከፍተኛ ጥረት አድርገዋል። የውድድሩ አስተባባሪ አቶ በቀለ በንግግራቸው እንደገለጹት ይህ ጨዋታ በታሪክ ውስጥ እጅግ በጣም አስደናቂና ጥራት ያለው ነበር። የብሉ ስታር ተጫዋቾች በሜዳው ላይ ያሳዩት ስልታዊ ቅንጅት ተጋጣሚውን ሙሉ በሙሉ እንዲደናገጥና እንዲዝል አድርጓቸዋል። በጨዋታው ወቅት በደጋፊዎች መካከል ከፍተኛ የሆነ የደስታ ድምፅና ጭብጨባ በመላው ስታዲየሙ ውስጥ ተሰምቶ ነበር። የክለቡ ስራ አስኪያጅ አቶ አበበ ቡድኑ ለዚህ ድል እንዲደርስ ለሦስት ወራት ያህል ከፍተኛ ስልጠና ሰጥተው እንደነበር ገልጸዋል። ተቃራኒው ቡድን የሆነው የጎል ሻዶ ክለብ በሜዳው ላይ ለመከላከል ቢሞክርም የብሉ ስታር ጥቃት ሊበገረው አልቻለም። በቀጣይ ሳምንት በሚደረገው ጨዋታ ቡድኑ ከቀይ ደመና ክለብ ጋር ለመገናኘት ዝግጅቱን በከፍተኛ ሁኔታ አጠናክሯል። የስታዲየሙ አስተዳደርም ለደጋፊዎች ደህንነት ሲባል አዳዲስ የጥበቃ ስልቶችን ተግባራዊ ለማድረግ ወስኗል። ይህ ድል ለክለቡ የውድድር መደብ ውስጥ ትልቅ መሻሻል እንደሚያመጣ ተስፋ ተደርጓል። በጨዋታው ማጠቃለያ ላይ የተሰጡ ሽልማቶችም ለተጫዋቾቹ ትልቅ መነሳሳትን እንደሚፈጥሩ ታምኖበታል።"
summarisation|29#2,summarisation,,news,"እባክዎን ይህን ጽሑፍ በአጭሩ ያጠቃልሉ።

Context:
በአረንጓዴ ሜዳ የብስክሌት ውድድር ላይ የሰሜን ኮከብ ቡድን አባል የሆነው አቶ ዮናስ በሰባት ሰዓታት የረጅም ርቀት ጉዞ አሸናፊ ሆኗል። ይህ ውድድር በጥር አምስት ቀን በታላቁ የሸለቆ መንገድ ላይ የተካሄደ ሲሆን ተሳታፊዎቹ በከፍተኛ ተራራማ ቦታዎች ላይ መጓዝ ነበረባቸው። የውድድሩ አዘጋጅ አቶ ታደሰ እንደገለጹት ተሳታፊዎቹ ያሳዩት ጽናትና ጥንካሬ ከዚህ በፊት ታይቶ የማይታወቅ ነው። የዮናስ ብስክሌት በውድድሩ ወቅት ምንም ዓይነት የቴክኒክ ብልሽት ሳይገጥመው በከፍተኛ ፍጥነት መጓዝ መቻሉ ለድሉ ምክንያት ሆኗል። በውድድሩ ላይ የተሳተፉት አጠቃላይ ብስክሌቶች ቁጥር አንድ መቶ ሃያ ሲሆን አብዛኞቹ ዘመናዊ የቴክኖሎጂ ውጤቶች ናቸው። የዮናስ ቡድን በውድድሩ ወቅት ያሳየው የቡድን ስራና የተቀናጀ እንቅስቃሴ ለድሉ ትልቅ መሠረት ሆኖ አገልግሏል። በጉዞው ወቅት የተከሰተው የድንገተኛ ዝናብ ሁኔታ ተወዳዳሪዎቹን ሊያደናቅፍ ቢችልም ዮናስ ግን ሳይበገር ጉዞውን ቀጥሏል። የውድድሩ የሽልማት ስነስርዓት በታላቁ የሸለቆ ማዕከል ውስጥ በታላቅ ድምቀትና በክብር ተካሂዷል። አሸናፊው አቶ ዮናስ ለድሉ ያገኘው የገንዘብ ሽልማት አምስት መቶ ሺህ ብር ሲሆን ይህም ለቀጣይ ስልጠናዎቹ ይረዳዋል። በውድድሩ ላይ የተሳተፉት ሌሎች ተወዳዳሪዎችም ለነበራቸው ከፍተኛ ጥረትና ብቃት ከፍተኛ አድናቆት ተሰጥቷቸዋል። በቀጣይ ዓመት የሚካሄደው ውድድር ይበልጥ ሰፊና ዓለም አቀፋዊ እንዲሆን ለማድረግ አዘጋጅ ድርጅቱ ቃል ገብቷል።"
summarisation|31#0,summarisation,,technology,"ከዚህ በታች ያለውን ጽሑፍ በ2-3 ዓረፍተ ነገሮች አጠቃልለው።

Context:
በአሁኑ ጊዜ የኢንተርኔት አጠቃቀም በዓለም ዙሪያ ያለውን የሰዎች ግንኙነት እና የመረጃ ልውውጥ በከፍተኛ ሁኔታ እየቀየረ ይገኛል። ሰዎች መረጃን ለማግኘት እና ከሌሎች ጋር ለመገናኘት በብዛት የማኅበራዊ ሚዲያ መድረኮችን በየቀኑ ይጠቀማሉ። እነዚህ መድረኮች የተለያዩ የሃሳብ መለዋወጫ መንገዶችን በመፍጠር የሰዎችን ማኅበራዊ ሕይወት በአዲስ መልክ እየቀረጹት ነው። ሆኖም ግን የዲጂታል መረጃዎች ፍሰት በጣም ፈጣን በመሆኑት የተሳሳቱ መረጃዎች በቀላሉ ሊሰራጩ ይችላሉ። ተጠቃሚዎች የሚያነቡትን ማንኛውንም መረጃ ከመቀበላቸው በፊት እውነተኝነቱን ማረጋገጥ በጣም አስፈላጊ የሆነ ተግባር ነው። የሳይበር ደህንነት ጥበቃም የግል መረጃዎችን ከሌሎች አላስፈላጊ አካላት ለመጠበቅ ትልቅ ሚና ይጫወታል። የቴክኖሎጂ እድገቱ የትምህርት እና የሥራ ሁኔታዎችን በማቅለል ረገድ ከፍተኛ አስተዋጽኦ እያበረከተ ይገኛል። በአጠቃላይ የኢንተርኔት ዓለም ሰፊ ዕድሎችን ቢዞርም ጥንቃቄ የተሞላበት አጠቃቀም ግን የግድ ያስፈልጋል።"
summarisation|31#1,summarisation,,technology,"ጽሑፉን አንብበሽ ማጠቃለያውን ጻፊ።

Context:
የማኅበራዊ ሚዲያ መድረኮች በንግድ ዓለም ውስጥ አዲስ የገበያ ዘዴዎችን እና የደንበኞች ግንኙነት መንገዶችን ፈጥረዋል። ድርጅቶች ምርቶቻቸውን ለብዙ ሰዎች ለማስተዋወቅ እና ከደንበኞቻቸው ጋር በቀጥታ ለመገናኘት እነዚህን መድረኮች ይጠቀማሉ። ይህ አዲስ የዲጂታል ማስታወቂያ ዘዴ አነስተኛ ወጪ የሚጠይቅ እና ውጤታማ መሆኑ በሰፊው ይታወቃል። ነገር ግን የንግድ ተቋማት በዲጂታል ዓለም ውስጥ ተወዳዳሪ ለመሆን ዘመናዊ የቴክኖሎጂ ስልቶችን መጠቀም አለባቸው። የደንበኞች አስተያየት በቅጽበት ስለሚገኝ ድርጅቶች አገልግሎታቸውን ለማሻሻል ትልቅ ዕድል ያገኛሉ። በሌላ በኩል ደግሞ በማኅበራዊ ሚዲያ ላይ የሚለቀቁ መረጃዎች የድርጅቶችን ስም ሊጎዱ ይችላሉ። ስለዚህ የዲጂታል ግንኙነት ስልቶችን ሲቀርጹ ከፍተኛ ጥንቃቄ እና ጥልቀት ያለው እቅድ ማዘጋጀት ያስፈልጋል። የቴክኖሎጂው ለውጥ የንግድ ስራዎችን አሰራር በየጊዜው እየቀየረው መሆኑን መረዳት በጣም አስፈላጊ ነው።"
summarisation|31#2,summarisation,,technology,"የሚከተለውን ጽሑፍ አጠቃልል።

Context:
የዲጂታል መረጃዎች ስርጭት በዓለም አቀፍ ደረጃ ያለውን የባህል እና የዕውቀት ልውውጥ በጣም አቀላጥፎታል። ሰዎች በየአገሩ የሚገኙ ልዩ ልዩ ባህሎችን እና አዳዲስ የዕውቀት ዘርፎችን በቀላሉ ማግኘት ይችላሉ። ይህ ሁኔታ ዓለም አቀፋዊ ግንዛቤን ለመፍጠር እና ሰዎችን ለማቀራረብ ትልቅ ዕድል ይሰጣል። ሆኖም ግን የአንድ ወገን ባህል የበላይነት እንዲኖር እና የአካባቢ ባህሎች እንዲጠፉ ሊያደርግ ይችላል። የኢንተርኔት አጠቃቀም በሰዎች የአስተሳሰብ ዘይቤ እና በማኅበራዊ ግንኙነት ላይ ከፍተኛ ተጽዕኖ እያሳደረ ነው። የዲጂታል መሣሪያዎች አጠቃቀም በልጆች እና በወጣቶች የዕለት ተዕለት ሕይወት ውስጥ ትልቅ ቦታ ይይዛሉ። የቴክኖሎጂ ውጤቶች ጥቅማቸውን ለማግኘት የሰዎች የዲጂታል እውቀት ማደግ በጣም አስፈላጊ ጉዳይ ነው። በመሆኑም የቴክኖሎጂ እድገቱን ከባህላዊ እሴቶች ጋር ማጣጣም ለወደፊት ትውልድ ትልቅ ጠቀሜታ አለው።"
summarisation|32#1,summarisation,,technology,"የሚከተለውን ጽሑፍ ዋና ዋና ነጥቦች ብቻ በመያዝ አጭር አድርገህ ግለጽ።

Context:
የሰው ሰራሽ አስተውሎት መሠረታዊ ጽንሰ ሀሳቦች በቴክኖሎጂው ዓለም ውስጥ ትልቅ መሠረት የሚጥሉ እና መረዳት ያለባቸው ጉዳዮች ናቸው። መጀመሪያ ደረጃ ላይ ማሽን ለርኒንግ የተባለው ሂደት ኮምፒውተሮች በዳታ አማካኝነት እውቀትን እንዲያዳብሩ የሚያደርግ ዘዴ ነው። ይህ ሂደት ኮምፒውተሮች በብዙ መረጃዎች ውስጥ ያሉትን ተመሳሳይነት እና ልዩነት እንዲለዩ በማድረግ እንዲማሩ ያደርጋቸዋል። በሁለተኛ ደረጃ ደግሞ የነርቭ መረብ ትምህርት የተባለው የላቀ ዘዴ የሰው ልጅ አእምሮ አሠራርን ለመምሰል ይጥራል። ይህ ዘዴ በጣም ውስብስብ የሆኑ ምስሎችን እና ድምፆችን ለመለየት እና ለመረዳት ከፍተኛ ብቃት አለው። የሰው ሰራሽ አስተውሎት በዘርፉ ውስጥ ያሉትን የተለያዩ የሥራ ክፍሎች ለመረዳት መረጃዎችን በሥርዓት ማደራጀት ያስፈልጋል። ዳታ ወይም መረጃ የዚህ ቴክኖሎጂ ዋና ነዳጅ እንደሆነ እና ያለ መረጃ ማሽኑ ሊማር እንደማይችል ማወቅ ይገባል። ትክክለኛ መረጃዎችን መሰብሰብ እና ማቀናበር ለሥርዓቱ ውጤታማነት እና ለትክክለኛ ውሳኔዎች ወሳኝ ሚና ይጫወታል። የሰው ሰራሽ አስተውሎት መሣሪያዎች በሰው ልጅ የፈጠራ ችሎታ እና በሂሳብ እውቀት ላይ የተገነቡ ናቸው። እነዚህ መሣሪያዎች በራስ መተማመን እና በከፍተኛ ፍጥነት መረጃዎችን የመተንተን ችሎታቸውን እያሳደጉ መጥተዋል። በቴክኖሎጂው መስክ ውስጥ ያሉ ተመራማሪዎች አዳዲስ የአሠራር ዘዴዎችን በመፍጠር ዓለምን ለማዘመን እየጣሩ ነው። የሰው ሰራሽ አስተውሎት መሠረታዊ እውቀት ለቴክኖሎጂ ተማሪዎች እና ለባለሙያዎች በጣም አስፈላጊ የሆነ መመሪያ ነው።"
summarisation|32#2,summarisation,,technology,"የሚከተለውን ጽሑፍ አጠቃልል።

Context:
በአሁኑ ጊዜ የሰው ሰራሽ አስተውሎት በዓለም አቀፍ ደረጃ የቴክኖሎጂ አብዮት እንደመፍጠር ከፍተኛ ተጽዕኖ እያሳደረ ይገኛል። ይህ ቴክኖሎጂ ኮምፒውተሮች መረጃዎችን እንዲተነትኑ እና እንደ ሰው ልጅ ውሳኔ እንዲሰጡ የሚያስችል የላቀ አቅም ይሰጣቸዋል። የሰው ሰራሽ አስተውሎት ዋና ዋና ክፍሎች ማሽን ለርኒንግ እና የነርቭ መረብ ትምህርት ተብለው ሊመደቡ ይችላሉ። ማሽን ለርኒንግ ኮምፒውተሮች ከተሰጡ መረጃዎች ውስጥ ሕግጋትን እንዲያገኙ በማድረግ እውቀትን እንዲገነቡ ያደርጋል። የነርቭ መረብ ትምህርት ደግሞ በጣም ጥልቅ እና ውስብስብ የሆኑ መረጃዎችን ለመረዳት የሚያስችል ዘዴ ነው። እነዚህ ቴክኖሎጂዎች በኢንተርኔት ላይ የምናገኘውን መረጃ እና የምንጠቀምባቸውን መተግበሪያዎች ሙሉ በሙሉ እየቀየሩ ነው። ለምሳሌ የድምፅ ትዕዛዝ መቀበል እና ምስሎችን መለየት በዚህ የቴክኖሎጂ ውጤት አማካኝነት የተቻለ ነው። የሰው ሰራሽ አስተውሎት ውጤታማነት የሚወሰነው በምንጠቀምባቸው መረጃዎች ጥራት እና በሥርዓቱ ውስብስብነት ላይ ነው። መረጃዎችን በሥርዓት ማደራጀት እና ትክክለኛ የሆኑ የሂሳብ ቀመሮችን መጠቀም ለቴክኖሎጂው እድገት ወሳኝ ነው። የሰው ሰራሽ አስተውሎት በኢንዱስትሪዎች ውስጥ ምርታማነትን ለመጨመር እና ወጪን ለመቀነስ ትልቅ ዕድል ይሰጣል። የቴክኖሎጂው ዘርፍ በየጊዜው እየተሻሻለ በመምጣቱ አዳዲስ ፈጠራዎች በየቀኑ እየመጡ ይገኛሉ። ይህንን ዘርፍ መረዳት ለወደፊቱ የዲጂታል ዓለም ተጠቃሚ ለመሆን እና ለመሳተፍ የግድ አስፈላጊ ነው።"
summarisation|33#0,summarisation,,technology,"እባክዎን ይህን ጽሑፍ በአጭሩ ያጠቃልሉ።

Context:
የፀሐይ ብርሃን ኃይል በዓለም ዙሪያ ለታዳሽ የኃይል ምንጭነት በከፍተኛ ሁኔታ እየተመረጠ ይገኛል። ይህ የኃይል ዓይነት ከከባቢ አየር ለውጥን ለመቀነስና የአየር ንብረት መዛባትን ለመከላከል ትልቅ ሚና ይጫወታል። የፀሐይ ፓነሎች ብርሃንን ወደ ኤሌክትሪክ በመቀየር ለቤት ውስጥና ለኢንዱስትሪ አገልግሎት እንዲውሉ ያደርጋሉ። አዳዲስ የቴክኖሎጂ ውጤቶች የፀሐይ ፓነሎችን የማምረት ወጪን በከፍተኛ ሁኔታ እንዲቀንሱ አድርገዋል። ይህም በብዙ አገራት ውስጥ የፀሐይ ኃይልን ተደራሽና ተመጣጣኝ እንዲሆን እያደረገው ነው። በመሆኑም የወደፊቱ የዓለም የኃይል ፍላጎት በከፍተኛ ሁኔታ በፀሐይ ኃይል ላይ የተመሰረተ ይሆናል።"
summarisation|33#1,summarisation,,technology,"እባክዎን ይህን ጽሑፍ በአጭሩ ያጠቃልሉ።

Context:
የፀሐይ ኃይል መሠረተ ልማት ግንባታ በዓለም አቀፍ ደረጃ የኢኮኖሚ ዕድገትን ለማፋጠን ይረዳል። የፀሐይ ኃይል ማመንጫ ጣቢያዎችን መገንባት ለብዙ ዜጎች አዳዲስ የሥራ ዕድሎችን ይፈጥራል። በዘርፉ የሚታዩ የቴክኖሎጂ ለውጦች የኃይል ማከማቻ ባትሪዎችን አቅም በከፍተኛ ሁኔታ አሳድገዋል። ይህም የፀሐይ ብርሃን በማይኖርበት ጊዜም የኤሌክትሪክ ኃይል በቋሚነት እንዲኖር ያስችላል። አገራት ከነዳጅ ጥገኝነት ለመላቀቅ የፀሐይ ኃይልን መጠቀምን እንደ ዋና አማራጭ እያዩ ነው። ስለዚህ የዘመናዊ የፀሐይ ቴክኖሎጂዎች መስፋፋት ለዓለም የኃይል ዋስትና ወሳኝ ነው።"
summarisation|33#2,summarisation,,technology,"የሚከተለውን ጽሑፍ አጠቃልል።

Context:
በዓለም አቀፍ ደረጃ የተፈጥሮ የኃይል ምንጮችን ለመተካት የፀሐይ ኃይል አጠቃቀም እየጨመረ መጥቷል። የፀሐይ ብርሃንን በመጠቀም የሚመረተው ኃይል ምንም ዓይነት ጎጂ ጋዞችን ወደ አየር አይለቅም። ይህ ሂደት ለተፈጥሮ ሀብቶች ጥበቃና ለጤናማ አካባቢ ግንባታ እጅግ በጣም አስፈላጊ ነው። የፀሐይ ኃይል ቴክኖሎጂዎች ከቀድሞዎቹ ይልቅ አሁን ላይ ይበልጥ ቀልጣፋና አስተማማኝ ሆነዋል። በየአካባቢው የሚገኙ የፀሐይ ብርሃን አጠቃቀም ዘዴዎች የኤሌክትሪክ መስመር ለሌላቸው መንደሮች መፍትሔ ይሆናሉ። በመሆኑም የፀሐይ ኃይልን ማሳደግ ለዘላቂ ልማት መሠረት ተደርጎ ይወሰዳል።"
summarisation|34#0,summarisation,,technology,"የሚከተለውን ምንባብ በአጭሩ አጠቃልል፡

ኮምፒውተር ማለት መረጃዎችን ለመቀበል እና ለማቀነባበር እንዲሁም ውጤቶችን በፍጥነት ለማውጣት የሚያገለግል በጣም አስፈላጊ የሆነ የኤሌክትሮኒክስ መሣሪያ ነው። ይህ መሣሪያ በውስጡ የተለያዩ ክፍሎችን የያዘ ሲሆን እያንዳንዱ ክፍል የራሱ የሆነ ልዩ ተግባር እና ጠቀሜታ አለው። ዋናው ክፍል ሲፒዩ ተብሎ የሚጠራው ሲሆን ይህም የኮምፒውተሩ አእምሮ ተብሎ በሰፊው ይታወቃል። ሞኒተር የተባለው ክፍል ደግሞ በኮምፒውተሩ ውስጥ የሚከናወኑ ሥራዎችን በምስል መልክ ለተጠቃሚው የሚያሳይ መሣሪያ ነው። ኪቦርድ እና ማውዝ መረጃዎችን ወደ ኮምፒውተሩ ለማስገባት እና ትዕዛዞችን ለመስጠት በጣም አስፈላጊ የሆኑ መሣሪያዎች ናቸው። እነዚህ መሣሪያዎች በሙሉ ተቀናጅተው ሲሠሩ ኮምፒውተሩ ውስብስብ የሆኑ ተግባራትን በቀላሉ እንዲያከናውን ትልቅ ዕድል ይሰጡታል። በኢትዮጵያ ውስጥም የቴክኖሎጂ ዕድገት እየጨመረ በመምጣቱ ኮምፒውተርን መጠቀም ለሥራ እና ለትምህርት በጣም አስፈላጊ እየሆነ መጥቷል። ስለዚህ የኮምፒውተር መሠረታዊ ክፍሎችን ማወቅ ለወደፊት የዲጂታል ዓለም ተጠቃሚ ለመሆን ትልቅ መሠረት ይጥላል።"
summarisation|34#1,summarisation,,technology,"ይህ ጽሑፍ ምን እንደሚናገር በአጭሩ አስረዳ።

Context:
የኮምፒውተር መረጃ ማከማቻ ዘዴዎች መረጃዎችን ለረጅም ጊዜ በሰላም ለመያዝ እና ለሌላ ጊዜ ለመጠቀም በጣም አስፈላጊ ናቸው። በውስጥ ማከማቻ የሚባሉት እንደ ሃርድ ዲስክ ያሉ መሣሪያዎች ሲሆኑ እነዚህ መረጃዎችን በቋሚነት ለማስቀመጥ ያገለግላሉ። በሌላ በኩል እንደ ራም የተባለው ጊዜያዊ ማከማቻ መሣሪያ ኮምፒውተሩ ሥራ ላይ እያለ መረጃዎችን በፍጥነት እንዲያቀነባብር ይረዳዋል። እነዚህ ሁለት ዓይነት የማከማቻ ዘዴዎች እርስ በርሳቸው ተደጋግፈው ሲሠሩ የኮምፒውተሩ ፍጥነት እና ብቃት ይጨምራል። መረጃዎችን በዲቪዲ ወይም በዩኤስቢ ፍላሽ መሣሪያዎች ላይ ማስቀመጥ መረጃዎችን ከአንድ ቦታ ወደ ሌላ ቦታ ለማንቀሳቀስ ይረዳል። በኢትዮጵያ ያሉ ተማሪዎች ለጥናት የሚያደርጉትን ጥረት ለማቃለል እነዚህ የማከማቻ መሣሪያዎች ትልቅ ሚና ይጫወታሉ። መረጃዎችን በአግባቡ ማከማቸት እና መጠበቅ የኮምፒውተር ተጠቃሚዎች ሊኖራቸው የሚገባ በጣም ወሳኝ የሆነ ክህሎት ነው። የትክክለኛ ማከማቻ ዘዴን መምረጥ የኮምፒውተሩን የሥራ አፈጻጸም እና የመረጃ ደህንነትን ለማረጋገጥ በጣም አስፈላጊ ነው።"
summarisation|34#2,summarisation,,technology,"የሚከተለውን ጽሑፍ ዋና ዋና ነጥቦች ብቻ በመያዝ አጭር አድርገህ ግለጽ።

Context:
የአሠራር ሥርዓት ወይም ኦፐሬቲንግ ሲስተም ማለት በኮምፒውተር እና በሰው መካከል ያለውን ግንኙነት የሚያመቻች ዋናው የሶፍትዌር ክፍል ነው። ይህ ሥርዓት ያለ እሱ ኮምፒውተሩ ምንም ዓይነት ተግባር ማከናወን ወይም መረጃዎችን ማቀነባበር አይችልም። ኦፐሬቲንግ ሲስተሙ የኮምፒውተሩን ሃርድዌር ክፍሎች በሙሉ ለመቆጣጠር እና ለማስተዳደር የሚያስችል ከፍተኛ ሥልጣን አለው። ተጠቃሚዎች የተለያዩ መተግበሪያዎችን እና ፕሮግራሞችን እንዲጠቀሙ የሚያስችል ምቹ ሁኔታን እና መድረክን ይፈጥራል። እንደ ዊንዶውስ ያሉ የታወቁ የአሠራር ሥርዓቶች በዓለም ዙሪያ በሰፊው ጥቅም ላይ የሚውሉ በጣም ውጤታማ መሣሪያዎች ናቸው። እነዚህ ሥርዓቶች ፋይሎችን ለማደራጀት እና የተለያዩ መሣሪያዎችን ለማገናኘት የሚያስችሉ ትዕዛዞችን በውስጣቸው ይይዛሉ። በኢትዮጵያ የቢሮ ሥራዎች እና የትምህርት ተቋማት ውስጥ ኦፐሬቲንግ ሲስተም የቴክኖሎጂ አጠቃቀምን በጣም ቀላል አድርገውታል። ያለ ኦፐሬቲንግ ሥርዓት ኮምፒውተሩ ዝም ብሎ የብረት እና የፕላስቲክ ስብስብ ብቻ ሆኖ ይቀራል።"
summarisation|35#0,summarisation,,technology,"ለዚህ ጽሑፍ አጭር ማጠቃለያ ጻፍ።

Context:
በአሁኑ ጊዜ በኢትዮጵያ ውስጥ የዲጂታል መሠረተ ልማት በፍጥነት እያደገ በመምጣቱ ብዙ ሰዎች የኢንተርኔት አገልግሎትን በስፋት መጠቀም ጀምረዋል። ይህ የቴክኖሎጂ እድገት ለንግድ ስራዎች እና ለትምህርት ትልቅ ፋይዳ ቢኖረውም አዳዲስ የሳይበር ጥቃቶችም አብረው እየመጡ ነው። አጭበርባሪዎች የሰዎችን የግል መረጃ ለመስረቅ ሲሉ የተለያዩ የማታለያ ዘዴዎችን በመጠቀም በሶሻል ሚዲያ ገጾች ላይ ይገኛሉ። በተለይም በቴሌግራም እና በፌስቡክ በኩል የሚላኩ አጠራጣሪ ሊንኮችን መጫን ለከፍተኛ የደህንነት ስጋት መሆኑን መረዳት ያስፈልጋል። ማንኛውንም ያልታወቀ መልዕክት ሲደርሱ በጭራሽ መረጃዎችን ወይም የባንክ ቁጥሮችን ለሌላ ሰው መስጠት የለብንም። የሁለትዮሽ ማረጋገጫ ዘዴን በሁሉም የሶሻል ሚዲያ አካውንቶች ላይ መጠቀም ለደህንነት መረጋገጥ በጣም አስፈላጊ ነው። ስልካችን ላይ የሚጫኑ አፕሊኬሽኖችን ከመጫናችን በፊት ከታመኑ የመተግበሪያ መደብሮች መሆኑን በጥንቃቄ ማረጋገጥ ይኖርብናል። የይለፍ ቃላቶቻችንን በየጊዜው መቀያየር እና ውስብስብ ቁጥሮችንና ምልክቶችን መጠቀም ለጥቃት የመጋለጥ እድላችንን ይቀንሳል። በዲጂታል ዓለም ውስጥ ንቁ መሆን እና ስለ ቴክኖሎጂ ደህንነት ዘወትር መማር ለራስ መከላከያ መሰረታዊ ነው። የዲጂታል ማንነታችንን ለመጠበቅ በየቀኑ የምናደርጋቸው ጥንቃቄዎች ለረጅም ጊዜ ሰላማዊ የኢንተርኔት አጠቃቀም መሰረት ይሆናሉ።"
summarisation|35#1,summarisation,,technology,"የሚከተለውን ጽሑፍ ዋና ዋና ነጥቦች በመያዝ በ2-3 ዓረፍተ ነገሮች አጠቃልል።

ጽሑፍ፡ የሞባይል ባንኪንግ አገልግሎት በኢትዮጵያ ውስጥ በከፍተኛ ሁኔታ እየተስፋፋ በመሆኑ የዲጂታል ክፍያዎችን ደህንነት መጠበቅ ወሳኝ ጉዳይ ሆኗል። ብዙ ተጠቃሚዎች የባንክ መተግበሪያዎችን ሲጠቀሙ ለጥቃት ተጋላጭ የሚሆኑ ስህተቶችን በድንገት ሊሰሩ ይችላሉ። ለምሳሌ ያህል በስልክ ጥሪ በመጥራት የባንክ ሚስጥር ቁጥርን ወይም የይለፍ ቃላትን ለመጠየቅ የሚሞክሩ ሰዎችን ማስተዋል ያስፈልጋል። ባንኮች በጭራሽ በስልክ ጥሪ የደንበኞቻቸውን ሚስጥራዊ መረጃ እንደማይጠይቁ ሁልጊዜ ማስታወስ ይገባል። ስልካችን ላይ የቫይረስ መከላከያ ሶፍትዌር መጫን እና ስልካችንን በየጊዜው ማዘመን ለደህንነት በጣም ጠቃሚ ነው። የሕዝብ መረጃዎችን የሚሰርቁ አታካች ድረ ገጾችን ለመለየት የድረ ገጹን አድራሻ በጥንቃቄ መመርመር አስፈላጊ ነው። በሕዝብ ቦታዎች ላይ የሚገኙ ነጻ የዋይፋይ አገልግሎቶችን በመጠቀም የባንክ ግብይት ማድረግ ከፍተኛ ስጋት ይፈጥራል። የግል መረጃዎችን በኢንተርኔት ላይ ሲለቅሱ የደህንነት መርሆዎችን መከተል እና ጥንቃቄ ማድረግ ለገንዘብ ደህንነት ወሳኝ ነው። የዲጂታል ክፍያዎችን ስንጠቀም ሁልጊዜም የባንክ መልዕክቶችን እና የግብይት ማረጋገጫዎችን በቅርብ መከታተል ይኖርብናል። የቴክኖሎጂ አጠቃቀማችንን ከደህንነት መርሆዎች ጋር በማጣጣም የፋይናንስ መረጃችንን ከማንኛውም ስርቆት በአግባቡ መከላከል እንችላለን።"
summarisation|36#0,summarisation,,daily_life,"ለዚህ ጽሑፍ አጭር ማጠቃለያ ጻፍ።

Context:
በኢትዮጵያ የባህል ምግብ ዝግጅት ውስጥ በየቤቱ የሚዘጋጀው እንጀራ ዋነኛውና መሰረታዊ የሆነው የምግብ አይነት ነው። ይህ የምግብ አይነት ከጤናማ ከሆኑ ጥራጥሬዎች መካከል አንዱ ከሆነው ከጤፍ ተክል ዘር ተዘጋጅቶ የሚገኝ ነው። እንጀራውን ለማዘጋጀት ጥራጥሬውን በውሃ በመዘፍዘፍ ለብዙ ቀናት እንዲቆይ ማድረግ በጣም አስፈላጊ የሆነ ሂደት ነው። ከዚያም የተዘጋጀውን ሊጥ በሙቀት አማካኝነት በልዩ መሣሪያ በመጠቀም ለስላሳና ለስላሳ እንዲሆን በማድረግ ማብሰል ይቻላል። በየቤቱ የሚዘጋጁት የተለያዩ ወጥ አይነቶች ከዚህ እንጀራ ጋር ተዳምረው ለምግብ ዝግጅቱ ሙሉነት ትልቅ ሚና ይጫወታሉ። እንጀራ ያለ ምግብ ማዕድ በኢትዮጵያ ባህል ውስጥ ትልቅ ትርጉም ያለውና የማይታለፍ መሠረታዊ ነገር ነው።"
summarisation|36#1,summarisation,,daily_life,"ይህ ጽሑፍ ምን እንደሚናገር በአጭሩ አስረዳ።

Context:
የምግብ አሰራር ጥበብ በዓለም ዙሪያ ባሉ የተለያዩ ማህበረሰቦች ዘንድ ለዘመናት ሲተላለፍ የመጣ ትልቅ የባህል መገለጫ ነው። እያንዳንዱ ማህበረሰብ ባለው ተፈጥሮአዊ ሀብትና በአካባቢው በሚገኙ ቅመማ ቅመሞች ላይ ተመስርቶ የራሱን ልዩ ጣዕም ይፈጥራል። ለምሳሌ በባህር ዳርቻ አካባቢ የሚኖሩ ሰዎች ከባህር ዓሳዎችና ከቅጠላቅጠል ምርቶች ላይ የተመሰረቱ ምግቦችን ይመርጣሉ። በሌላ በኩል ደግሞ በደጋማ አካባቢዎች የሚኖሩ ሰዎች ከጥራጥሬዎችና ከእንስሳት ተዋጽኦዎች ላይ የተሰሩ ምግቦችን ይወዳሉ። እነዚህ የተለያዩ የአሰራር ዘዴዎች የሰዎችን የኑሮ ዘይቤና ማህበራዊ ግንኙነት በከፍተኛ ሁኔታ ይገልጻሉ። የምግብ ዝግጅት ሂደት ከምግብነት ባለፈ የቤተሰብን አንድነትና የባህል እሴቶችን ለማስተላለፍ ትልቅ ዕድል ይሰጣል።"
summarisation|37#0,summarisation,,daily_life,"የሚከተለውን ምንባብ በአጭሩ አጠቃልል፡

በአንድ ትልቅ ቤተሰብ ውስጥ የሚኖሩ ሰባት የሆኑ የቤተሰብ አባላት በየቀኑ ጠዋት በጋራ ቁርስ እየተመገቡ ስለ ቀኑ እቅድ ይወያያሉ። ትልቁ ልጅ ወደ ትምህርት ቤት ለመሄድ ሲዘጋጅ ታናሹ እህት ደግሞ አባቷን በጨዋታ ለመጫወት ትጠይቃለች። እናት በኩሽና ውስጥ ለምሳ የሚሆን ጣፋጭ ምግብ እያዘጋጀች የቤተሰቡን ፍላጎት በጥንቃቄ ትከታተላለች። አባት ደግሞ ለስራ ከመሄዱ በፊት የቤተሰቡን ሰላምና ደህንነት ለማረጋገጥ ከፍተኛ ጥረት ያደርጋል። ልጆቹ በትምህርታቸው ውጤታማ እንዲሆኑ እና ጥሩ ስነ ምግባር እንዲኖራቸው ወላጆች በየቀኑ ይመክራሉ። በሳምንቱ መጨረሻ ላይ ቤተሰቡ በአንድ ላይ ተሰብስቦ መዝናናትና አዳዲስ ነገሮችን መማር ይወዳሉ። ይህ የቤተሰብ ትስስር በልጆቹ እድገት ላይ ትልቅ እና ዘላቂ የሆነ አዎንታዊ ተጽዕኖ ያሳድራል። በመካከላቸው ያለው መከባበር እና ፍቅር ቤተሰቡን ሁልጊዜም ደስተኛ እና ጠንካራ ያደርገዋል።"
summarisation|37#2,summarisation,,daily_life,"የሚከተለውን ጽሑፍ ዋና ዋና ነጥቦች ብቻ በመያዝ አጭር አድርገህ ግለጽ።

Context:
አያት እና የልጅ ልጆቻቸው በገጠር አካባቢ በሚገኝ ሰላማዊ ቤት ውስጥ አብረው ለመኖር ወስነዋል። አያት ለልጅ ልጆቻቸው ስለ ጥንታዊ ባህሎች እና ስለ ቀድሞ የህይወት ዘመን ታሪኮች በየቀኑ ይተርካሉ። ልጆች ደግሞ አያታቸውን በዘመናዊ ቴክኖሎጂ በመጠቀም አዳዲስ ነገሮችን እንዲያውቁ በጉጉት ይረዳሉ። በቤቱ ውስጥ የሚታየው የትውልድ ልዩነት ግንኙነታቸውን ከማዳከም ይልቅ ይበልጥ እንዲቀራረቡ አድርጓቸዋል። አያት በግብርና ስራ ላይ ያላቸውን ልምድ ለልጆቹ በማካፈል የተፈጥሮን ውበት እንዲረዱ ያደርጋሉ። ልጆቹ ደግሞ ለአያታቸው በቤት ውስጥ ስራዎች ላይ በመሳተፍ ትልቅ እገዛ ያደርጋሉ። ይህ የጋራ መኖሪያ ለሁለቱም ወገኖች አዲስ እውቀት እና ደስታን የሚሰጥ ትልቅ እድል ነው። በመካከላቸው ያለው የፍቅር እና የመከባበር ስሜት ቤቱን ሁልጊዜም በሰላም እና በደስታ ይሞላዋል።"
summarisation|40#0,summarisation,,daily_life,"ከዚህ በታች ያለውን ጽሑፍ በ2-3 ዓረፍተ ነገሮች አጠቃልለው።

Context:
በሰኔ 15 ቀን 2016 ዓ.ም በአዲስ አበባ ከተማ ውስጥ በሚገኘው የሰላም ተስፋ ትምህርት ቤት ውስጥ ትልቅ የሳይንስ ትርኢት ተካሂዷል። በትምህርት ቤቱ የሳይንስ ክለብ አባላት ለሦስት ወራት ያህል በከፍተኛ ጥረትና ትጋት የሠሩትን አዳዲስ የፈጠራ ውጤቶች ለተማሪዎች አሳይተዋል። በዝግጅቱ ላይ የትምህርት ቤቱ ርዕሰ መምህር አቶ በቀለ ተስፋዬ ለተማሪዎቹ አበረታች ንግግር በማድረግ የፈጠራ ሥራዎቻቸውን አድንቀዋል። በዝግጅቱ ወቅት በ12 ዓመት ዕድሜ ውስጥ የሚገኙ ሁለት ተማሪዎች የፀሐይ ብርሃን በመጠቀም የሚሠራ አዲስ የኤሌክትሪክ መሣሪያ አሳይተዋል። ይህ አዲስ ፈጠራ በክፍለ ከተማው ውስጥ በሚገኙ ሌሎች ትምህርት ቤቶች ዘንድ ከፍተኛ መነሳሳትንና አድናቆትን ፈጥሯል። የሳይንስ መምህራን በዝግጅቱ ላይ በመገኘት ለተማሪዎቹ አስፈላጊ የሆኑ የቴክኖሎጂ ምክሮችንና መመሪያዎችን በዝርዝር ሰጥተዋል። በትምህርት ቤቱ የሳይንስ ላብራቶሪ ውስጥ የተዘጋጁት እነዚህ ውጤቶች ለተማሪዎች በተግባር የመማር ዕድልን ሰጥተዋል። በዝግጅቱ ማጠቃለያ ላይ ለተሻለ ውጤት ለሠራችው ቡድን የ5000 ብር የገንዘብ ሽልማት ተበርክቶላቸዋል።"
summarisation|40#1,summarisation,,daily_life,"የሚከተለውን ጽሑፍ አጠቃልል።

Context:
በጥቅምት 22 ቀን 2015 ዓ.ም በወንጌል አደባባይ አቅራቢያ በሚገኘው የብርሃን ብርሃን መሠረተ ልማት ትምህርት ቤት ውስጥ ታላቅ የስፖርት ውድድር ተካሂዷል። በውድድሩ ላይ ከ15 የተለያዩ ትምህርት ቤቶች የመጡ 200 የሚሆኑ ተማሪዎች በሩጫና በኳስ ጨዋታዎች ተሳትፈዋል። የውድድሩ ዋና ዓላማ በተማሪዎች መካከል ያለውን ወንድማማችነትና የአንድነት መንፈስ በስፖርት አማካኝነት ማጠናከር ነው። በውድድሩ ማጠቃለያ ላይ የሰሜን ኮከብ ትምህርት ቤት ተማሪዎች በረጅም ርቀት ሩጫ የመጀመሪያ ደረጃውን ተቀዳጅተዋል። የትምህርት ቤቱ የስፖርት አስተባባሪ ወይዘሮ ማርታ አየለ ለተሳታፊዎች በሙሉ ምስጋና በማቅረብ የወደፊት ዕቅዶቻቸውን ገልጻለች። በውድድሩ ወቅት የተሳተፉ ተማሪዎች በሙሉ ለተወሰነ ጊዜ የነፃ ምግብና መጠጥ አገልግሎት እንዲያገኙ ተደርጓል። የውድድሩ አሸናፊዎች በየዘርፉ የሜዳሊያና የሰርተፍኬት ሽልማቶችን በመቀበል ከፍተኛ ደስታቸውን ገልጸዋል። ይህ ዓመታዊ የስፖርት መርሃ ግብር በሚቀጥለው ዓመት በበለጠ ዝግጅት እንደሚመለስ ተገልጿል።"
summarisation|40#2,summarisation,,daily_life,"ይህ ጽሑፍ ምን እንደሚናገር በአጭሩ አስረዳ።

Context:
በካቲት 5 ቀን 2017 ዓ.ም በደብረ ማርቆስ ከተማ ውስጥ በሚገኘው የጥበብ ዓለም መጽሐፍት ቤተ መጻሕፍት ውስጥ ትልቅ የንባብ ሳምንት ተጀምሯል። በዝግጅቱ ላይ ከ500 በላይ ተማሪዎችና ወላጆች በመገኘት በንባብ አስፈላጊነት ላይ የተዘጋጁ ትምህርቶችን ተከታትለዋል። በሳምንቱ ውስጥ በየቀኑ የተለያዩ ደራሲያን በመምጣት ለተማሪዎቹ ስለ መጽሐፍት ዓለምና ስለ ንባብ ጥቅሞች ገልጸዋል። የትምህርት ቤቱ ቤተ መጻሕፍት መሪ አቶ ዮናስ ካሳ የንባብ ባህልን ለማዳበር የሚያስችሉ አዳዲስ መጽሐፍትን መግዛታቸውን አስታውቀዋል። ተማሪዎች በንባብ ውድድር ላይ በመሳተፍ በየቀኑ የሚሰጡትን ጥያቄዎች በመመለስ የዕውቀት ደረጃቸውን ማሳደግ ችለዋል። በውድድሩ መጨረሻ ላይ ከፍተኛ ውጤት ላስመዘገቡ 10 ተማሪዎች የጥበብ መጽሐፍት ስብስብ በነፃ ተበርክቶላቸዋል። የዝግጅቱ ዋና ዓላማ ተማሪዎች ከትምህርት መጽሐፍት ውጭ ያሉ ዓለም አቀፍ ዕውቀቶችን እንዲያገኙ ማገዝ ነው። ይህ የንባብ ሳምንት በከተማዋ ውስጥ ባሉ ሌሎች ትምህርት ቤቶችም እንዲደገም ጥሪ ቀርቧል።"
summarisation|42#0,summarisation,,history,"የሚከተለውን ጽሑፍ ዋና ዋና ነጥቦች ብቻ በመያዝ አጭር አድርገህ ግለጽ።

Context:
የአድዋ ጦርነት በኢትዮጵያ እና በጣሊያን መካከል የተደረገ ታላቅ የነፃነት ትግል ሲሆን የሀገሪቱን ሉዓላዊነት ለማስከበር የተደረገ ወሳኝ ምዕራፍ ነው። የጣሊያን መንግስት ኢትዮጵያን በጉልበት ለመቆጣጠር ያቀደውን እቅድ በጦር ሜዳ ላይ በመጋፈጥ የኢትዮጵያ ጦር ድል ተቀዳጅቷል። በዚህ ታሪካዊ ክስተት ምክንያት የአፍሪካ ሀገራት በቅኝ ግዛት ሳይገዙ ለመቆየት ትልቅ ተስፋና መነሳሳትን አግኝተዋል። የጦርነቱ ውጤት በዓለም አቀፍ ደረጃ የኢትዮጵያን ክብርና የጥቁር ህዝቦችን አንድነት ለብዙ ዘመናት እንዲታወስ አድርጓል። የኢትዮጵያ ጦር በከፍተኛ ቁጥርና በታላቅ ድፍረት ተሰልፎ የጣሊያንን ወታደራዊ ኃይል ሙሉ በሙሉ ማሸነፍ ችሏል። ይህ ድል የኢትዮጵያን ነፃነት በማረጋገጥ ረገድ በታሪክ ውስጥ የማይረሳና ትልቅ ትርጉም ያለው ክስተት ነው።"
summarisation|43#1,summarisation,,history,"ጽሑፉን አንብበህ ዋናውን ሐሳብ በሁለት ወይም ሦስት ዓረፍተ ነገሮች ግለጽ።

ጽሑፍ፡ በአባይ ወንዝ ዳርቻ በሚገኘው በሰላም ከተማ የዘመን መለወጫ በዓልን ምክንያት በማድረግ ትልቅ የገበያ ትርኢት ተካሂዷል። በሰኔ መጀመሪያ ሳምንት በተከናወነው በዚህ ዝግጅት ላይ ከአምስት መቶ በላይ ነጋዴዎች አዳዲስ ምርቶቻቸውን ለሕዝብ አቅርበዋል። የከተማዋ የንግድ ማኅበር መሪ ወይዘሮ አልማዝ አበበ በበዓሉ ላይ በመገኘት የንግድ እንቅስቃሴው መጨመሩን ገልጻለች። በበዓሉ ወቅት የተሸጡት የባህል አልባሳት እና የቤት ውስጥ ቁሳቁሶች በአጠቃላይ አምስት ሚሊዮን ብር ገደማ መሆናቸው ተነግሯል። የዓመቱ አቆጣጠር ለውጥን ምክንያት በማድረግ አዳዲስ የንግድ ደንቦች በከተማዋ አስተዳደር በኩል ተዘጋጅተዋል። በበዓሉ ላይ የታዩት አምስት ዓይነት የባህል ዳንሶች ለከተማዋ ጎብኚዎች ትልቅ መዝናኛ ሰጥተዋል። በዝግጅቱ ላይ የተሳተፉት የሙዚቃ ቡድኖች በሰባት የተለያዩ የዜማ ዓይነቶች ድንቅ ትርኢት አሳይተዋል። ይህ የገበያ በዓል በየዓመቱ በዘመን መለወጫ ወቅት እንዲካሄድ በከተማዋ የንግድ ምክር ቤት ታቅዷል።"
summarisation|44#1,summarisation,,history,"የሚከተለውን ጽሑፍ ዋና ዋና ነጥቦች ብቻ በመያዝ አጭር አድርገህ ግለጽ።

Context:
በኢትዮጵያ ታሪክ ውስጥ የነፃነትና የሉዓላዊነት ጥያቄዎች በከፍተኛ ደረጃ ተነስተው በነበሩበት ወቅት የሀገሪቱ የፖለቲካ መዋቅር ከፍተኛ ለውጥ እያደረገ ነበር። በወቅቱ የነበሩት የሀገር ውስጥ የትግል ቡድኖች የቅኝ ግዛት ተፅዕኖን ለማስወገድ የተለያዩ ስልቶችንና ዘዴዎችን በስፋት በመጠቀም ለትግሉ መነሳሳት ፈጥረዋል። የኢትዮጵያ ምሁራን በውጭ አገራት በሚገኙ የትምህርት ተቋማት ውስጥ የነፃነት ትግሉን የሚያራምዱ የፖለቲካ ሰነዶችንና መጽሐፍትን በስፋት አዘጋጅተው ነበር። በሀገር ውስጥ የነበሩ የነፃነት ተሟጋቾች ደግሞ በሕዝባዊ ንቅናቄዎች አማካኝነት የሰዎችን ንቃተ ህሊና ለማሳደግና ለትግሉ ድጋፍ ለማሰባሰብ ሲሰሩ ነበር። የኢትዮጵያ የነፃነት እንቅስቃሴዎች ከአፍሪካ አገራት ነፃነት ትግል ጋር ተያይዞ ከፍተኛ የጋራ ግንኙነትና የትብብር መንገዶች ነበሩባቸው። በወቅቱ የነበሩት የዲፕሎማሲያዊ ስራዎች የኢትዮጵያን የነፃነት ጥያቄ በዓለም አቀፍ የፖለቲካ መድረኮች ላይ እንዲሰማ አድርገው ነበር። የሀገሪቱ ወጣቶች በወቅቱ የነበሩትን የቴክኖሎጂና የመገናኛ ዘዴዎች በመጠቀም የነፃነት መልዕክቶችን ለብዙሃኑ ለማድረስ ጥረት አድርገዋል። የኢትዮጵያ የነፃነት ትግል በወቅቱ የነበረውን የሀገራዊ አንድነት አስፈላጊነትና የሕዝብ ተሳትፎ አስፈላጊነት በግልጽ ያሳየ ነበር። በወቅቱ የነበሩት የሀገር ውስጥ መሪዎች በሕዝቡ ዘንድ ከፍተኛ አመኔታን በማግኘት ለትግሉ መሳካት ትልቅ መሰረት ጥለዋል። የኢትዮጵያ ነፃነት ተሟጋቾች በወቅቱ የነበሩትን አስቸጋሪ ሁኔታዎች ተቋቁመው ለትውልድ የሚተርፍ ታሪክ እንዲፈጠር አድርገዋል። በወቅቱ የነበሩት የኢኮኖሚ እንቅስቃሴዎችም ለነፃነት ትግሉ የሚያስፈልጉ ግብዓቶችን ለማሟላት በከፍተኛ ሁኔታ እየተከናወኑ ነበር። በአጠቃላይ የኢትዮጵያ የነፃነት እንቅስቃሴዎች የአፍሪካን ነፃነት ለማረጋገጥ ለተደረገው ትግል ትልቅ አቅም የነበራቸው ነበሩ።"
summarisation|44#2,summarisation,,history,"የጽሑፉን ዋና ሐሳብ በአጭሩ ግለጽ።

Context:
የኢትዮጵያ የነፃነት እንቅስቃሴዎች በታሪክ ውስጥ ትልቅ ቦታ የሚሰጣቸው በመሆናቸውም በወቅቱ የነበሩት የፖለቲካ ሁኔታዎች በከፍተኛ ሁኔታ ተለዋዋጭ ነበሩ። በወቅቱ የነበሩት የሀገር ውስጥ የትግል መሪዎች የኢትዮጵያን ሉዓላዊነት ለማስከበርና የውጭ ጣልቃ ገብነትን ለመከላከል የተለያዩ ስልቶችን ተግባራዊ አድርገዋል። የኢትዮጵያ የነፃነት ተሟጋቾች በወቅቱ የነበሩትን የሕዝብ መብቶች ለማስከበርና የሀገሪቱን ክብር ለመጠበቅ ከፍተኛ መስዋዕትነት ሲከፍሉ ነበር። በወቅቱ የነበሩት የትምህርት ተቋማት ለነፃነት ንቅናቄው መነሳሳትና ለተማሪዎች ግንዛቤ መፍጠር ትልቅ ሚና ተጫውተው ነበር። የኢትዮጵያ የነፃነት እንቅስቃሴዎች በወቅቱ ከነበሩት የአፍሪካ አገራት የነፃነት ትግሎች ጋር በከፍተኛ ሁኔታ የተሳሰሩ ነበሩ። በወቅቱ የነበሩት የዲፕሎማሲያዊ ስራዎች የኢትዮጵያን የነፃነት ጥያቄ በዓለም አቀፍ መድረኮች ላይ እንዲሰማ አድርገው ነበር። የሀገሪቱ ወጣቶች በወቅቱ የነበሩትን የጋዜጣና የመገናኛ ዘዴዎች በመጠቀም የነፃነት መልዕክቶችን ለብዙሃኑ ለማድረስ ጥረት አድርገዋል። የኢትዮጵያ የነፃነት ትግል በወቅቱ የነበረውን የሀገራዊ አንድነት አስፈላጊነትና የሕዝብ ተሳትፎ አስፈላጊነት በግልጽ ያሳየ ነበር። በወቅቱ የነበሩት የሀገር ውስጥ መሪዎች በሕዝቡ ዘንድ ከፍተኛ አመኔታን በማግኘት ለትግሉ መሳካት ትልቅ መሰረት ጥለዋል። የኢትዮጵያ ነፃነት ተሟጋቾች በወቅቱ የነበሩትን አስቸጋሪ ሁኔታዎች ተቋቁመው ለትውልድ የሚተርፍ ታሪክ እንዲፈጠር አድርገዋል። በወቅቱ የነበሩት የኢኮኖሚ እንቅስቃሴዎችም ለነፃነት ትግሉ የሚያስፈልጉ ግብዓቶችን ለማሟላት በከፍተኛ ሁኔታ እየተከናወኑ ነበር። በአጠቃላይ የኢትዮጵያ የነፃነት እንቅስቃሴዎች የአፍሪካን ነፃነት ለማረጋገጥ ለተደረገው ትግል ትልቅ አቅም የነበራቸው ነበሩ።"
summarisation|45#0,summarisation,,history,"ከዚህ በታች ያለውን ጽሑፍ በ2-3 ዓረፍተ ነገሮች አጠቃልለው።

Context:
በጥንታዊቷ አክሱም ስልጣኔ ወቅት የኢትዮጵያ ምድር በንግድ መስመር ላይ በመገኘቷ ምክንያት በርካታ የውጭ አገራት ነጋዴዎች ወደ ሀገሪቱ ይመጡ ነበር። እነዚህ ነጋዴዎች ከሮማ ግዛት እስከ ህንድ ድረስ ባሉ distant ቦታዎች ለሚገኙ ህዝቦች የተለያዩ ምርቶችን ይዘው ይጓዙ ነበር። አክሱም በወቅቱ የነበራትን ጠንካራ የባህር ኃይል በመጠቀም በኤርትራ ባህር ላይ ያለውን የንግድ እንቅስቃሴ በቁጥጥር ስር አድርጋ ነበር። በንግድ እንቅስቃሴው አማካኝነት የተገኘው ከፍተኛ ሀብት ለታላላቅ የድንጋይ ሐውልቶች ግንባታና ለከተማዋ እድገት ትልቅ አስተዋጽኦ አበርክቷል። የንግድ ልውውጡ በባህልና በሃይማኖት ረገድም በሀገሪቱ ውስጥ አዳዲስ እውቀቶች እንዲስፋፉ ትልቅ በር ከፍቶ ነበር። በአጠቃላይ የአክሱም ስልጣኔ በንግድ ላይ የተመሰረተና በዓለም አቀፍ ግንኙነት የበለፀገ ታላቅ ስልጣኔ ነበር።"
summarisation|45#1,summarisation,,history,"ጽሑፉን አንብበህ ዋናውን ሐሳብ በሁለት ወይም ሦስት ዓረፍተ ነገሮች ግለጽ።

ጽሑፍ፡ የዳናክ በረሃ አካባቢ የሚገኙ ጥንታዊ የሰዎች መኖሪያዎች የሰው ልጅ በኢትዮጵያ መሬት ላይ የነበረውን የቀድሞ ህይወት በግልጽ ያሳያሉ። እነዚህ ጥንታዊ መኖሪያዎች በድንጋይና በሸክላ ውጤቶች የተሰሩ ሲሆን የነበረውን የኑሮ ዘይቤ በዝርዝር ይገልጻሉ። በጥንት ዘመን የነበሩ ሰዎች ለምግብ ፍለጋና ለጥበቃ ሲሉ በተለያዩ ተፈጥሯዊ ስፍራዎች ላይ መኖራቸውን እነዚህ ቅርሶች ያረጋግጣሉ። በነዚህ አካባቢዎች የተገኙ የድንጋይ መሣሪያዎች የሰው ልጅ በወቅቱ የነበረውን የቴክኖሎጂ ደረጃና የጥበብ ብቃት ያሳያሉ። የነዚህ ጥንታዊ ማህበረሰቦች የኑሮ ሁኔታ ከወቅቱ የአየር ንብረትና ከተፈጥሮ ሁኔታ ጋር የተቆራኘ ነበር። እነዚህ ቅርሶች የኢትዮጵያን ጥንታዊ ታሪክ ለመረዳትና ለታሪክ ተመራማሪዎች ትልቅ መረጃ የሚሰጡ ውድ ሀብቶች ናቸው።"
summarisation|46#0,summarisation,,history,"ከዚህ በታች ያለውን ጽሑፍ በ2-3 ዓረፍተ ነገሮች አጠቃልለው።

Context:
በሃያኛው ክፍለ ዘመን መጀመሪያ ላይ በአውሮፓ አገራት መካከል የነበረው ከፍተኛ የኃይል ሽኩቻ ዓለምን ወደ ታላቅ ጦርነት ውስጥ እንዲገባ አድርጓታል። ይህ ታላቅ ጦርነት በዓለም ዙሪያ ያሉ በርካታ አገራትን በማሳተፍ ከፍተኛ የሆነ የሰው ሕይወት መጥፋትና የኢኮኖሚ ውድመት አስከትሏል። በጦርነቱ ማብቂያ ላይ የተፈረመው የሰላም ስምምነት የአገራትን ድንበር በመቀየር ለቀጣይ ግጭቶች መነሻ የሆነ አዳዲስ ፖለቲካዊ ሁኔታዎችን ፈጥሯል። በወቅቱ የነበሩት የንጉሳዊ ሥርዓቶች መዳከም እና የዲሞክራሲያዊ አስተሳሰቦች መስፋፋት በዓለም አቀፍ ፖለቲካ ላይ ትልቅ ለውጥ አምጥተዋል። የቴክኖሎጂ እድገትም በጦር ሜዳ ላይ አዳዲስ የጦር መሣሪያዎች እንዲመረቱ በማድረግ የጦርነትን ሁኔታ ሙሉ በሙሉ ቀይሮታል። የዓለም አቀፍ ተቋማት መፈጠርም በነበረው አለመረጋጋት ምክንያት ሰላምን ለማስፈን በሚል ዓላማ ተመስርተው ተቋቁመዋል። የኢኮኖሚ ቀውስም በብዙ አገራት ላይ ተጽዕኖ በማሳደር የሕዝቦችን የኑሮ ሁኔታ ክፉኛ አሽቶታል። በመጨረሻም እነዚህ ሁሉ ክስተቶች የዘመኑን ታሪክ በመቅረጽ ለቀጣዩ የዓለም ፖለቲካ መሠረት እንዲሆኑ አድርገዋቸዋል።"
summarisation|46#1,summarisation,,history,"ጽሑፉን አንብበህ ዋናውን ሐሳብ በሁለት ወይም ሦስት ዓረፍተ ነገሮች ግለጽ።

ጽሑፍ፡ ከሁለተኛው የዓለም ጦርነት በኋላ በአሜሪካ እና በሶቪየት ህብረት መካከል የተፈጠረው የፖለቲካ ውጥረት ዓለምን ለረጅም ዓመታት በሁለት ጎራ ከፍሏታል። ይህ የቅዝቃዜ ጦርነት በቀጥታ ወታደራዊ ግጭት ባይኖርም በሳይንሳዊ እና በጠፈር ምርምር ዘርፎች ላይ ከፍተኛ ፉክክር እንዲኖር አድርጓል። ሁለቱም ታላላቅ አገራት የራሳቸውን ተጽዕኖ ለማስፋፋት ሲሉ በሌሎች አህጉራት ውስጥ የፖለቲካ እና የኢኮኖሚ ድጋፎችን ሰጥተዋል። የኒ cleared ፖሊሲዎች እና የወታደራዊ ጥምረቶች መፈጠር በአለም አቀፍ ግንኙነት ውስጥ አዲስ ምዕራፍ ከፍተዋል። የኑክሌር መሣሪያዎች መፈጠርም ዓለምን ለከፋ ጥፋት የሚያሰጋ ከፍተኛ ስጋት መፍጠሩን አረጋግጧል። በወቅቱ የነበሩት የኢኮኖሚ ፖሊሲዎች በብዙ አገራት የንግድ ግንኙነት ላይ ትልቅ ተጽዕኖ አሳርፈዋል። የቴክኖሎጂ ሽግግርም በሁለቱም ወገኖች መካከል እንዲኖር በማድረግ ለዘመናዊው ዓለም እድገት አስተዋጽኦ አድርጓል። በመጨረሻም የሶቪየት ህብረት መፈራረስ ይህንን ረጅም የፖለቲካ ውጥረት በማስቀረት አዲስ የዓለም ሥርዓት እንዲመጣ ምክንያት ሆኗል።"
summarisation|46#2,summarisation,,history,"ከዚህ በታች ያለውን ጽሑፍ በ2-3 ዓረፍተ ነገሮች አጠቃልለው።

Context:
በሃያኛው ክፍለ ዘመን አጋማሽ ላይ በአፍሪካ እና በእስያ አገራት ውስጥ የተካሄዱት የነፃነት ትግሎች የዓለምን የፖለቲካ ካርታ ለውጠዋታል። ለረጅም ዓመታት በቅኝ ግዛት ሥር የነበሩ አገራት የራሳቸውን ሉዓላዊነት ለማስከበር ከፍተኛ መስዋዕትነት ከፍለውታል። ይህ የነፃነት እንቅስቃሴ በዓለም አቀፍ ደረጃ የሰው ልጅ መብት እና እኩልነት እንዲከበር ትልቅ ድምፅ ሆኗል። የቅኝ ግዛት አገራት ተጽዕኖ እየቀነሰ መምጣቱ በዓለም አቀፍ የንግድ እና የፖለቲካ ግንኙነት ላይ ለውጥ አመጣ። አዳዲስ የተገነቡ አገራት በዓለም አቀፍ ድርጅቶች ውስጥ ተሳትፎ በማድረግ የራሳቸውን ድምፅ ለማሰማት ሞክረዋል። የኢኮኖሚ ነፃነት ለማግኘት የሚደረጉ ጥረቶችም በአገራቱ የልማት ጉዞ ላይ ትልቅ ተጽዕኖ አሳርፈዋል። የባህል እና የማንነት ጥያቄዎችም በነዚህ አገራት ውስጥ ለለውጥ አስፈላጊ መሠረቶች ሆነው ታይተዋል። በመጨረሻም እነዚህ ታሪካዊ ክስተቶች የአሁኑን የዓለም ፖለቲካዊ መዋቅር ለመገንባት ትልቅ ሚና ተጫውተዋል።"
summarisation|47#0,summarisation,,health,"የሚከተለውን ምንባብ በአጭሩ አጠቃልል፡

ወባ በሽታን ለመከላከል የሚደረጉ ጥረቶች በዓለም ዙሪያ ከፍተኛ ትኩረት የሚሰጣቸው የጤና ጉዳዮች መካከል ዋነኛዎቹ ተደርገው ይወሰዳሉ። ትናንሽ የትንኝ ዝርያዎች በሰውነት ውስጥ የሚገኙትን ደም በመመገብ በሽታውን ከአንድ ሰው ወደ ሌላ ሰው በቀላሉ ያሰራጫሉ። ስለዚህ ሰዎች በሌሊት በሚተኙበት ወቅት በታመኑ የትንኝ መከላከያ አውታሮች ወይም መጋረጃዎች ስር መተኛት በጣም አስፈላጊ የሆነ መከላከያ ዘዴ ነው። በቤት ውስጥ የሚገኙ የቆሙ የውሃ አካላት ለትንኝ መራቢያነት ምቹ ሁኔታ ስለሚፈጥሩ እነዚህን የውሃ ማጠራቀሚያዎች በየጊዜው ማስወገድ ያስፈልጋል። በየቤቱ የሚገኙ የቆሻሻ መጣያ ቦታዎች እና የቆሙ ውሃዎች የትንኝ መራቢያ በመሆናቸው በአግባቡ መያዝ አለባቸው። የትንኝ ማረሚያ ኬሚካሎችን በመጠቀም በቤት ውስጥ የሚገኙ የትንኝ መፍጫ ዘዴዎችን መጠቀም በሽታውን ለመቀነስ ይረዳል። በሰውነት ላይ የሚረጩ የትንኝ ማረሚያ ፈሳሾችን መጠቀምም በሌሊት በሚደረጉ እንቅስቃሴዎች ወቅት ከትንኝ ንክሻ ለመጠበቅ ይረዳል። በጤና ተቋማት የሚታዘዙ የመከላከያ መድኃኒቶችን በአግባቡ መውሰድ በሽታው ወደ ከፋ ደረጃ እንዳይሸጋገር ትልቅ ሚና ይጫወታል። ማህበረሰቡ ስለ ወባ መከላከያ ዘዴዎች በቂ ግንዛቤ እንዲኖረው ማድረግ ለጤናው ጥበቃ ወሳኝ የሆነ ተግባር ነው። በትምህርት ቤቶች እና በጤና ጣቢያዎች የሚሰጡ የጤና ትምህርቶች ሰዎች ስለ በሽታው አረዳድ እንዲጨምሩ ያደርጋሉ። በየአካባቢው የሚገኙ የጤና ባለሙያዎች የቅኝት ስራዎችን በማከናወን የበሽታውን ስርጭት ለመቆጣጠር ከፍተኛ ጥረት ያደርጋሉ። ወባን ለመከላከል ማህበረሰቡ በጋራ በመሆን የሚሰራው ስራ የሰዎችን ህይወት ለመታደግ ትልቅ ውጤት ያስመዘግባል።"
summarisation|47#1,summarisation,,health,"የሚከተለውን ምንባብ በአጭሩ አጠቃልል፡

የወባ በሽታ ስርጭትን ለመቀነስ የሚከናወኑ ተግባራት በጤና ባለሙያዎች እና በማህበረሰቡ መካከል ያለውን ትብብር በከፍተኛ ሁኔታ ይጠብቃሉ። ትናንሽ የትንኝ ዝርያዎች በሰው ደም ውስጥ የሚገኙትን ጥገኛ ተውሳኮች በማስተላለፍ ለበሽታው ዋነኛ መንስኤ ይሆናሉ። በመሆኑም ሰዎች በየቀኑ የሚጠቀሙባቸውን አልጋዎች በትንኝ መከላከያ መጋረጃዎች መሸፈን በጣም አስፈላጊ የሆነ የጤና ጥበቃ ተግባር ነው። በቤት አካባቢ የሚገኙ የቆሙ የውሃ ጉድጓዶች እና የዝናብ ውሃ ማጠራቀሚያዎች የትንኝ መራቢያ መሆናቸውን ማወቅ ያስፈልጋል። እነዚህን የውሃ አካላት በመሸፈን ወይም በማድረቅ የትንኝ መራቢያ ሁኔታዎችን መቆጣጠር ለጤናው ጥበቃ ወሳኝ ነው። በቤት ውስጥ የሚገኙ የቆሻሻ መጣያዎችን በአግባቡ በማስወገድ የትንኝ መራቢያ ቦታዎችን መቀነስ ይቻላል። የትንኝ ማረሚያ ኬሚካሎችን በቤት ውስጥ መጠቀምም በትንኝ ንክሻ ምክንያት የሚመጣውን ስጋት በከፍተኛ ሁኔታ ይቀንሳል። በሰውነት ላይ የሚረጩ የትንኝ ማረሚያ ፈሳሾች በሌሊት እንቅስቃሴዎች ወቅት ተጨማሪ ጥበቃን ለመስጠት ይረዳሉ። በጤና ተቋማት የሚሰጡ የቅድመ መከላከያ ምክሮችን እና መድኃኒቶችን በትክክል መከተል በሽታው እንዳይባባስ ይረዳል። ማህበረሰቡ ስለ ወባ መከላከያ መንገዶች በቂ እውቀት እንዲኖረው ማድረግ የበሽታውን ስርጭት ለመቀነስ ቁልፍ ተግባር ነው። የጤና ባለሙያዎች የሚያደርጉት የቤት ለቤት ቅኝት እና የጤና ትምህርት ስርጭት ለሰዎች ግንዛቤ ለመስጠት ይረዳል። ወባን ለመከላከል የሚደረገው የተቀናጀ ጥረት የህዝቡን የጤና ሁኔታ ለማሻሻል እና ሞትን ለመቀነስ ትልቅ አስተዋጽኦ አለው።"
summarisation|48#0,summarisation,,health,"ይህን ጽሑፍ በአጭሩ አጠቃልልልኝ።

በሰኔ ፲፪ ቀን በደቡብ አውራጃ በምትገኘው አባይ ከተማ ውስጥ አዲስ የጤና ማዕከል ተከፍቷል። ይህ ማዕከል በታዋቂው ሰላም የጤና ድርጅት አማካኝነት በ፪ ሚሊዮን ብር በጀት ተገንብቶ ለሕዝብ አገልግሎት እንዲውል ተደርጓል። በአዲሱ ማዕከል ውስጥ ለነፍሰ ጡር እናቶች ልዩ የክትባት እና የክትትል አገልግሎት በነፃ ይሰጣል። ማዕከሉ በየሳምንቱ ለ፭ መቶ እናቶች የተሟላ የአመጋገብ ምክር እና የቪታሚን ድጋፍ እንዲያገኝ አቅዶ ተዘጋጅቷል። የጤና ባለሙያዎች በየቀኑ ለ፳ አዲስ ህጻናት የክትባት አገልግሎት በመስጠት የህጻናትን ጤና ለመጠበቅ በትጋት እየሰሩ ይገኛሉ። ይህ ፕሮጀክት በአካባቢው ያለውን የወላጅ እና የህጻናት ሞት መጠን በከፍተኛ ሁኔታ ለመቀነስ ትልቅ ተስፋ ሰጥቷል።"
summarisation|48#1,summarisation,,health,"የሚከተለውን ጽሑፍ ዋና ዋና ነጥቦች ብቻ በመያዝ አጭር አድርገህ ግለጽ።

Context:
በሰኔ ፳፭ ቀን በምስራቅ ወረዳ በምትገኘው ጽጌ አበባ መንደር ውስጥ የጤና ባለሙያዎች ልዩ ዘመቻ አድርገዋል። የብሩክ የጤና ጥበቃ ቡድን በ፲ አምስት የጤና ኤጀንሲዎች ትብብር በመታገዝ ለ፪ ሺህ ህጻናት የክትባት አገልግሎት ሰጥቷል። በዚህ ዘመቻ ወቅት ለ፪ ዓመት እና ከዚያ በላይ ለሆኑ ህጻናት አስፈላጊ የሆኑ የጤና ምርመራዎች በሙሉ ተከናውነዋል። የዘመቻው መሪ የሆኑት ዶክተር አበበ ለእናቶች ስለ ንፁህ ውሃ አጠቃቀም እና ስለ ህጻናት አመጋገብ ሰፊ ትምህርት ሰጥተዋል። በአካባቢው የሚገኙ ፳ አምስት የጤና ጣቢያዎች በዚህ ልዩ የጤና ዘመቻ ላይ በንቃት ተሳትፈዋል። ይህ ተግባር በክልሉ ያለውን የህጻናት ጤና ሁኔታ ለማሻሻል ከፍተኛ አስተዋጽኦ እንደሚኖረው ተገልጿል።"
summarisation|49#0,summarisation,,health,"ጽሑፉን አንብበህ ዋናውን ሐሳብ በሁለት ወይም ሦስት ዓረፍተ ነገሮች ግለጽ።

ጽሑፍ፡ ጤናማ የአኗኗር ዘይቤን ለመከተል በየቀኑ የተለያዩ የምግብ አይነቶችን በተመጣጣኝ ሁኔታ መመገብ ለሰውነታችን እድገትና ጥንካሬ እጅግ በጣም አስፈላጊ ነው። ሰውነታችን በቂ የኃይል ምንጭ እንዲያገኝ በፕሮቲን የበለፀጉ ምግቦች በዘይትና በቅባት የበለፀጉ ምግቦች እንዲሁም በፋይበር የበለፀጉ ምግቦች መካተት አለባቸው። አትክልቶችና ፍራፍሬዎች በውስጣቸው በያዙት ቫይታሚኖችና ማዕድናት አማካኝነት በሽታ የመከላከል አቅማችንን በማሳደግ ጤናችንን ለመጠበቅ ትልቅ ሚና ይጫወታሉ። ስኳርና ጨው በከፍተኛ መጠን ያላቸውን ምግቦች መቀነስ ለልብና ለደም ሥር ጤንነት እጅግ በጣም ወሳኝ የሆነ ተግባር ነው። በቂ የውሃ መጠንን በየቀኑ መጠጣት የሰውነታችንን የፈሳሽ መጠን ለመጠበቅና ለምግብ መፈጨት ሂደት ትልቅ እገዛ ያደርጋል። ከመጠን በላይ የሆነ የቅባት ምግቦችን መመገብ ለክብደት መጨመርና ለተለያዩ የጤና እክሎች መጋለጥን ሊያፋጥን እንደሚችል ማወቅ ያስፈልጋል። የተመጣጠነ ምግብ አዘልነት በሰውነታችን ውስጥ ያሉ የሰውነት ክፍሎች በቅንጅት እንዲሰሩና ለረጅም ጊዜ እንድንኖር ይረዳል። ስለዚህ በየቀኑ የምንመገባቸውን ምግቦች በጥንቃቄ መምረጥ ለተሻለ ጤናና ለተሟላ የሰውነት ብቃት መሰረት ነው።"
summarisation|49#1,summarisation,,health,"ይህን ጽሑፍ በአጭሩ አጠቃልልልኝ።

ለተሟላ የሰውነት እድገትና ለተሻለ የጤና ሁኔታ በየቀኑ የምንመገባቸው ምግቦች በውስጣቸው የተለያዩ ንጥረ ነገሮችን መያዝ ይኖርባቸዋል። የሰውነት ግንባታን ለመደገፍ እንደ እንቁላልና ጥራጥሬ ያሉ የፕሮቲን ምንጮችን በምግባችን ውስጥ ማካተት በጣም አስፈላጊ ነው። ለተጨማሪ ጉልበትና ለኃይል ምንጭነት እንደ እህልና ስንዴ ያሉ ካርቦሃይድሬት የበለፀጉ ምግቦች ለሰውነታችን አስፈላጊ ናቸው። አረንጓዴ አትክልቶችና የተለያዩ ፍራፍሬዎች በውስጣቸው የያዙት ማዕድናት ለሰውነታችን መከላከያ ጋሻ በመሆን ያገለግላሉ። በምግብ ዝግጅት ወቅት ጨውና ዘይት ከመጠን በላይ እንዳይጨመሩ መጠንቀቅ ለደም ግፊት መቆጣጠሪያነት ትልቅ ፋይዳ አለው። በቂ የውሃ ፍጆታን ማረጋገጥ የሰውነታችንን የውስጥ ክፍሎች ንጽህና ለመጠበቅና ለተስተካከለ የሰውነት ሙቀት ይረዳል። የተመጣጠነ ምግብ አጠቃቀምን በመከተል ለሚመጡ የጤና ችግሮች የመጋለጥ እድላችንን በከፍተኛ ሁኔታ መቀነስ እንችላለን። በየቀኑ የምንወስዳቸው ምግቦች ጥራትና መጠን ለረጅም ጊዜ ጤናማ ህይወት መኖር ቁልፍ መሆናቸውን መገንዘብ ይገባል።"
summarisation|49#2,summarisation,,health,"ይህን ጽሑፍ በአጭሩ አጠቃልልልኝ።

የተመጣጠነ ምግብ አጠቃቀም በሰውነታችን ውስጥ ያሉ የስራ ሂደቶች በትክክል እንዲከናወኑ ለማድረግ መሰረታዊ የሆነ ድጋፍ ይሰጣል። ሰውነታችንን ለመገንባትና የጡንቻ ጥንካሬን ለማግኘት በፕሮቲን የበለፀጉ ምግቦችን በየቀኑ መመገብ አስፈላጊ መሆኑን መረዳት ይገባል። ለተከታታይ የኃይል አቅርቦትና ለተሟላ የሰውነት እንቅስቃሴ እንደ እህልና ስኳር ያሉ ምግቦች አስፈላጊ ናቸው። ቫይታሚኖችና ማዕድናት ለሰውነታችን በሽታ የመከላከል አቅም እንዲኖረው ለማድረግ ከፍተኛ አስተዋጽኦ ያበረክታሉ። አትክልቶችና ፍራፍሬዎችን በብዛት መመገብ ለምግብ መፈጨት ስርዓታችን መስተካከልና ለጤናማ የሆድ ዕቃ ይረዳል። በምግብ ውስጥ የሚገኙ ከፍተኛ የጨውና የስኳር መጠንን መቀነስ ለጤናማ የልብ ስራ እጅግ በጣም ወሳኝ ነው። በቂ የውሃ መጠንን በየቀኑ መጠጣት የሰውነታችንን የፈሳሽ ሚዛን ለመጠበቅና ለንጽህና ይረዳል። በአጠቃላይ የምንመገባቸውን ምግቦች በአግባቡ መምረጥና ማመጣጠን ለተሟላና ለተሻለ የጤና ሁኔታ መረጋገጥ መሰረት ነው።"
summarisation|50#0,summarisation,,health,"የሚከተለውን ጽሑፍ ዋና ዋና ነጥቦች ብቻ በመያዝ አጭር አድርገህ ግለጽ።

Context:
ንጹህ ውሃ መጠጣት ለሰውነት ጤናማነት እጅግ አስፈላጊ የሆነ መሰረታዊ ተግባር በመሆኑ ሁልጊዜም ጥራት ያለው ውሃ መጠቀም ያስፈልጋል። በቤት ውስጥ የሚዘጋጅ ውሃ ከበሽታ አምጪ ተህዋሲያን ነፃ እንዲሆን በደንብ መፈላለቱን ማረጋገጥ ለቤተሰብ ደህንነት ወሳኝ ነው። እጅን በሳሙና እና በፈሳሽ ውሃ መታጠብ ከተለያዩ ተላላፊ በሽታዎች ለመከላከል የሚረዳ ቀላሉ እና ውጤታማው መንገድ ነው። ምግብ ከመብላት በፊት እና ከመታጠብ በፊት እጅን በደንብ መታጠብ ለጤናማ አኗኗር መሰረት የሚጥል ተግባር ነው። የቆሻሻ ማስወገጃ ዘዴዎች በሥርዓት መመራት ያለባቸው ሲሆን ይህም አካባቢን ከሽታ እና ከበሽታ መከላከያ መንገድ ነው። በቤት ውስጥ የሚገኙ የቆሻሻ መጣያዎችን በየጊዜው ማጽዳት እና መሸፈን ለጤናማ አኗኗር በጣም አስፈላጊ የሆነ ተግባር ነው። ንጹህ የአየር ዝውውር እንዲኖር መስኮቶችን በየቀኑ መክፈት እና ቤትን በንጽህና መያዝ ለጤና ጠቃሚ ነው። የልብስ እና የጨርቅ ንጽህናን መጠበቅ በቆዳ ላይ የሚከሰቱ ችግሮችን ለመቀነስ ትልቅ ሚና የሚጫወት ተግባር ነው። በከተማ እና በገጠር አካባቢዎች የንጽህና አጠባበቅ ግንዛቤን ማሳደግ ለህብረተሰቡ ጤናማነት ትልቅ አስተዋጽኦ ያደርጋል። የውሃ መፍሰሻ ቦዮችን በቆሻሻ አለመሙላት የአካባቢውን ንጽህና ለመጠበቅ እና የውሃ መርጋትን ለመከላከል ይረዳል። በየቀኑ የሚደረጉ የንጽህና ተግባራት ለረጅም ጊዜ ጤናማ ህይወት ለመኖር መሰረት የሚጥሉ ተግባራት ናቸው። ንጽህናን መጠበቅ የግል ኃላፊነት ብቻ ሳይሆን ለጋራ ማህበረሰብ ደህንነት የሚደረግ ትልቅ ጥረት ነው።"
summarisation|50#2,summarisation,,health,"ይህን ጽሑፍ በአጭሩ አጠቃልልልኝ።

የግል ንጽህና አጠባበቅ ለሰውነት በሽታ የመከላከል አቅምን ለመጨመር እና ለጤናማ ህይወት መሰረት ነው። በየቀኑ ገላን መታጠብ እና ንጹህ ልብሶችን መልበስ ከቆዳ ላይ የሚመጡ ኢንፌክሽኖችን ለመከላከል ይረዳል። ጥርስን በየቀኑ በሳሙና ወይም በፓስታ መቦረሽ ለድድ እና ለጥርስ ጤና በጣም አስፈላጊ ተግባር ነው። የፀጉር ንጽህናን መጠበቅ እና በየጊዜው መታጠብ ከራስ ቅል ችግሮች ለመዳን ይረዳል። የእጅ ንጽህናን በተለይ ከሽንት ቤት አገልግሎት በኋላ መጠበቅ ለተላላፊ በሽታዎች መከላከያ መንገድ ነው። የምግብ አዘገጃጀት ወቅት የምግብ ሰሪዎች እጃቸውን እና የምግብ ዕቃዎችን ማጽዳት ለጤናማ ምግብ ወሳኝ ነው። በቤት ውስጥ የሚገኙ የኩሽና ዕቃዎች በንጽህና መያዝ መጥፎ ሽታ እና ባክቴሪያ እንዳይፈጠሩ ይረዳል። የልብስ አጠባበቅ ስልቶች ለሰውነት ንጽህና እና ለራስ መተማመን ትልቅ ሚና የሚጫወቱ ተግባራት ናቸው። በየቀኑ የሚደረጉ እነዚህ ቀላል ተግባራት ለከባድ የጤና ችግሮች እንዳንጋለጥ ትልቅ ጥበቃ ያደርጉልናል። ንጽህናን እንደ የዕለት ተዕለት ልምድ ማዳበር ለረጅም እድሜ እና ለጤናማ አኗኗር መሰረት ነው። የግል ንጽህናን መጠበቅ ራስን ከመታመም ብቻ ሳይሆን ለሌሎች ሰዎችም ደህንነት መጠበቅ ነው። ንጽህናን ማዘውተር ለተሻለ የህይወት ጥራት እና ለተረጋጋ ጤናማነት እጅግ አስፈላጊ የሆነ ተግባር ነው።"
summarisation|51#1,summarisation,,health,"ከዚህ በታች ያለውን ጽሑፍ በ2-3 ዓረፍተ ነገሮች አጠቃልለው።

Context:
በአሁኑ ወቅት በኢትዮጵያ የተለያዩ ክልሎች ውስጥ የሚገኙ የጤና ባለሙያዎች የክትባት ግንዛቤን ለማሳደግ ሰፊ የቤት ለቤት ዘመቻዎችን እያከናወኑ ይገኛሉ። ብዙ ሰዎች ስለ ክትባት ደህንነት ያላቸው ጥርጣሬ እንዲጠፋ ለማድረግ በየመንደሩ የጤና ኤጀንቶች ትምህርት ይሰጣሉ። ክትባት መውሰድ በሽታ ሳይመጣ አስቀድሞ ለመከላከል የሚረዳ ዘመናዊና አስተማማኝ የሕክምና ዘዴ መሆኑን ማወቅ ይገባል። በክትባት ምክንያት የሚመጡ መጠነኛ የሰውነት ሙቀት መጨመሮች ወይም የህመም ስሜቶች ጊዜያዊና ተፈጥሯዊ መሆናቸውን ማስተማር ተችሏል። የሕዝብን ጤና ለመጠበቅና የበሽታ ስርጭትን ለመቆጣጠር የክትባት አገልግሎት በሁሉም የሀገሪቱ ክፍሎች ተደራሽ መሆን አለበት።"
summarisation|51#2,summarisation,,health,"የሚከተለውን ጽሑፍ ዋና ዋና ነጥቦች በመያዝ በ2-3 ዓረፍተ ነገሮች አጠቃልል።

ጽሑፍ፡ የእናቶችና የሕፃናት ጤናን ለመጠበቅ በኢትዮጵያ ውስጥ የሚከናወነው የክትባት አገልግሎት በጤና መሠረተ ልማት ግንባታ ላይ ትልቅ ትኩረት ይሰጣል። በየገጠሩ መንደሮች የሚገኙ የጤና ኤክስቴንሽን ባለሙያዎች የክትባት ቁሳቁሶችን በማጓጓዝ ለሕዝቡ እንዲደርሱ ከፍተኛ ጥረት ያደርጋሉ። ክትባቶች በቅዝቃዜ መያዝ ያለባቸው በመሆኑ የቅዝቃዜ ሰንሰለት መቆጣጠር ለክትባቱ ውጤታማነት ወሳኝ የሆነ ጉዳይ ነው። ወላጆች የልጆቻቸውን የክትባት መዝገብ በጥንቃቄ እንዲይዙና ቀጣይ ቀጠሮዎችን እንዳይረሱ ማሳሰብ በጣም አስፈላጊ ነው። በክትባት አማካኝነት ተላላፊ በሽታዎችን ማሸነፍ ለሀገሪቱ የኢኮኖሚ እድገትና ለሕዝብ ደህንነት ትልቅ አስተዋጽኦ ይኖረዋል።"
summarisation|52#1,summarisation,,health,"የሚከተለውን ጽሑፍ ዋና ዋና ነጥቦች በመያዝ በ2-3 ዓረፍተ ነገሮች አጠቃልል።

ጽሑፍ፡ አንድ ሰው በድንገት በሙቀት ምክንያት የቆዳ መቃጠል ሲያጋጥመው መጀመሪያ ማድረግ ያለብን የቃጠሎውን አካባቢ በቀዝቃዛ እና ለስላሳ የውሃ ፍሰት ለረጅም ጊዜ ማቀዝቀዝ ነው። በቃጠሎው አካባቢ ላይ ቅቤ ወይም ዘይት ወይም ሌሎች የቤት ውስጥ ነገሮችን መቀባት ቁስሉን ይበልጥ ሊያባብሰው ስለሚችል በፍጹም ማድረግ የለብንም። የቃጠሎው አካባቢ ላይ ትናንሽ የውሃ እብጠቶች ከተፈጠሩ እነሱን በጭራሽ አለመነካት ወይም አለመቀደድ ለቆዳው ጤናማ መሆን በጣም አስፈላጊ ነው። ከቃጠሎው በኋላ አካባቢውን ከቆሻሻ ለመጠበቅ ለስላሳ እና ንጹህ ጨርቅ በመጠቀም በትንሹ መሸፈን ለቁስሉ መዳን ትልቅ እገዛ ያደርጋል። በጣም ከፍተኛ የሆነ የቃጠሎ ደረጃ ካጋጠመ ወይም የቃጠሎው ስፋት ሰፊ ከሆነ በአፋጣኝ ወደ ህክምና ተቋም መሄድ የህይወት አድን እርምጃ ነው። በቃጠሎ ወቅት የሚሰማውን ከፍተኛ ህመም ለመቀነስ እና አካባቢውን ለማቀዝቀዝ ንጹህ ውሃ መጠቀም ከሌሎች ነገሮች የተሻለ አማራጭ ነው። የቃጠሎው ስፋት ከሰውነት መጠን አንጻር ከፍተኛ ከሆነ እና ትንፋሽ ለመውሰድ ከተቸገረ የድንገተኛ አደጋ እርዳታ በፍጥነት መጠየቅ ይገባል። እነዚህን መሰረታዊ መመሪያዎች መከተል በቃጠሎ ወቅት የሚመጡ ውስብስብ ችግሮችን ለመቀነስ እና የቆዳ ጉዳትን ለመከላከል በጣም አስፈላጊ ናቸው።"
summarisation|53#0,summarisation,,science,"ይህን ጽሑፍ በአጭሩ አጠቃልልልኝ።

በኢትዮጵያ ከፍተኛ ተራራማ ቦታዎች ላይ የሚገኙ ደመናዎች በከፍተኛ ሁኔታ የውሃ ትነትን በመቀበል ለዝናብ መከሰት ትልቅ አስተዋጽኦ ያደርጋሉ። የፀሐይ ሙቀት በባሕርና በወንዞች ላይ ያለውን ውሃ ወደ አየር በማድረስ በየጊዜው የአየር ንብረት ለውጥ እንዲፈጠር ያደርጋል። ይህ ሂደት በምድር ላይ ያለውን የውሃ መጠን በቋሚነት ለመጠበቅና ለተፈጥሮ ሕይወት አስፈላጊ የሆነውን እርጥበት ለመስጠት ይረዳል። በከፍተኛ ቦታዎች ላይ የሚፈጠረው ቅዝቃዜ በደመና ውስጥ ያለውን የውሃ ትነት ወደ ዝናብ ወይም በረዶነት እንዲቀየር ያደርገዋል። ዝናብ ሲዘንብ በደጋማ አካባቢዎች የሚገኙ ደኖችና ሳርማሬዎች ውሃውን በመምጠጥ ለወንዞች መፍለቅ እንዲረዳ ያደርጋሉ። በወንዞች አማካኝነት የሚፈስ ውሃ ወደ ዝቅተኛ ቦታዎች በመሄድ ለግብርናና ለሰው ልጅ ፍጆታ ከፍተኛ አገልግሎት ይሰጣል። በየወቅቱ የሚከሰቱ የዝናብ መዛባቶች በኢትዮጵያ የግብርና ምርታማነት ላይ ከፍተኛ ተጽዕኖ እያሳደሩ መሆናቸውን መረዳት ያስፈልጋል። የውሃው ዑደት በተፈጥሮ ውስጥ ያለውን ሚዛን ለመጠበቅና የአየር ንብረትን ለመቆጣጠር ወሳኝ የሆነ ሚና ይጫወታል። በከፍተኛ ተራራዎች ላይ የሚገኙ የበረዶ ክምችቶች ለወንዞች መፍለቅ እንደ ትልቅ የውሃ ምንጭነት ያገለግላሉ። የውሃ ትነትና ዝናብ በየተራ መከሰታቸው በምድራዊ ሥርዓት ውስጥ ያለውን የሙቀት መጠን ለመቆጣጠር ይረዳል። ይህ ተፈጥሯዊ ሂደት ሳይቋረጥ መከናወኑ በኢትዮጵያ ውስጥ ያለውን የውሃ አቅርቦት ለማረጋገጥ ወሳኝ ነው። ስለዚህ የአየር ንብረትንና የውሃውን ሁኔታ በጥልቀት ማጥናት ለወደፊት የልማት ዕቅዶች እጅግ አስፈላጊ ነው።"
summarisation|53#1,summarisation,,science,"የሚከተለውን ጽሑፍ ዋና ዋና ነጥቦች በመያዝ በ2-3 ዓረፍተ ነገሮች አጠቃልል።

ጽሑፍ፡ በኢትዮጵያ የአየር ንብረት ሁኔታ በዋናነት በዝናብ ወቅቶችና በድርቅ መከሰት መካከል በሚደረግ ልዩነት ላይ የተመሰረተ ነው። የውሃ ዑደት በከፍተኛ የደጋማ አካባቢዎችና በዝቅተኛ ሜዳማ ቦታዎች መካከል ያለውን የውሃ ዝውውር በየጊዜው ያከናውናል። በፀሐይ ሙቀት ምክንያት ከሸለቆዎችና ከወንዞች የሚወጣው የውሃ ትነት ወደ ላይ በመውጣት ደመናን ይፈጥራል። እነዚህ ደመናዎች በንፋስ አማካኝነት ወደ ተለያዩ የሀገሪቱ ክፍሎች በመጓዝ ዝናብ እንዲዘንብ ያደርጋሉ። ዝናብ ሲዘንብ በደኖቹ ውስጥ ያለውን አፈር እንዲረጥብና ለዕፅዋት እድገት እንዲረዳ ትልቅ ዕድል ይሰጣል። በዝናብ ወቅት የሚፈጠሩ ወንዞች ወደ ትልልቅ ሐይቆችና ወደ ባሕር በመሄድ የውሃውን ዑደት ያጠናቅቃሉ። በድርቅ ወቅት ግን የውሃው ትነት ከዝናብ መውረድ በላይ በመሆኑ የውሃ እጥረት እንዲከሰት ያደርጋል። ይህ ሁኔታ በኢትዮጵያ ውስጥ ለሚገኙ የእንስሳትና የሰው ልጅ ማኅበረሰቦች የህልውና ስጋት ሆኖ ይስተዋላል። የአየር ንብረት ለውጥ በውሃው ዑደት ላይ የሚያሳድረው ተጽዕኖ የዝናብ ወቅቶችን መደበኛነት እያሳጣው ይገኛል። የውሃው መከማቸትና መፍሰስ በየአካባቢው ባለው የመሬት አቀማመጥና በዕፅዋት ሽፋን ላይ ይወሰናል። በደጋማ ቦታዎች የሚገኙ ደኖች የውሃውን መፍሰስ በመቆጣጠር ለወንዞች መረጋጋት ትልቅ ድጋፍ ያደርጋሉ። የውሃ ዑደቱን መረዳት የአየር ንብረትን ለውጥ ለመተንበይና ለዝግጅት እጅግ አስፈላጊ መሣሪያ ነው።"
summarisation|53#2,summarisation,,science,"ለዚህ ጽሑፍ አጭር ማጠቃለያ ጻፍ።

Context:
የኢትዮጵያ የውሃ ዑደት ሂደት በከፍተኛ ተራራዎችና በሰፊ ሜዳዎች መካከል ያለውን የተፈጥሮ ግንኙነት ያሳያል። የፀሐይ ጨረር በውሃ አካላት ላይ ሲያርፍ ውሃው ወደ ጋዝነት በመለወጥ ወደ ሰማይ እንዲወጣ ያደርገዋል። ይህ የትነት ሂደት ደመናዎች እንዲፈጠሩና የአየር ንብረቱ እንዲቀዘቅዝ በማድረግ ረገድ ትልቅ ሚና አለው። ደመናዎች በከባድ ሁኔታ ሲከማቹ በዝናብ መልክ ወደ መሬት በመመለስ ለተፈጥሮው ሕይወት መሰረት ይሆናሉ። ዝናብ በኢትዮጵያ ውስጥ ለሚከናወነው የግብርና ሥራ ዋነኛውና ብቸኛው የውሃ ምንጭ ተደርጎ ይወሰዳል። በዝናብ ወቅት የሚፈስ ውሃ በየመሬቱ ውስጥ በመግባት የከርሰ ምድር ውሃ እንዲፈጠር ያደርጋል። ይህ የከርሰ ምድር ውሃ ደግሞ በድርቅ ወቅት ለዕፅዋትና ለእንስሳት መትረፍ ወሳኝ ድጋፍ ይሰጣል። በከፍተኛ ቦታዎች ላይ የሚገኙ የውሃ ምንጮች በወንዞች አማካኝነት ወደ ዝቅተኛ ቦታዎች ይፈስሳሉ። የውሃው ዑደት መቋረጥ ወይም መዛባት በአካባቢው ያለውን የሙቀት መጠንና የአየር ንብረትን ይለውጣል። የአየር ንብረት ለውጥ በዝናብ መጠን ላይ የሚያመጣው መዋዠቅ በውሃው ዑደት ላይ ተጽዕኖ እያሳደረ ነው። የውሃ ትነት፣ ዝናብና መፍሰስ የሚባሉት ሂደቶች ተከታታይነት ያላቸውና የማይቋረጡ ተፈጥሯዊ ሥርዓቶች ናቸው። እነዚህን ሂደቶች በጥንቃቄ መከታተል የአየር ንብረትን ለውጥ ለመረዳትና ለመከላከል ይረዳል።"
summarisation|54#0,summarisation,,science,"የሚከተለውን ጽሑፍ አጠቃልል።

Context:
ዕፅዋት ለህልውናቸው የሚያስፈልጋቸውን ምግብ ለማዘጋጀት የፀሐይ ብርሃንን በመጠቀም ውስብስብ የሆነ የኬሚካዊ ሂደት ያካሂዳሉ። በዚህ ሂደት ውስጥ ዕፅዋት ከአየር ውስጥ ካርቦን ዳይኦክሳይድን እና ከመሬት ውስጥ ውሃን በመሳብ ለውጥ ያደርጋሉ። የቅጠሎች ውስጥ የሚገኙት አረንጓዴ ቅንጣቶች የፀሐይ ብርሃን ጉልበትን በመ absorbs ማድረግ ለምግብ ዝግጅቱ መሰረት ይሆናሉ። በዚህ ሂደት አማካኝነት ዕፅዋት ስኳር ወይም ግሉኮስ በመስራት ለዕድገታቸው የሚያስፈልጋቸውን ጉልበት በውስጣቸው ያከማቻሉ። በተጨማሪም በዚህ የኬሚካዊ ሂደት ወቅት ለሰው ልጆች እና ለሌሎች ፍጥረታት አስፈላጊ የሆነውን ኦክስጅን ወደ አየር ይለቃሉ። ስለዚህ የፎቶሲንተሲስ ሂደት ለምድር ላይ ያለውን የሕይወት ሚዛን ለመጠበቅ እጅግ በጣም ወሳኝ የሆነ ተግባር ነው።"
summarisation|54#1,summarisation,,science,"እባክዎን ይህን ጽሑፍ በአጭሩ ያጠቃልሉ።

Context:
የፎቶሲንተሲስ ሂደት በዕፅዋት ውስጥ የሚከናወን ተፈጥሯዊ ስራ ሲሆን ለምድር ላይ ያለውን የኦክስጅን መጠን ለመጠበቅ ይረዳል። ዕፅዋት የፀሐይ ብርሃንን በመጠቀም ካርቦን ዳይኦክሳይድን ወደ ተረፈ ምርት በመቀየር ለራሳቸው ምግብ ያዘጋጃሉ። ይህ ሂደት በቅጠሎች ውስጥ በሚገኙት ክሎሮፊል የተባሉ ንጥረ ነገሮች አማካኝነት በከፍተኛ ሁኔታ ይከናወናል። በሂደቱ ወቅት የሚፈጠረው ግሉኮስ ለዕፅዋት እድገት እና ለተለያዩ አካላዊ ለውጦች እንደ ዋና የኃይል ምንጭ ያገለግላል። ከዚህም በተጨማሪ በሂደቱ መጨረሻ ላይ የሚለቀቀው ኦክስጅን በሁሉም ሕይወት ያላቸው ነገሮች ለመተንፈስ ይረዳል። በመሆኑም ዕፅዋት ያለ ፎቶሲንተሲስ ሂደት በዓለም ላይ ያለውን የሕይወት ሰንሰለት ሙሉ በሙሉ ማቆም ይቻላል።"
summarisation|55#0,summarisation,,science,"ጽሑፉን አንብበሽ ማጠቃለያውን ጻፊ።

Context:
በሰኔ 15 ቀን 2016 ዓ.ም በደቡብ ኢትዮጵያ በታላቁ አባይ ተፋሰስ አካባቢ በሚገኘው አዲሱ ሰላም የጤና ማዕከል ውስጥ አንድ ትልቅ የሰውነት ክፍሎች ጥናት ተካሄደ። በዶክተር አበበ በቀለ የሚመራው የጥናት ቡድን በሰውነታችን ውስጥ ስላለው የደም ዝውውር ሥርዓት አዳዲስ መረጃዎችን ለሕዝቡ በዝርዝር አሳውቋል። በምርምሩ ወቅት በሰውነታችን ውስጥ የሚገኙ የደም ሥሮች እንዴት ኦክስጅንን ወደ ሁሉም የሰውነት ክፍሎች እንደሚያደርሱ በዝርዝር ተብራርቷል። በምርምር ቡድኑ አባል በሆኑት ሳይንቲስቶች አማካኝነት በልብ ምት ፍጥነት እና በደም ግፊት መካከል ያለውን ግንኙነት በቁጥር ተደግፎ አሳይተዋል። በምርምሩ ወቅት 450 ሰዎች በነፃ ተሳታፊ በመሆን ስለ ልብ ጤናማነት ያላቸውን ግንዛቤ ለባለሙያዎች በሙሉ አጋርተዋል። የጥናቱ ውጤት እንደሚያሳየው በየቀኑ በቂ ውሃ መጠጣት ለደም ዝውውር ሥርዓት መስተካከል በጣም አስፈላጊ መሆኑን አረጋግጧል። በዚሁ መሠረት የሰላም የጤና ማዕከል በየሳምንቱ ለከተማው ነዋሪዎች ስለ ደም ሥር ጤና ነፃ ትምህርት ለመስጠት ወስኗል። ይህ ትልቅ የሳይንስ ስራ በክልሉ ውስጥ ለሚገኙ የጤና ባለሙያዎች አዲስ መመሪያ እንደሚሆን ተገልጿል።"
summarisation|55#1,summarisation,,science,"የሚከተለውን ጽሑፍ ዋና ዋና ነጥቦች ብቻ በመያዝ አጭር አድርገህ ግለጽ።

Context:
በጥቅምት 22 ቀን 2015 ዓ.ም በወሎ ክልል በሚገኘው የላሊበላ የሳይንስ ተቋም ውስጥ ስለ ሰውነት መከላከያ ሥርዓት አዲስ ሪፖርት ተለቀቀ። በፕሮፌሰር ማሚሬ ዘነበ የሚመራው የባዮሎጂ ክፍል በሰውነታችን ውስጥ ያሉ ነጭ የደም ሴሎች እንዴት በሽታ አምጪ ተህዋሲያንን እንደሚዋጉ አብራርቷል። በሪፖርቱ ላይ እንደተጠቀሰው የሰውነታችን መከላከያ ሥርዓት እንደ አንድ ትልቅ የጦር ሰራዊት ሆኖ እያንዳንዱን ጥቃት በንቃት ይከላከላል። በምርምር ቡድኑ አባላት የተሰበሰቡት መረጃዎች እንደሚያሳዩት የተመጣጠነ ምግብ መመገብ ለነጭ የደም ሴሎች ጥንካሬ ወሳኝ ሚና ይጫወታል። በምርምሩ ወቅት 1200 የላብራቶሪ ሙከራዎች የተደረጉ ሲሆን ውጤቱም በከፍተኛ ደረጃ አስተማማኝ መሆኑን የሳይንስ ባለሙያዎች አረጋግጠዋል። በኢትዮጵያ ውስጥ የሚገኙ የጤና ተቋማት ይህንን መረጃ በመጠቀም የሕዝብን በሽታ የመከላከል አቅም ማሳደግ እንደሚችሉ ተገልጿል። የላሊበላ የሳይንስ ተቋም በየዓመቱ እንዲህ ያሉ ጥልቅ ምርምሮችን በማድረግ ለሀገሪቱ የጤና ዘርፍ ትልቅ እገዛ እያደረገ ይገኛል። ይህ አዲስ ግኝት በሰውነት ውስጥ ስላለው የበሽታ መከላከል ሂደት ያለንን እውቀት በከፍተኛ ሁኔታ ያሰፋዋል።"
summarisation|55#2,summarisation,,science,"ለዚህ ጽሑፍ አጭር ማጠቃለያ ጻፍ።

Context:
በጥር 05 ቀን 2017 ዓ.ም በደብረ ማርቆስ ከተማ በሚገኘው የሰማይነት የሕክምና ምርምር ማዕከል ውስጥ ስለ አጥንት እና ጡንቻ ሥርዓት ትልቅ ጉባኤ ተካሄደ። በዶክተር ዮናስ ተሰማ የሚመራው የሰውነት መዋቅር ቡድን አጥንቶች እንዴት ለሰውነታችን ቅርጽ እና ጥንካሬ እንደሚሰጡ በዝርዝር አቅርቧል። በጉባኤው ላይ የቀረበው መረጃ እንደሚያሳየው አጥንቶች ለውስጣዊ የሰውነት ክፍሎች እንደ መከላከያ ጋሻ ሆኖ ያገለግላሉ። በምርምር ቡድኑ አባላት የተሰበሰቡት መረጃዎች ካልሲየም የበለፀጉ ምግቦችን መመገብ ለአጥንት ጥንካሬ ወሳኝ መሆኑን በቁጥር አሳይተዋል። በምርምሩ ወቅት 300 የጤና ባለሙያዎች ተገኝተው ስለ አጥንት እና ጡንቻ መሳሳብ አዳዲስ የሕክምና ዘዴዎችን ተማርተዋል። የሰማይነት ማዕከል ባደረገው ጥናት መሰረት በየቀኑ የአካል ብቃት እንቅስቃሴ ማድረግ ለጡንቻዎች እድገት በጣም አስፈላጊ መሆኑ ተረጋግጧል። ይህ የሳይንስ ስራ በከተማው ውስጥ ለሚገኙ ወጣቶች የአካል ብቃት እንቅስቃሴን አስፈላጊነት ለማሳወቅ ትልቅ ሚና ይጫወታል። በጉባኤው ማጠቃለያ ላይ የሳይንስ ተመራማሪዎች ለወደፊቱ ተጨማሪ ጥናቶችን ለማድረግ ያላቸውን ዝግጁነት ለሕዝቡ በይፋ አሳውቀዋል።"
summarisation|56#0,summarisation,,science,"እባክዎን ይህን ጽሑፍ በአጭሩ ያጠቃልሉ።

Context:
በሰኔ ፲፪ ቀን ሁለት ሺህ አሥራ ዘጠኝ ዓመተ ምሕረት በዝቅተኛው አውሮፓዊ ክፍል በሚገኘው ዜሎኒያ ከተማ ውስጥ ትልቅ የኃይል ማመንጫ ጣቢያ ተገንብቶ መጠናቀቁ ተነገረ። የዜሎኒያ የኤሌክትሪክ አገልግሎት ድርጅት በባለሙያዎቹ አማካኝነት ይህንን ግዙፍ ፕሮጀክት በሦስት ዓመታት ውስጥ በከፍተኛ ጥንቃቄና ትጋት አጠናቅቀዋል። አዲሱ የኃይል ማመንጫ ጣቢያ በዓመት በአማካይ አምስት መቶ ሚሊዮን ኪሎ ዋት የኤሌክትሪክ ኃይል ማመንጨት እንደሚችል የድርጅቱ ዋና መሐንዲስ አቶ ኬሌብ ተናግረዋል። ይህ ፕሮጀክት በከተማዋ ውስጥ የሚገኙ አምስት ሚሊዮን ነዋሪዎችን የኤሌክትሪክ ፍላጎት ሙሉ በሙሉ ለማሟላት ታስቦ የተዘጋጀ ትልቅ ስኬት ነው። ፕሮጀክቱ ለመገንባት በአጠቃላይ ሁለት ቢሊዮን ዜሎ ዶላር ወጪ የተደረገ ሲሆን ይህም ከአካባቢው የኢኮኖሚ እድገት ጋር የተያያዘ ነው። አዲሱ ማመንጫ ከፀሐይ ብርሃንና ከንፋስ ኃይል ጋር የተቆራኘ ዘመናዊ ቴክኖሎጂን በመጠቀም የአካባቢ ብክለትን በከፍተኛ ሁኔታ ይቀንሳል። የከተማዋ አስተዳደር በፕሮጀክቱ ስኬት እጅግ ደስተኛ መሆናቸውንና ለወደፊቱ ተጨማሪ መሰረተ ልማቶችን እንደሚገነቡ ገልጸዋል። የኃይል አቅርቦቱ መሻሻል በከተማዋ የንግድ እንቅስቃሴና በኢንዱስትሪ ዘርፍ ላይ አዎንታዊ ተጽዕኖ እንደሚያሳድር ተገምቷል። የኤሌክትሪክ መስመሮች አገላለጽም በዘመናዊ የብረት ምሰሶዎችና በከፍተኛ ጥራት ባላቸው ገመዶች ተተክቶ ለተጠቃሚዎች ዝግጁ ሆኗል። ይህ ታላቅ ስራ በክልሉ ውስጥ ያለውን የኃይል እጥረት ለመቅረፍ ቁልፍ ሚና እንደሚጫወት ተገልጿል። በመጨረሻም የኃይል ማመንጫ ጣቢያው በታህሳስ ወር በታላቅ ሥነ ሥርዓት ለሕዝብ ክፍት እንደሚደረግ ተ announces ተደርጓል።"
summarisation|56#1,summarisation,,science,"የሚከተለውን ምንባብ በአጭሩ አጠቃልል፡

በአውሮፓዊቷ የሰንታ ሪፐብሊክ ውስጥ በሚገኘው የላንዲያ መንደር ውስጥ ትናንት በደረሰ ያልተጠበቀ የኤሌክትሪክ መቆራረጥ ምክንያት ከፍተኛ ጉዳት ደርሷል። የላንዲያ የኃይል ቁጥጥር ማዕከል በሰጠው መረጃ መሠረት የዋናው የኃይል ማከፋፈያ መስመር በድንገት በመቋረጡ አምስት መንደሮች ለሁለት ቀናት መጥፋታቸውን አረጋግጧል። የላንዲያ የኤሌክትሪክ ተቋም የቴክኒክ ቡድን ችግሩን ለመፍታት በአስቸኳይ ወደ ስፍራው በመሄድ ጥረት እያደረገ መሆኑን ገልጿል። በዚህ የኃይል መቆራረጥ ምክንያት በከተማዋ ውስጥ የሚገኙ አሥራ ሁለት ትላልቅ ማቀዝቀዣ ፋብሪካዎች ምርታቸውን ለማቆም ተገደዋል። የፋብሪካዎቹ ባለቤት አቶ ማርቆስ በደረሰው ጉዳት ምክንያት በሺዎች የሚቆጠሩ ዶላሮች ኪሳራ እንደደረሰባቸው በሀዘን ተናግረዋል። የኤሌክትሪክ መቆራረጡ የደረሰው በሌሊት ሰዓት በመሆኑ የሕዝቡ የዕለት ተዕለት እንቅስቃሴና የቤት ውስጥ አገልግሎት በእጅጉ ተስተጓጉሏል። የኃይል ማከፋፈያ ጣቢያው ውስጥ የነበረው የቮልቴጅ መዛባት በድንገት በመከሰቱ የኤሌክትሪክ መሣሪያዎች እንዲቃጠሉ አድርጓል። የቴክኒክ ባለሙያዎች ችግሩን ለመፍታት አዳዲስ የኤሌክትሪክ ገመዶችንና ትራንስፎርመሮችን በመጠቀም ጥገና እያደረጉ መሆኑን ገልጸዋል። የከተማዋ ነዋሪዎች የኃይል አቅርቦቱ በአፋጣኝ እንዲመለስና ለወደፊቱ መሰል ችግሮች እንዳይከሰቱ ጥብቅ ጥሪ አቅርበዋል። የኢንጂነርነት ማኅበሩ በጉዳዩ ላይ ጥልቅ ምርመራ በማድረግ የችግሩን መንስኤ ለሕዝብ ይፋ እንደሚያደርግ ቃል ገብቷል። የኃይል አቅርቦቱ እስከ ቅዳሜ ድረስ ሙሉ በሙሉ እንደሚመለስ ተገምቷል።"
summarisation|57#0,summarisation,,science,"ይህን ጽሑፍ በአጭሩ አጠቃልልልኝ።

በሰኔ ፲፪ ቀን በዘመናዊው የኮስሞስ ምርምር ማዕከል ውስጥ የጠፈር ሳይንቲስቱ አቶ በቀለ ተስፋ የጠፈር ጥናት ቡድን አዲስ ግኝት አገኘ። ይህ ቡድን በሰማይ ላይ በሩቅ በሚገኘው የዘንባባ ኮከብ አካባቢ አዲስ የድንጋይ ፕላኔት መኖሩን በከፍተኛ የቴሌስኮፕ ጥናት አረጋግጧል። በፕላኔቷ ላይ በሺዎች የሚቆጠሩ ትናንሽ የውሃ ጠብታዎች መኖራቸውን የሳይንስ ተመራማሪዎቹ በዝርዝር መረጃ አቅርበዋል። የፕላኔቷ ስም ዜንቶ ተብሎ የተሰየመ ሲሆን ከምድር በብዙ ሚሊዮን የሚቆጠሩ ኪሎ ሜትሮች ርቃ ትገኛለች። ይህ ግኝት ለወደፊት የጠፈር ጉዞዎች ትልቅ ተስፋ የሚሰጥና በዓለም አቀፍ የሳይንስ መጽሔት ላይ የታተመ መረጃ ነው።"
summarisation|57#1,summarisation,,science,"ይህን ጽሑፍ በአጭሩ አጠቃልልልኝ።

የአርክታይክ የአየር ንብረት ጥናት ተቋም በሐምሌ ፭ ቀን ባወጣው ሪፖርት በሰሜን ዋልታ አካባቢ ያለው የበረዶ መጠን በከፍተኛ ሁኔታ እየቀነሰ መሆኑን ገለጸ። የጥናቱ መሪ የሆኑት ወይዘሮ አልማዝ በሰበሰቡት መረጃ መሰረት በዓመቱ ውስጥ ፳፭ በመቶ የሚቶ የበረዶ መቅለጥ ተመዝግቧል። ይህ ለውጥ በአካባቢው በሚገኙ የባህር ውስጥ ፍጥረታት ላይ ከፍተኛ ጉዳት እያደረሰ መሆኑን ተቋሙ አስታውቋል። በባህሩ ውስጥ የሚኖሩ አሳዎች መኖሪያቸው እየጠፋ በመሄዱ ምክንያት የአካባቢው ስነ ህይወት አደጋ ላይ መውደቁ ተገልጿል። ተቋሙ በአስቸኳይ የዓለም አቀፍ የባህር ጥበቃ ስራዎች እንዲጠናከሩና መፍትሄ እንዲፈለግ ጥሪ አቅርቧል።"
summarisation|57#2,summarisation,,science,"ለዚህ ጽሑፍ አጭር ማጠቃለያ ጻፍ።

Context:
በጥቅምት ፳ ቀን በኤሌክትራ የጠፈር ምርምር ድርጅት በኩል በሰማይ ላይ የሚታዩ አዳዲስ የከዋክብት እንቅስቃሴዎችን በተመለከተ አዲስ መረጃ ተሰጥቷል። የድርጅቱ ዋና መሃንዲስ አቶ ታደሰ በሰጡት መግለጫ መሰረት በሰማይ ላይ በድንገት ብርሃን የፈጠሩ ፯ አዳዲስ ኮከቦች ተስተውለዋል። እነዚህ ኮከቦች ከቀድሞዎቹ ይልቅ በበለጠ ፍጥነት እየተንቀሳቀሱ መሆናቸውን የሳይንስ ባለሙያዎች በዝርዝር አረጋግጠዋል። የኮከቦቹ ብርሃን መጠን በሰዓት ፲ አምስት በመቶ እየጨመረ መሄዱ ለሳይንቲስቶች ትልቅ ጥያቄ አቅርቧል። ይህ ክስተት በጠፈር ሳይንስ ትምህርት ውስጥ አዲስ ምዕራፍ የሚከፍትና ለብዙ ዓመታት የሚታወስ ታላቅ ክስተት ነው።"
summarisation|58#1,summarisation,,science,"ለዚህ ጽሑፍ አጭር ማጠቃለያ ጻፍ።

Context:
በጥቅምት ፭ ቀን በሰሜን ኮንሶ ተራራማ አካባቢ በሚገኘው የግብርና ማዕከል ውስጥ አዲስ የፀረ-ዝገት ዘዴ ተገኝቷል። የግብርና ባለሙያው አቶ ታደሰ ካሳ የሰጡት መረጃ መሰረት ከሆነ ይህ ዘዴ የብረት መሳሪያዎች እንዳይዝጉ ይከላከላል። በምርምሩ ወቅት የተጠቀሙባቸው ፳ አምስት የተለያዩ የብረት አይነቶች በጨው እና በወይራ ዘይት ውህደት አማካኝነት ከዝገት መዳን ችለዋል። የገበሬው ማህበር ሰብሳቢ የሆኑት ወይዘሮ ሳራ ለምግብ ማቆያነት የሚያገለግሉ የብረት ዕቃዎች በዚህ ዘዴ መጠበቅ እንደሚችሉ ገልጸዋል። ይህ የኬሚስትሪ ሂደት በብረት ላይ ቀጭን የሆነ የጥበቃ ሽፋን በመፍጠር አየር እና እርጥበት እንዳይነኩት ያደርጋል። በክልሉ የሚገኙ ፻ ሃያ አርሶ አደሮች ይህንን ዘዴ ተግባራዊ በማድረግ የቁሳቁስ ብክነትን በግማሽ መቀነስ ችለዋል። የጥናቱ ውጤት ለተራራማ አካባቢው የአየር ንብረት በጣም ተስማሚ እና ቀላል መሆኑ በሪፖርቱ ተገልጿል። የሳይንስ ተመራማሪዎች ይህንን ዘዴ ለትላልቅ ፋብሪካዎችም ጭምር ለማስተዋወቅ በዝግጅት ላይ መሆናቸውን አረጋግጠዋል።"
summarisation|59#0,summarisation,,agriculture,"የሚከተለውን ጽሑፍ ዋና ዋና ነጥቦች በመያዝ በ2-3 ዓረፍተ ነገሮች አጠቃልል።

ጽሑፍ፡ በሰሜን ወሎ አካባቢ በሚገኘው የዝቅተኛ ኮረብታማ ክፍል ውስጥ በታላቁ አግሮ-ቴክ ማህበር አማካኝነት አዲስ የጤፍ ምርት ስልት ተጀምሯል። በጥር ወር መጀመሪያ ላይ በጀመረው በዚህ ፕሮጀክት መሰረት በአርሶ አደሮች ዘንድ የዘር ምርታማነትን ለመጨመር ሰፊ ስልጠና ተሰጥቷል። የፕሮጀክቱ አስተባባሪ የሆኑት አቶ በቀለ ተሰማ እንደገለጹት በአዲሱ ዘዴ አማካኝነት ከአንድ ሄክታር መሬት እስከ አምስት ኩንታል ተጨማሪ ምርት ማግኘት ይቻላል። በዞኑ የሚገኙ መቶ አርሶ አደሮች በቅድሚያ ተጠቃሚ እንዲሆኑ ተደርገው በዘመናዊ የውሃ አጠቃቀም ዘዴዎች እንዲሰለጥኑ ተደርገዋል። የድርጅቱ የቴክኒክ ባለሙያዎች በየሳምንቱ የመሬቱን የአፈር እርጥበት እና የጤፍ ተክሎችን እድገት በቅርብ ይከታተላሉ። በአካባቢው የሚገኙ የቡና እና የጤፍ አምራቾች በዚህ አዲስ የቴክኖሎጂ አጠቃቀም ላይ ከፍተኛ ተስፋ አድርገዋል። የገበሬው ማህበር አባል የሆኑት ወይዘሮ አልማዝ በዘመናዊው የዘር መዝሪያ ዘዴ ምርታማነታቸው በሁለት እጥፍ እንደጨመረ ገልጻለች። በቀጣይ አመት የፕሮጀክቱ ተደራሽነት ወደ ሌሎች አምስት ወረዳዎች እንዲሰፋ ታቅዶ እየተሰራ ይገኛል። የግብርናው ባለሙያዎች የአየር ንብረት ለውጥን ተቋቁመው የሚመረቱ የጤፍ ዝርያዎችን ለገበሬዎች ማቅረብ ላይ ትኩረት አድርገዋል። ይህ አዲስ ተነሳሽነት በአካባቢው የኢኮኖሚ እንቅስቃሴ ላይ ከፍተኛ ለውጥ እንደሚያመጣ ይጠበቃል። በመጨረሻም የገበሬው ማህበር ለተሳካ ስራው ከፍተኛ ምስጋናውን ለሁሉም ተሳታፊዎች አቅርቧል።"
summarisation|59#1,summarisation,,agriculture,"ይህ ጽሑፍ ምን እንደሚናገር በአጭሩ አስረዳ።

Context:
በደቡብ ኢትዮጵያ በታላቁ አባይ ተፋሰስ አቅራቢያ በሚገኘው የዘር አምራች ማዕከል ውስጥ የገብስ ምርት በከፍተኛ ሁኔታ መጨመር ተጀምሯል። የሰንበት የግብርና ልማት ማህበር በሰኔ ወር ውስጥ የገብስ ምርታማነትን ለማሳደግ አዲስ የውሃ ማቆያ ዘዴ ተግባራዊ አድርጓል። በቅርቡ በተደረገው የክትትል ስራ መሰረት በአካባቢው የሚገኙ ሰማንያ አርሶ አደሮች በዘመናዊው ዘዴ ውጤታማ መሆናቸውን አረጋግጠዋል። የዘር ልማት ተቋሙ የባለሙያ ሰራተኞች በየቀኑ ወደ እርሻ ቦታዎች በመሄድ የገብስ ተክሎችን ጥንካሬ ይፈትሻሉ። የፕሮጀክቱ መሪ የሆኑት አቶ ታደሰ በቀለ በአዲሱ የዘር ምርጫ ዘዴ ምክንያት የሰብል በሽታዎች መቀነሳቸውን ገልጸዋል። በክልሉ ውስጥ የሚገኙ አምስት ትላልቅ የገብስ ገዢዎች ከዚህ ማህበር ጋር የረጅም ጊዜ የንግድ ስምምነት ተፈራርመዋል። የገበሬው ማህበር አባል የሆኑት አቶ ካሳሁን በዘመናዊው የጥራጥሬ አያያዝ ዘዴ ምክንያት የገብስ ምርታቸው ጥራት እንደጨመረ ተናግረዋል። በአካባቢው የሚገኙ የግብርና መረጃ ሰብሳቢዎች የገብስ ዋጋ በገበያው ላይ መረጋጋት እንዲኖር እንደሚያደርግ ይተነብያሉ። የድርጅቱ የፋይናንስ ክፍል ለገበሬዎች የሚሰጠውን የብድር አገልግሎት ለማስፋት አዲስ እቅድ አውጥቷል። በቀጣይ የዝናብ ወቅት ከመጀመሩ በፊት ለሁሉም አርሶ አደሮች አስፈላጊው የግብርና ግብዓት እንዲደርሳቸው እየተደረገ ነው። ይህ የገብስ ልማት ፕሮጀክት በአካባቢው የኑሮ ደረጃን ለማሻሻል ትልቅ ሚና ይጫወታል።"
summarisation|59#2,summarisation,,agriculture,"የጽሑፉን ዋና ሐሳብ በአጭሩ ግለጽ።

Context:
በምስራቅ ኢትዮጵያ በወሎ ዞን ውስጥ በሚገኘው የሰሜን ኮረብታማ ገበሬዎች ማህበር አማካኝነት የጥራጥሬ ምርት ዘመናዊነት ተጠናክሯል። በነሐሴ ወር መጨረሻ ላይ የተጀመረው ይህ አዲስ የጥራጥሬ ልማት ስራ በሺዎች የሚቆጠሩ አርሶ አደሮችን ማዕከል ያደረገ ነው። የፕሮጀክቱ አስተባባሪ የሆኑት ወይዘሮ ሳራ አሰፋ በዘመናዊው የዘር መዝሪያ እና የውሃ አጠቃቀም ምክንያት ምርታማነት መጨመሩን ገልጻለች። በአካባቢው የሚገኙ አርሶ አደሮች በየቀኑ ስለ አዳዲስ የሰብል ጥበቃ ዘዴዎች በሰፊው ስልጠና እየወሰዱ ይገኛሉ። የግብርናው ባለሙያዎች በየሁለት ሳምንቱ የአፈርን ለውጥ እና የሰብልን እድገት በላብራቶሪ በመመርመር ውጤቱን ለገበሬዎች ያሳውቃሉ። በክልሉ ውስጥ የሚገኙ አምስት የግብርና መርጃ ድርጅቶች ለዚህ ፕሮጀክት አስፈላጊውን የቴክኒክ ድጋፍ እያደረጉ ነው። የገበሬው ማህበር አባል የሆኑት አቶ ዮናስ በዘመናዊው የሰብል አያያዝ ምክንያት የገብስ እና የጤፍ ምርታቸው ጥራት እንደጨመረ ተናግረዋል። የገበሬው ማህበር በየዓመቱ የሚካሄደውን የሰብል ምርት መድረሻ በታላቅ ድምቀት ለማክበር ዝግጅት እያደረገ ይገኛል። ይህ የልማት ስራ በአካባቢው የሚገኙ ወጣቶች በግብርናው ዘርፍ እንዲሰማሩ ከፍተኛ መነሳሳትን ፈጥሯል። በቀጣይ አመት ተጨማሪ ሁለት አዳዲስ የዘር ማከማቻዎችን ለመገንባት በጀት ተመድቦለታል። የፕሮጀክቱ ስኬት በአካባቢው የሰብል ዋስትናን ለማረጋገጥ ትልቅ አስተዋጽኦ ይኖረዋል።"
summarisation|60#0,summarisation,,agriculture,"እባክዎን ይህን ጽሑፍ በአጭሩ ያጠቃልሉ።

Context:
በአዲሱ የደብረ ዘይት ከተማ የቡና ልማት ማህበር ሰኔ 15 ቀን 2016 ዓ.ም በሰሜን አቅጣጫ በሚገኘው በወንጌል እርሻ ላይ አዲስ የቡና ማቀነባበሪያ ፋብሪካ መክፈቱን አስታውቋል። ይህ ፋብሪካ በየዓመቱ 500 ቶን ጥራት ያለው የቡና ፍሬ በማምረት ለሀገር ውስጥ ገበያና ለውጭ ንግድ አገልግሎት እንዲሰጥ ታቅዶ የተገነባ ነው። የፋብሪካው ስራ አስኪያጅ አቶ በቀለ ተሰማ እንደገለጹት ይህ ፕሮጀክት ለክልሉ ነዋሪዎች 200 ለሚሆኑ ወጣቶች ዘላቂ የስራ እድል ይፈጥራል። ፋብሪካው ዘመናዊ የቡና ማድረቂያ ማሽኖችን በመጠቀም የቡናውን ጥራት ከፍ ለማድረግ ከፍተኛ ጥረት እያደረገ ይገኛል። የልማት ስራው በአጠቃላይ 12 ሚሊዮን ብር ወጪ የተደረገበት ሲሆን በአካባቢው የሚገኙ አርሶ አደሮችን ገቢ ለማሳደግ ትልቅ ተስፋ ሰጥቷል።"
summarisation|60#1,summarisation,,agriculture,"የሚከተለውን ጽሑፍ አጠቃልል።

Context:
በአባይ ሸለቆ የቡና ምርታማነትን ለማሳደግ በሚሰሩ የጥናት ተመራማሪዎች ዘንድ በሰኔ 20 ቀን 2016 ዓ.ም አዲስ ግኝት ተመዝግቧል። የሸለቆ የግብርና ማሻሻያ ማዕከል ባደረገው ጥናት መሰረት አዲስ የተገኘው የቡና ዝርያ በድርቅ ወቅት እንኳን ከፍተኛ ምርት እንደሚሰጥ ተረጋግጧል። ይህ ዝርያ በየአንድ የቡና መስክ በአማካይ 85 ኪሎ ግራም ምርት እንዲሰጥ ተደርጎ የተገመተ ሲሆን ለአርሶ አደሩ ትልቅ ጥቅም ይኖረዋል። የጥናቱ መሪ የሆኑት ወይዘሪት ሳራ አበበ ዝርያው በክልሉ በሚገኙ 50 ዋና ዋና እርሻዎች ላይ በሙከራ ደረጃ እንዲታከል መወሰኑን ገልጸዋል። ይህ አዲስ የቡና ዝርያ በኢትዮጵያ የቡና ምርት ላይ ከፍተኛ ለውጥ እንደሚያመጣ ተገምቷል።"
summarisation|61#0,summarisation,,agriculture,"ለዚህ ጽሑፍ አጭር ማጠቃለያ ጻፍ።

Context:
በኢትዮጵያ ከፍተኛ የዝናብ መጠን በሚኖርባቸው አካባቢዎች የአፈር መሸራሸት ለግብርና ምርታማነት ትልቅ ስጋት በመሆኑ የአፈር ጥበቃ ዘዴዎችን መጠቀም አስፈላጊ ነው። ተራራማ ቦታዎች ላይ እርከን በመስራት የአፈር መሸራሸትን መቀነስና የውሃ ፍሰትን መቆጣጠር ለገበሬዎች የተሻለ መፍትሄ ይሰጣል። የዛፍ ተከላ ማካሄድ የአፈርን ንጣፍ በመያዝ በዝናብ ወቅት የሚከሰተውን መሸራሸት በከፍተኛ ሁኔታ ለመቀነስ ይረዳል። በየአካባቢው የሚገኙ የውሃ መከማቻ ጉድጓዶችን በመቆፈር የከርሰ ምድር ውሃ እንዲያድግና የአፈር እርጥበት እንዲጠበቅ ማድረግ ይቻላል። የአፈርን ለምነት ለመጠበቅ ሲባል በተለያዩ ተፈጥሯዊ ማዳበሪያዎችና የሰብል ማፈራፈሪያ ዘዴዎችን መጠቀም ለረጅም ጊዜ መፍትሄ ይሆናል። የአፈር መሸራሸት ሲባባስ የመሬት ለምነት ስለሚቀንስ የሰብል ምርት በከፍተኛ ሁኔታ እንዲቀንስና የረሃብ አደጋ እንዲከሰት ያደርጋል። ስለዚህ ማህበረሰቡ ስለ አፈር ጥበቃ ግንዛቤ እንዲኖረውና ዘመናዊ ዘዴዎችን እንዲተገብር የማስተማር ስራዎች መከናወን አለባቸው። የአፈር ጥበቃ ስራዎች በአንድ ወቅት ተጀምረው በቋሚነት መቀጠል ለቀጣይ ትውልድ የምግብ ዋስትናን ማረጋገጥ ይችላሉ።"
summarisation|61#1,summarisation,,agriculture,"የሚከተለውን ጽሑፍ ዋና ዋና ነጥቦች ብቻ በመያዝ አጭር አድርገህ ግለጽ።

Context:
በደርብማ መሬቶች ላይ የሚከሰት የአፈር መሸራሸት ለምግብ ዋስትና ስጋት በመሆኑ የአፈር ጥበቃ ስልቶችን ተግባራዊ ማድረግ እጅግ አስፈላጊ ነው። በአካባቢው የሚገኙ ገበሬዎች የአፈርን ንጣፍ ለመጠበቅ ሲሉ የድንጋይ ግንብና የእርከን ግንባታ ስራዎችን በስፋት ማከናወን ይኖርባቸዋል። የሳር እና የዕፅዋት ሽፋኖች በመሬት ላይ እንዲኖሩ ማድረግ የአፈርን ንጣፍ ከዝናብ መታከክና መሸራሸት ለመከላከል ይረዳል። በሰብል ምርት ወቅት የሚረፈሩ ተረፈ ምርቶችን በመሬት ላይ በመበተን የአፈርን እርጥበትና ለምነት ለመጠበቅ መሞከር ይቻላል። የአፈር መሸራሸት በከፍተኛ ሁኔታ ሲከሰት የመሬት አቅም ስለሚቀንስ ለሰብል ምርት አመቺ ያልሆነ ሁኔታ እንዲፈጠር ያደርጋል። የደን ሽፋንን በማስፋፋትና ዛፎችን በመትከል የአፈርን መረጋጋት ማረጋገጥ ለተፈጥሮ ሚዛን መጠበቅ ትልቅ አስተዋፅኦ አለው። የአፈር ጥበቃ ዘዴዎችን በዘላቂነት መተግበር የአፈርን ለምነት በማቆየት ለተሻለ ምርታማነትና ለገቢ እድገት መሰረት ይሆናል። ማህበረሰቡ የአፈር ጥበቃን እንደ አስፈላጊ የህልውና ጉዳይ እንዲመለከተውና ተግባራዊ እንዲያደርገው ማበረታታት ያስፈልጋል።"
summarisation|61#2,summarisation,,agriculture,"የጽሑፉን ዋና ሐሳብ በአጭሩ ግለጽ።

Context:
በኢትዮጵያ የደጋማ አካባቢዎች የአፈር መሸራሸትን ለመከላከል የሚከናወኑ ስራዎች ለግብርና እድገት ወሳኝ ሚና ይጫወታሉ። የአፈርን ንጣፍ ለመጠበቅ ሲባል በየመሬቱ ላይ ተገቢውን የጥበቃ ስልቶች መጠቀም የአፈርን ለምነት ለማቆየት ይረዳል። እርከን መስራትና የውሃ ፍሰትን የሚቆጣጠሩ ግንባታዎችን ማከናወን የአፈር መሸራሸትን በከፍተኛ ሁኔታ ለመቀነስ ያስችላል። የዛፎችንና የቁጥቋጦዎችን ሚና በመጠቀም የአፈርን መረጋጋት ማረጋገጥና የአየር ንብረት ለውጥን ለመቋቋም መሞከር ይቻላል። የአፈር መሸራሸት በአካባቢው ያለውን የምግብ ምርታማነት ስለሚቀንስ ለኢኮኖሚ ውድቀትና ለድህነት መንስኤ ሊሆን ይችላል። የሰብል ማፈራፈሪያ ዘዴዎችን በመጠቀም የአፈርን ንጥረ ነገር ሚዛን መጠበቅና ምርታማነትን ማሳደግ ይቻላል። የአፈር ጥበቃ ስራዎች በገበሬዎች ዘንድ በስፋት እንዲተገበሩ ግንዛቤ መፍጠርና ቴክኒካዊ ድጋፍ መስጠት አስፈላጊ ነው። የአፈርን ጥራት በመጠበቅ ረገድ የአካባቢው ማህበረሰብ ተሳትፎ ለስራዎቹ ስኬታማነት ትልቅ ዋስትና ይሆናል።"
summarisation|62#0,summarisation,,agriculture,"ይህ ጽሑፍ ምን እንደሚናገር በአጭሩ አስረዳ።

Context:
የእንስሳት እርባታ ስኬታማ እንዲሆን መጀመሪያ ጥራት ያለውና የተመጣጠነ ምግብ ለእንስሳቱ በየቀኑ ማቅረብ በጣም አስፈላጊና መሰረታዊ ተግባር ነው። እንስሳቱ በቂ ፕሮቲንና ማዕድናት እንዲያገኙ ማድረግ ለጤናማ እድገታቸውና ለጥሩ ምርት መገኘት ትልቅ አስተዋጽኦ ያደርጋል። ከምግብ በተጨማሪ ንጹህና በቂ የሆነ የውሃ አቅርቦት ሁልጊዜ በቅርብ እንዲገኝ ማድረግ ለእንስሳቱ ህይወት ወሳኝ ነው። የእንስሳቱን መጠለያ ንጹህና ደረቅ ማድረግ በሽታ አምጪ ተህዋሲያን እንዳይራቡና እንስሳቱ እንዳይታመሙ ለመከላከል ይረዳል። መጠለያው ከብርድና ከከፍተኛ ሙቀት የሚከላከል መሆን አለበት ይህም እንስሳቱ በምቾት እንዲኖሩ ያደርጋል። የክትባት ፕሮግራሞችን በወቅቱ መተግበርና ክትትል ማድረግ እንስሳቱ በድንገተኛ በሽታ እንዳይጠፉ ዋስትና ይሰጣል። የጤና ባለሙያዎችን ምክር መከታተልና እንስሳቱ ላይ የሚታዩ ለውጦችን በየቀኑ መከታተል ችግሮችን ቀድሞ ለመለየት ይረዳል። የቤት ውስጥ እንስሳት አያያዝ ላይ ጥንቃቄ ማድረግ ለተሻለ ምርትና ለረጅም እድሜ መሰረት ነው። በየጊዜው የሚደረጉ የጤና ምርመራዎች እንስሳቱ በጤናማ ሁኔታ እንዲቆዩና ምርታማነታቸው እንዳይቀንስ ያደርጋሉ። አጠቃላይ የእንስሳት አያያዝ ስርዓት በስርአትና በሳይንሳዊ መንገድ መመራት ለተሻለ ውጤት የግድ ያስፈልጋል።"
summarisation|63#0,summarisation,,agriculture,"ከዚህ በታች ያለውን ጽሑፍ በ2-3 ዓረፍተ ነገሮች አጠቃልለው።

Context:
በኢትዮጵያ የግብርና ዘርፍ ውስጥ በዝናብ ላይ ብቻ መተማመን በድርቅ ወቅት ለምርት መቀነስ እና ለምግብ ዋስትና እጥረት ትልቅ ምክንያት ይሆናል። ዘመናዊ የመስኖ ዘዴዎችን መጠቀም አርሶ አደሮች በዓመቱ ውስጥ በተለያዩ ወቅቶች የተለያዩ ሰብሎችን እንዲያመርቱ ትልቅ ዕድል ይፈጥራል። በትንሽ የውሃ መጠን ከፍተኛ ምርት ለማግኘት ጠብታ የመስኖ ዘዴን መጠቀም የውሃ ብክነትን ለመቀነስ እና የአፈር እርጥበትን ለመጠበቅ ይረዳል። የውሃ መጋቢዎችን እና ቦዮችን በአግባቡ ማስተዳደር ለረጅም ጊዜ አገልግሎት እንዲሰጡ እና ለተከታታይ ምርት እንዲረዱ ማድረግ ያስፈልጋል። የውሃ አጠቃቀምን የሚያሻሽሉ ቴክኖሎጂዎችን ማስተዋወቅ የአርሶ አደሩን የገቢ መጠን ለመጨመር እና የሀገሪቱን የምግብ ፍላጎት ለማሟላት ወሳኝ ነው።"
summarisation|63#1,summarisation,,agriculture,"ለዚህ ጽሑፍ አጭር ማጠቃለያ ጻፍ።

Context:
በደጋማ እና በቆላማ የአገሪቱ ክፍሎች የሚገኙ አርሶ አደሮች የውሃ አጠቃቀምን በተመለከተ የተለያዩ ተግዳሮቶች እና አማራጮች ይገጥሟቸዋል። በቂ የውሃ ምንጭ በሌለባቸው አካባቢዎች ከከርሰ ምድር ውሃ በመቅዳት የሚከናወን የመስኖ ሥራ ለሰብል እድገት በጣም አስፈላጊ ነው። የውሃ መጋቢዎችን አጠቃቀምን በተመለከተ ጥንቃቄ ማድረግ የውሃ መፍሰስን ለመከላከል እና ለተከታታይ የሰብል ምርት መረጋገጥ ከፍተኛ ሚና ይጫወታል። በአካባቢው የሚገኙ የውሃ አካላትን ሳይበክሉ እና ሳይባክኑ ለግብርና አገልግሎት ማዋል የአካባቢ ጥበቃን ከምርት መጨመር ጋር ያገናኛል። የውሃ አጠቃቀም ስልቶችን ማሻሻል የአየር ንብረት ለውጥ የሚያመጣውን የድርቅ ተጽዕኖ ለመቋቋም ለሚደረገው ጥረት ትልቅ ድጋፍ ይሆናል።"
summarisation|63#2,summarisation,,agriculture,"ይህን ጽሑፍ በአጭሩ አጠቃልልልኝ።

የመስኖ ልማት ፕሮጀክቶች በኢትዮጵያ የግብርና ኢኮኖሚ ውስጥ ትልቅ ለውጥ ለማምጣት እና የገቢ ምንጭን ለማሳደግ ከፍተኛ ሚና ይጫወታሉ። በወንዞች እና በሐይቆች ላይ የሚገነቡ ትናንሽ የመስኖ ቦዮች ለአነስተኛ አርሶ አደሮች የውሃ አቅርቦትን ለማረጋገጥ በጣም ጠቃሚ ናቸው። የውሃን መጠን በትክክል መቆጣጠር እና ለሰብሉ የሚያስፈልገውን መጠን ብቻ መስጠት የውሃ ሀብትን በአግባቡ ለመጠቀም ይረዳል። የውሃ አጠቃቀምን የሚያሻሽሉ አዳዲስ መሣሪያዎችን ለገበሬዎች ማቅረብ የሥራ አፈጻጸምን ለማሳደግ እና የምርት ብክነትን ለመቀነስ ይረዳል። በመስኖ ስራ ላይ የሚታዩ ስህተቶችን በመቀነስ እና የተሻለ የውሃ አያያዝ ዘዴዎችን በመተግበር የግብርና ምርታማነትን ማሳደግ ይቻላል።"
summarisation|64#0,summarisation,,agriculture,"ይህን ጽሑፍ በአጭሩ አጠቃልልልኝ።

በኢትዮጵያ የግብርና ዘርፍ ውስጥ በሰብል በሽታዎች ምክንያት የሚደርሰው ከፍተኛ ጉዳት የአገሪቱን የምግብ ዋስትና በከፍተኛ ሁኔታ አደጋ ላይ እየጣለው ይገኛል። በተለይም በጤፍ እና በገብስ ሰብሎች ላይ የሚከሰቱ የተለያዩ የፈንገስ በሽታዎች የአዝመራ ምርታማነትን በከፍተኛ ሁኔታ እንዲቀንስ እያደረጉት ነው። እነዚህ በሽታዎች በአብዛኛው በከፍተኛ እርጥበት እና በዝናብ ወቅት በሚፈጠሩ የአየር ሁኔታ ለውጦች ምክንያት በቀላሉ ሊሰራጩ ይችላሉ። ገበሬዎች በሽታዎቹን ለመከላከል የሚያደርጉት ጥረት በቂ የሆነ የቴክኖሎጂ እና የዕውቀት እጥረት ምክንያት ውጤታማ እየሆነ አይደለም። በሽታ መከላከል ከማከም ይልቅ ቅድሚያ ሊሰጠው የሚገባ ጉዳይ በመሆኑ የዘር ምርጫ ላይ ትኩረት ማድረግ ያስፈልጋል። በሽታ የመከላከል አቅም ያላቸውን የሰብል ዝርያዎች መጠቀም የአዝመራውን ጥንካሬ ለመጨመር ትልቅ ሚና ይጫወታል። በተጨማሪም የአፈር አያያዝ እና የሰብል መዘዋወር ዘዴዎችን መተግበር በበሽታዎች ስርጭት ላይ ከፍተኛ ለውጥ ያመጣሉ። በመሆኑም የግብርና ባለሙያዎች ለገበሬዎች በየወቅቱ ትክክለኛ መረጃዎችን ማድረስ ይኖርባቸዋል።"
summarisation|64#1,summarisation,,agriculture,"የሚከተለውን ምንባብ በአጭሩ አጠቃልል፡

በአትክልት ስፍራዎች ላይ የሚከሰቱ የነፍሳት ጥቃቶች በኢትዮጵያ አነስተኛ አምራቾች ላይ ከፍተኛ የኢኮኖሚ ኪሳራ እያደረሱ መሆናቸውን መረዳት በጣም አስፈላጊ ነው። በተለይም በቲማቲም እና በቅጠላቅጠል ሰብሎች ላይ የሚከሰቱ የነፍሳት መብል የሰብልን ጥራት እና መጠን በእጅጉ ይጎዳሉ። እነዚህ ነፍሳት በአጭር ጊዜ ውስጥ በመላው የእርሻ ቦታው ላይ በመሰራጨት አዝመራውን ሙሉ በሙሉ ሊያጠፉ ይችላሉ። ነፍሳትን ለመቆጣጠር የሚረዱ የባዮሎጂካል ዘዴዎችን መጠቀም ለአካባቢ ጥበቃ እና ለጤናማ ምርት እጅግ በጣም ጠቃሚ ነው። በተፈጥሮ የሚገኙ ጠንካራ ነፍሳትን በመጠቀም ጎጂ ነፍሳትን መቆጣጠር የአፈርን እና የአየርን ንጽህና ይጠብቃል። ኬሚካሎችን ያለአግባብ መጠቀም ደግሞ ለሰው ልጅ ጤና እና ለተፈጥሮ ሚዛን ከፍተኛ ስጋት ሊፈጥር ይችላል። ገበሬዎች ስለ ነፍሳት የሕይወት ዑደት እና ስለ መከላከያ ዘዴዎች በቂ ግንዛቤ እንዲኖራቸው ማድረግ ያስፈልጋል። ውጤታማ የነፍሳት ቁጥጥር ስልቶችን መከተል የአምራቾችን ገቢ ለማሳደግ እና የምግብ አቅርቦትን ለማረጋገጥ ይረዳል።"
summarisation|64#2,summarisation,,agriculture,"ጽሑፉን አንብበሽ ማጠቃለያውን ጻፊ።

Context:
የሰብል በሽታዎችን ለመለየት እና ለመቆጣጠር የሚያስችሉ ዘመናዊ የክትትል ዘዴዎችን በኢትዮጵያ የግብርና ሥርዓት ውስጥ ማካተት እጅግ አስፈላጊ ነው። በአሁኑ ወቅት አብዛኛው ገበሬ በሽታው በሰብሉ ላይ መታየቱን የሚያውቀው ጉዳቱ በጣም ከባድ ደረጃ ላይ ሲደርስ ብቻ ነው። ይህ አሰራር በሽታው ሳይቆጣጠር በሰፊው እንዲሰራጭ እና ምርትን እንዲያጠፋ ትልቅ ዕድል ይሰጣል። ቀደም ብሎ በሽታን የመለየት ችሎታ እንዲኖር የላቁ የላብራቶሪ ምርመራዎችን እና የመስክ ክትትሎችን ማጠናከር ይገባል። በየአካባቢው የሚገኙ የግብርና ኤክስቴንሽን ባለሙያዎች በየጊዜው የእርሻ ቦታዎችን በመጎብኘት ችግሮችን መለየት አለባቸው። በሽታው ከመሰራጨቱ በፊት ተገቢውን መከላከያ እርምጃ መውሰድ የአዝመራውን ጥንካሬ እና ምርታማነት በእጅጉ ይጨምራል። የአየር ሁኔታ መረጃዎችን እና የበሽታ ስርጭት ትንበያዎችን መጠቀም ለገበሬዎች ቅድመ ዝግጅት ለማድረግ ይረዳል። በአጠቃላይ የተቀናጀ የሰብል በሽታ መከላከያ ስልት መከተል የአገሪቱን የግብርና ምርታማነት ለማሳደግ ቁልፍ መፍትሄ ነው።"
summarisation|65#0,summarisation,,news,"ለዚህ ጽሑፍ አጭር ማጠቃለያ ጻፍ።

Context:
በሰኔ ፲፪ ቀን በታላቁ የዘርባ ጥምረት መድረክ ላይ የተካሄደው ዓመታዊ የጥበብ በዓል በሰሜን አውራጃ ውስጥ በታላቅ ድምቀት ተጠናቀቀ። በበዓሉ ላይ የባህል ጥበብ ተሟጋቾች በድምሩ አምስት መቶ የሚሆኑ አዳዲስ የሙዚቃ መሣሪያዎችን ለወጣቱ ማኅበር በነፃ አበረከቱ። የዘርባ ማኅበር መሪ አቶ በቀለ ተስፋዬ በንግግራቸው ወቅት በዓሉ የሰላም እና የአንድነት መገለጫ መሆኑን ለታዳሚው በዝርዝር አስረድተዋል። በበዓሉ መድረክ ላይ የነበሩት የባህል ተዋንያን በድምሩ ሰባት ሰዓታት የሚቆይ አስደናቂ የባህል ጭፈራ በማሳየት ተሳታፊዎችን በእጅጉ አስደስተዋል። በዝግጅቱ ወቅት በታወቀው የጥበብ ተቋም ውስጥ የሚሰሩ አርቲስቶች አዳዲስ የሥዕል ስራዎቻቸውን ለሕዝብ እንዲመለከቱ ዕድል ፈጥረዋል። በበዓሉ ላይ የተሰበሰቡት የከተማው ነዋሪዎች በድምሩ ሁለት ሺህ መቶ ሰዎች ሲሆኑ ሁሉም በደስታ ተሳትፈዋል። በዝግጅቱ ማጠቃለያ ላይ ለላቀ አስተዋጽኦ ላበረከቱ አምስት ወጣቶች የክብር ሽልማት እና የገንዘብ ስጦታ ተበርክቶላቸዋል። የዓመታዊው በዓል ዓላማ የወጣቶችን የጥበብ ክህሎት ማሳደግ እና የባህል እሴቶችን ማስተላለፍ መሆኑን አዘጋጆቹ ገልጸዋል። በበዓሉ ወቅት የተሸጡ የባህል ውጤቶች ሽያጭ በድምሩ አሥር ሺህ ብር በመድረስ ለበዓሉ ዝግጅት እንዲውል ተደርጓል። በቀጣይ ዓመት በበዓሉ ላይ ይበልጥ ዘመናዊ የሆኑ የቴክኖሎጂ መሣሪያዎችን ለማካተት ዕቅድ መኖሩን ማኅበሩ አረጋግጧል። በዝግጅቱ ላይ የነበሩት እንግዶች በከተማዋ የባህል እድገት ላይ ከፍተኛ ተጽዕኖ እንደሚፈጥሩ በንግግራቸው ገልጸዋል። በአጠቃላይ በዓሉ በሰሜን አውራጃ ማኅበረሰብ ውስጥ ከፍተኛ የደስታ እና የአንድነት ስሜት በመፍጠር ተጠናቋል።"
summarisation|65#2,summarisation,,news,"ጽሑፉን አንብበህ ዋናውን ሐሳብ በሁለት ወይም ሦስት ዓረፍተ ነገሮች ግለጽ።

ጽሑፍ፡ በአዲስ አበባ አቅራቢያ በሚገኘው የጽጌረዳ ከተማ ውስጥ የልጆች ትምህርት ቤት በሰኔ ፲፰ ቀን ልዩ የንባብ ሳምንት በታላቅ ድምቀት አከናውኗል። በትምህርት ቤቱ ውስጥ በሚገኙ አራት ክፍሎች ውስጥ የተካሄደው ይህ መርሃ ግብር በድምሩ ስምንት መቶ ተማሪዎችን አካትቷል። የትምህርት ቤቱ ርዕሰ መምህር አቶ ታደሰ በቀለ ተማሪዎች የንባብ ፍላጎት እንዲጨምር ለማድረግ የተለያዩ ስልጠናዎችን እንደሚሰጡ ገልጸዋል። በንባብ ሳምንቱ ወቅት በድምሩ መቶ አምሳ አዳዲስ መጽሐፍትን ለትምህርት ቤቱ ቤተ መጻሕፍት በስጦታ ተበርክተዋል። ተማሪዎቹ በንባብ ውድድር ላይ በመሳተፍ በድምሩ አሥር ተሸላሚ ተማሪዎች የትምህርት መሣሪያዎችን አግኝተዋል። በውድድሩ ላይ የተሳተፉት ተማሪዎች በንባብ ብቃታቸው እና በጽሑፍ ችሎታቸው ከፍተኛ ውጤት አስመዝግበዋል። የትምህርት ቤቱ ወላጆች ማኅበር በዝግጅቱ ላይ በድምሩ ሃምሳ ሺህ ብር የገንዘብ ድጋፍ በማድረግ ለፕሮጀክቱ ስኬት አስተዋጽኦ አድርጓል። በሳምንቱ መጨረሻ ላይ የተዘጋጀው የሥዕል እና የንባብ ትርኢት በከተማዋ ነዋሪዎች ዘንድ ከፍተኛ አድናቆትን አትርፏል። ተማሪዎቹ በንባብ አማካኝነት ያላቸውን እውቀት እንዴት ማሳደግ እንደሚችሉ በተለያዩ የውይይት መድረኮች ላይ ተሳትፈዋል። በትምህርት ቤቱ ውስጥ የሚገኙ መምህራን ለተማሪዎቹ የንባብ ልምድን ለማዳበር በየቀኑ ልዩ ጊዜ እንደሚመድቡ ገልጸዋል። በዓመቱ መጨረሻ ላይ ለበለጠ ውጤታማነት የዲጂታል ቤተ መጻሕፍት አገልግሎት ለመጀመር ዕቅድ መኖሩ ተገልጿል። ይህ የንባብ ሳምንት በትምህርት ቤቱ ውስጥ አዲስ የትምህርት ባህል ለመፍጠር ትልቅ መሠረት ጥሏል።"
summarisation|66#0,summarisation,,news,"ጽሑፉን አንብበሽ ማጠቃለያውን ጻፊ።

Context:
በሰኔ ፲፪ ቀን በዝነኛው የዘንጋላ ከተማ የንግድ ማዕከል ውስጥ የብሉ ኮርፖሬሽን የዓመታዊ የገቢ ሪፖርት በይፋ ተለቀቀ። ድርጅቱ ካለፈው ዓመት ጋር ሲነጻጸር በ፲፭ በመቶ እድገት ማሳየቱንና አጠቃላይ ትርፉ ፭ ቢሊዮን ብር መድረሱን አስታውቋል። የድርጅቱ ዋና ስራ አስፈፃሚ አቶ ታደሰ በቀለ በሰጠው መግለጫ የኩባንያው አዳዲስ የቴክኖሎጂ ኢንቨስትመንቶች ለወደፊቱ ትልቅ ተስፋ እንደሚሰጡ ገልጸዋል። በዓለም አቀፍ ደረጃ የሚገኙ አዳዲስ የገበያ ዕድሎችን ለመጠቀም ድርጅቱ በቅርቡ አዳዲስ ቅርንጫፎችን ለመክፈት መዘጋጀቱን አክለውበታል። ይህ ከፍተኛ የገቢ ጭማሪ በሀገሪቱ የኢኮኖሚ እንቅስቃሴ ላይ አዎንታዊ ተጽዕኖ እንደሚፈጥር የኢኮኖሚ ባለሙያዎች በሰፊው እየተወያዩበት ይገኛል።"
summarisation|68#0,summarisation,,news,"እባክዎን ይህን ጽሑፍ በአጭሩ ያጠቃልሉ።

Context:
በሰሜን አውራጃ በሚገኘው የዝቅተኛ ቦታ በረሃ ውስጥ በቅርቡ በደረሰ ከፍተኛ የሙቀት መጨመር ምክንያት የዕፅዋት ዝርያዎች መጥፋት ተጀምሯል። የሰሜን ተፈጥሮ ጥበቃ ማህበር ባወጣው ሪፖርት መሠረት ባለፈው ሰኔ ወር ውስጥ የሙቀት መጠን ከወትሮው በሃያ ዲግሪ ሴልሺየስ በላይ ጨምሯል። በዚህ አስከፊ ሁኔታ ምክንያት በዚያ አካባቢ የሚገኙ የጥቁር አበባ ተክል ዝርያዎች በቁጥር በሰማንያ በመቶ መቀነሳቸው ተገልጿል። የአካባቢው ነዋሪ የሆኑት አቶ በቀለ ተሰማ በሰኔ አሥራ አምስት ቀን ባጋጠማቸው ችግር ምክንያት የግብርና ምርታቸው ሙሉ በሙሉ መጥፋቱን ተናግረዋል። የድርጅቱ ዋና መኮንን ወይዘሪት ሰላም አበበ በክልሉ ውስጥ አዳዲስ የጥላ ሰጪ ዛፎችን ለመትከል አዲስ ዕቅድ ማውጣታቸውን ገልጸዋል። ይህ ዕቅድ በታላቁ የዝቅታ ተፋሰስ ውስጥ በሁለት ሚሊዮን ተክሎች አማካኝነት የተፈጥሮ ሚዛኑን ለመመለስ ያለመ መሆኑ ተብሏል። በክልሉ የሚገኙ የግብርና ባለሙያዎች የሙቀት መጠንን ለመቀነስ የውሃ መቆጠቢያ ዘዴዎችን መጠቀም እንዳለባቸው ለነዋሪዎች ምክር እየሰጡ ነው። የዓለም የአየር ንብረት ተከታታዮች በዚህ ክስተት ላይ ከፍተኛ ስጋት መግለጻቸውና በአፋጣኝ እርምጃ እንዲወሰድ መፈለጋቸውን አመልክተዋል። በሰሜን አውራጃ የሚገኙ የውሃ ጉድጓዶችም በከፍተኛ ሁኔታ መድረቃቸው የአካባቢውን ስነ-ሕይወት አደጋ ላይ ጥሎታል። በመጪው ዓመት ውስጥ በክልሉ የሚታየውን የአየር ንብረት ለውጥ ለመቋቋም የሚያስችሉ አዳዲስ የቴክኖሎጂ ውጤቶችን ለመጠቀም ዝግጅት እየተደረገ ነው። ሁሉም የኅብረተሰብ ክፍሎች በአካባቢ ጥበቃ ሥራ ላይ በንቃት እንዲሳተፉ የክልሉ አስተዳደር ጥሪ አቅርቧል።"
summarisation|68#1,summarisation,,news,"ይህን ጽሑፍ በአጭሩ አጠቃልልልኝ።

በምስራቅ ተራራማ ክልል በሚገኘው የሰማያዊ ተራራ አካባቢ በደረሰ ከፍተኛ የዝናብ መጥለቅለቅ ምክንያት አዳዲስ የጎርፍ አደጋዎች እየታዩ ነው። የክልሉ የአካባቢ ጥበቃ ኤጀንሲ ባወጣው መረጃ መሠረት ባለፈው ጥር ወር ውስጥ የደረሰው ዝናብ ከመደበኛው በሦስት እጥፍ ይበልጣል። በዚህም ምክንያት በወንዝ ዳርቻ በሚገኙ መንደሮች ውስጥ ለሚኖሩ ሰባት መቶ ቤተሰቦች መጠለያ ማጣት ተፈጥሯል። የጎርፉ መጥለቅለቅ በሰማያዊ ተራራ የውሃ ማጠራቀሚያ ላይ ከፍተኛ ጉዳት ማድረሱና የውሃ ፍሰቱን ማዛባቱ ተገልጿል። የጎርፉ መጥለቅለቅ በሰኔ አሥራ ሁለት ቀን በደረሰ ድንገተኛ ክስተት ምክንያት በሰባት ትላልቅ የሰብል እርሻዎች ላይ ከፍተኛ ጉዳት አድርሷል። የክልሉ የግብርና ሚኒስትር ወይዘሮ አልማዝ ተሰማ በደረሰው አደጋ ምክንያት የደረሰውን ጉዳት ለመገምገም ቡድን ማሰባሰባቸውን ገልጸዋል። በአካባቢው የሚገኙ የደን ጥበቃ ሰራተኞች የጎርፉ ፍሰት በደን ውስጥ ያለውን የዱር እንስሳት መኖሪያ እንዳያጠፋ ጥረት እያደረጉ ነው። የጎርፉ መጥለቅለቅ በሰባት ትላልቅ የደን ዝርያዎች ላይ ከፍተኛ ጉዳት ማድረሱም የአካባቢውን ስነ-ሕይወት አደጋ ላይ ጥሎታል። የጎርፉ መጥለቅለቅ መከሰት ምክንያት በወንዙ ዳርቻ የሚገኙ የደን አካባቢዎች እየተሸረሸሩ መሄዳቸው ለወደፊቱ አሳሳቢ መሆኑ ተገልጿል። መንግሥት ለተጎዱት ነዋሪዎች አስቸኳይ የምግብና የመጠለያ እርዳታ ለማቅረብ በክልሉ ውስጥ የረዳት ቡድኖችን አሰማርቷል። በክልሉ የሚገኙ የከተማ ነዋሪዎችም የጎርፍ አደጋ እንዳይከሰት የቆሻሻ ማስወገጃ ሥርዓቱን በአግባቡ እንዲጠቀሙ ጥሪ ተደርጓል።"
summarisation|69#1,summarisation,,news,"ጽሑፉን አንብበህ ዋናውን ሐሳብ በሁለት ወይም ሦስት ዓረፍተ ነገሮች ግለጽ።

ጽሑፍ፡ በአባይ ወንዝ አቅራቢያ በሚገኘው የንጋት መንደር ውስጥ አዲስ የድልድይ ግንባታ ሥራ በሰኔ ፭ ቀን ተጀምሯል። የንጋት የልማት ማኅበር መሪ ወይዘሮ አልማዝ አሰፋ ግንባታው ለክልሉ የንግድ እንቅስቃሴ ትልቅ ፋይዳ እንዳለው ገልጸዋል። ይህ ድልድይ በወንዙ ላይ ተሻጋሪ ሆኖ እንዲሠራ በ፪ ሚሊዮን ዶላር በጀት ተመድጎለት ግንባታው ተጀምሯል። ግንባታው እስከ ታኅሣሥ ወር ድረስ ተጠናቆ ለሕዝብ ክፍት እንደሚሆን የፕሮጀክቱ መሐንዲስ አቶ ታደሰ ተናግረዋል። ድልድዩ በየቀኑ ፭ ሺህ የንግድ ተሽከርካሪዎችን ለማሻገት የሚያስችል ጠንካራ መሠረት እንዲኖረው ተደርጎ ተቀርጿል። የሰፈር ነዋሪዎች በድልድዩ ምክንያት የገበያ ትስስራቸው እንደሚሻሻልና የኑሮ ሁኔታቸው እንደሚቀልላቸው በታላቅ ደስታ ገልጸዋል።"
summarisation|69#2,summarisation,,news,"ጽሑፉን አንብበህ ዋናውን ሐሳብ በሁለት ወይም ሦስት ዓረፍተ ነገሮች ግለጽ።

ጽሑፍ፡ በአዲሱ የሰላም ከተማ የትራንስፖርት መመሪያ መሠረት ከነገ ጀምሮ አዳዲስ የብስክሌት መንገዶች በከተማዋ ውስጥ ይገነባሉ። የከተማዋ የከተማ ፕላን ኮሚሽን አቶ ዮናስ በቀለ በሰጡት መግለጫ መንገዶቹ ለከተማዋ የአየር ንብረት ጥበቃ ትልቅ ሚና እንደሚጫወቱ ተናግረዋል። ይህ አዲስ መርሃ ግብር በ፳፬ አዳዲስ የብስክሌት መስመሮችን የሚያካትት ሲሆን በጠቅላላው ፳ ሚሊዮን ብር ወጪ ይከናወናል። የብስክሌት ተጠቃሚዎች በሰላም እንዲጓዙ ለማድረግ በየመንገዱ ዳርቻ ላይ ልዩ ምልክቶችና መከላከያዎችን ለመሥራት ታቅዷል። ፕሮጀክቱ በ፪ ሺህ ሰባ ዓመት መጨረሻ ላይ ሙሉ በሙሉ ተጠናቆ ለከተማዋ ነዋሪዎች አገልግሎት እንዲሰጥ ተደርጓል። የከተማዋ ማኅበረሰብም ይህንን ለአካባቢ ጥበቃ የሚረዳ የትራንስፖርት ለውጥ በሙሉ ድጋፍ እንደሚሰጡ ገልጸዋል።"
summarisation|70#1,summarisation,,news,"የሚከተለውን ጽሑፍ አጠቃልል።

Context:
በሰሜን አውራጃ ውስጥ በሚገኘው አዲስ የውሃ ስፖርት ማዕከል ውስጥ ትላንት ጥር 15 ቀን ዓለም አቀፍ የዋና መርከብ ውድድር ተካሂዷል። በውድድሩ ላይ የተሳተፉት 40 ብቁ ተጫዋቾች በየደረጃው ከፍተኛ ብቃት በማሳየት ለድል ተፎካክረዋል። የኢትዮ-ስፓርት ክለብ ተወካይ የሆነችው ወይዘሪት ሳራ አበበ በ100 ሜትር የዋና ውድድር በ30 ሰከንድ ውስጥ በማጠናቀቅ የወርቅ ሜዳሊያ አግኝታለች። የውድድሩ ዋና ስፖርታዊ ዳይሬክተር አቶ ገብሬ ማሞ በንግግራቸው ተጫዋቾች ያሳዩትን ትጋትና ጥንካሬ በከፍተኛ ሁኔታ አድንቀዋል። በውድድሩ ወቅት የተከሰተው መጠነኛ የቴክኒክ ብልሽት በቴክኒክ ባለሙያዎች አማካኝነት በ20 ደቂቃ ውስጥ ተስተካክሎ ውድድሩ እንዲቀጥል ተደርጓል። የውድድሩ አጠቃላይ ወጪ 5 ሚሊዮን ብር መሆኑንና በበርካታ ድርጅቶች ድጋፍ መከናወኑን የውድድሩ ኮሚቴ አስታውቋል። በሁለተኛ ደረጃ የወርቅ ሜዳሊያ ያገኘችው አቶት መላክ ተሰማ በነገው የሽልማት ሥነ ሥርዓት ላይ በክብር እንድትገኝ ተወስኗል። ይህ ስፖርታዊ ክስተት በአካባቢው ለሚገኙ ወጣቶች አዲስ ተስፋና መነሳሳትን የፈጠረ ትልቅ ክስተት ነው።"
summarisation|70#2,summarisation,,news,"የሚከተለውን ጽሑፍ ዋና ዋና ነጥቦች ብቻ በመያዝ አጭር አድርገህ ግለጽ።

Context:
በደቡብ አቀባዊ ክልል ውስጥ በሚገኘው የግርግር ሜዳ ላይ ትላንት ማክሰኞ ዕለት የክልሉ የብስክሌት ውድድር በታላቅ ስኬት ተጠናቅቋል። በውድድሩ ላይ የተሳተፉት 120 የብስክሌት አሽከርካሪዎች በጠቃላይ 50 ኪሎ ሜትር ርቀት ላይ ተፎካክረዋል። የሰሜን ኮከብ ክለብ አባል የሆነው አቶ ኃይሌ ማሞ በታላቅ ፍጥነት በመጓዝ በ35 ደቂቃ ውስጥ ውድድሩን አጠናቅቆ አሸናፊ ሆኗል። የውድድሩ አዘጋጅ የሆነው የክልሉ የስፖርት ቢሮ ተወካይ አቶ አበበ በቀለ ውድድሩ በሰላም መጠናቀቁን በጋዜጣዊ መግለጫ አረጋግጧል። በውድድሩ ወቅት ለተሳታፊዎች የተዘጋጀው የጤና አገልግሎት በባለሙያዎች አማካኝነት ለሁሉም ተጫዋቾች በበቂ ሁኔታ ተሰጥቷል። አሸናፊው ተጫዋች አቶ ኃይሌ ማሞ በሽልማትነት የ50 ሺህ ብር የገንዘብ ሽልማትና አዲስ ብስክሌት እንዲያገኝ ተወስኗል። በውድድሩ ወቅት የተከሰቱት ጥቂት የቴክኒክ ችግሮች በቶሎ በመፈታታቸው ውድድሩ ሳይስተጓጎል እንዲጠናቀቅ ረድቷል። በቀጣይ ዓመት ውድድሩ በሰፋ ያለ ተሳታፊና በበለጠ ዝግጅት እንደሚካሄድ በዝግጅት ኮሚቴው ተገልጿል።"
summarisation|71#0,summarisation,,technology,"የሚከተለውን ጽሑፍ ዋና ዋና ነጥቦች ብቻ በመያዝ አጭር አድርገህ ግለጽ።

Context:
በአሁኑ ጊዜ በዓለም ዙሪያ ያሉ ሰዎች የሞባይል ስልኮችን ለተለያዩ የዕለት ተዕለት ተግባራት በስፋት መጠቀም ጀምረዋል። እነዚህ ዘመናዊ ስልኮች ከቀላል ስልክነት ባለፈ እንደ ኮምፒውተር የሚያገለግሉ ከፍተኛ አቅም ያላቸው መሣሪያዎች ሆነዋል። በስልኮች አማካኝነት የኢንተርኔት አገልግሎትን በመጠቀም መረጃዎችን በፍጥነት ማግኘት እና ማጋራት በጣም ቀላል ሆኗል። የሞባይል ስልኮች የቴክኖሎጂ እድገት የሰዎችን የኑሮ ዘይቤ ሙሉ በሙሉ የቀየረ ትልቅ ለውጥ አምጥቷል። በተለይም የሞባይል ገንዘብ አገልግሎቶች በገንዘብ ዝውውር ሂደት ላይ ትልቅ ለውጥ አምጥተዋል። ሰዎች ባሉበት ቦታ ሆነው በስልካቸው አማካኝነት ክፍያዎችን መፈጸም እና ገንዘብ መላክ ይችላሉ። ይህ የዲጂታል የገንዘብ ሥርዓት ባንኮች በሌሉባቸው አካባቢዎች ለሚኖሩ ሰዎች ትልቅ ዕድል ፈጥሯል። በሞባይል ገንዘብ አማካኝነት የሚደረጉ ግብይቶች በጣም ፈጣን እና ደህንነታቸው የተጠበቀ እንዲሆኑ ተደርገዋል። የዲጂታል ክፍያ ሥርዓቶች የንግድ እንቅስቃሴዎችን በማቀላጠፍ ለኢኮኖሚ ዕድገት ከፍተኛ አስተዋጽኦ ያደርጋሉ። ብዙ ሰዎች አሁን ላይ በጥሬ ገንዘብ ከመያዝ ይልቅ በስልካቸው የዲጂታል ገንዘብ መጠቀምን ይመርጣሉ። ይህ አዝማሚያ በዓለም አቀፍ ደረጃ እየተስፋፋ የመጣ እና የማይቀየር የቴክኖሎጂ ሂደት ነው። የሞባይል ቴክኖሎጂ እና የዲጂታል ፋይናንስ ውህደት የወደፊቱን ዓለም ይበልጥ ቀላል ያደርገዋል።"
summarisation|71#1,summarisation,,technology,"የሚከተለውን ጽሑፍ ዋና ዋና ነጥቦች ብቻ በመያዝ አጭር አድርገህ ግለጽ።

Context:
የሞባይል ስልኮች የቴክኖሎጂ ውጤት በሰው ልጅ የኮሙኒኬሽን ታሪክ ውስጥ ትልቅ ምዕራፍ መክፈታቸውን ማንም አይክድም። እነዚህ መሣሪያዎች በዓለም ዙሪያ ያሉ ሰዎችን ግንኙነት በማሳለጥ የርቀትን ችግር ሙሉ በሙሉ አስወግደዋል። በዘመናዊ ስልኮች አማካኝነት የቪዲዮ ጥሪዎችን ማድረግ እና በቀጥታ መገናኘት በጣም ቀላል ሆኗል። ከዚህ በተጨማሪ የሞባይል ስልኮች ለትምህርት እና ለሥራ ማከናወኛነት የሚያገለግሉ በርካታ መተግበሪያዎችን ይይዛሉ። የሞባይል ገንዘብ አገልግሎቶች ደግሞ የፋይናንስ ተደራሽነትን ለማስፋት ጉልህ ሚና እየተጫወቱ ይገኛሉ። ሰዎች ያለ ምንም ባንክ አካውንት በስልካቸው ብቻ የገንዘብ ልውውጥ ማድረግ መቻላቸው ትልቅ ስኬት ነው። ይህ የዲጂታል ክፍያ ዘዴ በገበያ ውስጥ ያለውን የንግድ ፍጥነት እና ቅልጥፍና በእጅጉ ጨምሯል። በሞባይል መተግበሪያዎች አማካኝነት የቤት ውስጥ አገልግሎቶችን እና የትራንስፖርት ፍላጎቶችን ማሟላት ይቻላል። የዲጂታል ገንዘብ አጠቃቀም በሰዎች የቁጠባ ባህል ላይም አዎንታዊ ተጽዕኖ እያሳደረ ይገኛል። የቴክኖሎጂው እድገት በየጊዜው እየተሻሻለ በመምጣቱ አዳዲስ የክፍያ አማራጮች እየታዩ ነው። የሞባይል ስልኮች እና የዲጂታል ፋይናንስ ውህደት የዓለምን የኢኮኖሚ እንቅስቃሴ እየቀየረ ነው። በቴክኖሎጂው አማካኝነት የፋይናንስ አገልግሎቶችን ማግኘት ለሁሉም ሰው እኩል ዕድል ይሰጣል።"
summarisation|71#2,summarisation,,technology,"ይህን ጽሑፍ በአጭሩ አጠቃልልልኝ።

በዲጂታል ዘመን የሞባይል ስልኮች እና የሞባይል ገንዘብ አገልግሎቶች የዕለት ተዕለት ሕይወት ዋነኛ አካል ሆነዋል። ስልኮች መረጃን ለማግኘት እና ከሰዎች ጋር ለመገናኘት የሚያገለግሉ ብቸኛ መሣሪያዎች አይደሉም። እነዚህ መሣሪያዎች የፋይናንስ አገልግሎቶችን ወደ እጅ ለመቅረብ ትልቅ በር ከፍተዋል። የሞባይል ገንዘብ ሥርዓት በሰዎች የገንዘብ አያያዝ እና የክፍያ መንገድ ላይ ትልቅ ለውጥ አምጥቷል። ሰዎች በገበያ ውስጥ ያሉ ዕቃዎችን ለመግዛት በስልካቸው ብቻ ክፍያ መፈጸም ይችላሉ። ይህ ሥርዓት የጥሬ ገንዘብ አያያዝ እና ደህንነት ስጋቶችን በከፊል ለመቀነስ ይረዳል። የዲጂታል ክፍያዎች በንግድ ተቋማት እና በደንበኞች መካከል ያለውን ግንኙነት ያቀላጥፋሉ። የሞባይል ቴክኖሎጂ እድገት የፋይናንስ ተቋማት አሠራራቸውን እንዲያሻሽሉ ግፊት እያደረገ ነው። በስልኮች አማካኝነት የሚከናወኑ የገንዘብ ዝውውሮች በጣም ቀላል እና ተደራሽ ናቸው። የዲጂታል ፋይናንስ አገልግሎቶች በገጠር እና በከተማ የሚኖሩ ሰዎችን የኑሮ ደረጃ ለማሻሻል ይረዳሉ። የቴክኖሎጂው መሻሻል ደግሞ የክፍያ ሥርዓቶችን ይበልጥ አስተማማኝ እና ፈጣን ያደርጋቸዋል። የወደፊቱ የዓለም ኢኮኖሚ በከፍተኛ ሁኔታ በዲጂታል እና በሞባይል ቴክኖሎጂዎች ላይ የተመሰረተ ይሆናል።"
summarisation|72#0,summarisation,,technology,"የሚከተለውን ጽሑፍ ዋና ዋና ነጥቦች ብቻ በመያዝ አጭር አድርገህ ግለጽ።

Context:
የማህበራዊ ሚዲያ መድረኮች በዓለም አቀፍ ደረጃ ለሰዎች መረጃ ለመለዋወጥና ከሌሎች ጋር ለመገናኘት ትልቅ ዕድል እየፈጠሩ ይገኛሉ። እነዚህ መድረኮች የዜና ስርጭትን በማፋጠን ሰዎች ወቅታዊ ክስተቶችን በፍጥነት እንዲያውቁና እንዲወያዩ በማድረግ ረገድ ከፍተኛ ሚና ይጫወታሉ። ሆኖም ግን በዲጂታል ዓለም ውስጥ የተዛቡ መረጃዎችና የሐሰት ወሬዎች በፍጥነት መሰራጨታቸው በሰዎች ላይ ስጋት እየፈጠረ መጥቷል። ተጠቃሚዎች የሚያነቡትን መረጃ ትክክለኛነት ለማረጋገጥ ከፍተኛ ጥንቃቄ ማድረግና ምንጮችን መመርመር ይኖርባቸዋል። የቴክኖሎጂ እድገቱ የግል መረጃን የመጠበቅ አስፈላጊነትንና የሳይበር ደህንነትን በተመለከተ ሰፊ ግንዛቤ እንዲኖር እያደረገ ነው። በመሆኑም ማህበራዊ ሚዲያን በአግባቡ መጠቀም ለተሻለ ግንኙነትና ለዕውቀት እድገት ትልቅ አስተዋጽኦ ይኖረዋል።"
summarisation|72#1,summarisation,,technology,"የሚከተለውን ጽሑፍ አጠቃልል።

Context:
የኢንተርኔት አጠቃቀም በዘመናዊው ዓለም ውስጥ ለትምህርትና ለሥራ እንቅስቃሴዎች መሳለጥ እጅግ አስፈላጊ የሆነ መሠረታዊ መሣሪያ ሆኗል። በድረ-ገጾች አማካኝነት የተለያዩ የዕውቀት ምንጮችን በቀላሉ ማግኘትና አዳዲስ ክህሎቶችን በቤት ውስጥ ሆኖ መማር ይቻላል። የኢንተርኔት መሠረተ ልማት መሻሻል በዓለም ዙሪያ ያሉ ሰዎችን የኢኮኖሚ ተሳትፎና የንግድ እንቅስቃሴ ለማሳደግ ትልቅ አቅም ይፈጥራል። ነገር ግን የኢንተርኔት ጥገኝነትና የዲጂታል ልዩነት በሀገራት መካከል ያለውን የዕውቀት ክፍተት ሊያሰፋ እንደሚችል ይታሰባል። የቴክኖሎጂ ተጠቃሚዎች የዲጂታል ሥነ-ምግባርን በመከተልና ጤናማ የኢንተርኔት አጠቃቀም ልምዶችን በማዳበር ራሳቸውን መጠበቅ አለባቸው። በመጨረሻም የኢንተርኔት አገልግሎት ተደራሽነትን ማሳደግ ለዓለም አቀፍ ዕድገት ወሳኝ መሆኑን መረዳት ያስፈልጋል።"
summarisation|72#2,summarisation,,technology,"የሚከተለውን ጽሑፍ ዋና ዋና ነጥቦች በመያዝ በ2-3 ዓረፍተ ነገሮች አጠቃልል።

ጽሑፍ፡ በዲጂታል መገናኛ ዘዴዎች አማካኝነት የንግድ ተቋማት ከደንበኞቻቸው ጋር ያላቸው ግንኙነት በአዲስ መልክ እየተቀየረ መጥቷል። የንግድ ድርጅቶች በማህበራዊ ሚዲያ ገጾቻቸው አማካኝነት ምርቶቻቸውን ለብዙሃኑ ማስተዋወቅና ፈጣን ምላሽ መስጠት እየቻሉ ነው። ይህ አዲስ የንግድ ዘዴ ወጪን በመቀነስና የደንበኞችን ፍላጎት በቀላሉ በመረዳት ረገድ ውጤታማ ሆኖ ተገኝቷል። ሆኖም ግን በኢንተርኔት ላይ የሚደረጉ የንግድ እንቅስቃሴዎች ለሳይበር ጥቃቶችና ለተለያዩ የማጭበርበር ድርጊቶች ተጋላጭ ሊሆኑ ይችላሉ። የንግድ ተቋማትና ደንበኞች የዲጂታል ክፍያዎችንና መረጃዎችን ሲጠቀሙ ከፍተኛ ጥንቃቄና የደህንነት ጥበቃ ማድረግ ይኖርባቸዋል። የቴክኖሎጂ ውጤቶች ለንግድ እድገት ቢረዱም የደህንነት ስጋቶችን ለመቀነስ ዘላቂ መፍትሄዎችን መፈለግ የግድ ይላል።"
summarisation|73#0,summarisation,,technology,"ይህ ጽሑፍ ምን እንደሚናገር በአጭሩ አስረዳ።

Context:
ሰው ሰራሽ አስተውሎት በኢትዮጵያ የቴክኖሎጂ ዘርፍ ውስጥ አዲስና ትልቅ ለውጥ የሚያመጣ ዘመናዊ የኮምፒውተር ሳይንስ የጥናት መስክ ነው። ይህ ቴክኖሎጂ ማሽኖች እንደ ሰው የማሰብና የመማር ችሎታ እንዲኖራቸው በማድረግ ውስብስብ ችግሮችን እንዲፈቱ ይረዳል። በሀገራችን በተለይም በግብርናው ዘርፍ ምርታማነትን ለመጨመርና የአየር ንብረት ለውጥን ለመተንበይ ከፍተኛ ጠቀሜታ ሊኖረው ይችላል። የሰው ሰራሽ አስተውሎት መሠረታዊ መርሆዎች መረጃን በመሰብሰብና በመተንተን ላይ የተመሰረቱ በመሆናቸው ትክክለኛ ውሳኔ ለመስጠት ይረዳሉ። በኢትዮጵያ ያሉ የቴክኖሎጂ ተማሪዎች በዚህ ዘርፍ ላይ ትኩረት በማድረግ ለሀገሪቱ የዲጂታል ኢኮኖሚ እድገት ትልቅ አስተዋጽኦ ያደርጋሉ። የዳታ ሳይንስና የማሽን ትምህርት ለዚህ ቴክኖሎጂ እድገት ዋነኛ መሠረቶች በመሆናቸው በስፋት ሊጠና ይገባል። የሰው ሰራሽ አስተውሎት ስራዎች በኢትዮጵያ የንግድ ተቋማት ውስጥ የአሰራር ቅልጥፍናን ለመጨመርና ወጪን ለመቀነስ ይረዳሉ። በመሆኑም ይህንን ዘርፍ በዘመናዊ መሣሪያዎችና በቂ እውቀት መደገፍ ለሀገራዊ እድገት ወሳኝ ነው።"
summarisation|73#1,summarisation,,technology,"እባክዎን ይህን ጽሑፍ በአጭሩ ያጠቃልሉ።

Context:
በአርቲፊሻል ኢንተለጀንስ ዓለም ውስጥ መረጃን የመተንተን ሂደት በጣም አስፈላጊና መሰረታዊ የሆነ የቴክኖሎጂ ተግባር ነው። ማሽኖች ትልቅ መጠን ያላቸውን መረጃዎች በፍጥነት እንዲያሰሉና እንዲረዱ የሚያስችል የሶፍትዌር አሰራር ዘዴ ነው። በኢትዮጵያ የቴክኖሎጂ ተቋማት ውስጥ ይህንን ዘዴ በመጠቀም የደንበኞችን ፍላጎት ለመረዳትና አገልግሎትን ለማሻሻል ይጥራሉ። የሰው ሰራሽ አስተውሎት ስልጠናዎች ለወጣቶች አዳዲስ የሥራ ዕድሎችንና የፈጠራ መንገዶችን በሰፊው ይከፍታሉ። የንድፈ ሃሳብ ትምህርቶችና የተግባር ልምምዶች ተዳምረው ውጤታማ የሆኑ የቴክኖሎጂ መፍትሄዎችን ለመፍጠር ያስችላሉ። የኮምፒውተር ፕሮግራሞች በሰው ሰራሽ አስተውሎት አማካኝነት ውስብስብ የሆኑ የቋንቋ ትርጉሞችን በቀላሉ እንዲሰሩ ያደርጋሉ። በኢትዮጵያ ውስጥ ያሉ የኢንተርኔት አገልግሎቶች መስፋፋት የዚህን ቴክኖሎጂ ተጠቃሚነት ለማሳደግ ትልቅ ዕድል ይፈጥራል። የቴክኖሎጂ ባለሙያዎች የሰውን ልጅ የዕለት ተዕለት እንቅስቃሴ የሚያቀልሉ አዳዲስ መተግበሪያዎችን ማልማት ይኖርባቸዋል።"
summarisation|73#2,summarisation,,technology,"ለዚህ ጽሑፍ አጭር ማጠቃለያ ጻፍ።

Context:
የማሽን ትምህርት በሰው ሰራሽ አስተውሎት ውስጥ ትልቁና በጣም ውጤታማው የልማት ዘርፍ ተደርጎ ይወሰዳል። ይህ ዘርፍ ኮምፒውተሮች ያለ ሰው ጣልቃ ገብነት ከቀደሙ ተሞክሮዎቻቸው እንዲማሩ የሚያስችል ዘዴ ነው። በኢትዮጵያ የጤና ዘርፍ ውስጥ የሕመምተኞችን መረጃ በመተንተን በሽታዎችን ቀድሞ ለመለየት ትልቅ አቅም አለው። የሰው ሰራሽ አስተውሎት ስልተ-ቀመሮች በከፍተኛ ፍጥነት መረጃዎችን በማቀናበር ትክክለኛ ትንበያዎችን እንዲሰጡ ይረዳሉ። የቴክኖሎጂ እድገቱ በሀገሪቱ ውስጥ ያሉ የዲጂታል መሠረተ ልማቶችን ለማጠናከር ከፍተኛ ግፊት እያደረገ ነው። የዳታ ጥራትና ትክክለኛነት ለዚህ ቴክኖሎጂ ስኬታማነት ወሳኝ መሆኑን የቴክኖሎጂ ባለሙያዎች ዘወትር ይገልጻሉ። በኢትዮጵያ የሶፍትዌር አልሚዎች በዚህ ዘርፍ ላይ በመሰማራት የሀገር ውስጥ መፍትሄዎችን ማቅረብ ይጀምራሉ። የሰው ሰራሽ አስተውሎት መሠረታዊ እውቀት ለወደፊቱ የቴክኖሎጂ ዓለም መሪ ለመሆን የግድ አስፈላጊ ነው።"
summarisation|74#0,summarisation,,technology,"የሚከተለውን ጽሑፍ ዋና ዋና ነጥቦች ብቻ በመያዝ አጭር አድርገህ ግለጽ።

Context:
በኢትዮጵያ ውስጥ የፀሐይ ብርሃን በየዓመቱ ከፍተኛ መጠን ያለው ኃይል ስለሚሰጥ ለኤሌክትሪክ ማመንጫነት በስፋት ጥቅም ላይ ሊውል ይችላል። የአገሪቱ የአየር ንብረት ለፀሐይ ኃይል አጠቃቀም እጅግ ምቹ በመሆኑ በየክልሉ የፀሐይ ፓነሎችን በመትከል የኃይል አቅርቦትን ማሳደግ ይቻላል። እነዚህ የፀሐይ ፓነሎች የፀሐይ ብርሃንን ወደ ኤሌክትሪክ በመቀየር ለቤት ውስጥ መብራትና ለኢንዱስትሪ ማሽኖች አገልግሎት ይሰጣሉ። በገጠር አካባቢዎች የሚገኙ ነዋሪዎች ከኤሌክትሪክ መስመር ውጭ ስለሚኖሩ የፀሐይ ኃይል አማራጭ ለችግራቸው ትልቅ መፍትሄ ይዞ ይመጣል። የፀሐይ ኃይል ተቋራጭ የኃይል ምንጭ ባለመሆኑ በአካባቢ ላይ ምንም ዓይነት ጎጂ ጋዞችን አያመነጭም። ይህ የኃይል ዓይነት ለረጅም ጊዜ አገልግሎት የሚሰጥና የጥገና ወጪው በጣም አነስተኛ የሆነ ዘመናዊ ቴክኖሎጂ ነው። በኢትዮጵያ ውስጥ የፀሐይ ኃይልን ለመጠቀም የሚያስፈልጉ መሠረተ ልማቶችን በመገንባት የኤሌክትሪክ ተደራሽነትን ማሳደግ ይቻላል። የፀሐይ ኃይል ማመንጫ ጣቢያዎችን መገንባት የአገሪቱን የኢኮኖሚ እድገት ለማፋጠን ትልቅ ሚና ይጫወታል። የፀሐይ ኃይልን በስፋት መጠቀም የአየር ንብረት ለውጥን ለመከላከልም ትልቅ አስተዋጽኦ ይኖረዋል። አዳዲስ የቴክኖሎጂ ውጤቶች የፀሐይ ፓነሎችን ዋጋ እንዲቀንስና ብቃታቸው እንዲጨምር እያደረጉ ነው። በመሆኑም መንግሥትና የግል ባለሀብቶች በዘርፉ ላይ ትኩረት ሰጥተው መስራት ይኖርባቸዋል። የፀሐይ ኃይል አጠቃቀም ለቀጣይ ትውልድ የተሻለና ንጹህ አካባቢን ለማስረከብ ይረዳል።"
summarisation|74#2,summarisation,,technology,"እባክዎን ይህን ጽሑፍ በአጭሩ ያጠቃልሉ።

Context:
በኢትዮጵያ ውስጥ የፀሐይ ኃይልን በቴክኖሎጂ የታገዘ አጠቃቀምን ማሳደግ ለሀገሪቱ የኃይል ዋስትና ትልቅ ፋይዳ አለው። የፀሐይ ፓነሎች ብርሃንን ወደ ኤሌክትሪክ የሚቀይሩበት ሂደት በጣም ቀላልና ውጤታማ የሆነ የቴክኖሎጂ ውጤት ነው። እነዚህ መሣሪያዎች በፀሐይ ብርሃን አማካኝነት ለቤት ውስጥ መብራትና ለሞባይል ስልኮች መሙያነት ያገለግላሉ። የፀሐይ ኃይልን መጠቀም የአካባቢ ብክለትን ለመቀነስና የተፈጥሮ ሚዛንን ለመጠበቅ ትልቅ አቅም ይሰጣል። በኢትዮጵያ ውስጥ ያሉ የፀሐይ ኃይል ፕሮጀክቶች ለገጠር ማህበረሰቦች የኤሌክትሪክ አገልግሎት ለማድረስ ይረዳሉ። የፀሐይ ኃይል ማመንጫዎች ለመገንባት ሰፊ መሬትና የተሻለ የፀሐይ ብርሃን መኖር አስፈላጊ ነው። የፀሐይ ኃይልን ለማከማቸት የሚያገለግሉ የባትሪ ቴክኖሎጂዎች በየጊዜው እየተሻሻሉ መጥተዋል። ይህ ዘመናዊ ቴክኖሎጂ የአገሪቱን የኤሌክትሪክ አቅርቦት ለማጠናከርና ለማረጋጋት ይረዳል። የፀሐይ ኃይልን በስፋት መጠቀም ለአነስተኛና ጥቃቅን የንግድ ሥራዎች ዕድገት ምክንያት ይሆናል። የፀሐይ ኃይልን ለመጠቀም የሚያስፈልጉ መሣሪያዎችን በቅናሽ ዋጋ ማቅረብ ለሕዝቡ ተደራሽነትን ይጨምራል። የፀሐይ ኃይል ቴክኖሎጂን ማስተዋወቅና ማሰልጠን ለወጣቶች አዳዲስ የሥራ ዕድሎችን ይፈጥራል። በመሆኑም የፀሐይ ኃይልን መጠቀም ለኢትዮጵያ የኢኮኖሚና የአካባቢ ጥበቃ ስኬት ወሳኝ ነው።"
summarisation|75#0,summarisation,,technology,"ለዚህ ጽሑፍ አጭር ማጠቃለያ ጻፍ።

Context:
ኮምፒውተር ማለት መረጃን ለመቀበል እና ለማቀነባበር የሚያገለግል በጣም አስፈላጊ የሆነ የኤሌክትሮኒክስ መሣሪያ ነው። ይህ መሣሪያ የተለያዩ መረጃዎችን በከፍተኛ ፍጥነት በመተንተን ለተጠቃሚዎች ትክክለኛ ውጤቶችን ያቀርባል። የኮምፒውተር ዋና ዋና ክፍሎች በሃርድዌር እና በሶፍትዌር ተብለው በሁለት ትልልቅ ዘርፎች ተከፍለው ይታወቃሉ። ሃርድዌር የሚባሉት በእጃችን ሊጨበጡ የሚችሉ እንደ ማሳያ እና አይፈለጌ መሣሪያዎች ያሉ አካላት ናቸው። ሶፍትዌር ደግሞ ኮምፒውተሩ ምን መሥራት እንዳለበት የሚያዝዙ የተለያዩ የትዕዛዝ ስብስቦች ናቸው። እነዚህ ሁለት ክፍሎች ተቀናጅተው ሲሠሩ ብቻ ኮምፒውተሩ የተፈለገውን ሥራ በአግባቡ ማከናወን ይችላል።"
summarisation|75#1,summarisation,,technology,"ጽሑፉን አንብበሽ ማጠቃለያውን ጻፊ።

Context:
የመረጃ ማከማቻ መሣሪያዎች በኮምፒውተር ውስጥ አስፈላጊ የሆኑ መረጃዎችን ለረጅም ጊዜ እንዲቆዩ ያደርጋሉ። እነዚህ መሣሪያዎች እንደ ጠንካራ ድራይቭ እና እንደ ተንቀሳቃሽ ጠንካራ ድራይቭ ያሉ የተለያዩ ዓይነቶች አሏቸው። መረጃዎችን በአግባቡ ማከማቸት ለወደፊት ሥራዎች እና ለደህንነት ጥበቃ በጣም ወሳኝ የሆነ ተግባር ነው። ትክክለኛውን የማከማቻ ዘዴ መምረጥ በኮምፒውተር አጠቃቀም ፍጥነት እና በደህንነት ላይ ተጽዕኖ ያሳድራል። አዳዲስ የቴክኖሎጂ ውጤቶች መረጃዎችን በትንሽ ቦታ እና በከፍተኛ ጥራት ለማስቀመጥ የሚያስችሉ መፍትሔዎችን እያመጡ ነው። ስለዚህ ተጠቃሚዎች እንደ ፍላጎታቸው እና እንደ ሥራቸው ዓይነት ተገቢውን መሣሪያ መምረጥ ይኖርባቸዋል።"
summarisation|75#2,summarisation,,technology,"ይህን ጽሑፍ በአጭሩ አጠቃልልልኝ።

የመተግበሪያ ሥርዓት ወይም ኦፕሬቲንግ ሲስተም የኮምፒውተር ዋናው መሪ እና አስተዳዳሪ ተደርጎ ይወሰዳል። ይህ ሥርዓት በሃርድዌር እና በተጠቃሚው መካከል ያለውን ግንኙነት በብቃት የመምራት ኃላፊነት አለበት። ያለ ኦፕሬቲንግ ሥርዓት ማንኛውም ኮምፒውተር ምንም ዓይነት ሥራ መሥራት ወይም መግባባት አይችልም። ሥርዓቱ የፋይሎችን አያያዝ እና የሌሎች መተግበሪያዎች አጠቃቀምን በሥርዓት ይቆጣጠራል። ተጠቃሚዎች ኮምፒውተሩን በቀላሉ እንዲያዙት የሚያደርጉ የተለያዩ ገጽታዎችን እና ትዕዛዞችን ያዘጋጃል። በየጊዜው የሚወጡ አዳዲስ ሥርዓቶች የኮምፒውተሩን ደህንነት እና የሥራ ቅልጥፍናን ለማሻሻል ይረዳሉ።"
summarisation|77#0,summarisation,,daily_life,"የሚከተለውን ምንባብ በአጭሩ አጠቃልል፡

በሰኔ ፲፪ ቀን በሰላም ከተማ ውስጥ በሚገኘው ታላቁ የኩላሊት ምግብ ማዕከል ውስጥ ትልቅ የምግብ ዝግጅት ውድድር ተካሄደ። በዝግጅቱ ላይ በዘጠኝ የተለያዩ ከተሞች የተሰበሰቡ ሰማንያ አምስት ጎበዝ ምግብ አብሳይዎች በከፍተኛ ተወዳድሮ ተሳትፈዋል። የውድድሩ ዋና ዓላማ በሀገሪቱ ውስጥ ያሉትን ጥንታዊ የቅመማ ቅመም አጠቃቀም ዘዴዎች ለወጣቱ ትውልድ ማስተዋወቅ ነው። በውድድሩ መጀመሪያ ላይ አቶ በቀለ ተሰኘው ታዋቂ የምግብ ባለሙያ የዳኝነት ኮሚቴውን በበላይነት መርቷል። ተወዳዳሪዎቹ በሁለት ሰዓታት ውስጥ ብቻ ከሀገሪቱ ተፈጥሮአዊ ግብዓቶች የተሰሩ ሶስት አይነት ልዩ ምግቦችን ማቅረብ ነበረባቸው። የውድድሩ አሸናፊ የሆነችው ወይዘሪት ሳባ የተባለች የሀገር ውስጥ ተማሪ በጣቀችው ልዩ የቅመም ውህደት ከፍተኛ ነጥብ አግኝታለች። የእሷ የምግብ አዘገጃጀት ዘዴ ከጥንታዊው የሰሜን ተራራ አካባቢ ባህል ጋር የተገናኘ መሆኑን ዳኞች አረጋግጠዋል። በዝግጅቱ ወቅት የተሸነፉ ተወዳዳሪዎችም ለወደፊት ስኬታቸው እንዲዘጋጁ ልዩ የክህሎት ስልጠና እንዲሰጣቸው ተወስኗል። የዝግጅቱ አስተባባሪ የሆነው የሰላም የምግብ ጥበብ ማህበር በውድድሩ ምክንያት በከተማዋ ውስጥ ከፍተኛ የቱሪስት ፍሰት መፈጠሩን ገልጿል። በዝግጅቱ ላይ የተሳተፉት ሸቀጦች በሙሉ ከክልሉ ገበያ በቀጥታ የተገኙ እና ምንም አይነት ኬሚካል ያልተቀላቀለባቸው ናቸው። በዝግጅቱ ማጠቃለያ ላይ ለድል አድራጊዋ ተወዳዳሪ የሃምሳ ሺህ ብር የገንዘብ ሽልማት እና የኩሽና እቃዎች ተበርክቶላታል። ይህ ታላቅ ኩነት በየዓመቱ በሰላም ከተማ እንዲካሄድ በከተማው አስተዳደር በይፋ ተወስኗል።"
summarisation|77#2,summarisation,,daily_life,"የሚከተለውን ጽሑፍ ዋና ዋና ነጥቦች ብቻ በመያዝ አጭር አድርገህ ግለጽ።

Context:
በካቲት ፳ ቀን በግርማ ከተማ በሚገኘው የባህል ገበያ ውስጥ የዓለም አቀፍ የምግብ ምርቶች ትርኢት ተካሂዷል። በዝግጅቱ ላይ ከሰባት የተለያዩ አገራት የመጡ ሰላሳ አምስት የምግብ አምራቾች ምርቶቻቸውን ለተመልካቾች አቅርበዋል። በዝግጅቱ መርሐ ግብር ላይ በዋናነት የባህላዊ መጠጦች እና የጥራጥሬ ምርቶች አጠቃቀም ላይ ትኩረት ተሰጥቷል። በገበያው ላይ የተሸጡት ምርቶች በሙሉ ከታማኝ አምራቾች የተገኙ እና ጥራታቸው የተረጋገጠ መሆናቸውን አስተባባሪዎቹ ገልጸዋል። በዝግጅቱ ወቅት በገበያው ውስጥ የነበረው የሰዎች ብዛት ከአምስት ሺህ በላይ መሆኑን የከተማው የፀጥታ አካል አረጋግጧል። በዝግጅቱ ላይ የተሳተፈው የግርማ የምግብ ጥበብ ማህበር ለተመልካቾች የተለያዩ የቅመማ ቅመም ናሙናዎችን በነጻ አድልቷል። በገበያው መሃል ላይ የተዘጋጀው የሙዚቃ ትርኢት ለተሳታፊዎች ልዩ የሆነ የደስታ ስሜት እንዲሰማቸው አድርጓል። በዝግጅቱ ማጠቃለያ ላይ ምርጥ ምርት ላቀረቡ አምስት አምራቾች የክብር ሜዳሊያ እና የገንዘብ ሽልማት ተሰጥቷቸዋል። የገበያው ስኬት በከተማዋ ውስጥ ያለውን የንግድ እንቅስቃሴ በከፍተኛ ሁኔታ እንዳሳደገው የንግድ ምክር ቤቱ ገልጿል። በዝግጅቱ ላይ የተሳተፉት እንግዶች በምግቦቹ ጣዕም እና በአቀራረብ ጥበብ ላይ ከፍተኛ አድናቆትቸውን ገልጸዋል። በቀጣይ አመት በዝግጅቱ ላይ የሚሳተፉትን አምራቾች ቁጥር ወደ መቶ ለማሳደግ እቅድ መታወጁ ተነግሯል። ይህ የዓመታዊ የገበያ ዝግጅት በከተማዋ የቱሪስት መስህብነት እንዲጨምር ትልቅ ሚና እየተጫወተ ይገኛል።"
summarisation|78#1,summarisation,,daily_life,"እባክዎን ይህን ጽሑፍ በአጭሩ ያጠቃልሉ።

Context:
በጎንደር ከተማ አቅራቢያ በሚገኘው የጥላማ ደን አካባቢ የሚኖረው የደስታ ቤተሰብ በሐምሌ 2 ቀን 2016 ዓ.ም ልዩ የቤተሰብ ጉዞ አድርጓል። የቤተሰቡ አባላት በቁጥር 12 የሆኑት አባላት በጋራ በመሆን በጫካ ውስጥ ለሶስት ቀናት የሚቆይ የድንኳን መኖሪያ በማዘጋጀት ጊዜያቸውን አሳልፈዋል። ወይዘሮ ማርታ ለጉዞው የሚያስፈልጉትን 15 ኪሎ ግራም ስጋና የተለያዩ አትክልቶችን በዝግጅት አቅርባ ለቤተሰቧ አባላት አድላለች። በጉዞው ወቅት ወጣቱ የቤተሰቡ አባል የሆነው አቶ ታደሰ ስለ ተፈጥሮ ጥበቃና ስለ አካባቢ ጥበቃ ለታናናሾቹ አባላት ጠቃሚ ትምህርቶችን ሰጥቷል። ይህ የቤተሰብ ጉዞ በቤተሰቡ አባላት መካከል ያለውን ፍቅርና መተሳሰብ በከፍተኛ ሁኔታ ለማጠናከር ትልቅ አስተዋጽኦ አድርጓል።"
summarisation|78#2,summarisation,,daily_life,"የሚከተለውን ጽሑፍ ዋና ዋና ነጥቦች ብቻ በመያዝ አጭር አድርገህ ግለጽ።

Context:
በባህር ዳር ከተማ በሚገኘው የዝቅተኛው ወንዝ ዳርቻ በሚኖረው የካሳሁን ቤተሰብ ውስጥ ነሐሴ 10 ቀን 2016 ዓ.ም ታላቅ የሰርግ በዓል ተከብቧል። የቤተሰቡ አባል የሆነችው ወይዘሪት ሳራ ከጓደኛዋ ቤተሰብ ጋር በመሆን ለሰርጉ የሚያስፈልጉትን 200 የሚሆኑ የጌጣጌጥ ስጦታዎች በታላቅ ድካም አዘጋጅታለች። በሰርጉ ላይ የተገኙት 80 የሚሆኑ የቅርብ ዘመዶችና የቤተሰብ አባላት በባህላዊ ሙዚቃና በዳንስ የታጀበ ደስ የሚል ጊዜ አሳልፈዋል። የቤተሰቡ መሪ የሆኑት አቶ ካሳሁን ለሰርጉ ስኬት 100,000 ብር ድጋፍ በማድረግ ለሁሉም እንግዶች ምቹ ሁኔታ እንዲፈጠር አድርገዋል። ይህ የቤተሰብ ትስስር በሰርግ በዓሉ አማካኝነት በቤተሰቡ አባላት መካከል ያለውን አንድነትና መከባበር በድጋሚ አረጋግጧል።"
summarisation|81#2,summarisation,,daily_life,"ለዚህ ጽሑፍ አጭር ማጠቃለያ ጻፍ።

Context:
በአንድ ትምህርት ቤት ውስጥ የሚካሄዱ የስፖርት ውድድሮች ተማሪዎች የአካል ብቃት እንዲያሳድጉና ጤናማ እንዲሆኑ ይረዳሉ። ተማሪዎች በስፖርት ሰዓት ላይ በተለያዩ ጨዋታዎች በመሳተፍ የቡድን ስራንና ትብብርን በተግባር ይማራሉ። ከትምህርት ውጭ በሚደረጉ የጥበብና የባህል ዝግጅቶች ተማሪዎች ያላቸውን ተሰጥኦ ለሌሎች ለማሳየት ዕድል ያገኛሉ። መምህራን ተማሪዎች በትምህርት ብቻ ሳይሆን በሥነ-ምግባርም እንዲታነጹ አስፈላጊውን ምክርና ትምህርት በየቀኑ ይሰጣሉ። በትምህርት ቤቱ ውስጥ የሚታዩ የጽዳትና የሥርዓተ ደንብ ክንውኖች ተማሪዎች ሥርዓት እንዲኖራቸው ያደርጋሉ። በመጨረሻም ተማሪዎች በትምህርት ዓመቱ መጨረሻ ውጤታቸውን በመቀበል ለቀጣዩ ደረጃ ለመሸጋገር ዝግጅት ያደርጋሉ።"
summarisation|82#1,summarisation,,daily_life,"የጽሑፉን ዋና ሐሳብ በአጭሩ ግለጽ።

Context:
በወርቅ ሸለቆ መንደር ውስጥ በሚገኘው ትልቅ ሜዳ ላይ የዓመታዊው የሰብል ምርት በዓል በታላቅ ደስታ ተከብቧል። በዘንድሮው በዓል ላይ ከሰባት መንደር የተውጣጡ ሁለት መቶ አርሶ አደሮች በባህላዊ አለባበሳቸው ተገኝተዋል። በበዓሉ ላይ የቀረበው የድንጋይ ውርጭ ውድድር በታዋቂው የአካባቢው መሪ አቶ ተክሌ ደሳዬ አማካኝነት ተካሂዷል። በበዓሉ ወቅት ለተሳታፊዎች በሙሉ በነፃ የተዘጋጀ የጥራጥሬ ምግብ እና የቤት ውስጥ መጠጥ በብዛት ተከፋፍሏል። በበዓሉ ላይ የተሰበሰቡት የገጠር ነዋሪዎች በባህላዊ ሙዚቃ እየጨፈሩ የሰብል ምርታቸውን በደስታ አክብረዋል። በበዓሉ ማጠቃለያ ላይ የግብርና ማህበሩ ለተሻለ ምርት ላሳዩ አርሶ አደሮች የዘር ምርት ሽልማት አበርክቷል። በበዓሉ ላይ የቀረበው የባህል ትርኢት ለሦስት ሰዓታት የቆየ ሲሆን በሰዎች ዘንድ ከፍተኛ አድናቆት አግኝቷል። በዓሉ በአካባቢው ያለውን የአንድነት መንፈስ ለማጠናከር ትልቅ ሚና የተጫወተ ታሪካዊ ኩነት ሆኖ ተመዝግቧል።"
summarisation|82#2,summarisation,,daily_life,"የሚከተለውን ጽሑፍ ዋና ዋና ነጥቦች በመያዝ በ2-3 ዓረፍተ ነገሮች አጠቃልል።

ጽሑፍ፡ በሰማይ ሰማያዊ መንደር ውስጥ በሚገኘው ትልቅ አደባባይ የዓመታዊው የውሃ በዓል በታላቅ ድምቀት ተከብሯል። በዘንድሮው በዓል ላይ ከአራት አካባቢዎች የተውጣጡ አራት መቶ ሴቶች በባህላዊ ውዝዋዜያቸው ተሳትፈዋል። በበዓሉ ላይ የቀረበው ልዩ የውሃ ውርጭ ትርኢት በወይዘሮ አልማዝ ተመራ የጥበብ ቡድን ለአንድ ሰዓት አሳይቷል። በበዓሉ መክፈቻ ላይ የውሃ ጥበቃ ማህበር አባል የሆኑት አቶ ዮናስ በቀለ ለህዝቡ ምስጋና በማቅረብ መልዕክት አስተላልፈዋል። በበዓሉ ወቅት ለተሳታፊዎች በሙሉ በነፃ የተዘጋጀ የጥፋት ምግብ እና የፍራፍሬ ጭማቂ በብዛት ተከፋፍሏል። በበዓሉ ላይ የተሰበሰቡት የከተማዋ ነዋሪዎች በባህላዊ ዘፈን እየጨፈሩ የውሃን አስፈላጊነት ለሁሉም አሳይተዋል። በበዓሉ ማጠቃለያ ላይ የውሃ ጥበቃ ማህበር ለተሻለ አገልግሎት ላበረከቱ ሰዎች የክብር ሽልማት አበርክቷል። በዓሉ በአጠቃላይ ለሁለት ቀናት የቆየ ሲሆን በሰማይ ሰማያዊ መንደር ውስጥ ሰላማዊ ሁኔታ ነበር።"
summarisation|83#0,summarisation,,history,"የሚከተለውን ምንባብ በአጭሩ አጠቃልል፡

የአክሱም መንግሥት በታላቅ የንግድ ሥልጣኔና በጠንካራ የባሕር ኃይል አማካኝነት በዓለም ታሪክ ውስጥ ትልቅ ስፍራ እንዲይዝ አድርጎታል። ይህ ጥንታዊ ሥልጣኔ በኤርትራና በሰሜን ኢትዮጵያ አካባቢዎች ተመስርቶ በንግድ መስመሮች ላይ ሙሉ ቁጥጥር በማድረግ የበለጸገ ነበር። ከአፍሪካ ቀንድ ተነስቶ እስከ ሕንድ ባሉ የባሕር መንገዶች ላይ የንግድ ልውውጥ በማድረግ ታዋቂ ሆኖ ነበር። በወቅቱ የነበሩት የንግድ ዕቃዎች እንደ ወርቅ፣ ዕንቁና ዝንጀሮ ያሉ ውድ ቁሳቁሶችን ያካትቱ ነበር። የአክሱም ሰዎች የራሳቸውን የገንዘብ ሥርዓት በመፍጠር በዓለም አቀፍ የንግድ እንቅስቃሴ ውስጥ ተሳታፊ ነበሩ። በወቅቱ የነበረው የድንጋይ ግንባታ ጥበብና የትላልቅ ሐውልቶች አሠራር የሥልጣኔው ጥልቀት ማሳያ ናቸው። እነዚህ ሐውልቶች ዛሬም ድረስ የአክሱም ሕዝብ የነበረውን የቴክኖሎጂና የሥነ-ሕንፃ ብቃት ለዓለም ያሳያሉ። መንግሥቱ በሃይማኖት ረገድም ትልቅ ለውጥ በማምጣት ክርስትናን በይፋ የተቀበለ ታሪካዊ ሥልጣኔ ነው። በወቅቱ የነበሩት የንግድ ከተሞች በዓለም አቀፍ ደረጃ የታወቁና የሰዎች መገናኛ ነበሩ። የአክሱም መሪዎች በንግድና በጦርነት አማካኝነት ግዛታቸውን በሰፊው ማስፋፋት ችለዋል። ይህ ታላቅ ሥልጣኔ በንግድና በባሕር ላይ የተመሠረተ የኢኮኖሚ ጥንካሬ ነበረው። በአጠቃላይ የአክሱም ታሪክ የአፍሪካን የሥልጣኔ ደረጃ የሚያሳይ ትልቅ መገለጫ ነው።"
summarisation|84#2,summarisation,,history,"የሚከተለውን ምንባብ በአጭሩ አጠቃልል፡

በምስራቅ አቅጣጫ በሚገኘው የወርቅ ሸለቆ አካባቢ የዓመታዊ ሰብል በዓል በታላቅ ድምቀት ተከብሯል። የሸለቆው ገበሬዎች ማኅበር አባላት በዓሉን ለማክበር በሰባት የተለያዩ መንደሮች ውስጥ ድግስ አዘጋጅተዋል። በበዓሉ ላይ ከሦስት መቶ በላይ የቤት እንስሳት ለታላቁ የዓመት በዓል ዝግጅት ተዘጋጅተዋል። የገበሬው ማኅበር ፕሬዝዳንት አቶ ታደሰ በቀለ በንግግራቸው ላይ ምርታማነቱ ለከተማዋ ኢኮኖሚ ትልቅ አስተዋጽኦ እንዳለው ተናግረዋል። በዓሉን ተከትሎ በከተማዋ ውስጥ ለሦስት ቀናት የሚቆይ የንግድ ትርኢት እንደሚካሄድ ታውቋል። የዓመቱ በዓል በሰላም መጠናቀቁን የአካባቢው መስተዳድር በይፋ አስታውቋል።"
summarisation|85#0,summarisation,,history,"ይህ ጽሑፍ ምን እንደሚናገር በአጭሩ አስረዳ።

Context:
በሀገራችን ኢትዮጵያ ውስጥ የነፃነት ትግል በብዙ ዘመናት ውስጥ በተለያዩ አካባቢዎችና በብዙ የህብረተሰብ ክፍሎች አማካኝነት በከፍተኛ ጥንካሬ ሲካሄድ ቆይቷል። በወቅቱ የነበሩት የሀገር መሪዎችና ተዋጊዎች የሀገራቸውን ሉዓላዊነት ለመጠበቅ ሲሉ ከፍተኛ መስዋዕትነትን በመክፈል ለትውልድ የሚተርፍ ታሪክ ሰርተዋል። የነፃነት ፍላጎቱ በገጠሪቱ አካባቢና በከተማ ከተሞች መካከል ያለውን ልዩነት በማጥፋት ሁሉንም ዜጋ በአንድ ዓላማ ስር እንዲሰባሰብ አድርጓል። በነዚህ የትግል ዘመናት ውስጥ የተከናወኑት እንቅስቃሴዎች የሀገሪቱን የፖለቲካ መዋቅር ለመለወጥና ለተሻለ አስተዳደር መሰረት ለመጣል ትልቅ ሚና ተጫውተዋል። የነፃነት ተሟጋቾቹ በወቅቱ የነበሩትን አስቸጋሪ ሁኔታዎችና የውጭ ጫናዎችን በመቋቋም ለነገው ሰላም መሰረት እንዲጥሉ በጽናት ተጋድለዋል። ይህ ታሪካዊ ሂደት በኢትዮጵያ የነፃነት ታሪክ ውስጥ ትልቅ ቦታ የሚሰጠውና ለትውልድ ትምህርት የሚሆን ትልቅ ክስተት ነው። የነፃነት ትግሉ ውጤት የሀገሪቱን ክብርና ማንነት ለዓለም እንዲታወቅ በማድረግ ረገድ ከፍተኛ አስተዋጽኦ አበርክቷል። በመጨረሻም እነዚህ ሁሉ ጥረቶች ለሀገራዊ አንድነትና ለሉዓላዊነት መከበር ትልቅ መሰረት በመሆን ለዘላለም ይኖራሉ።"
summarisation|85#1,summarisation,,history,"ጽሑፉን አንብበሽ ማጠቃለያውን ጻፊ።

Context:
በኢትዮጵያ ታሪክ ውስጥ የነፃነት እንቅስቃሴዎች በወቅቱ የነበሩትን የውጭ ኃይሎች ተፅዕኖ ለመቋቋም ከፍተኛ ጥረት ሲያደርጉ ቆይተዋል። የሀገሪቱ ነፃነት እንዲጠበቅ የተደረጉት እንቅስቃሴዎች በወቅቱ በነበሩት የሀገር ውስጥ ኃይሎችና በታታሪ ወጣቶች አማካኝነት በስፋት ተካሂደዋል። እነዚህ ተዋጊዎች የሀገራቸውን መሬትና ህዝብ ለመከላከል ሲሉ በከፍተኛ ሁኔታ ተባብረውና ተባብረው በመስራት ለታላቅ ድል ተደርሰዋል። በወቅቱ የነበሩት የፖለቲካ ለውጦችና የነፃነት ፍላጎቶች በህዝቡ ዘንድ ከፍተኛ መነቃቃትንና የአንድነት ስሜትን እንዲፈጠር አድርገዋል። የነፃነት ትግሉ በኢትዮጵያ የፖለቲካ ታሪክ ውስጥ ለውጥ ለማምጣትና የሀገሪቱን ገጽታ ለመቀየር ትልቅ አቅም ሆኖ አገልግሏል። በነዚህ እንቅስቃሴዎች ውስጥ የተሳተፉት ሁሉ ለሀገራቸው ክብርና ለነፃነታቸው ሲሉ ማንኛውንም መሰናክል ለመሻገር ዝግጁ ነበሩ። የነፃነት ትግሉ ውጤት የኢትዮጵያን ሉዓላዊነት በማረጋገጥ ረገድ በታሪክ ውስጥ የማይረሳ አሻራ ጥሎ አልፏል። ይህ ታላቅ ጉዞ ለቀጣዩ ትውልድ የነፃነትና የክብር ትርጉምን ለማስተማር የሚያስችል ትልቅ የትምህርት ምንጭ ነው።"
summarisation|85#2,summarisation,,history,"ለዚህ ጽሑፍ አጭር ማጠቃለያ ጻፍ።

Context:
የኢትዮጵያ የነፃነት ትግል ሂደት በታሪክ ውስጥ በብዙ ውጣ ውረዶችና በታላላቅ ስኬቶች የታጀበ መሆኑን ማንም ሊክድ አይችልም። በወቅቱ የነበሩት የነፃነት ተሟጋቾች የሀገሪቱን ነፃነት ለማስከበር ሲሉ በከፍተኛ ትጋትና በታላቅ ቁርጠኝነት ሲሰሩ ቆይተዋል። እነዚህ እንቅስቃሴዎች በሀገሪቱ ውስጥ የነበሩትን የተለያዩ የህብረተሰብ ክፍሎች በአንድ የጋራ ዓላማ ስር በማሰባሰብ ትልቅ ለውጥ አምጥተዋል። በነፃነት ትግሉ ወቅት የተከናወኑት ተግባራት የሀገሪቱን የሉዓላዊነት መብት ለማስከበርና ለተሻለ ህይወት ለመኖር ትልቅ መሰረት ጥለዋል። የነፃነት ተሟጋቾቹ የነበሩትን ተግዳሮቶችና መሰናክሎች በብልሃትና በጽናት በመጋፈጥ ለሀገራቸው ታላቅነት መስርተዋል። ይህ ታሪካዊ ሂደት በኢትዮጵያ የነፃነት ታሪክ ውስጥ ትልቅ ትርጉም ያለውና ለትውልድ የሚተላለፍ ትልቅ ትምህርት ነው። የነፃነት ትግሉ ውጤት የሀገሪቱን ክብር በማስጠበቅ ረገድና ለነፃነት አስፈላጊነት በማሳየት ረገድ ትልቅ ሚና ተጫውቷል። በመጨረሻም እነዚህ ሁሉ እንቅስቃሴዎች ለሀገራዊ አንድነትና ለነፃነት መከበር ዘላቂ መሰረት በመሆን ለትውልድ ይኖራሉ።"
summarisation|86#0,summarisation,,history,"ይህን ጽሑፍ በአጭሩ አጠቃልልልኝ።

በጥንታዊቷ አክሱም ስልጣኔ ወቅት የኢትዮጵያ ምድር የንግድ መስመር ማዕከል በመሆኗ ለዓለም ታላቅ ተጽዕኖ ማሳደር ችላ ነበር። የባህር ላይ ንግድ በኤርትራ ዳርቻ በሚገኘው ቀይ ባህር በኩል በከፍተኛ ሁኔታ ይካሄድ ነበር። ከሮማ ግዛትና ከህንድ አገሮች ጋር የነበረው ግንኙነት በንግድ ዕቃዎች ልውውጥ ላይ የተመሰረተ ነበር። የወርቅ፣ የዝሆን ጥርስና የቅመማ ቅመም ንግድ የአክሱምን ኢኮኖሚ በከፍተኛ ደረጃ ያጠናክረው ነበር። አክሱም የራሷን የገንዘብ ዓይነቶች በማተም የንግድ የበላይነቷን በዓለም አቀፍ ደረጃ ማረጋገጥ ችላ ነበር። በወቅቱ የነበሩት የድንጋይ ግንባታዎችና የሐውልቶች ጥበብ የሰለጠነ ማህበረሰብ መኖሩን በግልጽ ያሳያሉ። እነዚህ ግዙፍ ሐውልቶች የነገስታቱን ዝናና የሀገሪቱን የሥልጣን ጥንካሬ ለትውልድ ለማስተላለፍ ተገንብተው ነበር። የግብርና ምርቶችና የእንስሳት ውጤቶች ለንግድ ልውውጥ በስፋት ጥቅም ላይ ይውል ነበር። የባህር ላይ ጉዞዎችን ለመቆጣጠር የሚያስችሉ መርከቦች በወቅቱ በብዛት ይሠሩ ነበር። የአክሱም ስልጣኔ በወቅቱ በዓለም ላይ ከነበሩት ታላላቅ መንግስታት መካከል አንዱ ነበር። የንግድ መስመሮቹ መቆጣጠራቸው ለሀገሪቱ የፖለቲካ ተጽዕኖ መፍጠሪያ መሠረት ሆኖ አገልግሏል። ይህ ታላቅ ስልጣኔ በታሪክ ውስጥ የማይረሳ አሻራ ጥሎ አልፏል።"
summarisation|87#0,summarisation,,history,"የሚከተለውን ጽሑፍ ዋና ዋና ነጥቦች ብቻ በመያዝ አጭር አድርገህ ግለጽ።

Context:
በሃያኛው ክፍለ ዘመን መጀመሪያ ላይ ኢትዮጵያ ከአውሮፓዊ አገራት ጋር ያላትን ግንኙነት ለማጠናከር ከፍተኛ ጥረት እያደረገች ነበር። የዓለም ጦርነት መከሰት በወቅቱ የነበሩትን የዲፕሎማሲያዊ ግንኙነቶች እና የንግድ መስመሮችን በከፍተኛ ሁኔታ ለውጦቻቸው አጋልጧል። የኢትዮጵያ መንግሥት በወቅቱ የነበሩትን የውጭ ኃይሎች ተጽዕኖ ለመቋቋም የተለያዩ የፖለቲካ ስልቶችን በመጠቀም ላይ ነበር። የዓለም አቀፍ ሁኔታዎች መለዋወጥ በሀገሪቱ የውስጥ ፖለቲካ እና በኢኮኖሚ እድገት ላይ ትልቅ ጥላ አሳርፏል። በወቅቱ የነበሩት የዲፕሎማሲያዊ ውሳኔዎች የሀገሪቱን የወደፊት ዕጣ ፈንታ ለመወሰን ትልቅ ሚና ተጫውተዋል። ይህ የታሪክ ወቅት ለኢትዮጵያ የሉዓላዊነት ጥበቃ ትግል መሰረት የጣለ ወሳኝ ጊዜ ነበር።"
summarisation|87#1,summarisation,,history,"የሚከተለውን ጽሑፍ ዋና ዋና ነጥቦች በመያዝ በ2-3 ዓረፍተ ነገሮች አጠቃልል።

ጽሑፍ፡ በሁለተኛው የዓለም ጦርነት ወቅት ኢትዮጵያ የነበችበት የውጊያ ሁኔታ እና የውጭ ኃይሎች ወረራ በጣም አስቸጋሪ ነበር። የጣሊያን ወታደራዊ ጥቃት በሀገሪቱ ሰላም እና በሕዝቡ ደህንነት ላይ ከፍተኛ ጉዳት አድርሷል። የኢትዮጵያ ጀግኖች የሀገራቸውን ነፃነት ለማስከበር በከፍተኛ መስዋዕትነት እና በጽናት ሲታገሉ ቆይተዋል። የዓለም አቀፍ ማህበረሰብ ድጋፍ ለማግኘት የሚደረገው ጥረት በወቅቱ ለነበረው የነፃነት ትግል ወሳኝ ነበር። የጦርነቱ ማብቂያ የሀገሪቱ ነፃነት እንዲመለስ እና የድሮው ክብር እንዲገኝ ትልቅ ዕድል ፈጥሯል። ይህ የታሪክ ምዕራፍ በኢትዮጵያ የነፃነት ታሪክ ውስጥ የማይረሳ ትልቅ ትምህርት የሚሰጥ ነው።"
summarisation|87#2,summarisation,,history,"የጽሑፉን ዋና ሐሳብ በአጭሩ ግለጽ።

Context:
ከሁለተኛው የዓለም ጦርነት በኋላ በኢትዮጵያ ውስጥ የታዩት ማህበራዊ እና ፖለቲካዊ ለውጦች በጣም ሰፊ ነበሩ። አዳዲስ የትምህርት እና የጤና ተቋማት ለመገንባት ከፍተኛ ጥረት እና ስራዎች ተጀምረው ነበር። የዓለም አቀፍ ድርጅቶች መመሥረት በኢትዮጵያ የውጭ ግንኙነት እና በዲፕሎማሲያዊ ስራዎች ላይ ተጽዕኖ አሳድሯል። የከተሞች እድገት እና የሕዝብ ቁጥር መጨመር በሀገሪቱ የከተማ ፕላን እና መሰረተ ልማት ላይ ጫና ፈጥሯል። በወቅቱ የነበሩት የኢኮኖሚ ለውጦች የግብርናውን ዘርፍ እና የንግድ እንቅስቃሴውን ለመለወጥ ታቅደው ነበር። እነዚህ ለውጦች ለዘመናዊቷ ኢትዮጵያ መሠረት የጣሉ እና የሀገሪቱን አቅም የገነቡ ነበሩ።"
summarisation|88#0,summarisation,,health,"የሚከተለውን ጽሑፍ ዋና ዋና ነጥቦች ብቻ በመያዝ አጭር አድርገህ ግለጽ።

Context:
በሰሜን አውራጃ የሰላም ከተማ ውስጥ የሚገኘው የንጋት ጤና ጣቢያ ሰኔ 12 ቀን 2016 ዓ.ም በዓለም አቀፍ የጤና ተቋማት አማካኝነት አዲስ የቅጅ መርሃ ግብር ጀምሯል። የከተማዋ ነዋሪ የሆኑት አቶ በቀለ ተሰማ በዝግጅቱ ላይ በመገኘት የትንኝ መከላከያ አውታሮች ለሁሉም ቤተሰቦች በነጻ እንደሚከፋፈሉ በዝርዝር አስረድተዋል። የጤና ባለሙያዋ ወይዘሮ አልማዝ አበበ በከተማዋ ውስጥ የሚገኙ የቆሙ ውሃዎች የትንኝ መራቢያ መሆናቸውን በመጥቀስ ጥንቃቄ እንዲደረግ አሳስበዋል። በዝግጅቱ ወቅት ለሰባት መንደሮች በድምሩ አምስት መቶ አዲስ የአልጋ መጋረጃዎች በከፍተኛ ጥንቃቄ ተከፋፍለዋል። የከተማዋ አስተዳደር በበጀት ሁለት መቶ ሺህ ብር መድቦ ለዚህ የቅጅ ዘመቻ አስፈላጊ የሆኑ መድኃኒቶችንና ቁሳቁሶችን አሟልቷል። የጤና ባለሙያዎች በየቤቱ በመዞር ስለ ንጽህና አጠባበቅና ስለ ትንኝ መከላከያ መንገዶች ለአንድ መቶ አዳዲስ ቤተሰቦች ስልጠና ሰጥተዋል። የጤና ጣቢያው ኃላፊ አቶ ታደሰ ከበደ በዘመቻው ውጤታማነት ላይ ከፍተኛ ተስፋ እንደሚጥሉና የህመም ተጋላጭነት እንደሚቀንስ ገልጸዋል። ይህ የጤና ዘመቻ እስከ ነሐሴ ወር ድረስ በሰላም ከተማ ሰፋ ያሉ አካባቢዎችን በማካተት እንደሚቀጥል ታውቋል።"
summarisation|88#1,summarisation,,health,"ለዚህ ጽሑፍ አጭር ማጠቃለያ ጻፍ።

Context:
በደቡብ አውራጃ የሚገኘው የጽጌ አበባ የጤና ማዕከል ሐምሌ 5 ቀን 2016 ዓ.ም በሰፈሩ ውስጥ የነበረውን የትንኝ በሽታ ስርጭት ለመቀነስ አዲስ ስትራቴጂ ይፋ አድርጓል። የጤና ተቋሙ ኃላፊ ወይዘሪት ሳራ መኮንን በዝግጅቱ ላይ በመገኘት የትንኝ መከላከያ ኬሚካሎች አጠቃቀም ላይ ትኩረት ማድረግ እንደሚገባ አሳስበዋል። በክልሉ የሚገኙ 45 የጤና ጣቢያዎች በጋራ በመሆን የትንኝ መከላከያ መረቦችን ለ300 ቤተሰቦች ማከፋፈላቸውን የጤና ሚኒስቴር ተወካይ አቶ አበበ ገልጸዋል። በከተማዋ ውስጥ የሚገኙ የውሃ ጉድጓዶች በየሳምንቱ በባለሙያዎች እንዲታነጹና እንዲጸዱ ጥብቅ ትዕዛዝ ተሰጥቷል። የጤና ባለሙያው አቶ ዮናስ በቀለ በየቤቱ በመዞር ለ500 እናቶች ስለ ትንኝ መከላከያ አጠቃቀም ልዩ ትምህርት ሰጥተዋል። በዘመቻው ወቅት ለተገኙ 15 አዳዲስ የጤና መረጃዎች ትክክለኛነት ለማረጋገጥ የዲጂታል መዝገብ አጠቃቀም ተጀምሯል። የጤና ማዕከሉ በበጀት 150 ሺህ ብር ለተለያዩ የቅጅ ስራዎችና ለትምህርት ቁሳቁሶች ማሟያነት መድቧል። የከተማዋ ነዋሪዎች በሙሉ በዚህ የጤና ዘመቻ ላይ ተሳታፊ በመሆን በሽታውን ለመከላከል እንዲተባበሩ ጥሪ ቀርቧል።"
summarisation|89#0,summarisation,,health,"የሚከተለውን ጽሑፍ አጠቃልል።

Context:
በሰኔ ፲፪ ቀን በዝቅተኛ የህዝብ ቁጥር ባለው በሊሊን ከተማ ውስጥ የጤና ጥበቃ መሥሪያ ቤት አዲስ መርሃ ግብር ጀምሯል። ይህ አዲስ የጤና መርሃ ግብር በከተማዋ ውስጥ የሚገኙ ነፍሰ ጡር እናቶች በየወሩ በነፃ የህክምና አገልግሎት እንዲያገኙ ለማድረግ ታቅዶ የተዘጋጀ ነው። በፕሮግራሙ መሠረት በየሳምንቱ በ፭ ቀን በሊሊን ማዕከል ውስጥ የቪታሚን እና የብረት ማዕድን ድጋፍ ለ፪፻ ነፍሰ ጡር እናቶች ይሰጣል። የጤና ባለሙያው አቶ በቀለ ተስፋዬ እንደገለጹት ይህ እርምጃ በከተማዋ ያለውን የሕፃናት ሞት መጠን በ፲ በመቶ ለመቀነስ ይረዳል። በቅርቡ በተካሄደው ጥናት መሠረት በከተማዋ ውስጥ የሚገኙ ፵ በመቶ እናቶች በቂ የሥርዓተ ምግብ እውቀት የላቸውም። ስለዚህ ይህ ፕሮግራም ለእናቶች ስለ ጤናማ አመጋገብ እና ስለ ንፅህና አጠባበቅ ሰፊ ትምህርት ይሰጣል። በየቀኑ በ፭ ሰዓት የሚሰጡት የትምህርት ክፍለ ጊዜዎች በከተማዋ ውስጥ ባሉ ፲ ሁለት ማዕከላት ውስጥ ይካሄዳሉ። የፕሮግራሙ የበጀት ምንጭ ከሊሊን የልማት ማኅበር የተገኘ ፭ ሚሊዮን ብር መሆኑ ተገልጿል። ይህ የገንዘብ ድጋፍ ለተጨማሪ የሕክምና መሣሪያዎች እና ለሠራተኞች ደመወዝ እንዲውል ተደርጎ ተዘጋጅቷል። በዓመቱ መጨረሻ ላይ በከተማዋ ውስጥ ያሉ ፭,፬፻ ህፃናት የተሟላ የክትባት አገልግሎት እንዲያገኙ ተስፋ ተደርጓል። የጤና ባለሙያዎች በየወሩ የክትባት መጠኑን በመመዝገብ ውጤታማነቱን በዝርዝር ይገመግማሉ። በመጨረሻም ይህ ፕሮግራም ለሌሎች አጎራባች ከተሞች እንደ አርአያ ሊሆን እንደሚችል ተገልጿል።"
summarisation|89#1,summarisation,,health,"ጽሑፉን አንብበሽ ማጠቃለያውን ጻፊ።

Context:
በአቢሲኒያ የጤና ጥበቃ ማኅበር በሰኔ ፲፭ ቀን በወጣ በሪፖርት መሠረት በክልሉ የሕፃናት ጤና ሁኔታ መሻሻል ጀምሯል። በሪፖርቱ መሠረት በባላባ ከተማ ውስጥ የሚገኙ ፰፻ ፶ አዳዲስ ሕፃናት የክትባት አገልግሎት በነፃ አግኝተዋል። የጤና ተቋሙ ዋና ዳይሬክተር ወይዘሮ አልማዝ አበበ እንደገለጹት ይህ ውጤት የመጣው በሰሜን ክልል በተሰማራው የጤና ዘመቻ ነው። በዘመቻው ወቅት በ፲ አምስት የተለያዩ የጤና ጣቢያዎች ውስጥ የሕፃናት ምግብ ማሟያ ድጋፍ ተሰጥቷል። በክልሉ ውስጥ የሚገኙ ፳ አምስት የጤና ባለሙያዎች ለዚህ ስኬት ትልቅ አስተዋጽኦ አድርገዋል። በዘመቻው ወቅት የተሰበሰቡት መረጃዎች እንደሚያሳዩት የሕፃናት የተመጣጠነ ምግብ እጥረት በ፭ በመቶ ቀንሷል። በየሳምንቱ ቅዳሜ በባላባ ማዕከል የሚሰጡት የሕፃናት ክትትል አገልግሎት በ፪ ሺህ እናቶች ተጠቃሚ ሆኗል። ይህ የጤና ዘመቻ ለሚቀጥሉት ፪ ዓመታት በክልሉ ውስጥ እንዲቀጥል ታቅዷል። በዘመቻው ወቅት የተገኘው ፭ ሚሊዮን ብር ለተጨማሪ የሕፃናት መድኃኒቶች ግዢ እንዲውል ተወስኗል። የጤና ባለሙያዎች በየቀኑ የሕፃናትን ክብደት እና ቁመት በመለካት የጤና ሁኔታቸውን ይመዘግባሉ። በክልሉ ውስጥ ያሉ ወላጆች ስለ ሕፃናት ንፅህና አጠባበቅ በቂ ግንዛቤ እንዲኖራቸው ስልጠና ይሰጣል። ይህ ስኬት በክልሉ ውስጥ ያለውን የወላጆች ግንዛቤ በከፍተኛ ደረጃ ማሳደጉን ያሳያል።"
summarisation|89#2,summarisation,,health,"ጽሑፉን አንብበህ ዋናውን ሐሳብ በሁለት ወይም ሦስት ዓረፍተ ነገሮች ግለጽ።

ጽሑፍ፡ በሰኔ ፳ ቀን በታላቁ የጤና ማኅበር በኩል በወጣ መግለጫ መሰረት በሰላም ከተማ የነፍሰ ጡር እናቶች ክትትል ተጠናክሯል። በከተማዋ ውስጥ የሚገኙ ፲ ፭ የጤና ማዕከላት አዲስ የክትትል ሥርዓት መዘርጋታቸውን አስታውቀዋል። ይህ አዲስ ሥርዓት በእያንዳንዱ እናት ላይ የሚደረገውን የጤና ምርመራ በ፪ እጥፍ ለማሳደግ ያለመ ነው። በከተማዋ ውስጥ የሚኖሩ ፲ ሺህ እናቶች በዚህ አዲስ የጤና አገልግሎት ተጠቃሚ እንዲሆኑ ታቅዷል። የጤና ባለሙያው አቶ ዮናስ በቀለ እንደገለጹት የክትትል ሂደቱ በዲጂታል መዝገብ የታገዘ ነው። በዚህም ምክንያት የእያንዳንዱ እናት የጤና ታሪክ በቀላሉ ሊታወቅና ሊመዘገብ ይችላል። በከተማዋ ውስጥ ያሉ ፳ አምስት የጤና ጣቢያዎች ለዚህ ስራ የሚያስፈልጋቸውን መሣሪያዎች አሟልተዋል። በየወሩ በ፭ ቀን የሚካሄደው የጤና ስብሰባ ለእናቶች ጠቃሚ መረጃዎችን ለማድረስ ይረዳል። በከተማዋ ውስጥ የሚገኙ ፻ ፳ አዳዲስ የጤና ባለሙያዎች ለዚህ ፕሮግራም ተመድበዋል። የፕሮግራሙ ዓላማ በከተማዋ ውስጥ ያለውን የሕፃናት እና የእናት ሞት መጠን ወደ ዜሮ ማውረድ ነው። በከተማዋ ውስጥ ለሚገኙ እናቶች የነፃ የሕክምና አገልግሎት ለማቅረብ ፭ ሚሊዮን ብር ተመድቧል። ይህ የጤና ዘመቻ በከተማዋ ውስጥ ያለውን የጤና አውደ ዓለም በእጅጉ እንደሚቀይረው ይጠበቃል።"
summarisation|90#0,summarisation,,health,"ከዚህ በታች ያለውን ጽሑፍ በ2-3 ዓረፍተ ነገሮች አጠቃልለው።

Context:
ጤናማ የአኗኗር ዘይቤ ለመከተል በየቀኑ የተለያዩ የምግብ ዓይነቶችን በተመጣጣኝ መጠን መመገብ ለሰውነታችን እድገትና ጥንካሬ እጅግ አስፈላጊ የሆነ ተግባር ነው። ሰውነታችን በቂ ጉልበት እንዲያገኝ ለምግብነት የሚያገለግሉ ካርቦሃይድሬት፣ ፕሮቲን እና ቅባቶችን በትክክለኛ መጠን ማካተት ለጤናችን መሰረት ነው። በተጨማሪም ለሰውነታችን በሽታ የመከላከል አቅም የሚሰጡ ቫይታሚኖች እና ማዕድናት ከፍራፍሬዎችና ከአትክልት ምርቶች በብዛት መገኘት አለባቸው። ከመጠን በላይ ስኳር እና ጨው ያለባቸውን ምግቦች መቀነስ ለልብ ጤና እና ለደም ግፊት ቁጥጥር ትልቅ አስተዋጽኦ ያደርጋል። በቂ ውሃ መጠጣት ደግሞ በሰውነታችን ውስጥ ያሉ መርዛማ ነገሮች እንዲወገዱና የምግብ መፈጨት ሂደት እንዲቀላጠፍ ይረዳል። ስለዚህ የተመጣጠነ ምግብ አመጋገብን ልማድ ማድረግ ለረጅም እድሜና ለተስተካከለ የጤና ሁኔታ ወሳኝ ነው።"
summarisation|90#1,summarisation,,health,"የሚከተለውን ጽሑፍ ዋና ዋና ነጥቦች በመያዝ በ2-3 ዓረፍተ ነገሮች አጠቃልል።

ጽሑፍ፡ የተመጣጠነ ምግብ አመጋገብ ማለት ለሰውነታችን የሚያስፈልጉትን ንጥረ ነገሮች በሙሉ በአግባቡ ማግኘት ማለት መሆኑን መረዳት በጣም አስፈላጊ ነው። በየቀኑ የምንመገባቸው ምግቦች የሰውነት ክፍሎቻችንን ለመገንባትና ለተለያዩ የሰውነት ተግባራት እንዲረዱ ማድረግ ይኖርባቸዋል። ለምሳሌ እንደ ጥራጥሬዎችና ስጋ ያሉ ምግቦች ለጡንቻ ግንባታ የሚረዱ ፕሮቲኖችን በከፍተኛ ሁኔታ ይይዛሉ። አትክልቶችና ፍራፍሬዎች ደግሞ ለሰውነታችን አስፈላጊ የሆኑ ማዕድናትንና ቫይታሚኖችን በማቅረብ በሽታዎችን ለመከላከል ይረዳሉ። የምግብ ምርጫችንን ስንወስን የተፈጥሮ ምርቶችን ቅድሚያ መስጠት ለጤናማ የሰውነት እንቅስቃሴ ትልቅ መሠረት ይሆናል። ከመጠን በላይ የተቀነባበሩ ምግቦችን ከመመገብ መቆጠብ ለሰውነት ክብደት ቁጥጥርና ለተስተካከለ የጤና ሁኔታ እጅግ ጠቃሚ ነው።"
summarisation|91#0,summarisation,,health,"ጽሑፉን አንብበሽ ማጠቃለያውን ጻፊ።

Context:
በሰኔ 12 ቀን 2016 ዓ.ም በደቡብ አውራጃ ውስጥ በሚገኘው አባይ ሸለቆ ከተማ ውስጥ ከፍተኛ የንጽህና ጉድለት መኖሩን የጤና ባለሙያዎች አሳውቀዋል። በከተማዋ ውስጥ የሚገኙ የሰላም ተስፋ የጤና ማዕከል ሰራተኞች በየቀኑ ከ50 በላይ ህጻናት በተበከለ ውሃ ምክንያት ለሆድ ህመም መጋለጣቸውን በዝርዝር አስረድተዋል። የአካባቢው ነዋሪ የሆኑት አቶ በቀለ ተስፋዬ በከተማዋ ውስጥ የሚገኙ የቆሻሻ መጣያ ቦታዎች በአቅራቢያ ካሉ የመኖሪያ ቤቶች ጋር መቅረባቸውን በከፍተኛ ስጋት ገለጹ። በከተማዋ አስተዳደር ስር የሚገኘው የንጽህና ክትትል ቡድን በየሳምንቱ 200 ኪሎ ግራም የሚሆን የቤት ውስጥ ቆሻሻ በአግባቡ እንዳይወገድ ለማድረግ እየሰራ መሆኑን ገልጿል። የጤና ባለሙያዋ ወይዘሮ አልማዝ አበበ በከተማዋ ውስጥ ያሉ የውሃ መቅጃ ዘዴዎች መሻሻል እንዳለባቸውና ንጽህናን መጠበቅ ለጤና ወሳኝ መሆኑን አሳስባለች። የአካባቢው ወጣቶች ማህበር በየወሩ በመጨረሻው ቅዳሜ ላይ የጽዳት ዘመቻ በማካሄድ በከተማዋ መንገዶች ላይ የሚገኙ ቆሻሻዎችን ለማስወገድ እየተጋደሉ ይገኛሉ። በከተማዋ የሚገኙ ትምህርት ቤቶችም ለተማሪዎች የሳሙና አጠቃቀም ትምህርት በመስጠት የንጽህና ግንዛቤን ለማሳደግ ከፍተኛ ጥረት እያደረጉ መሆኑ ታውቋል። በመጨረሻም የከተማዋ የጤና መምሪያ በቅርቡ አዳዲስ የቆሻሻ ማስወገጃ መትረፊያዎች ለመገንባት 5 ሚሊዮን ብር መድቧል ተብሏል።"
summarisation|91#1,summarisation,,health,"ይህን ጽሑፍ በአጭሩ አጠቃልልልኝ።

በጥቅምት 5 ቀን 2015 ዓ.ም በሰሜን ተራራማ አካባቢ በሚገኘው ሸለቆ ከተማ ውስጥ የንጽህና አጠባበቅ ስልጠና በተሳካ ሁኔታ ተጠናቀቀ። በክልሉ የጤና ልማት ድርጅት አማካኝነት የተዘጋጀው ይህ ስልጠና በከተማዋ ለሚገኙ 150 ሴት አዛውንቶችና ወጣቶች እንዲሰጥ ተደርጓል። በስልጠናው ላይ ተሳታፊ የሆኑት ወይዘሮ ዘይነብ አሰፋ በንጹህ ውሃ አጠቃቀምና በሳሙና አጠቃቀም ዙሪያ ሰፊ ግንዛቤ ማግኘታቸውን በደስታ ገለጹ። ስልጠናውን የመሩት የጤና ባለሙያ አቶ ታደሰ በቀለ በየቤቱ የሚገኙ የቆሻሻ ጉድጓዶች በአግባቡ መዘጋት እንዳለባቸውና ለበሽታ መከላከያ መሆናቸውን አብራርተዋል። በከተማዋ ውስጥ የሚገኙ 40 ቤተሰቦች የንጽህና ቁሳቁሶችን በነጻ እንዲያገኙ የሚያስችል የድጋፍ ፕሮግራም በድርጅቱ አማካኝነት ተጀምሯል። የአካባቢው መስተዳድር በከተማዋ ውስጥ የሚገኙ የውሃ መቅጃ ጉድጓዶች በየሁለት ሳምንቱ በኬሚካል እንዲጸዱ አዲስ መመሪያ አውጥቷል። በስልጠናው ወቅት የተሰጡ የንጽህና መመሪያዎች በከተማዋ ውስጥ የሚታየውን የሆድ ዕቃ በሽታ መጠን በ30 በመቶ ለመቀነስ እንደሚረዱ ተገምቷል። የጤና ባለሙያዎች በየቀኑ በየመንደሩ በመዞር የቤት ውስጥ ንጽህና ሁኔታን በመመልከት አስፈላጊውን ምክርና ድጋፍ እየሰጡ ይገኛሉ።"
summarisation|92#1,summarisation,,health,"የሚከተለውን ምንባብ በአጭሩ አጠቃልል፡

በደቡብ ሸዋ ዞን የሚገኘው የዝቅተኛ ቦታ የጤና ማዕከል በታህሳስ አምስት ቀን በጀመረው የክትባት ዘመቻ በሰላምታ እና በስኬት እየተመራ ይገኛል። የጤና ማዕከሉ ዳይሬክተር ወይዘሮ አልማዝ አሰፋ እንደገለጹት በዘመቻው ወቅት እስካሁን ሰባት መቶ አዳዲስ ህፃናት ክትባት እንዲያገኙ ተደርጓል። ይህ የክትባት ዘመቻ በዞኑ ውስጥ የሚገኙ የጤና ተቋማት በሙሉ እንዲሳተፉ በማድረግ በሰፊው እንዲተገበር ተደርጓል። በዘመቻው ወቅት በየቀኑ አምሳ ሺህ ብር ለትራንስፖርት እና ለሌሎች ወጪዎች እንዲውል በክልሉ መንግስት በጀት ተመድቧል። የጤና ባለሙያዎች በየመንደሩ በመሄድ ለወላጆች ስለ ክትባት አስፈላጊነት እና ስለሚኖረው ጥቅም ዝርዝር ማብራሪያ እየሰጡ ነው። በዘመቻው ወቅት የሚታዩ የጎንዮሽ ጉዳቶችን ለመቆጣጠር በየጤና ጣቢያው የድንገተኛ ህክምና ክፍል ዝግጁ ሆኖ ተቀምጧል። የጤና ማዕከሉ የክትባት ቁሳቁሶች በብዛት መኖራቸውን እና ለተጠቃሚዎች በቂ መሆኑን በየቀኑ ይገልጻል። በዘመቻው ስኬት ላይ የአካባቢው ነዋሪዎች ያላቸው ንቁ ተሳትፎ ለስራው ትልቅ ጉልበት እየሰጠው መሆኑን መኮንኑ አክለዋል። በዘመቻው ወቅት የሚገኙ መረጃዎች በየሳምንቱ ለክልሉ የጤና ቢሮ በሪፖርት መልክ እንዲቀርቡ ተደርጓል። በክልሉ የሚገኙ አሥራ አንድ የጤና ጣቢያዎች ለዚህ ስራ የሚያስፈልጋቸውን የሰው ኃይል በሙሉ አሰማርተዋል። የክትባት ዘመቻው እስከ ጥር ወር መጨረሻ ድረስ እንዲቀጥል ታቅዶ የተዘጋጀ መሆኑን የጤና ማዕከሉ አስታውቋል። ይህ ስራ በክልሉ ያለውን የህፃናት ሞት መጠን በከፍተኛ ሁኔታ ለመቀነስ ትልቅ ሚና ይኖረዋል።"
summarisation|92#2,summarisation,,health,"ጽሑፉን አንብበሽ ማጠቃለያውን ጻፊ።

Context:
በምስራቅ አውራጃ የጤና ጥበቃ ቢሮ በሰኔ አሥራ ሁለት ቀን በጀመረው የክትባት ዘመቻ በሺዎች የሚቆጠሩ ነዋሪዎችን ማዕከል በማድረግ አገልግሎት እየሰጠ ነው። የቢሮው ኃላፊ አቶ ታደሰ ከበቀለ በሰጡት መግለጫ መሰረት በዘመቻው ወቅት በሺህ አምስት መቶ ህፃናት ላይ ክትባት ተደርጓል። ይህ ዘመቻ በዞኑ ውስጥ የሚገኙ አሥራ ስምንት ትላልቅ መንደሮችን እና አሥስት ትናንሽ መንደሮችን እንዲያካትት ተደርጓል። በዘመቻው ወቅት የሚሰጡት ክትባቶች በዓለም አቀፍ ደረጃ እውቅና ያላቸው እና አስተማማኝ መሆናቸውን ባለሙያዎች አረጋግጠዋል። የጤና ባለሙያዎች በየቀኑ በሰላም ከተማ በሚገኙ አሥር ማዕከላት ውስጥ በከፍተኛ ትኩረት ስራቸውን እየሰሩ ይገኛሉ። በዘመቻው ወቅት ለሚገኙ ወላጆች የጤና መረጃዎችን የሚያስተላልፉ አሥራ አምስት የጤና አጠባበቅ አማካሪዎች ተመድበዋል። የክትባት ቁሳቁሶች እና መድኃኒቶች በብዛት መኖራቸውን እና ለተጠቃሚዎች በቂ መሆኑን የጤና ቢሮው አረጋግጧል። በዘመቻው ወቅት የሚታዩ የጤና ችግሮችን ለመፍታት በየአካባቢው የድንገተኛ ጊዜ የህክምና ቡድኖች ተሰማርተዋል። የጤና ቢሮው በዘመቻው ወቅት የሚሰበሰቡ መረጃዎችን በመጠቀም ለወደፊት የጤና እቅዶች መሰረት እንደሚጥል ገልጿል። በዘመቻው ስኬት ላይ የአካባቢው ነዋሪዎች ያላቸው ንቁ ተሳትፎ ለስራው ትልቅ ጉልበት እየሰጠው መሆኑን መኮንኑ አክለዋል። በክልሉ የሚገኙ አሥራ አንድ የጤና ጣቢያዎች ለዚህ ስራ የሚያስፈልጋቸውን የሰው ኃይል በሙሉ አሰማርተዋል። የክትባት ዘመቻው እስከ ሐምሌ ወር መጨረሻ ድረስ እንዲቀጥል ታቅዶ የተዘጋጀ መሆኑን የጤና ቢሮው አስታውቋል።"
summarisation|93#0,summarisation,,health,"ጽሑፉን አንብበሽ ማጠቃለያውን ጻፊ።

Context:
ባለፈው ሰኞ በደብረ ማርቆስ ከተማ በሚገኘው የሰንዓ አረንጓዴ ገበያ ውስጥ በአንድ አነስተኛ የንግድ ድርጅት ሰራተኛ ላይ ከባድ የሙቀት መጋለጥ አደጋ ተከስቷል። በወቅቱ የነበረው የሙቀት መጠን ሰማይ ቀልጦ በሰማይ ላይ የነበረው የፀሐይ ብርሃን በጣም ከፍተኛ በመሆኑ ሰራተኛው በድንገት ራሱን ስቶ ወድቋል። የከተማዋ የጤና ባለሙያ የሆኑት አቶ በቀለ ተስፋዬ በአቅራቢያ ተገኝተው ወዲያውኑ የመጀመሪያ እርዳታ በመስጠት ሰራተኛውን በበረዶ ውሃ እና በንጹህ ጨርቅ ማቀዝቀዝ ጀምረዋል። የጤና ባለሙያው እንደገለጹት በሙቀት መጋለጥ ወቅት ሰውን ቀስ ብሎ ጥላ ስር ማድረጉ እና በትንሹ ውሃ ማጠጣት በጣም ወሳኝ እርምጃ ነው። ይህ አደጋ በከተማዋ ውስጥ ለሚገኙ የገበያ ነጋዴዎች በሙሉ ትልቅ ትምህርት የሰጠ እና ከፍተኛ ጥንቃቄ እንዲያደርጉ ያሳሰበ ክስተት ሆኗል።"
summarisation|93#1,summarisation,,health,"ለዚህ ጽሑፍ አጭር ማጠቃለያ ጻፍ።

Context:
በአባይ ወንዝ ዳርቻ በሚገኘው የዝንጅብል መንደር ውስጥ ትናንት ከሰዓት በኋላ በሁለት ወጣት ወንዝ አሳሽ ላይ በድንገት የቁስል አደጋ ደርሷል። አንድ ትልቅ ድንጋይ በድንገት ወደ ወንዙ ውስጥ በመውደቁ ምክንያት ወጣቶቹ በቁሰሉ ምክንያት ከፍተኛ የደም መፍሰስ ተጋጥሟቸዋል። በአካባቢው የሚገኙ የሰላም ተስፋ በጎ አድራጎት ድርጅት አባላት በአቅራቢያ በመገኘታቸው ወዲያውኑ ንጹህ ጨርቅ በመጠቀም የደም መፍሰሱን ለማቆም ጥረት አድርገዋል። የድርጅቱ የበላይ አስተዳዳሪ የሆኑት ወይዘሮ አልማዝ አበበ ቁስሉን በከፍተኛ ንጽህና መያዝ እና በከፍተኛ ፍጥነት ወደ ህክምና ማድረስ አስፈላጊ መሆኑን አሳስበዋል። ይህ አደጋ በአካባቢው ማህበረሰብ ዘንድ ስለ የመጀመሪያ እርዳታ አስፈላጊነት ሰፊ ግንዛቤ እንዲፈጠር ምክንያት ሆኗል።"
summarisation|93#2,summarisation,,health,"የጽሑፉን ዋና ሐሳብ በአጭሩ ግለጽ።

Context:
በአዲሱ ተስፋ ከተማ የትምህርት ማዕከል ውስጥ ባለፈው ማክሰኞ በሰባት ተማሪዎች ላይ በድንገት የድንገተኛ የትኩሳት እና የራስ ምታት ስሜት ተከስቷል። ተማሪዎቹ በክፍል ውስጥ ተቀምጠው ትምህርት እየተማሩ ሳለ በድንገት ከፍተኛ የሰውነት ሙቀት እና መፍዘዝ ማሳየት ጀምረው ነበር። የትምህርት ቤቱ የጤና ክፍል ኃላፊ የሆኑት አቶ ታደሰ ከበሬ በወቅቱ ተገኝተው ተማሪዎቹን በለስላሳ ውሃ ማበስ እና በዝቅተኛ ሙቀት ጥላ ስር ማቆየት ችለዋል። የጤና ባለሙያው እንደገለጹት ከፍተኛ ትኩሳት ሲከሰት ሰውነት እንዳይደርቅ በቂ ፈሳሽ መስጠት እና የሰውነት ሙቀትን መቀነስ መደረግ አለበት። ይህ ክስተት በትምህርት ቤቱ ውስጥ ለሚገኙ መምህራን እና ተማሪዎች ስለ ድንገተኛ ህክምና ግንዛቤ ለመስጠት ልዩ ስልጠና እንዲሰጥ ምክንያት ሆኗል።"
summarisation|94#0,summarisation,,science,"ጽሑፉን አንብበህ ዋናውን ሐሳብ በሁለት ወይም ሦስት ዓረፍተ ነገሮች ግለጽ።

ጽሑፍ፡ በሰኔ ፲፪ ቀን በወንጌል ከተማ የሚገኘው የዓባይ ተፋሰስ ጥናት ማዕከል አዲስ የውሃ ዑደት መረጃ አሳውቋል። የጥናቱ መሪ የሆኑት አቶ በቀለ ተስፋዬ እንደገለጹት በቅርብ ወራት ውስጥ በከፍተኛ ሁኔታ የትነት መጠን ጨምሯል። ይህ ለውጥ በክልሉ በሚገኙት የዞሬ ተራራዎች አካባቢ በሚታየው ከፍተኛ ሙቀት ምክንያት የመጣ መሆኑን ማዕከሉ አረጋግጧል። በሰሜን አቅጣጫ በሚገኙት የጥቁር አባይ ተፋሰስ ውስጥ ያለው እርጥበት ወደ ሰማይ መውጣቱ የዝናብ መዝነብ ሂደቱን አፋጥኖታል። የጥናት ቡድኑ በሰኔ ፲፭ ቀን ባደረጉት ምልከታ መሠረት በደመና መፈጠር ሂደት ላይ ከፍተኛ ለውጥ ታይቷል። ይህ ሁኔታ በከተማዋ አካባቢ ለሚገኙ ገበሬዎች የዝናብ ወቅት ቀደም ብሎ እንዲመጣ ትልቅ ተስፋ ሰጥቷል። የውሃው ትነት ወደ ደመናነት መቀየር በክልሉ የአየር ንብረት ለውጥ ላይ ያለውን ተጽዕኖ በግልጽ ያሳያል። ማዕከሉ በቀጣይ ወራት የዝናብ መጠን ምን ያህል እንደሚጨምር በዝርዝር ለመተንተን ስራውን እንደሚቀጥል ገልጿል።"
summarisation|94#1,summarisation,,science,"ጽሑፉን አንብበሽ ማጠቃለያውን ጻፊ።

Context:
በሐምሌ ፭ ቀን በደብረ ማርቆስ ከተማ በሚገኘው የሜትሮ ፊዚክስ ተቋም አንድ አዲስ የሳይንስ ሪፖርት ለህዝብ ይፋ ሆኗል። የተቋሙ ሳይንቲስት ወይዘሮ አልማዝ አሰፋ እንደገለጹት በከፍተኛ የደመና ክምችት ምክንያት የዝናብ መዝነብ ሂደት ተቀይሯል። በክልሉ በሚገኙት የሰማይ ተራራዎች ላይ ያለው የውሃ ትነት በከፍተኛ ሁኔታ በመጨመሩ የዝናብ መዝነብ እንዲፋጠን አድርጓል። ይህ ሂደት በሰሜን ኢትዮጵያ አካባቢ በሚገኙት የውሃ አካላት ላይ ከፍተኛ ተጽዕኖ እያሳደረ መሆኑን ሪፖርቱ ይገልጻል። በሪፖርቱ መሠረት በሰኔ ወር ውስጥ የታየው የሙቀት መጠን በሁለት ዲግሪ ሴልሺየስ መጨመሩ ለዚህ ምክንያት ነው። የውሃው ዑደት በከፍተኛ ፍጥነት መዞሩ በአካባቢው የአየር ንብረት ላይ ያልተጠበቀ ለውጥ እያመጣ መሆኑ ተጠቁሟል። ተቋሙ ይህንን ክስተት ለመከታተል በየቀኑ አዳዲስ የመሳሪያ ውጤቶችን እየሰበሰበ እንደሚገኝ ለህዝብ አሳውቋል። የሳይንስ ባለሙያዎች ይህ ሁኔታ በረጅም ጊዜ የአየር ንብረት ላይ የሚያመጣውን ተጽዕኖ በጥልቀት ማጥናት እንዳለባቸው አሳስበዋል።"
summarisation|94#2,summarisation,,science,"የሚከተለውን ጽሑፍ ዋና ዋና ነጥቦች ብቻ በመያዝ አጭር አድርገህ ግለጽ።

Context:
በነሐሴ ፲፰ ቀን በጎጃም አቅጣጫ በሚገኘው የሰላም ተፈጥሮ ጥበቃ ማዕከል አዲስ የአየር ንብረት መረጃ ተለቀቀ። የጥበቃ ማዕከሉ ኃላፊ አቶ ታደሰ ካሳ የውሃው ዑደት በክልሉ ውስጥ ያለውን መዋቅር እየቀየረው መሆኑን ገልጸዋል። በከፍተኛ የፀሐይ ሙቀት ምክንያት ከወንዞችና ከሐይቆች የሚነሳው የውሃ ትነት በከፍተኛ መጠን እየጨመረ መጥቷል። ይህ ትነት ወደ ሰማይ ወጥቶ ወደ ደመናነት መቀየር በክልሉ የዝናብ ሁኔታ ላይ ትልቅ ለውጥ አምጥቷል። በቅርቡ በተከናወነ ጥናት መሠረት በደመና መፈጠር ሂደት ላይ የሃያ በመቶ እድገት ታይቷል። ይህ ለውጥ በክልሉ ለሚገኙ የዱር እንስሳትና ለተፈጥሮ አካባቢዎች አዲስ የአየር ንብረት ሁኔታን ፈጥሯል። የውሃው ዑደት መፋጠን በዝናብ ወቅት መዘግየት ወይም መቅደም ላይ ቀጥተኛ ተጽዕኖ እንዳለው ተገልጿል። ማዕከሉ ይህንን ሁኔታ ለመቆጣጠርና ለገበሬዎች መረጃ ለመስጠት የሚያስችል አዲስ ፕሮግራም መጀመሩን አረጋግጧል።"
summarisation|95#1,summarisation,,science,"የሚከተለውን ጽሑፍ አጠቃልል።

Context:
በታላቁ አባይ ሸለቆ አቅራቢያ በሚገኘው የዘመናዊ ግብርና ማዕከል ውስጥ በቅርቡ የተካሄደው የዕፅዋት ጥናት አስደናቂ ግኝቶችን ይዞ ቀርቧል። የጥናቱ አስተባባሪ የሆኑት ወይዘሪት ሳራ ተክሌ በሰኔ ፭ ቀን ባደረጉት መግለጫ ዕፅዋት እንዴት አፈርና ውሃን ተጠቅመው እንደሚኖሩ አብራርተዋል። በምርምሩ ወቅት በ፲፭ የተለያየ የዕፅዋት ዝርያዎች በመጠቀም በብርሃንና በሙቀት መካከል ያለውን ግንኙነት መርምረዋል። ዕፅዋት በቅጠላቸው ውስጥ ያለውን አየር በመጠቀም ስኳርና ኃይል ማመንጨት የሚችሉበትን ምስጢራዊ መንገድ ሳይንቲስቶቹ አግኝተዋል። በምርምር ሂደቱ ወቅት በ፳፬ ሰዓታት ውስጥ የተመዘገበው የኦክስጅን መጠን የዕፅዋት እንቅስቃሴን በግልጽ ያሳያል። ማዕከሉ ለዚህ ለተካሄደው ጥናት ፯ መቶ ሺህ ብር የሚያወጣ የላብራቶሪ መሣሪያዎችን በቅርቡ ገዝቶ ለሥራ እንዲውል አድርጓል። በምርምሩ ውጤት መሠረት የውሃ መጠን ሲቀንስ የዕፅዋት የምግብ ማዘጋጃ ሂደት እንደሚጓደል ተረጋግጧል። የሳይንስ ተመራማሪዎቹ በከተማዋ ውስጥ የሚገኙ የቤት ውስጥ ተክሎች ለቤት ውስጥ አየር ንጽሕና ያላቸውን ሚና አጉልተዋል። በዝግጅቱ ላይ የተገኙት የግብርና ባለሙያዎች ይህ ጥናት ለተሻለ ምርት መሠረት እንደሚሆን ገልጸዋል። የጥናቱ ውጤት በወሩ መጨረሻ ለሕዝቡ በሰፊው እንዲታወቅ በታላቁ መጽሔት ላይ እንዲታተም ተወስኗል። ይህ ሳይንሳዊ ጉዞ በሀገሪቱ ውስጥ ለሚገኙ የዕፅዋት ተመራማሪዎች አዲስ ተስፋን የፈጠረ መሆኑ ተነግሯል።"
summarisation|95#2,summarisation,,science,"ጽሑፉን አንብበህ ዋናውን ሐሳብ በሁለት ወይም ሦስት ዓረፍተ ነገሮች ግለጽ።

ጽሑፍ፡ በሰሜን ኢትዮጵያ በሚገኘው የሰንጋ ተራራ አካባቢ በታላቁ የዕፅዋት ማኅበር የተዘጋጀው የሳይንስ ጉዞ ውጤት ለሕዝብ ተላልፏል። የጉዞው መሪ የሆኑት አቶ ካሳሁን በቀለ በሰኔ ፲፭ ቀን ባደረጉት ጉዞ ዕፅዋት ከፀሐይ ብርሃን የሚቀበሉትን ኃይል በዝርዝር አብራርተዋል። በጉዞው ወቅት በ፲፪ የተለያዩ የጫካ ተክሎች ላይ የተደረገው ምልከታ የፎቶሲንተሲስን ሂደት በተግባር ለማሳየት አስችሏል። ተክሎች ካርቦን ዳይኦክሳይድን ወደ ኦክስጅን በመለወጥ ለአካባቢው ንጹሕ አየር እንደሚሰጡ በምልከታ ተረጋግጧል። ማኅበሩ ለዚህ የሳይንስ ጉዞ ፲፯ ወጣት ተመራማሪዎችን በመመልመል በነፃ እንዲሳተፉ አድርጓል። በምርምሩ ወቅት የተገኙት መረጃዎች ዕፅዋት በጨለማ ጊዜ ያላቸውን የኃይል አጠቃቀም ሁኔታም ጭምር ያካትታሉ። የሳይንስ ባለሙያዎቹ በጫካ ውስጥ የሚገኙ ትልልቅ ዛፎች ለዓለም የአየር ንብረት መረጋጋት ያላቸውን ሚና አጽንኦት ሰጥተዋል። በጉዞው ላይ የተሳተፉት ተማሪዎች ስለ ተፈጥሮ ሚስጥራት ሰፊ ግንዛቤ ማግኘታቸውን ገልጸዋል። ማኅበሩ ለዚህ ተግባር ፪ ሚሊዮን ብር የሚያወጣ የጥናት ፈንድ ለተመራማሪዎቹ አቅርቧል። በጉዞው ማጠቃለያ ላይ የተደረገው ውይይት በዕፅዋት ጥበቃ ላይ ትኩረት እንዲደረግ ጥሪ አቅርቧል። ይህ ሳይንሳዊ እንቅስቃሴ በክልሉ ውስጥ ለሚገኙ ትምህርት ቤቶች ትልቅ የትምህርት ምንጭ እንደሚሆን ተገልጿል።"
summarisation|96#0,summarisation,,science,"ይህን ጽሑፍ በአጭሩ አጠቃልልልኝ።

የሰውነታችን የደም ዝውውር ሥርዓት በልብ አማካኝነት በሰውነታችን ውስጥ ያለውን ኦክስጅን እና አስፈላጊ ንጥረ ነገሮች ለሁሉም ሕዋሳት በፍጥነት ያደርሳል። ልብ እንደ ፓምፕ በመሥራት ደምን በደም ሥሮች ውስጥ በከፍተኛ ጫና እንዲፈስ በማድረግ የሕይወት አስፈላጊነትን ያረጋግጣል። ደም በሰውነታችን ውስጥ ሲዘዋወር የተረፈውን ካርቦን ዳይኦክሳይድ ከሕዋሳት በመሰብሰብ ወደ ሳንባ እንዲመለስ በማድረግ ለትነፋሽ ሂደት ይረዳል። ይህ ሂደት በሰውነታችን ውስጥ ያለውን የሙቀት መጠን ለማስተካከል እና በሽታ የመከላከል አቅምን ለመገንባት ትልቅ ሚና ይጫወታል። የደም ሥሮች ደግሞ እንደ መስመር በመሆን ደም ያለ ምንም መቆራረጥ ወደ ተለያዩ የአካል ክፍሎች እንዲደርስ ያደርጋሉ። ስለዚህ የልብ እና የደም ሥር ጤንነት ለሰው ልጅ አጠቃላይ የጤና ሁኔታ እጅግ በጣም ወሳኝ የሆነ ጉዳይ ነው።"
summarisation|97#1,summarisation,,science,"ይህ ጽሑፍ ምን እንደሚናገር በአጭሩ አስረዳ።

Context:
የኤሌክትሪክ ኃይልን ለማመንጨት የምንጠቀምባቸው የተለያዩ ዘዴዎች በዓለም ላይ በሁለት ዋና ዋና ዘርፎች ተከፍለው ሊታዩ ይችላሉ። አንደኛው ዘርፍ ታዳሽ ያልሆኑ የኃይል ምንጮችን ሲጨምር ሁለተኛው ደግሞ ዘላቂ የሆኑ ታዳሽ የኃይል ምንጮችን ያካትታል። ከነዳጅና ከጋዝ የሚገኘው ኃይል ከፍተኛ መጠን ያለው ኤሌክትሪክ ቢያመጣም ከፍተኛ የአየር ብክለት ያስከትላል። በሌላ በኩል የፀሐይ ብርሃንና የውሃ ኃይልን በመጠቀም የሚመነጭ ኤሌክትሪክ ለአካባቢ በጣም ንጹህ ነው። የፀሐይ ፓነሎች የፀሐይን ብርሃን በቀጥታ ወደ ኤሌክትሪክ በመቀየር ለቤት ውስጥ አገልግሎት እንዲውል ያደርጋሉ። የንፋስ ኃይል ተርባይኖች ደግሞ በንፋስ ግፊት አማካኝነት ሜካኒካዊ ኃይልን ወደ ኤሌክትሪክ ይለውጣሉ። እነዚህ የኃይል ምንጮች በየአካባቢው ባለው የተፈጥሮ ሁኔታ ላይ ተመስርተው በስፋት ጥቅም ላይ ሊውሉ ይችላሉ። የኃይል ምርት ስርአቱን ዘመናዊ በማድረግና አዳዲስ ቴክኖሎጂዎችን በመጠቀም የኃይል እጥረትን መቅረፍ ይቻላል።"
summarisation|97#2,summarisation,,science,"ጽሑፉን አንብበህ ዋናውን ሐሳብ በሁለት ወይም ሦስት ዓረፍተ ነገሮች ግለጽ።

ጽሑፍ፡ የኤሌክትሪክ ኃይል አጠቃቀምና ስርጭት በዓለም አቀፍ ደረጃ ለኢኮኖሚ እድገትና ለተግባራዊ ምቾት ትልቅ አስተዋጽኦ አለው። የኤሌክትሪክ ኃይልን በብቃት ለመጠቀም የኃይል ማከማቻ ዘዴዎችና ባትሪዎች በቴክኖሎጂው ዘርፍ ትልቅ ለውጥ አምጥተዋል። የኃይል መረብ ስርጭት ሲታይ ከኃይል ማመንጫ ጣቢያዎች ተነስቶ እስከ ተጠቃሚዎች ድረስ በረጅም ርቀት ይጓዛል። በዚህ ሂደት ውስጥ የሚከሰት የኃይል ብክነት ለመቀነስ ዘመናዊ የኤሌክትሪክ ማስተላለፊያ መስመሮችን መጠቀም አስፈላጊ ነው። የኃይል ፍላጎት በየዓመቱ እየጨመረ በመምጣቱ የኃይል አቅርቦትን ለማሳደግ የተለያዩ የጥናት ስራዎች እየተከናወኑ ነው። የኤሌክትሪክ ኃይልን በቁጠባ መጠቀም የግል ወጪን ከመቀነስ ባለፈ አጠቃላይ የሀገርን የኃይል አቅርቦት ይጠብቃል። የኃይል ቴክኖሎጂዎች መሻሻል ለኤሌክትሪክ ተሽከርካሪዎችና ለሌሎች ዘመናዊ መሣሪያዎች መስፋፋት ትልቅ መሠረት ሆኗል። የወደፊቱ የኃይል world ግንባታ በታዳሽና በዘላቂ የኃይል ምንጮች ላይ የተመሰረተ መሆኑ አይቀሬ ነው።"
summarisation|98#0,summarisation,,science,"እባክዎን ይህን ጽሑፍ በአጭሩ ያጠቃልሉ።

Context:
በሰኔ ፲፪ ቀን በዓለም አቀፍ የጠፈር ምርምር ማዕከል ውስጥ የባህር ዳር ኮከብ ተመራማሪዎች አዲስ የጠፈር አካል አግኝተዋል። ይህ አዲስ አካል በፀሐይ ሥርዓት ውስጥ ከጁፒተር ፕላኔት ርቀት ላይ የሚገኝ ሲሆን በብርሃን ፍጥነት በጣም ፈጣን እንቅስቃሴ ያሳያል። የጥናቱ መሪ የሆኑት ዶክተር አበበ በቀለ እንደገለጹት ይህ አካል በውስጡ ከፍተኛ መጠን ያለው የድንጋይ እና የብረት ድብልቅ ይዟል። በቅርቡ በተደረገው የቴሌስኮፕ ምርመራ መሰረት አካሉ በሰማይ ላይ በየሰከንዱ አምስት ኪሎ ሜትር ያህል ይጓዛል። የኮከብ መመልከቻ ማዕከሉ በሰጠው መረጃ መሰረት ይህ ግኝት በጠፈር ሳይንስ ታሪክ ውስጥ ትልቅ ለውጥ ያመጣል። የጠፈር ተመራማሪዎች ቡድኑ ይህ አካል ከሌሎች ከዋክብት ጋር ያለውን ግንኙነት ለመረዳት ጥልቅ ምርምር እያደረጉ ነው። በጠፈር ውስጥ የሚገኙት የጠብታ ኮከቦች ስብስብ ይህንን አዲስ አካል በቅርበት ለመከታተል ልዩ መሣሪያዎችን አዘጋጅቷል። የሳይንስ ተቋሙ የባህር ዳር ኮከብ መረጃዎችን ለዓለም አቀፍ የጠፈር ኮሚቴ በዝርዝር ማቅረብ መጀመሩን አስታውቋል። ይህ ግኝት በጠፈር ውስጥ ያሉ ሌሎች ድንገተኛ እንቅስቃሴዎችን ለመረዳት ትልቅ ዕውቀት እንደሚሰጥ ተገልጿል። ተመራማሪዎቹ በቀጣይ ወር ውስጥ ተጨማሪ የብርሃን ትንተናዎችን ለማድረግ በታላቅ ተስፋ እየተጠባበቁ ይገኛሉ። ይህ አዲስ ግኝት የሰው ልጅ ስለ ጠፈር ያለውን ግንዛቤ ወደ ላቀ ደረጃ እንደሚያሸጋግረው ይታመናል።"
summarisation|98#1,summarisation,,science,"ጽሑፉን አንብበሽ ማጠቃለያውን ጻፊ።

Context:
በታኅሣሥ ፭ ቀን በሰሜን ኮከብ ተራራ ላይ በሚገኘው የጂኦሎጂ ተቋም ውስጥ አዲስ የመሬት ንዝረት ጥናት ተካሂዷል። የጥናቱ ውጤት እንደሚያሳየው በዚያ አካባቢ የሚገኙት የድንጋይ ንጣፎች በከፍተኛ ፍጥነት እየተንቀሳቀሱ መሆናቸውን አረጋግጧል። የጂኦሎጂ ባለሙያው አቶ ታደሰ ካሳ የገለጹት ይህ ንዝረት በየቀኑ በአማካይ ሁለት ሚሊ ሜትር እየጨመረ መሄዱን ነው። በቦታው ላይ የሚገኙት የሳይንስ ሊቃውንት ይህ ሁኔታ ወደ ትልቅ የመሬት መንሸራተት ሊያመራ እንደሚችል አስጠንቅቀዋል። ተቋሙ በቦታው ላይ የንዝረት መለኪያ መሣሪያዎችን በመትከል በየሰዓቱ መረጃዎችን ለዋናው መሥሪያ ቤት እየላከ ይገኛል። በቦታው ላይ የሚገኙት የአካባቢ ነዋሪዎች በድንገት የሚሰሙትን ድምፅና የመሬት መነቃነቅ በከፍተኛ ስጋት እየተከታተሉት ነው። የሳይንስ ቡድኑ በቦታው ላይ የድንጋይ ናሙናዎችን በመውሰድ የውስጥ መዋቅሩን ለመመርመር ከፍተኛ ጥረት እያደረገ ነው። ይህ የተፈጥሮ ክስተት በምድር ውስጥ ባለው የሙቀት መጠን መጨመር ምክንያት ሊከሰት እንደሚችል ተገምቷል። የጂኦሎጂ ተቋሙ በየሳምንቱ አዲስ መረጃዎችን ለሕዝብ በማሳወቅ ስለ ሁኔታው ግንዛቤ ለመስጠት እየሠራ ነው። ተመራማሪዎቹ በቦታው ላይ የሚታዩትን ስንጥቆች በቅርብ ለመከታተል ልዩ የድሮን መሣሪያዎችን እየተጠቀሙ ነው። ይህ ጥናት ወደፊት የመሬት ንዝረትን ለመተንበይ የሚያስችሉ አዳዲስ ዘዴዎችን ለመፍጠር ይረዳል።"
summarisation|98#2,summarisation,,science,"የሚከተለውን ጽሑፍ አጠቃልል።

Context:
በካቲት ፳ ቀን በደቡብ ሰማይ የሥነ-ፈለክ ማዕከል ውስጥ የንፋስ ፍጥነት ጥናት በከፍተኛ ደረጃ ተጠናቋል። የጥናቱ ውጤት እንደሚያሳየው በከፍተኛ ከባቢ አየር ውስጥ የሚገኙት ነፋሳት በሰዓት አምስት መቶ ኪሎ ሜትር ይጓዛሉ። የጥናቱ አስተባባሪ የሆኑት ወይዘሪት ሳራ በቀለ ይህ ፍጥነት ከወትሮው በሁለት እጥፍ እንደሚበልጥ ገልጻለች። ይህ ከፍተኛ የንፋስ ፍጥነት በከባቢ አየር ውስጥ ባለው የጋዝ ስብጥር ላይ ተጽዕኖ እያሳደረ መሆኑ ተረጋግጧል። የሥነ-ፈለክ ማዕከሉ በቦታው ላይ የንፋስ መለኪያ ጣቢያዎችን በመገንባት መረጃዎችን ለሦስት ወራት ሲሰበስብ ቆይቷል። በነፋሱ ምክንያት የሚፈጠረው የሙቀት ለውጥ በከባቢ አየር ላይ ያለውን የንፋስ አቅም ይበልጥ እየጨመረው ነው። ሳይንቲስቶች ይህ ሁኔታ በሌሎች ፕላኔቶች ላይ ያለውን የአየር ሁኔታ ለመረዳት እንደ ትልቅ ዕድል ይመለከቱታል። የጥናቱ ውጤት በዓለም አቀፍ የሳይንስ መጽሔት ላይ በሰፊው እንዲታተም ዝግጅት እየተደረገ ይገኛል። ማዕከሉ በነፋሱ ምክንያት ሊከሰቱ የሚችሉ የጠፈር ክስተቶችን ለመከላከል የጥንቃቄ እርምጃዎችን እየወሰደ ነው። ይህ ጥናት በከባቢ አየር ውስጥ ያለውን የንፋስ እንቅስቃሴ በዝርዝር ለመረዳት የሚያስችል መረጃ ሰጥቷል። ተመራማሪዎቹ በቀጣይ የንፋስ ፍጥነትን የሚተነብይ አዲስ የኮምፒውተር ሞዴል ለመገንባት አቅደዋል።"
summarisation|99#0,summarisation,,science,"ከዚህ በታች ያለውን ጽሑፍ በ2-3 ዓረፍተ ነገሮች አጠቃልለው።

Context:
በኢትዮጵያ የገበያ አካባቢዎች ውስጥ በብዛት ጥቅም ላይ የሚውለው የሎሚ ጭማቂ በምግብ ውስጥ ያለውን የብረት ንጥረ ነገር ሰውነት እንዲመጥ ይረዳል። የሎሚ ውስጥ ያለው ሲትሪክ አሲድ በምግብ ውስጥ ካሉ ማዕድናት ጋር በመገናኘት የሆድ ዕቃ ውስጥ ያለውን መ absorbsion ሂደት ያፋጥናል። ብዙ ሰዎች በምግብ ወቅት የሎሚ ጭማቂን መጠቀም ለጤና ጠቃሚ መሆኑን በልምድ ያውቃሉ። ይህ የኬሚስትሪ ሂደት በሰውነታችን ውስጥ ያለውን የደም መጠን ለመጨመር ትልቅ ሚና ይጫወታል። ስለዚህ በምግብ አዘገጃጀት ወቅት የሎሚ አጠቃቀምን ማሳደግ ለጤናማ አመጋገብ በጣም አስፈላጊ ነው።"
summarisation|99#1,summarisation,,science,"እባክዎን ይህን ጽሑፍ በአጭሩ ያጠቃልሉ።

Context:
በቤት ውስጥ የምንጠቀመው የዳቦ ማውጫ ወይም የዳቦ መጋገሪያ በውስጡ የካርቦን ዳይኦክሳይድ ጋዝ እንዲያመነጭ ያደርጋል። ይህ ጋዝ በዱቄቱ ውስጥ ባለው እርሾ አማካኝነት የሚፈጠር የኬሚካላዊ ምላሽ ውጤት ነው። በሙቀት ወቅት ጋዙ ወደ ላይ በመውጣት በዱቄቱ ውስጥ ትናንሽ ቀዳዳዎችን በመፍጠር ዳቦው እንዲነፋ ያደርገዋል። ይህ ሂደት ዳቦው ለስላሳ እና ለስላሳ እንዲሆን የሚያደርግ መሰረታዊ የሳይንስ መርህ ነው። ያለዚህ የኬሚካላዊ ለውጥ ዳቦው ጠንካራ እና እንደ ድንጋይ ያለ ሆኖ ይቀርባል።"
summarisation|100#0,summarisation,,agriculture,"ጽሑፉን አንብበህ ዋናውን ሐሳብ በሁለት ወይም ሦስት ዓረፍተ ነገሮች ግለጽ።

ጽሑፍ፡ በሰኔ ፲፪ ቀን በታላቁ አባይ ሸለቆ ውስጥ በሚገኘው አርሶ አደር ማሞ በቀለ መሪነት የተመሰረተው የአረንጓዴ እርሻ ማህበር አዲስ የጤፍ ምርት ስታንዳርድ አውጥቷል። ይህ ድርጅት በዘመናዊ የዘር ምርጫ ዘዴ በመታገዝ በአንድ ሄክታር መሬት ላይ ከ auparavant በነበረው መጠን በሃያ አምስት በመቶ የሚበልጥ ምርት ለማምረት አቅዷል። በቅርቡ በተከናወነው የሙከራ ወቅት በሰሜን ኮረብታማ አካባቢዎች በዘመኑ የቴክኖሎጂ ድጋፍ የታገዘ የጤፍ ምርት በዘጠኝ ቶን መመዝገቡ ተገልጿል። የድርጅቱ ዋና ስራ አስኪያጅ አቶ በቀለ ተስፋዬ እንደገለጹት ይህ አዲስ ዘዴ የአፈር ለምነትን ሳይቀንስ ምርታማነትን ለመጨመር ትልቅ ሚና ይጫወታል። ማህበሩ በዓመቱ መጨረሻ ላይ ለአምስት መቶ አርሶ አደሮች የዘር ማከፋፈያ ፕሮግራም ለመጀመር በታላቅ ተስፋ እየተዘጋጀ ይገኛል። አዲሱ የጤፍ ዝርያ የአየር ንብረት ለውጥን የመቋቋም ከፍተኛ አቅም እንዳለው በባለሙያዎች ጥናት ተረጋግጧል። ይህ ስራ በክልሉ ውስጥ ያለውን የጥራጥሬ ምርት በከፍተኛ ሁኔታ ለማሳደግ እና ለገበያ ዝግጁ ለማድረግ ታስቦ የተዘጋጀ ነው።"
summarisation|100#1,summarisation,,agriculture,"ከዚህ በታች ያለውን ጽሑፍ በ2-3 ዓረፍተ ነገሮች አጠቃልለው።

Context:
በጥቅምት ፭ ቀን በደቡብ ሸለቆ በሚገኘው የንጋት ገበያ ከተማ ውስጥ የገበሬዎች ጥምረት የገብስ እና የጤፍ ምርት ዋጋን ለመቆጣጠር አዲስ መመሪያ አውጥቷል። የጥምረቱ አስተባባሪ ወይዘሮ አልማዝ አሰፋ እንደገለጹት በዘንድሮው የሰብል ምርት ወቅት በገበያው ውስጥ ያለው የጤፍ አቅርቦት በሰላሳ በመቶ ጨምሯል። ይህ የዋጋ መረጋጋት በክልሉ ለሚገኙ አምስት መቶ ተከታታይ አርሶ አደሮች የተሻለ የገቢ ምንጭ እንዲኖራቸው ያደርጋል። በቅርቡ በተካሄደው የገበያ ጥናት መሰረት የገብስ ምርት በሺህ አምስት መቶ ኩንታል ከፍ ብሎ መመዝገቡ ተረጋግጧል። የጥምረቱ የቴክኒክ ቡድን አባላት በየወሩ የአፈር ጥራት ምርመራ በማድረግ ለገበሬዎች ነፃ ምክር እንዲሰጡ ተደርጓል። ይህ አሰራር በአካባቢው የሚገኙ አነስተኛ አርሶ አደሮች ዘመናዊ የግብርና መሳሪያዎችን እንዲጠቀሙ ከፍተኛ መነሳሳትን ፈጥሯል። የገበሬዎች ጥምረቱ በቀጣይ ዓመት በሁለት መቶ አዳዲስ አርሶ አደሮችን ለማቀላቀል እና የገበያ ትስስርን ለማጠናከር እያሰበ ነው።"
summarisation|100#2,summarisation,,agriculture,"እባክዎን ይህን ጽሑፍ በአጭሩ ያጠቃልሉ።

Context:
በካቲት ፳ ቀን በምስራቅ ሜዳዎች በሚገኘው የሰማይ ሰማያዊ እርሻ ማዕከል የ céréal ምርት ማሳደጊያ ስልት ላይ አዲስ ጥናት ተጠናቋል። የጥናቱ ተካፋይ የሆኑት የሰማይ ሰማያዊ ተመራማሪዎች በጤፍ እና በገብስ ምርት ላይ የውሃ አጠቃቀምን የሚቀንስ ዘዴ አግኝተዋል። ይህ አዲስ የውሃ አጠቃቀም ዘዴ በዓመት ውስጥ የሚባክነውን የውሃ መጠን በአርባ በመቶ ለመቀነስ ያስችላል ተብሏል። በምርምሩ ወቅት በሰባት መቶ ሄክታር መሬት ላይ የተደረገው ሙከራ እጅግ ውጤታማ መሆኑን የጥናቱ መሪ አቶ ዮናስ አረጋዊ ገልጸዋል። አዲሱ ዘዴ የአፈርን እርጥበት ሳይቀንስ ምርታማነትን ለማሳደግ የሚያስችል የዘመናዊ መስኖ አጠቃቀምን ያካትታል። ማዕከሉ ይህንን አዲስ ቴክኖሎጂ ለክልሉ አርሶ አደሮች በቅናሽ ዋጋ ለማቅረብ ከባንክ ጋር ስምምነት ላይ ደርሷል። በዘንድሮው የሰብል ወቅት የሚጠበቀው አጠቃላይ ምርት ከባለፈው ዓመት በሃያ በመቶ እንደሚጨምር ተተንብዮአል። ይህ ስራ በክልሉ የግብርና ዘርፍ ውስጥ ትልቅ ለውጥ እንደሚያመጣ የግብርና ባለሙያዎች በልበ ሙሉነት ይናገራሉ።"
summarisation|102#0,summarisation,,agriculture,"ይህን ጽሑፍ በአጭሩ አጠቃልልልኝ።

በሰኔ ፲፪ ቀን በወንጌል ከተማ የሚገኘው የአርሶ አደር ማህበር አዲስ የአፈር ጥበቃ ዘዴን ተግባራዊ ለማድረግ ፭ ሚሊዮን ብር መድቧል። የዚህ ፕሮጀክት ዋና ዓላማ በጎጃም ተራራማ አካባቢዎች የሚገኙ መሬቶችን ከጎርፍ መሸርሸር ለመከላከል ሰፊ የድንጋይ ግንቦችን መገንባት ነው። የፕሮጀክቱ አስተባባሪ አቶ በቀለ ተስፋዬ እንደገለጹት በዘንድሮው የዝናብ ወቅት የሚደርሰውን ጉዳት ለመቀነስ ይህ እርምጃ ወሳኝ ነው። ማህበሩ በአካባቢው ለሚገኙ ፪ መቶ አርሶ አደሮች የአፈር ጥበቃ ስልጠናዎችን በነፃ ለመስጠት አቅዷል። ይህ ስራ በሰሜን ተራራማ ክፍሎች ላይ ያለውን የአፈር ለምነት ለመጠበቅ ከፍተኛ አስተዋጽኦ ይኖረዋል። በመጪው ዓመት ውስጥ ተጨማሪ ፲ ሚሊዮን ብር ለተጨማሪ ስራዎች ለማሰባሰብ እቅድ ተይዟል።"
summarisation|102#1,summarisation,,agriculture,"ይህ ጽሑፍ ምን እንደሚናገር በአጭሩ አስረዳ።

Context:
የአባይ ሸለቆ የእርሻ ልማት ድርጅት በሐምሌ ፭ ቀን በጀመረው አዲስ መርሃ ግብር መሠረት በ፪ ሺህ ሰባት መሬት ላይ የዛፍ ተከላ አድርጓል። የድርጅቱ ስራ አስኪያጅ ወይዘሪት ሳራ አበበ እንደገለጹት ይህ ተግባር የአፈር መሸርሸርን በ፸ በመቶ ለመቀነስ ይረዳል። በቅርቡ በተከሰተው ድርቅ ምክንያት የተጎዱትን መሬቶች ለመመለስ የድንጋይ አጥር እና የውሃ መቆያ ጉድጓዶች ተቆፍረዋል። በአዲሱ ስልት መሰረት በየዓመቱ ፭ ሺህ አዳዲስ ችግኞች በየክልሉ ተተክለው እንዲጠበቁ ይደረጋል። ይህ የልማት ስራ በክልሉ የሚገኙ ፬ መቶ ቤተሰቦችን የኑሮ ሁኔታ ለማሻሻል ታስቦ የተዘጋጀ ነው። የድርጅቱ ባለሙያዎች የአፈር ጥበቃ ስልቶችን ለገበሬዎች በየሳምንቱ የማስተማር ስራ እየሰሩ ይገኛሉ።"
summarisation|102#2,summarisation,,agriculture,"የሚከተለውን ምንባብ በአጭሩ አጠቃልል፡

በጥቅምት ፳ ቀን በዘመናዊ ግብርና ተቋም ስር የተመሰረተው አዲስ የጥናት ማዕከል ስለ አፈር ጥበቃ አዲስ መረጃ አውጥቷል። ማዕከሉ ባካሄደው ጥናት መሰረት በደቡብ ሸለቆ አካባቢ የሚገኙ ፯ መቶ ሄክታር መሬቶች ከፍተኛ የአፈር መሸርሸር ስጋት ተጋርጦባቸዋል። የጥናቱ መሪ አቶ ታደሰ ካሳ እንደገለጹት የደን ሽፋንን በመጨመር እና እርጥበትን በመጠበቅ ችግሩን መቅረፍ ይቻላል። ተቋሙ ለዚህ ስራ ፪ ሚሊዮን ዶላር በዓለም አቀፍ ድጋፍ ማሰባሰብ ችሏል። በአካባቢው የሚገኙ አርሶ አደሮች የድንጋይ ግንቦችን በመገንባት እና የውሃ መውረጃ ቦዮችን በመስራት ስራውን እየተባበሩ በመስራት ላይ ናቸው። ይህ ሳይንሳዊ አካሄድ የአፈር ለምነትን ለረጅም ጊዜ ለመጠበቅ ትልቅ ተስፋ ይሰጣል።"
summarisation|104#0,summarisation,,agriculture,"የሚከተለውን ጽሑፍ ዋና ዋና ነጥቦች ብቻ በመያዝ አጭር አድርገህ ግለጽ።

Context:
በኢትዮጵያ የግብርና ዘርፍ ውስጥ የውሃ አጠቃቀም በጣም ወሳኝ የሆነ እና የገንዘብ ምንጭ የሆነ የኢኮኖሚ እንቅስቃሴ ነው። በአብዛኛው የዝናብ ውሃ ላይ ጥገኝነት መኖሩ በድርቅ ወቅት ምርታማነት እንዲቀንስ እና የምግብ ዋስትና እንዲታወክ ያደርጋል። ዘመናዊ የመስኖ ዘዴዎችን በመጠቀም የውሃ ብክነትን መቀነስ እና የአፈር እርጥበትን በአግባቡ መቆጣጠር ለገበሬዎች ትልቅ ፋይዳ አለው። ጠብታ መስኖ ዘዴ በውሃ አጠቃቀም ረገድ ከፍተኛ ውጤት የሚያስገኝ እና ለትንንሽ የአትክልት እርሻዎች በጣም ተስማሚ የሆነ ዘዴ ነው። በውሃ መፍሰሻ ቦዮች አማካኝነት የሚደረግ የባህላዊ መስኖ አሰራር ግን ብዙ ውሃ በማባከኑ ምክንያት የአፈር መሸርሸርን ሊያስከትል ይችላል። የከርሰ ምድር ውሃን በፓምፕ በመጠቀም ማውጣት ለረጅም ጊዜ የሚቆይ የውሃ አቅርቦት ለማግኘት ትልቅ ዕድል ይሰጣል። የውሃ ማጠራቀሚያ ስምባዎች እና አነስተኛ ግድቦች በየአካባቢው ለሚገኙ ማህበረሰቦች የውሃ ፍላጎትን ለማሟላት ከፍተኛ ሚና ይጫወታሉ። የአየር ንብረት ለውጥ በየዓመቱ የሚመጣውን የዝናብ መጠን ስለሚቀንስ የውሃ አያያዝ ስልቶችን ማሻሻል የግድ ይላል። የውሃ አጠቃቀምን በተመለከተ በገበሬዎች መካከል ግንዛቤ መፍጠር እና አዳዲስ ቴክኖሎጂዎችን ማስተዋወቅ ለግብርናው እድገት አስፈላጊ ነው። የውሃ ሀብትን በዘላቂነት ለመጠቀም የውሃ መቆጠቢያ ዘዴዎችን ማላመድ ለቀጣይ ትውልድ የምግብ ዋስትናን ያረጋግጣል። በመሆኑም የመስኖ ልማት ላይ ትኩረት ማድረግ የሀገሪቱን የኢኮኖሚ መዋቅር ለማጠናከር እና ድህነትን ለመቀነስ ይረዳል።"
summarisation|104#1,summarisation,,agriculture,"የሚከተለውን ጽሑፍ ዋና ዋና ነጥቦች ብቻ በመያዝ አጭር አድርገህ ግለጽ።

Context:
በኢትዮጵያ ደጋማ እና ዝቅተኛ ቦታዎች ላይ የሚገኙ የግብርና ማህበረሰቦች ለውሃ አቅርቦት ያላቸው ጥገኝነት ከፍተኛ ደረጃ ላይ ይገኛል። በዝናብ ወቅት የሚገኘውን ውሃ በአግባቡ ማከማቸት አለመቻል በድርቅ ወቅት ከፍተኛ የምርት መጥፋት ምክንያት ይሆናል። የውሃ መቆጠቢያ ጉድጓዶችን በመቆፈር እና በትንንሽ ግድቦች አማካኝነት የውሃ ፍላጎትን ማሟላት ይቻላል። የጠብታ መስኖ ቴክኖሎጂ በውሃ አጠቃቀም ረገድ ያለውን ብክነት በመቀነስ ለተክሎች አስፈላጊውን እርጥበት በትክክል እንዲደርሳቸው ያደርጋል። በውሃ መፍሰሻ ቦዮች የሚከናወኑ የባህላዊ መስኖ ስራዎች ለተክሎች በቂ ውሃ ባያቀርቡም ከፍተኛ የውሃ ብክነትን ያስከትላሉ። የከርሰ ምድር ውሃን በዘመናዊ ፓምፖች ማውጣት ለረጅም ጊዜ የሚቆይ የውሃ ምንጭ ለማግኘት ትልቅ መፍትሄ ነው። የውሃ አጠቃቀምን በተመለከተ በየአካባቢው የሚገኙ የግብርና ባለሙያዎች ለገበሬዎች ስልጠና መስጠት ለስኬታማነት ወሳኝ ነው። የአፈር ጥራት እና የውሃ መጠን መመጣጠን ለሰብል ምርታማነት እና ለጤናማ እድገት መሰረት ነው። የውሃ ሀብትን በብልሃት መጠቀም የአየር ንብረት ለውጥ የሚያመጣውን ተጽዕኖ ለመቋቋም ትልቅ አቅም ይሰጣል። የውሃ አጠቃቀም ስልቶችን ማሻሻል የገበሬዎችን ገቢ ለመጨመር እና የኑሮ ደረጃቸውን ለማሻሻል ይረዳል። በመጨረሻም ዘላቂ የሆነ የመስኖ ልማት መዘርጋት የሀገሪቱን የምግብ ምርታማነት ለማሳደግ ቁልፍ ተግባር ነው።"
summarisation|104#2,summarisation,,agriculture,"ከዚህ በታች ያለውን ጽሑፍ በ2-3 ዓረፍተ ነገሮች አጠቃልለው።

Context:
የኢትዮጵያ ግብርና በከፍተኛ ሁኔታ በዝናብ ወቅቶች ላይ የተመሰረተ በመሆኑ የውሃ አያያዝ ጉዳይ በጣም ወሳኝ ነው። በዝናብ ወቅት የሚገኘውን ውሃ ሳይጠቀሙ ማለፍ ለቀጣዩ የድርቅ ወቅት ትልቅ ስጋት እና ችግር ይፈጥራል። ዘመናዊ የመስኖ አሰራሮችን በመተግበር የውሃ ፍላጎትን በዘላቂነት ማሟላት እና ምርታማነትን ማሳደግ ይቻላል። የጠብታ መስኖ ዘዴ ውሃን በቀጥታ ወደ ተክሉ ስር በማድረስ የውሃ ብክነትን በከፍተኛ ሁኔታ ይቀንሳል። በቦዮች አማካኝነት የሚደረግ መስኖ ግን ውሃን ያለአግባብ በማፍሰስ የአፈር መሸርሸር እና የጨው መከማቸት ችግር ሊፈጥር ይችላል። የከርሰ ምድር ውሃን በዘመናዊ መሣሪያዎች በመጠቀም ማውጣት ለተከታታይ የሰብል ምርቶች መኖሪያ ይሆናል። አነስተኛ ግድቦች እና የውሃ ማጠራቀሚያዎች በየገበሬው እርሻ ላይ መኖራቸው ለውሃ ዋስትና ትልቅ አስተዋጽኦ አለው። የአየር ንብረት ለውጥ በየዓመቱ የሚመጣውን የዝናብ ሁኔታ ስለሚቀይር የውሃ አጠቃቀም ስልቶችን ማሻሻል ያስፈልጋል። የውሃ ሀብትን በአግባቡ መጠቀም ለተክሎች እድገት እና ለሰብል ጥራት መረጋገጥ መሰረታዊ ጉዳይ ነው። የግብርና መሣሪያዎችን እና አዳዲስ የውሃ አጠቃቀም ዘዴዎችን ማስተዋወቅ ለገበሬዎች ትልቅ እገዛ ያደርጋል። በመሆኑም የመስኖ ልማትን ማጠናከር የሀገሪቱን የምግብ ዋስትና ለማረጋገጥ እና የኢኮኖሚ እድገትን ለማፋጠን ይረዳል።"
summarisation|105#1,summarisation,,agriculture,"እባክዎን ይህን ጽሑፍ በአጭሩ ያጠቃልሉ።

Context:
በጥቅምት ፭ ቀን በደቡብ ኮረብታ ፕላንት ተቋም በኩል የወጣው ሪፖርት እንደሚያመለክተው በድንገት የተከሰተው የቅጠል መበስበስ በሽታ በ፲ አምስት የጤፍ ዝርያዎች ላይ ከፍተኛ ተጽዕኖ አሳድሯል። የጤፍ ምርት ተመራማሪዋ ወይዘሮ አልማዝ አሰፋ እንደገለጹት ይህ በሽታ በ፭ ቀን ውስጥ ከ፲ አምስት ኪሎ ሜትር ርቀት በላይ ተስፋፍቷል። ተቋሙ በሽታውን ለመከላከል የሚያስችሉ አዳዲስ የዘር አይነቶችን ለ፳ አምስት የገበሬ ቡድኖች በነጻ ማከፋፈል መጀመሩን በይፋ አረጋግጧል። የጤፍ ምርት መጠን በ፳ በመቶ እንዲቀንስ ሊያደርግ የሚችል በመሆኑ መንግስታዊ ያልሆኑ ድርጅቶች አፋጣኝ እርዳታ እንዲደረግ ጥሪ አቅርበዋል። የጤፍ ተከላው በነበረበት ወቅት የደረሰውን የዝናብ መጠን መለዋወጥ ለበሽታው መከሰት ዋነኛ ምክንያት መሆኑ ተገልጿል።"
summarisation|105#2,summarisation,,agriculture,"ከዚህ በታች ያለውን ጽሑፍ በ2-3 ዓረፍተ ነገሮች አጠቃልለው።

Context:
በታህሳስ ፳ ቀን በሰሜን ሸዋ የግብርና ማዕከል በሰጠው መረጃ መሰረት በድንገት የታየው የጥቁር ነጠብጣብ በሽታ በ፳ አምስት የሽንኩርት እርሻዎች ላይ ከፍተኛ ጉዳት አድርሷል። የግብርና ባለሙያው አቶ ዮናስ ተክሌ እንደገለጹት በ፳፪ ሄክታር መሬት ላይ የሚታየው ጉዳት በ፳ አምስት በመቶ የገቢ መቀነስ ሊያስከትል ይችላል። የሽንኩርት ምርት ጥበቃ ኮሚቴው በሽታውን ለመቆጣጠር የሚያስችሉ የንጽህና አጠባበቅ ዘዴዎችን ለ፲ አምስት የገበሬ ስልጠና ማዕከላት ማሰራጨቱን አስታውቋል። በበሽታው ምክንያት የተጎዱትን ሰብሎች በፍጥነት በማስወገድ አዲስ ተከላ መጀመር ለተጨማሪ ጉዳት መከላከያ መሆኑን ባለሙያዎች ይመክራሉ። የሽንኩርት ገበያ ላይ የሚታየውን የዋጋ መዋዠቅ ለመቆጣጠርም የክልሉ የግብርና ቢሮ ልዩ የክትትል ስራ ለመስራት ወስኗል።"
summarisation|106#0,summarisation,,news,"የሚከተለውን ጽሑፍ ዋና ዋና ነጥቦች ብቻ በመያዝ አጭር አድርገህ ግለጽ።

Context:
በአባይ ሸለቆ አቅራቢያ በሚገኘው የዝቅተኛ ኮረብታ አካባቢ የሰላም ኮሚቴ አባላት ሰኔ 15 ቀን 2016 ዓ.ም በአዲሱ የልማት ፕሮጀክት ላይ ስብሰባ አደረጉ። በስብሰባው ላይ የሰላም ኮሚቴው ሰብሳቢ አቶ በቀለ ተስፋዬ ለህብረተሰቡ አስፈላጊ የሆኑ አምስት ዋና ዋና ነጥቦችን ለከተማው ነዋሪዎች በዝርዝር አብራርተዋል። በአካባቢው የሚገኙ 450 አርሶ አደሮች በጋራ በመሆን አዲስ የመስኖ ቦይ ለመቆፈር በታላቅ ተነሳሽነትና በቁርጠኝነት ስምምነት ላይ ደርሰዋል። የፕሮጀክቱ የበጀት መጠን 2,500,000 ብር መሆኑንና ይህ ገንዘብ ከነዋሪዎች መዋጮና ከልማት ድርጅቶች እንደሚገኝ ተገልጿል። በቦታው ላይ የሚገኙ 12 ወጣት ሰራተኞች ለስራው ዝግጁ መሆናቸውንና አስፈላጊውን ስልጠና ለመውሰድ ዝግጁ መሆናቸውን ለሚመለከተው አካል አሳውቀዋል። የልማት ስራው በሚቀጥለው ወር መጀመር ያለበት ሲሆን ይህም ለአካባቢው የኢኮኖሚ እድገት ትልቅ አስተዋጽኦ ይኖረዋል። የአካባቢው አስተዳደርም ለፕሮጀክቱ ስኬታማነት አስፈላጊውን የቁሳቁስ ድጋፍና የቴክኒክ እገዛ ለማድረግ ቃል ገብቷል። ይህ ታላቅ ስራ የአካባቢውን ማህበረሰብ ህይወት ለመለወጥና የተሻለ ገቢ ለማስገኘት ትልቅ ተስፋ ሰጭ ሆኖ ተገኝቷል።"
summarisation|106#1,summarisation,,news,"ይህን ጽሑፍ በአጭሩ አጠቃልልልኝ።

በአዲሱ የብሩህ ተስፋ ከተማ ውስጥ በሚገኘው ማዕከላዊ አዳራሽ ውስጥ ሰኔ 20 ቀን 2016 ዓ.ም ታላቅ የኪነጥበብ በዓል ተካሄደ። በበዓሉ ላይ የከተማው የኪነጥበብ ማህበር መሪ ወይዘሮ አልማዝ አሰፋ ለተሳታፊዎች አዳዲስ የጥበብ ስራዎችን በሰፊው አስተዋውቀዋል። በዝግጅቱ ላይ ከ200 በላይ የኪነጥበብ ባለሙያዎች የራሳቸውን ልዩ የሥዕልና የቅርጻ ቅርጽ ስራዎች ለህዝብ አቅርበዋል። በበዓሉ ወቅት የተሸጡ የጥበብ ስራዎች ሽያጭ 850,000 ብር የደረሰ ሲሆን ይህም ለወጣቶች ስልጠና ጥቅም ላይ ይውላል። በዝግጅቱ ላይ የተሳተፉት 50 ታዳጊ ተማሪዎች በኪነጥበብ ዘርፍ ያላቸውን ተሰጥኦ ለከተማው ነዋሪዎች በድፍረት አሳይተዋል። የከተማው ከንቲባ አቶ ታደሰ በቀለ በበዓሉ ላይ በመገኘት ለጥበብ አፍቃሪዎች በሙሉ ያላቸውን አድናቆትና ምስጋና ገልጸዋል። በዓሉ በከተማው ውስጥ ሰላማዊና ደስ የሚል መንፈስ የፈጠረ ሲሆን ብዙ ጎብኚዎችንም የሳበ ነበር። ይህ የኪነጥበብ በዓል በየዓመቱ እንዲደገም በማድረግ የከተማውን ባህልና ማንነት ለማሳደግ ታቅዶ የተዘጋጀ ነው።"
summarisation|106#2,summarisation,,news,"የሚከተለውን ጽሑፍ ዋና ዋና ነጥቦች በመያዝ በ2-3 ዓረፍተ ነገሮች አጠቃልል።

ጽሑፍ፡ በሰሜን ኮረብታ አካባቢ በሚገኘው የጥቁር ድንጋይ መንደር ውስጥ ሰኔ 10 ቀን 2016 ዓ.ም የጤና ዘመቻ በከፍተኛ ሁኔታ ተካሄደ። በጤና ጥበቃ ማህበሩ ስም የተዘጋጀው ይህ ዘመቻ በ15 የጤና ባለሙያዎች አማካኝነት ለሰፊው ህዝብ አገልግሎት ሰጥቷል። በዘመቻው ወቅት ከ1,200 በላይ ነዋሪዎች ነፃ የጤና ምርመራና የህክምና አገልግሎት ማግኘት ችለዋል። የዘመቻው አስተባባሪ አቶ ካሳሁን በቀለ ለዘመቻው ስኬታማነት 500,000 ብር የገንዘብ ድጋፍ ማሰባሰብ መቻላቸውን ለህዝቡ አበሰሩ። በዘመቻው ወቅት በተለይ ለእናቶችና ለህፃናት የሚሰጠው የክትባት አገልግሎት ከፍተኛ ትኩረትና ትኩረት ተሰጥቶት ነበር። በጤና ዘመቻው ወቅት የተገኙ 80 አዳዲስ የጤና ችግሮች ለተገቢው የህክምና ክፍል እንዲመሩ ተደርጓል። የአካባቢው ነዋሪዎች በዘመቻው ላይ ላሳዩት ከፍተኛ ተሳትፎና ትብብር የጤና ማህበሩ ጥልቅ ምስጋናውን አቅርቧል። ይህ የጤና ዘመቻ በቀጣይ በየሶስት ወሩ እንዲደገም በማድረግ የህዝቡን ጤና ለመጠበቅ ታቅዶ የተዘጋጀ ነው።"
summarisation|107#0,summarisation,,news,"የሚከተለውን ጽሑፍ አጠቃልል።

Context:
በሰኔ 15 ቀን 2016 ዓ.ም በዝቅተኛው የኤልባ ሸለቆ ውስጥ የሚገኘው የዞራን የንግድ ማዕከል በድንገተኛ የገበያ መዋዠቅ ምክንያት ከፍተኛ ኪሳራ አስተናግዷል። የዞራን የንግድ ማዕከል ዋና ስራ አስኪያጅ አቶ በቀለ ተስፋዬ እንደገለጹት የዓለም አቀፍ የሸቀጦች ዋጋ መናር ለድርጅቱ የገንዘብ እንቅስቃሴ ትልቅ እንቅፋት ሆኗል። በዚሁ ወቅት በከተማዋ የሚገኘው የሜራ የኢንቨስትመንት ድርጅት በገበያው ውስጥ የነበረውን የካፒታል መጠን በሃያ አምስት በመቶ እንዲቀንስ ወስኗል። የሜራ የኢንቨስትመንት ተወካዮች እንደገለጹት ይህ ውሳኔ የተወሰነው በወደፊት የገበያ ሁኔታ ላይ ባለው ከፍተኛ እርግጠኛ አለመሆን ምክንያት ነው። በከተማዋ የሚገኙ አነስተኛ የንግድ ድርጅቶችም በየቀኑ የሚያጋጥማቸውን የዋጋ ጭማሪ ለመቋቋም ከፍተኛ ትግል እያደረጉ ይገኛሉ። የንግድ ማህበሩ ፕሬዝዳንት ወይዘሪት ሳራ አቤል በገበያው ውስጥ ሰላማዊ ሁኔታ እንዲሰፍን የተለያዩ የመፍትሄ እርምጃዎችን ለመውሰድ እየሰሩ መሆናቸውን ገልጸዋል። የባንክ ዘርፉም በገበያው መዋዠቅ ምክንያት አዳዲስ ብድሮችን ለመስጠት ጥንቃቄ ማድረግ መጀመሩን በይፋ አስታውቋል። በዞራን የንግድ ማዕከል ውስጥ የሚገኙ የችርቻሮ ነጋዴዎች የሸቀጦች አቅርቦት እንዲቀንስ በማድረግ ለዋጋ መናር ምክንያት እየሆኑ መሆኑ ተገልጿል። የኢኮኖሚ ባለሙያዎች እንደሚሉት ከሆነ ይህ ሁኔታ በቀጣዮቹ ስድስት ወራት ውስጥ በክልሉ የንግድ እንቅስቃሴ ላይ ተጽዕኖ ያሳድራል። የንግድ ማህበሩ የገንዘብ ምንጮችን ለማጠናከር ከአዳዲስ የውጭ ባለሀብቶች ጋር ውይይት እያደረገ መሆኑንም አክለው ገልጸዋል። በመጨረሻም የከተማዋ አስተዳደር በገበያው ላይ የሚታየውን የዋጋ መናር ለመቆጣጠር አዲስ መመሪያ ማውጣት እንዳለበት አሳስቧል።"
summarisation|107#2,summarisation,,news,"ጽሑፉን አንብበህ ዋናውን ሐሳብ በሁለት ወይም ሦስት ዓረፍተ ነገሮች ግለጽ።

ጽሑፍ፡ በካቲት 5 ቀን 2016 ዓ.ም በደቡብ ሉሚና ሀገረ ስርአት ውስጥ የሚገኘው የሉሚና የገንዘብ ገበያ ከፍተኛ የዋጋ መለዋወጥ እያስተናገደ ይገኛል። የሉሚና ማዕከላዊ ባንክ ፕሬዝዳንት አቶ ዮናስ ካሳ የሀገሪቱን የገንዘብ ምንዛሬ ለማረጋጋት አዲስ የፖሊሲ ማሻሻያ ማድረጉን ገልጸዋል። በባንኩ መግለጫ መሰረት የውጭ ምንዛሬ ፍላጎት በ30 በመቶ መጨመሩ ለገበያው መረበሽ ዋነኛ ምክንያት ሆኗል። የሉሚና የንግድ ምክር ቤት አባላት በገበያው ውስጥ የሚታየውን አለመረጋጋት ለመቀነስ የጋራ ስምምነት ላይ ለመድረስ እየሞከሩ ነው። በከተማዋ የሚገኙ የባንክ ባለሙያዎች የገንዘብ ፍሰቱ እንዲስተካከል የትኩረት ስራ መሥራት እንዳለበት በጋዜጣዊ መግለጫ አሳስበዋል። የሉሚና የኢኮኖሚ ማህበር ተመራማሪዎች እንደገለጹት የሸቀጦች ዋጋ መናር በዜጎች የኑሮ ውድነት ላይ ከፍተኛ ተጽዕኖ እያሳደረ ነው። የንግድ ድርጅቶችም በገበያው ውስጥ ያላቸውን የክሬዲት መስመር ለመቀነስ ወስነዋል ተብሎ ተሰምቷል። የሉሚና የኢኮኖሚ መገናኛ ብዙኃን እንደዘገቡት መንግሥት በገበያው ላይ የሚታየውን የዋጋ መናር ለመቆጣጠር የቁጥጥር ስራዎችን አጠናክሯል። በባንኩ ስር የሚገኙ የክልሉ ቅርንጫፎች አዳዲስ የገንዘብ አቅርቦቶችን ለማሳደግ ከፍተኛ ጥረት እያደረጉ መሆኑ ተገልጿል። የኢንቨስትመንት ባለሀብቶች በሀገሪቱ ያለውን የገንዘብ ሁኔታ ተከትለው አዳዲስ ፕሮጀክቶቻቸውን ለጊዜው እንዲያቆሙ መመከራቸው ታውቋል። የሉሚና የገበያ ባለሙያዎች ሁኔታው በአጭር ጊዜ ውስጥ ተስተካክሎ ወደ ቀድሞ ሁኔታው ይመለሳል የሚል ተስፋ አላቸው።"
summarisation|108#1,summarisation,,news,"ጽሑፉን አንብበህ ዋናውን ሐሳብ በሁለት ወይም ሦስት ዓረፍተ ነገሮች ግለጽ።

ጽሑፍ፡ የአባይ ሸለቆ የቴክኖሎጂ ማዕከል በቅርቡ በወንዝ ዳርቻ በሚገኘው የንጋት ከተማ ውስጥ አዲስ የኮምፒውተር ስልጠና ማዕከል ለመክፈት መወሰኑን አስታወቀ። ማዕከሉ በታዋቂው የቴክኖሎጂ ባለሙያ ወይዘሮ አልማዝ አሰፋ አማካኝነት የተመሰረተ ሲሆን በዓመት አምስት መቶ ወጣቶችን ለማሰልጠን ያለመ ነው። ስልጠናው በነሐሴ ፳፭ ቀን ይጀምራል ተብሎ የታሰበ ሲሆን ለስልጠናው የሚያስፈልገው የኤሌክትሮኒክስ መሣሪያዎች ዋጋ ሁለት ሚሊዮን ሰባት መቶ ሺህ ብር ነው። ተማሪዎቹ በሶፍትዌር ልማትና በኢንተርኔት አጠቃቀም ላይ ጥልቅ እውቀት እንዲጨብጡ ለማድረግ የተለያዩ ስልጠናዎች ተዘጋጅተዋል። ይህ ማዕከል በከተማዋ ውስጥ ያለውን የቴክኖሎጂ ክፍተት ለመሙላትና ለወጣቶች የሥራ ዕድል ለመፍጠር ትልቅ ሚና ይጫወታል። ማዕከሉ ለመጀመሪያ ጊዜ ለሚመዘገቡ መቶ ተማሪዎች ልዩ የዋጋ ቅናሽ እንደሚሰጥም ተገልጿል።"
summarisation|108#2,summarisation,,news,"እባክዎን ይህን ጽሑፍ በአጭሩ ያጠቃልሉ።

Context:
በደቡብ አውራጃ በሚገኘው የጽጌረዳ ኮሌጅ ውስጥ የሳይንስ ምርምር ክፍል አዲስ የግብርና ሳይንስ ላብራቶሪ ለመገንባት ከፍተኛ ዝግጅት እያደረገ ይገኛል። የኮሌጁ የትምህርት ቦርድ በሰኔ ፰ ቀን ባደረገው ውይይት ለላብራቶሪው ግንባታ ሦስት ሚሊዮን ስድስት መቶ ሺህ ብር መመደቡን አረጋግጧል። ይህ አዲስ የላብራቶሪ ግንባታ በኮሌጁ ውስጥ ለሚማሩ አራት መቶ ተማሪዎች በተግባር ላይ የተመሰረተ ትምህርት እንዲወስዱ ያስችላቸዋል። ፕሮጀክቱ በታዋቂው የግብርና መሐንዲስ አቶ ካሳሁን በቀለ መሪነት የሚከናወን ሲሆን ግንባታው በሦስት ወራት ውስጥ ይጠናቀቃል። ላብራቶሪው ዘመናዊ የሙከራ መሣሪያዎችንና የዘር ምርምር ማዕከላትን የያዘ ሲሆን ለክልሉ የግብርና ዕድገትም ትልቅ አስተዋጽኦ ይኖረዋል። ይህ የትምህርት ተቋም በሳይንስ ዘርፍ ያለውን አቅም ለማሳደግ የሚያደርገው ጥረት በብዙዎች ዘንድ አድናቆትን አትርፏል።"
summarisation|109#0,summarisation,,news,"ጽሑፉን አንብበህ ዋናውን ሐሳብ በሁለት ወይም ሦስት ዓረፍተ ነገሮች ግለጽ።

ጽሑፍ፡ በሰሜን አውራጃ በሚገኘው የዝቅታ ወንዝ አካባቢ በድንገት በደረሰ ከፍተኛ የጎርፍ መጥለቅለቅ ምክንያት ሰባት ትላልቅ የግብርና እርሻዎች ሙሉ በሙሉ በውሃ ተውጠዋል። የሰንዓ የግብርና ማህበር ተወካይ አቶ በቀለ ተስፋዬ እንደገለጹት በቅርቡ በነበረው ያልተለመደ ዝናብ ምክንያት የውሃው መጠን በሦስት ቀን ውስጥ በሃያ በመቶ ጨምሯል። በዚህ አደጋ ምክንያት በአካባቢው የሚገኙ 450 የቤት ውስጥ ቁሳቁሶች እና የቤት እቃዎች በከፍተኛ ሁኔታ ተጎድተዋል። የዞኑ የአካባቢ ጥበቃ ባለስልጣን በቦታው በመገኘት የጎርፉን መነሻ እና የውሃውን ፍሰት መጠን በጥልቀት እየመረመረ ይገኛል። የአካባቢው ነዋሪዎች በየዓመቱ የሚከሰተውን ይህንን የተፈጥሮ አደጋ ለመከላከል አዳዲስ የመስኖ ቦዮችን እንዲገነቡ ጥሪ አቅርበዋል። የክልሉ የግብርና ሚኒስቴር ቅርንጫፍ በደረሰው ጉዳት መጠን ላይ ጥናት ለማድረግ የባለሙያ ቡድን ወደ ሰንዓ ወረዳ ልኮአል። የጎርፉ መነሻ የሆነው የዝቅታ ተራራ ላይ የተከማቸ የውሃ መጠን በከፍተኛ ሁኔታ በመጨመሩ ነው ተብሎ ይታመናል። ነዋሪዎች በአሁኑ ወቅት በከፍተኛ ስጋት ውስጥ የሚገኙ ሲሆን የረዳት ቁሳቁሶች በአስቸኳይ እንዲቀርቡ እየጠየቁ ነው።"
summarisation|109#2,summarisation,,news,"ከዚህ በታች ያለውን ጽሑፍ በ2-3 ዓረፍተ ነገሮች አጠቃልለው።

Context:
በምስራቅ አውራጃ በሚገኘው የጎንደር ተራራማ አካባቢ በደረሰ ከፍተኛ የድርቅ መከሰት ምክንያት የአካባቢው የውሃ ምንጮች በከፍተኛ ሁኔታ እየደረቁ ነው። የሰማይ ሰላም የግብርና ተመራማሪዎች እንደገለጹት ባለፉት ስድስት ወራት ውስጥ የዝናብ መጠን ከወትሮው በሃያ አምስት በመቶ ቀንሷል። በዚህ ምክንያት በአካባቢው የሚገኙ 1,200 የቤት እንስሳት ለምግብ እና ለውሃ እጥረት በመጋለጣቸው ከፍተኛ ስጋት ተፈጥሯል። የአካባቢው ነዋሪዎች በየቀኑ ለውሃ ፍለጋ ረጅም ርቀት ለመጓዝ እየተገደዱ መሆኑን የጤና ባለሙያዎች ገልጸዋል። የክልሉ የአየር ንብረት ተመራማሪዎች የድርቁ ሁኔታ በቀጣይ ወራት ሊባባስ እንደሚችል አስጠንቅቀዋል። የድርቁ መንስኤ በአካባቢው የሚታየው የሙቀት መጠን መጨመር እና የንፋስ ፍጥነት መዛባት እንደሆነ ተገልጿል። የድርጅቱ ዋና ስራ አስኪያጅ አቶ ታደሰ በቀለ የአካባቢው ማህበረሰብ እንዲዘጋጅ እና የውሃ አጠቃቀምን እንዲቀንስ ጥሪ አቅርበዋል። መንግስት ለተጎጂው ማህበረሰብ የድንገተኛ እርዳታ እና የሰብል ድጋፍ ለማድረግ ዝግጅት እያደረገ መሆኑ ተነግሯል።"
summarisation|111#0,summarisation,,news,"የጽሑፉን ዋና ሐሳብ በአጭሩ ግለጽ።

Context:
በሰኔ ፲፪ ቀን በዘዲታ ከተማ በተካሄደው ዓለም አቀፍ የኳስ ውድድር ላይ የብሉ ስታር ክለብ በሶስት ለዜሮ በማሸነፍ ድል ተቀዳጅቷል። የቡድኑ ዋና አጥቂ አቶ ታደሰ በቀን ውስጥ ሁለት ግቦችን በማስቆጠር ለቡድኑ ከፍተኛ ነጥብ እንዲያስገኝ በማድረግ ለደጋፊዎች ትልቅ ደስታን ፈጥሯል። የጨዋታው መጀመሪያ ላይ የኤልማር ክለብ ተጫዋቾች በከፍተኛ ጥንካሬ ቢጫወቱም የብሉ ስታር ተከላካዮች ግን ምንም አይነት ክፍተት እንዲፈጠር አልፈቀዱም። በጨዋታው መገባደጃ ላይ የዳኛው ውሳኔ ለቡድኑ ተጨማሪ ነጥብ በማስገኘት የድሉን እርግጠኝነት በከፍተኛ ሁኔታ እንዲጨምር አድርጎታል። ይህ ድል ቡድኑ በሊጉ የደረጃ ሰንጠረዥ ላይ ወደ አምስተኛ ደረጃ እንዲወጣ ትልቅ ዕድል ሰጥቶታል።"
summarisation|111#1,summarisation,,news,"የሚከተለውን ጽሑፍ ዋና ዋና ነጥቦች በመያዝ በ2-3 ዓረፍተ ነገሮች አጠቃልል።

ጽሑፍ፡ በአዲስ አርባ ምንጭ ከተማ በሚገኘው ታላቁ የውሃ ስፖርት ማዕከል ውስጥ ትላንት በዓለም አቀፍ የዋና ውድድር ላይ አዲስ ክብረ ወሰን ተመዝግቧል። የኢትዮጵያ ተወላጅ የሆነችው ወጣት ስመ ዝነኛዋ አክለዋየት በሃያ ሰባት ሰከንድ ውስጥ ዋና በመግባት አዲስ ታሪክ ሰርታለች። ይህንን አስደናቂ ውጤት ለማስመዝገብ ለሦስት ዓመታት ያህል በከፍተኛ ጥረትና በጠንካራ ስልጠና ስትለማመድ እንደነበረ ተገልጿል። በውድድሩ ላይ የተሳተፉት ሌሎች አሥራ አምስት አገራት ተወካዮችም በከፍተኛ ብቃት ቢወዳደሩም የእሷ ውጤት ግን በጣም ልዩ ነበር። የውድድሩ አዘጋጆች ለተሸናፊ ተጫዋቾችም የክብር ሽልማቶችን በማቅረብ ለስፖርቱ ያለውን አክብሮት በታላቅ ሁኔታ አሳይተዋል።"
summarisation|112#1,summarisation,,technology,"ይህ ጽሑፍ ምን እንደሚናገር በአጭሩ አስረዳ።

Context:
በሐምሌ ፭ ቀን ሁለት ሺህ አሥራ አምስት ዓመተ ምህረት የሰላም ቴክኖሎጂ ኩባንያ አዲስ የዘመናዊ ስልክ ሞዴል ለገበያ ማቅረቡን በይፋ አስታውቋል። ይህ ስልክ በወንጌል ከተማ ውስጥ በሚገኘው ትልቅ የኤሌክትሮኒክስ መደብር ውስጥ በታላቅ ሥነ ሥርዓት ለደንበኞች እንዲቀርብ ተደርጓል። ስልኩ በአንድ ጊዜ እስከ አምስት ቀን የሚቆይ የባትሪ አቅም ያለውና በጣም ፈጣን የሆነ የኢንተርኔት ግንኙነት የሚያደርግ መሣሪያ ነው። የኩባንያው መሐንዲስ አቶ ታደሰ አበበ እንደገለጹት ስልኩ በውስጡ የላቀ የደኅንነት መቆለፊያ ዘዴንና ከፍተኛ ጥራት ያለው ካሜራ ይዟል። በስልኩ አማካኝነት ተጠቃሚዎች የሞባይል ባንኪንግ አገልግሎቶችን ያለ ምንም መቆራረጥና ፍጥነት መጠቀም እንደሚችሉ ተገልጿል። በከተማዋ ውስጥ የሚገኙ አምስት መቶ የችርቻሮ ነጋዴዎች ይህንን አዲስ ስልክ ለደንበኞቻቸው ለማቅረብ አስቀድመው ውል ተፈራርመዋል። አዲሱ ስልክ በዋጋው ረገድ ለተራው ሕዝብ ተመጣጣኝ እንዲሆን ተደርጎ የተዘጋጀ በመሆኑ ከፍተኛ ፍላታ ይኖረዋል። ይህ የቴክኖሎጂ ውጤት በኢትዮጵያ ውስጥ ያለውን የሞባይል ስልክ አጠቃቀም ደረጃ ወደ ላቀ ምዕራፍ እንደሚያሸጋግረው ይጠበቃል።"
summarisation|112#2,summarisation,,technology,"የሚከተለውን ጽሑፍ ዋና ዋና ነጥቦች ብቻ በመያዝ አጭር አድርገህ ግለጽ።

Context:
በነሐሴ ፳ ቀን ሁለት ሺህ አሥራ አራት ዓመተ ምህረት በደቡብ ክልል በሚገኘው የጽድቅ ከተማ ውስጥ አዲስ የሞባይል ገንዘብ ማስተላለፊያ መድረክ ተከፈተ። የኢትዮ-ዲጂታል አገልግሎት ድርጅት የፈጠረው ይህ አዲስ መድረክ በገጠር አካባቢዎች ለሚኖሩ ሰዎች የፋይናንስ አገልግሎት ለማድረስ ያለመ ነው። በከተማዋ ውስጥ የሚገኙ አምስት መቶ አዳዲስ የሞባይል መተግበሪያ ተጠቃሚዎች በመጀመሪያው ሳምንት ውስጥ አገልግሎቱን ተጠቅመዋል። የፕሮጀክቱ አስተባባሪ ወይዘሪት ሳራ መኮንን እንደገለጹት ይህ መድረክ የገንዘብ ዝውውርን በጣም ቀላልና አስተማማኝ ያደርገዋል። ተጠቃሚዎች በሞባይል ስልካቸው አማካኝነት የገበያ ዕቃዎችን መግዛትና ለተለያዩ አገልግሎቶች ክፍያ መፈጸም ይችላሉ። በክልሉ ውስጥ ያሉ አነስተኛ የንግድ ድርጅቶች ይህንን አዲስ የክፍያ ዘዴ በመጠቀም ሽያጫቸውን ለማሳደግ አቅደዋል። አዲሱ የቴክኖሎጂ መድረክ ምንም ዓይነት የኢንተርኔት መቆራረጥ ሳይኖር በዝቅተኛ የሞባይል ሞገድ ሊሠራ እንደሚችል ተረጋግጧል። ይህ አዲስ ፈጠራ በክልሉ ውስጥ ያለውን የዲጂታል ክፍያ ባህል ለማሳደግና የሕዝቡን የኑሮ ሁኔታ ለማሻሻል ትልቅ ተስፋ ይሰጣል።"
summarisation|113#0,summarisation,,technology,"ይህ ጽሑፍ ምን እንደሚናገር በአጭሩ አስረዳ።

Context:
በኢትዮጵያ ውስጥ የኢንተርኔት አገልግሎት መስፋፋት በቅርብ ዓመታት ውስጥ በከፍተኛ ሁኔታ እየጨመረ የመጣ ሲሆን ይህም የዲጂታል ኢኮኖሚውን እድገት በእጅጉ ይደግፋል። ብዙ ወጣቶች ማህበራዊ ሚዲያዎችን ለትምህርት እና ለንግድ ስራ ማስታወቂያነት በስፋት መጠቀም መጀመራቸው አዲስ የገበያ እድል ፈጥሯል። ሆኖም ግን ያልተገመዱ የሳይበር ጥቃቶች እና የዲጂታል መረጃ ስርቆት በብዙ ተጠቃሚዎች ላይ ስጋት እየፈጠሩ ይገኛሉ። የኢንተርኔት ደህንነትን በተመለከተ ግንዛቤ መፍጠር ለተጠቃሚዎች የዲጂታል መብቶቻቸውን ለማስከበር እና መረጃዎቻቸውን ለመጠበቅ በጣም አስፈላጊ ነው። የሞባይል ኢንተርኔት ዋጋ መቀነስ ብዙ ሰዎች በየቀኑ የተለያዩ የማህበራዊ መድረኮችን እንዲጠቀሙ በማድረግ ረገድ ትልቅ ሚና ተጫውቷል። የዲጂታል ክፍያ ስርዓቶች ከኢንተርኔት ጋር ተያይዘው መምጣታቸው የንግድ ልውውጥን ቀላል እና ፈጣን እንዲሆን አድርገውታል። ነገር ግን የኢንተርኔት መሰረተ ልማት በገጠራማ አካባቢዎች ገና ያልተሟላ በመሆኑ የዲጂታል ክፍፍልን ሊፈጥር ይችላል። የመረጃ ምንጮችን በትክክል መለየት እና የሀሰት መረጃዎችን አለማሰራጨት ለተስተካከለ የማህበራዊ ሚዲያ አጠቃቀም መሰረት ነው። የቴክኖሎጂ ባለሙያዎች የኢንተርኔት ጥራትን ለማሻሻል እና የኔትወርክ መሰረተ ልማትን ለማጠናከር የተለያዩ ስራዎችን እየሰሩ ነው። የዲጂታል ማንነትን መጠበቅ እና የግል መረጃዎችን ለማያውቁ አካላት አለመስጠት ለሳይበር ደህንነት ወሳኝ ነው። በመጨረሻም የኢንተርኔት አጠቃቀምን ከህግ እና ከስነ-ምግባር ጋር ማጣጣም ለሀገራዊ እድገት ትልቅ አስተዋጽኦ ይኖረዋል።"
summarisation|113#1,summarisation,,technology,"ለዚህ ጽሑፍ አጭር ማጠቃለያ ጻፍ።

Context:
በኢትዮጵያ የሶሻል ሚዲያ ተጠቃሚዎች ቁጥር በየቀኑ እየጨመረ መምጣቱ የተለያዩ ማህበራዊ እና ኢኮኖሚያዊ ለውጦችን እያመጣ ይገኛል። በተለይም እንደ ቴሌግራም እና ፌስቡክ ያሉ መድረኮች ለዜጎች መረጃ ለመለዋወጥ እና ከሌሎች ጋር ለመገናኘት ትልቅ መሳሪያ ሆነዋል። ብዙ ትናንሽ የንግድ ድርጅቶች ምርቶቻቸውን ለማስተዋወቅ እነዚህን ነፃ የመገናኛ ዘዴዎች በመጠቀም ሰፊ ደንበኞችን እያገኙ ነው። ሆኖም ግን በማህበራዊ ሚዲያ ላይ የሚሰራጩ የተሳሳቱ መረጃዎች በህብረተሰቡ መካከል አለመግባባቶችን ሊፈጥሩ እንደሚችሉ መዘንጋት የለበትም። የዲጂታል መረጃዎችን ትክክለኛነት ለማረጋገጥ ተጠቃሚዎች ጥንቃቄ ማድረግ እና የታመኑ ምንጮችን ብቻ መከተል ይኖርባቸዋል። የኢንተርኔት አገልግሎት አቅራቢዎች የኔትወርክ ጥራትን ለማሻሻል የሚያደርጉት ጥረት ለተሻለ የዲጂታል ግንኙነት መሰረት ይሆናል። የሳይበር ደህንነት ስጋቶች እየጨመሩ በመምጣታቸው ተጠቃሚዎች ጠንካራ የይለፍ ቃላትን መጠቀም እና የሁለትዮሽ ማረጋገጫ ዘዴዎችን መከተል አለባቸው። የማህበራዊ ሚዲያ አጠቃቀም በወጣቶች ላይ የሚያሳድረው ተጽእኖ በባህል እና በስነ-ምግባር ረገድ ጥልቅ ጥናት ያስፈልገዋል። የዲጂታል ክህሎት ማዳበር ለወጣቶች የሥራ እድልን ለማስፋት እና በዘመናዊው ዓለም ለመሳተፍ እጅግ አስፈላጊ ነው። የኢንተርኔት አጠቃቀምን ከግል ነጻነት እና ከህዝብ ደህንነት ጋር ማመጣጠን ለዲጂታል ሰላም ወሳኝ ነው። የቴክኖሎጂ እድገት ከማህበራዊ ሚዲያ ጋር ተያይዞ የሚመጡ አዳዲስ ስጋቶችን ለመቋቋም ዝግጁ መሆን ያስፈልጋል። በመሆኑም ዲጂታል ማንነትን በኃላፊነት መያዝ ለተሻለ የማህበራዊ ሚዲያ አጠቃቀም ቁልፍ መፍትሄ ነው።"
summarisation|113#2,summarisation,,technology,"ይህ ጽሑፍ ምን እንደሚናገር በአጭሩ አስረዳ።

Context:
የኢንተርኔት ቴክኖሎጂ በኢትዮጵያ የትምህርት እና የጤና ዘርፎች ላይ እያመጣ ያለው ለውጥ እጅግ በጣም አስደናቂ ነው። ተማሪዎች በኢንተርኔት አማካኝነት የተለያዩ የትምህርት መጽሐፍትን እና ጥናታዊ ጽሁፎችን በቀላሉ ማግኘት መቻላቸው እውቀታቸውን ለማሳደግ ይረዳቸዋል። የጤና ባለሙያዎችም በዲጂታል መድረኮች አማካኝነት የህክምና መረጃዎችን ለመለዋወጥ እና የሩቅ የጤና አገልግሎት ለመስጠት እየሞከሩ ነው። ነገር ግን የኢንተርኔት አገልግሎት ዋጋ እና የኔትወርክ መቆራረጥ አሁንም ድረስ ለብዙ ተጠቃሚዎች ትልቅ እንቅፋት ነው። የዲጂታል መረጃዎች ደህንነትን ለመጠበቅ የሳይበር ህጎች እና ደንቦች በጠንካራ ሁኔታ መተግበር ይኖርባቸዋል። የማህበራዊ ሚዲያ ተጠቃሚዎች የሀሰት መረጃዎችን በማሰራጨት ለሚፈጠሩ ማህበራዊ ቀውሶች ተጠያቂ ሊሆኑ እንደሚችሉ ማወቅ አለባቸው። የኢንተርኔት አጠቃቀምን ከስነ-ምግባር ጋር በማጣመር ለሀገር ግንባታ እና ለዲጂታል እድገት መጠቀም ይገባል። የቴክኖሎጂ ተጠቃሚዎች የራሳቸውን የግል መረጃዎች ለሌላ ሰው አሳልፎ አለመስጠት ለደህንነታቸው ዋስትና ነው። የኢንተርኔት መሰረተ ልማት በከተማ እና በገጠር መካከል ያለውን ልዩነት ለመቀነስ ከፍተኛ ትኩረት ሊሰጠው ይገባል። የዲጂታል እውቀት ማዳበር እያንዳንዱ ዜጋ በዘመናዊው የኢንተርኔት ዓለም ውስጥ ውጤታማ እንዲሆን ያደርገዋል። የኢንተርኔት ደህንነትን በተመለከተ የግንዛቤ ማስጨበጫ ስራዎችን በየደረጃው ማካሄድ ለወደፊት ስኬት አስፈላጊ ነው። በመጨረሻም የዲጂታል ዓለምን በብልሃት እና በኃላፊነት መጠቀም ለሀገራዊ ብልጽግና ትልቅ መሰረት ነው።"
summarisation|114#0,summarisation,,technology,"የጽሑፉን ዋና ሐሳብ በአጭሩ ግለጽ።

Context:
ሰው ሰራሽ አስተውሎት በኢትዮጵያ የቴክኖሎጂ ዘርፍ ውስጥ አዳዲስ የሥራ ዕድሎችን ለመፍጠርና የሀገሪቱን የዲጂታል ኢኮኖሚ ለማሳደግ ትልቅ ሚና እየተጫወተ ይገኛል። ይህ ቴክኖሎጂ መረጃዎችን በፍጥነት በመተንተን ለግብርና ምርታማነትና ለጤና አገልግሎት ጥራት መሻሻል ከፍተኛ አስተዋጽኦ ሊያበረክት ይችላል። የሀገሪቱ የትምህርት ተቋማት ተማሪዎች ስለዚህ ዘርፍ በቂ ግንዛቤ እንዲኖራቸው ማድረግ ለወደፊት የቴክኖሎጂ እድገት ወሳኝ ነው። የሶፍትዌር አልሚዎችም የሀገር ውስጥ ችግሮችን የሚፈቱ የሰው ሰራሽ አስተውሎት መተግበሪያዎችን በስፋት ማልማት ይኖርባቸዋል። በመሆኑም መንግሥትና የግል ተቋማት በጋራ በመሆን ለዚህ ዘርፍ የሚያስፈልገውን መሰረተ ልማት ማጠናከር ይኖርባቸዋል።"
summarisation|114#2,summarisation,,technology,"ይህ ጽሑፍ ምን እንደሚናገር በአጭሩ አስረዳ።

Context:
በአሁኑ ጊዜ የሰው ሰራሽ አስተውሎት መሠረታዊ መርሆዎች በዓለም አቀፍ ደረጃ የቴክኖሎጂ ለውጥ እያመጡ ይገኛሉ። እነዚህ መርሆዎች ኮምፒውተሮች እንደ ሰው እንዲያስቡና ውስብስብ የሆኑ የሥራ ሂደቶችን እንዲፈጽሙ የሚያስችሉ የሂሳብ ቀመሮችን ያካትታሉ። በኢትዮጵያ የቴክኖሎጂ ማህበረሰብ ውስጥ እነዚህን መሰረታዊ እውቀቶች ማዳበር ለዘመናዊ የኢንዱስትሪ እድገት መሰረት ይሆናል። የሰው ሰራሽ አስተውሎት አጠቃቀም በሥነ-ምግባር የታነጸና ለሰው ልጅ ጥቅም ላይ እንዲውል ጥንቃቄ ማድረግ ያስፈልጋል። የቴክኖሎጂ ባለሙያዎችም አዳዲስ የፈጠራ ስራዎችን ሲሰሩ የሀገሪቱን ባህልና እሴት ከግምት ውስጥ ማስገባት ይኖርባቸዋል።"
summarisation|115#2,summarisation,,technology,"ጽሑፉን አንብበህ ዋናውን ሐሳብ በሁለት ወይም ሦስት ዓረፍተ ነገሮች ግለጽ።

ጽሑፍ፡ በምስራቅ ኢትዮጵያ በምትገኘው የኦሞ ሸለቆ ውስጥ በታዋቂው ጽላላ የቴክኖሎጂ ማዕከል አማካኝነት አዲስ የፀሐይ ኃይል ማከማቻ ባትሪዎች ምርታማነት መጀመሩ ተነግሯል። ይህ የፈጠራ ሥራ በታዋቂው ሳይንቲስት አቶ ዮናስ ካሳ የላቀ ጥናትና ምርምር ተደርጎበት በሰኔ ፭ ቀን የተጀመረ ውጤት ነው። አዲሱ የባትሪ ቴክኖሎጂ በቀን ውስጥ የሚመነጨውን የፀሐይ ኃይል በአግባቡ አከማችቶ በሌሊት ለከተማው መብራትና ለፋብሪካዎች አገልግሎት እንዲውል ያደርጋል። በምርታማነት ሂደቱ ወቅት ፻፵ የኢንጂነሪንግ ተማሪዎች በተግባራዊ ልምምድ እንዲሳተፉ ተደርጎ መደራጀታቸው ለሀገሪቱ የቴክኖሎጂ ዕድገት ትልቅ ፋይዳ አለው። የቴክኖሎጂ ማዕከሉ በዓመት ፪ ቢሊዮን ዋት ሰዓት የኤሌክትሪክ ኃይል ማከማቸት እንደሚችል የድርጅቱ የሥራ አስኪያጅ አቶ ታደሰ ገልጸዋል። ይህ አዲስ ግኝት በክልሉ የሚገኙ የኢንዱስትሪ ፓርኮች የኃይል መቆራረጥ ችግርን በዘላቂነት ለመፍታት ትልቅ ተስፋ ሰጪ መፍትሔ ሆኗል። የፕሮጀክቱ ወጪ በ፪፻ አርባ ሚሊዮን ብር የተገመተ ሲሆን ይህም በሀገር ውስጥ ካሉ የቴክኖሎጂ ኢንቨስትመንቶች መካከል አንዱ ነው። በቅርቡ በሚካሄደው የቴክኖሎጂ ኤግዚቢሽን ላይ ይህ አዲስ የፀሐይ ኃይል ማከማቻ ዘዴ ለዓለም አቀፍ ተሳታፊዎች እንደሚቀርብ ታውቋል። ይህ ስኬት ኢትዮጵያ በታዳጊ ሀገራት ውስጥ የንጹህ ኃይል አምራች እንድትሆን የሚያደርግ ትልቅ እርምጃ ነው።"
summarisation|116#0,summarisation,,technology,"ጽሑፉን አንብበህ ዋናውን ሐሳብ በሁለት ወይም ሦስት ዓረፍተ ነገሮች ግለጽ።

ጽሑፍ፡ በሰኔ ፲፪ ቀን በደብረ ማርቆስ ከተማ ውስጥ በሚገኘው አቢሲኒያ የቴክኖሎጂ ማዕከል ውስጥ ትልቅ የኮምፒውተር መሰረታዊ እውቀት ስልጠና ተጀምሯል። በዚሁ ስልጠና ላይ በኢትዮ ቴክ መረጃ ተቋም ስም የተሰየመው ድርጅት ለሁለት መቶ ወጣት ተማሪዎች በነፃ የኮምፒውተር አጠቃቀም ትምህርት ለመስጠት ወስኗል። ስልጠናው በዋና መምህር አቶ በቀለ ተስፋዬ አማካኝነት የሚሰጥ ሲሆን ትኩረቱም በኮምፒውተር አካላት እና በሶፍትዌር አጠቃቀም ላይ ይሆናል። ተማሪዎቹ ስለ ማይክሮ ፕሮሰሰር እና ስለ ሜሞሪ አቅም ያላቸውን ግንዛቤ ለማሳደግ ልዩ ትኩረት እንዲሰጡ ተደርጓል። በስልጠናው ወቅት በኤሌክትሮኒክስ መሣሪያዎች አያያዝ ላይ ሰባት ሰዓታት የሚፈጅ የተግባር ልምምድ እንዲያደርጉ ተዘጋጅቷል። አዲሱ የቴክኖሎጂ ማዕከል በከተማዋ ውስጥ ለሚገኙ ወጣቶች አዲስ የዕድገት በር እንደሚከፍት የድርጅቱ ስራ አስኪያጅ አቶ ታደሰ አረጋዊ ገልጸዋል። በስልጠናው መጨረሻ ላይ ተሳታፊዎቹ የኮምፒውተር መሰረታዊ እውቀት ማረጋገጫ ሰርተፍኬት እንዲያገኙ ተደርጓል። በስልጠናው ወቅት የተሳተፉት ወጣቶች በኮምፒውተር ላይ የጽሁፍ ስራዎችን እንዴት መሥራት እንደሚችሉ በተግባር ተምረዋል። በቴክኖሎጂው ዘርፍ የተሻለ እውቀት ያለው ትውልድ ለመፍጠር ይህ ፕሮጀክት አስፈላጊ መሆኑ ተገልጿል። በኢትዮ ቴክ መረጃ ተቋም በኩል ለሚሰጡት ሌሎች ስልጠናዎችም በቅርቡ ዝርዝር መረጃ እንደሚወጣ ተነግሯል። ይህ ስልጠና በከተማዋ ውስጥ ያለውን የዲጂታል ክፍተት ለመሙላት ትልቅ አስተዋጽኦ ይኖረዋል።"
summarisation|116#1,summarisation,,technology,"ጽሑፉን አንብበህ ዋናውን ሐሳብ በሁለት ወይም ሦስት ዓረፍተ ነገሮች ግለጽ።

ጽሑፍ፡ በሐምሌ ፭ ቀን በባህር ዳር ከተማ በሚገኘው ሰማያዊ ኮምፒውተር መሸጫ ሱቅ ውስጥ አዳዲስ የኮምፒውተር መሣሪያዎች በብዛት ገብተዋል። በሱቁ ስራ አስኪያጅ ወይዘሮ አልማዝ አሰፋ እንደገለጹት እነዚህ መሣሪያዎች ለጀማሪ ተማሪዎች በጣም ተስማሚ የሆኑ ናቸው። በሱቁ ውስጥ ለሽያጭ የቀረቡት ኮምፒውተሮች በአንድ መሣሪያ ፲፭ ሺህ ብር ብቻ በመሸጥ ለብዙዎች ተደራሽ እንዲሆኑ ተደርገዋል። አዳዲስ መሣሪያዎቹ በውስጣቸው ከፍተኛ የፋይል ማከማቻ አቅም ያላቸውን የሃርድ ድራይቭ ይዘው መምጣታቸው ተገልጿል። በተጨማሪም በኮምፒውተር ላይ መሠረታዊ የሆኑ የሥራ መመሪያዎችን የሚይዙ መጽሐፍትን በነፃ አብረው ለመሸጥ አቅደዋል። በሱቁ ውስጥ የሚገኙት የቴክኒክ ባለሙያዎች ለደንበኞች ስለ ኮምፒውተር ጥገና እና እንክብካቤ በቂ መረጃ ይሰጣሉ። የሱቁ ባለቤት አቶ ዮናስ በቀለ በየሳምንቱ አዳዲስ የቴክኖሎጂ ውጤቶችን ለገበያ ለማቅረብ እየሰሩ መሆኑን ተናግረዋል። በከተማዋ ውስጥ የሚገኙ ተማሪዎች እነዚህን መሣሪያዎች ለመግዛት ከፍተኛ ፍላጎት እያሳዩ መሆኑ ታውቋል። መሣሪያዎቹ ከጥፋት ለመከላከል የሚያስችሉ የፀረ ቫይረስ ሶፍትዌሮችን በውስጣቸው ጭነው መቅረባቸው ትልቅ ጥቅሙ ነው። በሱቁ ውስጥ የሚሰጠው የዋስትና ጊዜም ለሁለት ዓመታት እንዲቆይ ተደርጓል። ይህ የሽያጭ መርሃ ግብር በከተማዋ ውስጥ ያለውን የቴክኖሎጂ ተጠቃሚነት ለማሳደግ ይረዳል። በቅርቡም ሌሎች የኮምፒውተር መለዋወጫዎችን ለማቅረብ ዝግጅት እየተደረገ መሆኑን የሱቁ ሰራተኞች ገልጸዋል።"
summarisation|116#2,summarisation,,technology,"ጽሑፉን አንብበሽ ማጠቃለያውን ጻፊ።

Context:
በነሐሴ ፳ ቀን በጎንደር ከተማ በሚገኘው የጥንታዊ እውቀት የቴክኖሎጂ ማህበር ውስጥ የኮምፒውተር መሰረታዊ እውቀት ውድድር ተካሂዷል። በውድድሩ ላይ ከሃያ የተለያዩ ትምህርት ቤቶች የመጡ ሰባት መቶ ተማሪዎች ተሳትፈዋል። የውድድሩ ዋና ዓላማ ተማሪዎች ስለ ኮምፒውተር ክፍል ክፍሎች እና ስለ ኦፕሬቲንግ ሲስተም ያላቸውን እውቀት መፈተሽ ነው። በውድድሩ አሸናፊ የሆኑት አምስት ተማሪዎች እያንዳንዳቸው በ፭ ሺህ ብር የገንዘብ ሽልማት እና የላፕቶፕ ኮምፒውተር ተሸልመዋል። የውድድሩ አስተባባሪ አቶ ካሳሁን መኩሪያ ውድድሩ ለወጣቶች የቴክኖሎጂ ፍቅር እንዲኖራቸው ለማድረግ እንደተዘጋጀ ተናግረዋል። ተማሪዎቹ ስለ መረጃ አያያዝ እና ስለ ኢንተርኔት ደህንነት ያላቸውን ግንዛቤ በተግባር እንዲያሳዩ ተደርጓል። በውድድሩ ወቅት የተሰጡት ጥያቄዎች በጣም ቀላል እና መሰረታዊ የሆኑ የኮምፒውተር እውቀቶችን የሚመለከቱ ነበሩ። የውድድሩ ውጤት በኮምፒውተር የታገዘ ሲሆን ይህም ፍትሃዊነትን ለማረጋገጥ ተደርጓል። በከተማዋ ውስጥ የሚገኙ ወላጆች ለልጆቻቸው የቴክኖሎጂ ትምህርት አስፈላጊ መሆኑን በመረዳት ለውድድሩ ድጋፍ አድርገዋል። ማህበሩ በየዓመቱ እንዲህ አይነት የቴክኖሎጂ ውድድሮችን ለማካሄድ አቅዶ እንደሚሰራ ገልጿል። በውድድሩ ማጠቃለያ ላይ የተሰጡት ምስክር ወረቀቶች ለተማሪዎቹ ለወደፊት ትምህርታቸው ትልቅ መነሳሳትን እንደሚሰጡ ተገልጿል። ይህ ተግባር በከተማዋ ውስጥ ያለውን የዲጂታል እውቀት ደረጃ ለማሳደግ ትልቅ ሚና ይጫወታል።"
summarisation|118#0,summarisation,,daily_life,"ከዚህ በታች ያለውን ጽሑፍ በ2-3 ዓረፍተ ነገሮች አጠቃልለው።

Context:
በኢትዮጵያ የባህል ምግብ ዝግጅት ውስጥ በየቤቱ የሚዘጋጁ የተለያዩ አይነቶች በሰፊው ይታወቃሉ። በተለይም በዓላት ሲመጡ ቤተሰቦች በሙሉ ተሰብስበው በጋራ ምግብ የመመገብ ባህል በጣም የተለመደ ነው። በምግብ ዝግጅት ወቅት የሚጠቀሙባቸው ቅመማ ቅመሞች ለምግቡ ልዩ ጣዕምና መዓዛ እንዲኖረው ያደርጋሉ። በየቀኑ የሚዘጋጁ የምሳና የእራት ምግቦች በጤናማ የሆኑ የአትክልትና የጥራጥሬ ውጤቶች ላይ የተመሰረቱ ናቸው። ምግብ ማብሰል ለቤተሰብ አባላት ፍቅርንና እንክብካቤን ለመግለጽ የሚረዳ ትልቅ የባህል መግለጫ ነው። እንግዳ ሲመጣ በክብር ማስተናገድና ልዩ ምግብ ማቅረብ በባህላችን ውስጥ ትልቅ ቦታ የሚሰጠው ተግባር ነው። አዳዲስ የሙያ ዘርፎች ቢመጡም የጥንታዊ የምግብ አሰራር ዘዴዎች አሁንም ድረስ በቤቶች ውስጥ ተጠብቀው ይገኛሉ። በምግብ ዝግጅት ሂደት ውስጥ የሚታዩት ጥንቃቄዎች ለምግቡ ጥራትና ለጤና መረጋገጥ በጣም አስፈላጊ ናቸው።"
summarisation|118#1,summarisation,,daily_life,"ይህ ጽሑፍ ምን እንደሚናገር በአጭሩ አስረዳ።

Context:
በአለም አቀፍ ደረጃ የምግብ ባህል ከየሀገራቱ ተፈጥሮአዊ ሀብትና የአየር ንብረት ጋር የተያያዘ ነው። አንዳንድ ሀገራት በቅዝቃዜ ወቅት የሚመገቡት ምግቦች ከፍተኛ የሙቀት መጠን እንዲኖራቸው ተደርገው ይዘጋጃሉ። በሌላ በኩል ሞቃታማ በሆኑ አካባቢዎች የሚገኙ ሰዎች አገጭ የሚያደርጉና ቀለል ያሉ ምግቦችን ይመርጣሉ። የምግብ አዘገጃጀት ዘዴዎች ከትውልድ ወደ ትውልድ እየተላለፉ የሚመጡ ውድ የሆኑ የባህል ቅርሶች ናቸው። በዘመናዊው ዓለም አዳዲስ የቴክኖሎጂ ውጤቶች የምግብ ማብሰል ሂደትን በጣም ቀላልና ፈጣን አድርገውታል። ሆኖም ግን በእጅ የሚዘጋጁና ረጅም ጊዜ የሚወስዱ ጥንታዊ አሰራሮች አሁንም ለጣዕም ቅድሚያ ይሰጣቸዋል። ምግብ ማዘጋጀት ለሰዎች ማህበራዊ ግንኙነትን ለማጠናከርና ትውስታዎችን ለመፍጠር ትልቅ አጋጣሚ ይፈጥራል። በየዓመቱ የሚከበሩ በዓላት ልዩ ልዩ የምግብ አይነቶች እንዲታሰቡና እንዲቀርቡ ትልቅ ምክንያት ይሆናሉ።"
summarisation|118#2,summarisation,,daily_life,"የሚከተለውን ምንባብ በአጭሩ አጠቃልል፡

የጤናማ የአኗኗር ዘይቤን ለመከተል የምንመገባቸውን ምግቦች አዘገጃጀት በጥንቃቄ መመርመር በጣም አስፈላጊ ነው። በቤት ውስጥ የሚዘጋጁ ምግቦች በውስጣቸው የያዙት የጨውና የስኳር መጠንን መቆጣጠር ለጤና ተመራጭ ነው። አትክልቶችንና ፍራፍሬዎችን በብዛት ማካተት ለሰውነታችን የሚያስፈልጉ ቫይታሚኖችን ለማግኘት ትልቅ እገዛ ያደርጋል። በዘይት የበለጸጉና በጣም የተጠበሱ ምግቦችን መቀነስ ለረጅም ጊዜ ጤናማ ሆኖ ለመኖር ይረዳል። በምግብ ዝግጅት ወቅት ንጽህናን መጠበቅ ለበሽታ መከላከልና ለደህንነት መረጋገጥ ወሳኝ የሆነ ተግባር ነው። በየቀኑ የተመጣጠነ ምግብ መመገብ የአእምሮ ብስለትንና የአካል ጥንካሬን ለማሳደግ ከፍተኛ ሚና ይጫወታል። ምግብን አላስፈላጊ በሆነ መንገድ አለመጣልና የተረፈ ምግብን በአግባቡ መጠቀም ለኢኮኖሚና ለተፈጥሮ ይጠቅማል። በቤተሰብ ውስጥ የምግብ ሰዓት አባላት እርስ በእርስ ለመግባባትና መረጃ ለመለዋወጥ የሚጠቀሙበት ጊዜ ነው።"
summarisation|120#0,summarisation,,daily_life,"የሚከተለውን ጽሑፍ አጠቃልል።

Context:
ዛሬ ጠዋት በማለዳ ወደ መርካቶ ገበያ ስሄድ በሰዎች መነቃቃትና በጩኸት የታጀበ ትልቅ እንቅስቃሴ በየቦታው ተመልክቻለሁ። በገበያው ውስጥ ያሉ ነጋዴዎች ምርቶቻቸውን ለማስተዋወቅና ደንበኞችን ለመሳብ ከፍተኛ ድምፅ በማውጣት ይጣጣራሉ። እኔም ለቤት ውስጥ ምግብ የሚያስፈልጉትን አትክልቶችና ፍራፍሬዎች በጥራት ለመምረጥ ረጅም ሰዓት አሳልፌያለሁ። በገበያው መሃል ያሉትን የቅመማ ቅመም መሸጫዎች ስዞ ትኩስና መዓዛ ያላቸው በርበሬና እርድ በብዛት አግኝቻለሁ። በመጨረሻም የሚያስፈልገኝን ሁሉ በአግባቡ ገዝቼ ከገበያው ለመውጣት ሲቃረብ ከፍተኛ የሰዎች መጨናነቅ ተፈጥሮ ነበር።"
summarisation|120#2,summarisation,,daily_life,"ጽሑፉን አንብበሽ ማጠቃለያውን ጻፊ።

Context:
የሳምንቱ የገበያ ቀን በመሆኑ በአካባቢው በሚገኘው የባህር ዳር የገበያ ስፍራ ላይ ከፍተኛ የንግድ እንቅስቃሴ ይታያል። ነጋዴዎች ከገጠር አካባቢዎች ያመጧቸውን ትኩስ ምርቶች ለከተማው ነዋሪዎች ለማቅረብ በዝግጅት ላይ ናቸው። በገበያው ውስጥ የሚገኙት የጨዋታና የመዝናኛ ቦታዎች ለልጆች ትልቅ ደስታንና መነቃቃትን እየሰጡ ይገኛሉ። እኔም ከቤተሰቦቼ ጋር በመሆን ለሳምንቱ የሚያስፈልጉትን የጥራጥሬና የዘይት ምርቶችን ለመግዛት ተገኝቻለሁ። በገበያው ውስጥ ያለው የዋጋ መለዋወጥና የሰዎች ብዛት በጣም አስደናቂና ትልቅ ትኩረት የሚስብ ነበር።"
summarisation|121#0,summarisation,,daily_life,"የሚከተለውን ምንባብ በአጭሩ አጠቃልል፡

አዲስ አበባ ውስጥ የሚገኙ የሕዝብ ትራንስፖርት አገልግሎቶች በየቀኑ ለብዙ ሺህ ሰዎች የዕለት ተዕለት እንቅስቃሴያቸውን ለማሳለፍ ትልቅ እገዛ ያደርጋሉ። የሰማያዊ አውቶቡሶች አገልግሎት በከተማዋ ዋና ዋና መንገዶች ላይ በመንቀሳቀስ ሰራተኞችንና ተማሪዎችን ወደ መድረሻቸው በሰዓት ለማድረስ ይጥራሉ። በአሁኑ ወቅት በከተማዋ ውስጥ የሚገኙ የታክሲ አገልግሎቶችም ለተጓዦች ፈጣንና ምቹ የሆነ አማራጭ በመሆን በሰፊው ጥቅም ላይ ይውላሉ። የባቡር መስመሩም ከከተማዋ ወጣታ ወዳሉ አካባቢዎች ለመጓዝ ለሚፈልጉ ሰዎች በጣም አስተማማኝና ዘመናዊ የጉዞ ዘዴ ሆኖ ተገኝቷል። ሆኖም ግን በሰዓት መጨናነቅ ወቅት የአውቶቡሶች ብዛት ማነስ ለተጓዦች መጠበቅና መዘግየት ምክንያት እየሆነ መጥቷል። መንገዶች ላይ የሚታየው የትራፊክ መጨናነቅም የጉዞ ጊዜን እንዲረዝምና የሰዎችን ስራ እንዲስተጓጎል ከፍተኛ ተጽዕኖ እያሳደረ ይገኛል። የትራንስፖርት መሠረተ ልማቶችን ማሻሻልና አዳዲስ ተሽከርካሪዎችን መጨመር ለከተማዋ ሰላማዊ እንቅስቃሴ ወሳኝ መሆኑን ሁሉም ሰው ይረዳል። በመሆኑም መንግሥትና የግል ባለሀብቶች በትራንስፖርት ዘርፍ ላይ ትኩረት ሰጥተው መስራት እንዳለባቸው ተደጋጋሚ ጥሪዎች እየቀረቡ ነው።"
summarisation|121#1,summarisation,,daily_life,"ጽሑፉን አንብበሽ ማጠቃለያውን ጻፊ።

Context:
ከአዲስ አበባ ወደ ባህር ዳር ለመጓዝ የሚመርጡ ሰዎች በተለያዩ የትራንስፖርት አማራጮች አማካኝነት ጉዟቸውን በሰላም ያጠናቅቃሉ። በሕዝብ አውቶቡሶች መጓዝ በጣም ርካሽ ቢሆንም ረጅም ሰዓት በመጠበቅና በሰው ብዛት ምክንያት ድካም ሊያስከትል ይችላል። በታክሲ ወይም በግል መኪና መጓዝ ደግሞ ለጉዞው ምቾትና ለሰዓት አክብሮት በጣም ተመራጭ የሆነ አማራጭ ነው። በከተማዋ አቅራቢያ በሚገኙ የባቡር መስመሮች አማካኝነት አጭር ርቀት ለመጓዝ የሚፈልጉ ሰዎች ፈጣን አገልግሎት ያገኛሉ። የጉዞ ወቅት አየር ሁኔታም በጉዞው ፍጥነትና በደህንነት ላይ ከፍተኛ ተጽዕኖ ሊያሳድር እንደሚችል መዘንጋት የለብንም። በተለይ በዝናብ ወቅት መንገዶች ስለሚቆሽሹና ስለሚቆራረጡ የትራንስፖርት አገልግሎት ላይ መዘግየት ሊታይ ይችላል። ተጓዦች ጉዟቸውን ከመጀመራቸው በፊት የአየር ሁኔታውንና የመንገድ ሁኔታውን አስቀድመው ማረጋገጥ ለጉዞ ስኬታማነት በጣም አስፈላጊ ነው። በአጠቃላይ የትራንስፖርት አማራጮችን በጥንቃቄ መምረጥ ለጉዞው ምቾትና ለጊዜ አጠቃቀም ትልቅ ሚና ይጫወታል።"
summarisation|121#2,summarisation,,daily_life,"ይህን ጽሑፍ በአጭሩ አጠቃልልልኝ።

በኢትዮጵያ ገጠር አካባቢዎች የሚገኙ የትራንስፖርት አገልግሎቶች ከከተማው ሁኔታ በተለየ መልኩ የራሳቸው የሆነ ተግዳሮትና ባህሪ አላቸው። አብዛኛዎቹ ሰዎች ከአንድ መንደር ወደ ሌላ ለመሄድ በትንንሽ መኪናዎች ወይም በፈረስ ላይ የተሰነዱ ጋሪዎችን ይጠቀማሉ። እነዚህ የትራንስፖርት ዓይነቶች ለገበሬዎች ምርታቸውን ወደ ገበያ ለማድረስና ለዕለት ተዕለት ፍላጎታቸው በጣም አስፈላጊ ናቸው። ሆኖም ግን አብዛኛዎቹ መንገዶች ያልተሰሩና አዳጋች በመሆናቸው የጉዞ ጊዜን በጣም ረጅምና አድካሚ ያደርጉታል። በዝናብ ወቅት መንገዶች ጭቃ ስለሚሆኑ የትራንስፖርት አገልግሎት ማግኘት በጣም አስቸጋሪና ለአደጋ የሚያጋልጥ ሁኔታ ይፈጠራል። አዳዲስ የገጠር መንገዶች ከተገነቡና የተሻሉ ተሽከርካሪዎች ከተመደቡ የገጠር ነዋሪዎች የኑሮ ደረጃ ሊሻሻል ይችላል። የትራንስፖርት መሠረተ ልማት እጥረት በገጠርና በከተማ መካከል ያለውን የኢኮኖሚ ልዩነት ይበልጥ እንዲሰፋ ያደርገዋል። በመሆኑም የገጠር መንገዶችን ማሻሻልና የትራንስፖርት አቅርቦትን ማሳደግ ለሀገሪቱ አጠቃላይ እድገት ወሳኝ ተግባር ነው።"
summarisation|122#0,summarisation,,daily_life,"ጽሑፉን አንብበሽ ማጠቃለያውን ጻፊ።

Context:
በሰኔ ፲፪ ቀን ሁለት ሺህ አሥራ ስድስት ዓመተ ምሕረት በአዲስ አቢሲኒያ ከተማ የሚገኘው የንጋት ብርሃን ትምህርት ቤት ትልቅ የዕውቀት ማዕከል ሆኖ ተገኝቷል። በትምህርት ቤቱ ውስጥ የሚገኙ ተማሪዎች በየቀኑ ጠዋት በሰባት ሰዓት ላይ በደጃፉ ላይ ተሰልፈው ለትምህርት ዝግጁ ይሆናሉ። የትምህርት ቤቱ ርዕሰ መምህር አቶ በቀለ ተስፋዬ በትናንትናው ዕለት ለተማሪዎች አዲስ የንባብ መርሃ ግብር መጀመሩን በደስታ አበሰሩ። ይህ አዲስ መርሃ ግብር በየሳምንቱ ቅዳሜ ዕለት በቤተ መጻሕፍት ውስጥ እንዲከናወን በዝርዝር ታቅዷል። በትምህርት ቤቱ ውስጥ የሚገኙ ፬፻ሃምሳ ተማሪዎች በሁሉም የትምህርት ዓይነቶች ከፍተኛ ውጤት በማስመዝገባቸው በጣም ተደስተዋል። የትምህርት ቤቱ የሳይንስ ክፍል ኃላፊ ወይዘሮ አልማዝ አበበ አዳዲስ የላቦራቶሪ መሣሪያዎች ለተማሪዎች አገልግሎት እንዲውሉ መደረጉን ገልጻለች። በሳይንስ ትምህርት ክፍል ውስጥ የሚገኙ ፳ አዳዲስ ማይክሮስኮፖች ለተማሪዎች ምርምር እንዲረዳ ተገዝተዋል። ተማሪዎቹ በየቀኑ ከትምህርት በኋላ በሜዳው ላይ የተለያዩ የስፖርት እንቅስቃሴዎችን በጋራ ያደርጋሉ። የትምህርት ቤቱ የስፖርት መምህር አቶ ደመሰበ ኃይሌ ተማሪዎች በሩትብ እና በኳስ ጨዋታ ላይ ከፍተኛ ብቃት እንዳላቸው ገልጿል። በትምህርት ቤቱ ውስጥ የሚገኙ ፲ ሁለት አዳዲስ መጽሐፍት ለተማሪዎች ንባብ እንዲሆኑ በበጎ አድራጊዎች ተገዝተው መጥተዋል። በትምህርት ቤቱ የኪነ ጥበብ ክለብ ውስጥ የሚሳተፉ ተማሪዎች በየወሩ የሚያምር የሥዕል ኤግዚቢሽን ያዘጋጃሉ። ይህ የትምህርት ቤት ማኅበረሰብ በሥነ ሥርዓት እና በታታሪነት የታወቀ በመሆኑ ለሁሉም ተምሳሌት ሆኗል።"
summarisation|122#1,summarisation,,daily_life,"የሚከተለውን ጽሑፍ ዋና ዋና ነጥቦች ብቻ በመያዝ አጭር አድርገህ ግለጽ።

Context:
በሰኔ ፳ አምስት ቀን ሁለት ሺህ አሥራ አምስት ዓመተ ምሕረት በሰማይ ሰማያት ትምህርት ቤት ውስጥ ታላቅ የዕውቀት ሽልማት ሥነ ሥርዓት ተካሂዷል። የትምህርት ቤቱ ተማሪ የሆነው ወጣት አቶ ታደሰ በቀለ በሒሳብ ትምህርት በወሰደው ከፍተኛ ውጤት የዓመቱ ምርጥ ተማሪ ተብሎ ተመርጧል። የትምህርት ቤቱ አስተዳደር ፪ ሚሊዮን ብር ለተማሪዎች መጽሐፍ መግዣ እንዲሆን በበጎ አድራጊዎች አማካኝነት ማሰባሰቡን አስታውቋል። በትምህርት ቤቱ ውስጥ የሚገኙ ፭ መምህራን በዓመቱ ውስጥ ለተማሪዎች ላደረጉት ከፍተኛ አስተዋጽኦ ልዩ እውቅና ተሰጥቷቸዋል። የትምህርት ቤቱ ቤተ መጻሕፍት በቅርቡ ፭ ሺህ አዳዲስ መጽሐፍትን በማግኘቱ ለተማሪዎች ትልቅ ዕድል ፈጥሯል። ተማሪዎቹ በየቀኑ በጠዋት በ፪ ሰዓት ላይ የጠዋት ጸሎት እና የዜማ ፕሮግራም በማድረግ ቀናቸውን ይጀምራሉ። በትምህርት ቤቱ ውስጥ የሚገኘው የምግብ ቤት አገልግሎት ለ፪፻ ተማሪዎች በየቀኑ የተመጣጠነ ምግብ ያቀርባል። የትምህርት ቤቱ የጥበብ መምህርት ወይዘሮ ሄለን አሰፋ ተማሪዎች በሙዚቃ ትምህርት ላይ ያላቸው ፍላጎት እየጨመረ መምጣቱን ገልጻለች። በዓመቱ መጨረሻ ላይ የሚካሄደው የትምህርት ማጠቃለያ በዓል በ፲ ሺህ ተሳታፊዎች እንዲካሄድ ተዘጋጅቷል። ተማሪዎች በሳይንስ ክለብ አማካኝነት አዳዲስ የቴክኖሎጂ ውጤቶችን ለትምህርት ቤቱ ማኅበረሰብ ማሳየት ችለዋል። የትምህርት ቤቱ የሳይንስ መምህር አቶ ዮናስ በቀለ ተማሪዎች በፈጠራ ሥራ ላይ እንዲያተኩሩ ሁልጊዜ ያበረታታል። ይህ ትምህርት ቤት በከተማው ውስጥ ከፍተኛ የትምህርት ጥራት ያለው ተቋም ተደርጎ ይወሰዳል።"
summarisation|122#2,summarisation,,daily_life,"የሚከተለውን ምንባብ በአጭሩ አጠቃልል፡

በሰኔ ፰ ዓመተ ምሕረት በወርቅ ደመና መሠረተ ልማት ትምህርት ቤት ውስጥ አዲስ የኮምፒውተር ላብራቶሪ ተከፍቷል። የትምህርት ቤቱ ተማሪዎች በቴክኖሎጂ የታገዘ ትምህርት እንዲያገኙ ለማድረግ ፳ አዳዲስ ኮምፒውተሮች ተገዝተው ተተክለዋል። የትምህርት ቤቱ ርዕሰ መምህር ወይዘሮ ማርታ አበበ አዲሱ ላብራቶሪ ለተማሪዎች የዲጂታል እውቀት ለማዳበር ትልቅ ሚና እንደሚኖረው ተናግራለች። በላብራቶሪው ውስጥ የሚገኙ ፳ አምስት ተማሪዎች በየቀኑ በየተራ የኮምፒውተር ትምህርት እንዲወስዱ ፕሮግራም ተደርጓል። የትምህርት ቤቱ የቴክኖሎጂ መምህር አቶ ሳሙኤል ኃይሌ ተማሪዎች በኢንተርኔት አጠቃቀም ላይ ጥንቃቄ እንዲያደርጉ አሳስቧል። በትምህርት ቤቱ ውስጥ የሚገኙ ፭ የቴክኖሎጂ ባለሙያዎች ለተማሪዎች ተግባራዊ ልምምድ እንዲሰጡ ተመድበዋል። ተማሪዎቹ በየሳምንቱ ቅዳሜ ዕለት በኮምፒውተር ፕሮግራሚንግ ላይ ልዩ ስልጠና እንዲወስዱ ታቅዷል። የትምህርት ቤቱ የገቢ ማሰባሰቢያ ኮሚቴ ለላብራቶሪው የሚያስፈልጉ ቁሳቁሶችን ለማሟላት ፭ ሺህ ብር ሰብስቧል። ተማሪዎች በቴክኖሎጂ የታገዘ ትምህርት በመውሰዳቸው ለወደፊት የሥራ ሕይወታቸው ዝግጁ እየሆኑ መሆኑ ተገልጿል። በላብራቶሪው ውስጥ የሚገኙ አዳዲስ የሶፍትዌር መሣሪያዎች ለተማሪዎች ምርምር እንዲሆኑ ተደርገው ተዘጋጅተዋል። የትምህርት ቤቱ የሳይንስ ክለብ አባላት በኮምፒውተር አማካኝነት አዳዲስ ግኝቶችን ለሌሎች ተማሪዎች ለማሳየት ዝግጅት እያደረጉ ነው። ይህ አዲስ መሣሪያ በትምህርት ቤቱ ውስጥ ያለውን የትምህርት ጥራት በከፍተኛ ደረጃ ከፍ ያደርገዋል።"
summarisation|123#0,summarisation,,daily_life,"ይህ ጽሑፍ ምን እንደሚናገር በአጭሩ አስረዳ።

Context:
በኢትዮጵያ የባህል በዓላት ወቅት ቤተሰቦች በሙሉ በአንድ ላይ በመሰባሰብ ልዩ ልዩ የባህል ምግቦችን በማዘጋጀት ደስታቸውን ይገልጻሉ። በተለይም በእንቁጣጣሽ በዓል ወቅት አዲስ ልብስ መልበስና ለታላላቅ ሰዎች ሰላምታ መስጠት ትልቅ ትርጉም ያለው ተግባር ነው። በዓሉ የሰላም፣ የፍቅርና የአንድነት ምልክት በመሆኑ ሁሉም ሰው በደስታና በሰላም እንዲኖር ይመኛል። በዓሉን ምክንያት በማድረግ ጎረቤቶች እርስ በርስ ተደጋግፈውና ተባብረው የሚኖሩበት ልዩ ጊዜ ነው። የልጆች ጨዋታና የትልቅ ሰዎች ምክር በዓሉን የበለጠ ማራኪና ትውስታ የማይረሳ ያደርገዋል። ይህ በዓል የባህል እሴቶቻችንን ለቀጣዩ ትውልድ ለማስተላለፍ ትልቅ ዕድል ይሰጣል።"
summarisation|123#2,summarisation,,daily_life,"እባክዎን ይህን ጽሑፍ በአጭሩ ያጠቃልሉ።

Context:
የጥምቀት በዓል በኢትዮጵያ ውስጥ በዓመት አንድ ጊዜ የሚከበር እጅግ በጣም ልዩና መንፈሳዊ ትርጉም ያለው በዓል ነው። በዓሉን ምክንያት በማድረግ ሰዎች በጠዋት ተነስተው ወደ ወንዝ ወይም ወደ ገባር በመሄድ በውኃ መታጠብን ይመርጣሉ። በዓሉ የንጽሕና፣ የብርሃንና የአዲስ ሕይወት ምልክት ተደርጎ ስለሚወሰድ ሁሉም ሰው በደስታ ይሳተፋል። በዓሉን ለማክበር ቤተሰቦች ልዩ የሆኑ የባህል ምግቦችን በማዘጋጀት ለታላላቅ ሰዎችና ለድሆች ያካፍላሉ። በዓሉ በታላላቅ የዜማና የጸሎት ሥነ-ሥርዓቶች የታጀበ በመሆኑ መንፈሳዊ ድባቡ በጣም ከፍተኛ ነው። ይህ በዓል የኢትዮጵያን ብሔራዊ ማንነትና የሃይማኖት ሥርዓት በዓለም አቀፍ ደረጃ እንዲታወቅ ያደርጋል።"
summarisation|124#0,summarisation,,history,"የሚከተለውን ጽሑፍ ዋና ዋና ነጥቦች በመያዝ በ2-3 ዓረፍተ ነገሮች አጠቃልል።

ጽሑፍ፡ የአክሱም መንግሥት በቀይ ባሕር እና በሕንድ ውቅያኖስ መካከል ባለው የንግድ መስመር ላይ በመገኘቱ ምክንያት በዓለም ታሪክ ውስጥ ትልቅ ተጽዕኖ ፈጥሯል። ይህ ጥንታዊ ሥልጣኔ በንግድ እንቅስቃሴው አማካኝነት ከሮማ ግዛት እና ከፋርስ መንግሥታት ጋር የጠበቀ ግንኙነት እንዲኖረው አድርጓል። የአክሱም ነገሥታት በወቅቱ የነበሩትን የባሕር ላይ መርከቦች በመጠቀም የተለያዩ ምርቶችን ለሩቅ አገሮች በማቅረብ ከፍተኛ ሀብት ይዘረፋሉ። በወቅቱ በነበረው የንግድ ልውውጥ አማካኝነት የወርቅ፣ የአበባ ዘይት እና የእንስሳት ውጤቶች በሰፊው ይላኩ ነበር። መንግሥቱ የራሱን የገንዘብ ሳንቲሞች በማተም በኢኮኖሚው ረገድ ያለውን ጥንካሬና ሉዓላዊነት ለዓለም አቀፍ ማኅበረሰብ ያሳየ ነበር። በንግድ መስመሩ ላይ ያለውን የበላይነት ለመጠበቅ ሲል ጠንካራ የባሕር ኃይል እና የጦር ሠራዊት አሰባስቦ ይዞ ነበር። የአክሱም የንግድ ሥርዓት በወቅቱ የነበረውን ዓለም አቀፍ የኢኮኖሚ መዋቅር ለመለወጥ ትልቅ ሚና ተጫውቷል። ይህ ታላቅ ሥልጣኔ በንግድ እና በዲፕሎማሲያዊ ግንኙነት ረገድ በታሪክ ውስጥ የማይረሳ አሻራ ጥሏል።"
summarisation|124#2,summarisation,,history,"ይህ ጽሑፍ ምን እንደሚናገር በአጭሩ አስረዳ።

Context:
የአክሱም መንግሥት በሃይማኖታዊ ለውጦች እና በባሕል መስፋፋት ረገድ በኢትዮጵያ ታሪክ ውስጥ ትልቅ ምዕራፍ ከፍቷል። መንግሥቱ ክርስትናን እንደ አገር ብሔራዊ ሃይማኖት በመቀበል ረገድ የወሰደው እርምጃ ማኅበረሰቡን በአዲስ መልክ አዋቅሯል። ይህ የሃይማኖት ለውጥ በባሕል፣ በሥነ-ጽሑፍ እና በሕይወት ዘይቤ ላይ ከፍተኛ ተጽዕኖ ማሳደር ችሏል። በወቅቱ የነበሩ የሃይማኖት ተቋማት ለትምህርት እና ለሥነ-ጽሑፍ እድገት ትልቅ መሠረት በመሆን አገልግለዋል። የአክሱም ሥልጣኔ በሃይማኖታዊ ሥርዓቶች አማካኝነት የተለያዩ ብሔረሰቦችን በአንድ ማኅበራዊ መዋቅር ሥር ለማምጣት ሞክሯል። በሃይማኖታዊ መጻሕፍት እና በሥነ-ጽሑፍ ሥራዎች አማካኝነት የቋንቋ እና የጽሕፈት ጥበብ እንዲያድግ ትልቅ አስተዋጽኦ ተደርጓል። የሃይማኖት ተቋማት በወቅቱ የነበሩትን የፖለቲካ እና የማኅበራዊ ጉዳዮች ለመፍታት እንደ ማዕከል ያገለግሉ ነበር። ይህ መንፈሳዊ እና ባህላዊ ለውጥ የአክሱምን ማንነት ለብዙ ዘመናት እንዲቀጥል በማድረግ ረገድ ወሳኝ ሚና ተጫውቷል።"
summarisation|125#0,summarisation,,history,"እባክዎን ይህን ጽሑፍ በአጭሩ ያጠቃልሉ።

Context:
የአድዋ ጦርነት በኢትዮጵያ ታሪክ ውስጥ እጅግ በጣም ትልቅ እና የማይረሳ ድል ተደርጎ በታላቅ ኩራት ይታወሳል። ይህ ታላቅ ውጊያ የተካሄደው በኢትዮጵያ መንግስት እና በጣሊያን ወራሪ ኃይሎች መካከል በከፍተኛ የጦርነት ድባብ ውስጥ ነበር። የኢትዮጵያ የጦር አዛዦች እና ወታደሮች በአንድነት በመቆም የአገራቸውን ነፃነት ለማስከበር በፅናት ተዋጉ። የጣሊያን ወታደሮች በዘመናዊ መሣሪያዎች የታጠቁ ቢሆንም የኢትዮጵያውያን ቁርጠኝነት ግን እጅግ በጣም ከፍተኛ ነበር። በጦርነቱ ወቅት የኢትዮጵያ መሪዎች ብልህነት እና ስልታዊ አመራር ለድሉ ትልቅ አስተዋፅኦ አድርገዋል። የሀገሪቱ ወታደሮች በየቦታው ተሰባስበው በጋራ በመስራት ጠላትን ለማሸነፍ ከፍተኛ ጥረት አድርገዋል። ይህ ድል ኢትዮጵያ በዓለም መድረክ ላይ ያላትን ሉዓላዊነት እና ክብር በከፍተኛ ሁኔታ አረጋግጧል። የአፍሪካ አገሮች ለነፃነታቸው እንዲቆሙ ትልቅ ተስፋ እና መነሳሳትን የሰጠ ታሪካዊ ክስተት ነው። የጦርነቱ ውጤት የጣሊያንን ወራሪነት ሙሉ በሙሉ በማክሸፍ የአገሪቱን ድንበር ጠብቆ አቆይቷል። በወቅቱ የነበረው የሕዝብ አንድነት ለዚህ ታላቅ ድል መሰረት መሆኑን የታሪክ መዛግብት ያሳያሉ። የአድዋ ድል የኢትዮጵያዊያን የጀግንነት እና የጥንካሬ ማሳያ ተደርጎ ለትውልድ ይተላለፋል። ይህ ታሪክ ሁልጊዜም በኢትዮጵያውያን ልብ ውስጥ ትልቅ ቦታ አለው።"
summarisation|126#0,summarisation,,history,"የጽሑፉን ዋና ሐሳብ በአጭሩ ግለጽ።

Context:
በአዲሱ የሰሜን ኮረብታ ክልል ውስጥ የሚገኘው የዝሆን ከተማ ነዋሪዎች በሰኔ ፲፪ ቀን በነበረው ሰላማዊ ሰልፍ የነፃነት ጥያቄያቸውን ለባዕዳን አስተዳዳሪዎች በግልጽ አሳውቀዋል። የነፃነት ተሟጋቾች ማኅበር የተባለው ድርጅት በሰልፉ ላይ ከ፪ ሺህ በላይ ወጣቶችን በማሰባሰብ በከተማዋ ዋና አደባባይ ላይ ትልቅ ንግግር አድርጓል። የድርጅቱ መሪ አቶ ተክለማርያም በንግግራቸው ወቅት የክልሉን ተፈጥሯዊ ሀብት ለሌላ ወገን አሳልፎ መስጠት እንደማይፈልጉ በጽኑ አሳስበዋል። በሰልፉ ወቅት የተሰበሰቡት ፭ መቶ ሺህ ብር ለነፃነት ትግሉ መሠረታዊ ወጪዎች እንዲውሉ ለሕዝቡ በይፋ ተነግሯል። የአስተዳዳሪው ወኪል በሰልፉ ላይ ለመገኘት አልቻሉም ነገር ግን የሕዝቡን ጥያቄ ለማስተናገድ እንደሚሞክሩ በጽሁፍ መልዕክት አሳውቀዋል። ይህ ታሪካዊ ክስተት በክልሉ ውስጥ አዲስ የፖለቲካ ለውጥ ለማምጣት ትልቅ ተስፋን የፈጠረ መሆኑን ታዛቢዎች ገልጸዋል።"
summarisation|126#2,summarisation,,history,"ይህ ጽሑፍ ምን እንደሚናገር በአጭሩ አስረዳ።

Context:
በታችኛው የዝቅታው ሜዳ አካባቢ የሚገኘው የብርሃን አርበኞች ቡድን በጥር ፳፭ ቀን በነበረው እንቅስቃሴ የክልሉን ነፃነት ለማረጋገጥ አዲስ ስትራቴጂ አውጥቷል። ቡድኑ በከተማዋ ውስጥ የሚገኙ ፪ ዋና ዋና የትምህርት ተቋማትን በመጠቀም ለወጣቶች ስለ ሉዓላዊነት ያላቸውን ግንዛቤ ለማሳደግ እየሰራ ይገኛል። የቡድኑን የፋይናንስ የበላይነት የሚቆጣጠረው አቶ በቀለ በሰበሰበው ፪ ሚሊዮን ብር አማካኝነት ለትግሉ የሚያስፈልጉ መጽሐፍትን ማዘጋጀት ተችሏል። በክልሉ ውስጥ የሚገኙ ፳ አምስት ታዋቂ ሰዎች በቡድኑ ስምምነት ላይ በመፈረም ለነፃነት ትግሉ ድጋፋቸውን በይፋ ሰጥተዋል። ይህ እንቅስቃሴ በክልሉ ውስጥ የሚገኙ ፻ ፳ አምስት የገጠር ማኅበረሰቦችን በማስተባበር ለትልቅ ለውጥ መነሻ እንደሚሆን ተገምቷል። የነፃነት ተሟጋቾች ቡድኑ በሰላማዊ መንገድ የሚከተለውን መንገድ ለክልሉ ሰላም ወሳኝ መሆኑን በሰፊው አጽንኦት ሰጥተውታል።"
summarisation|127#1,summarisation,,history,"ይህ ጽሑፍ ምን እንደሚናገር በአጭሩ አስረዳ።

Context:
የሜሶፖታሚያ ስልጣኔ በሁለት ታላላቅ ወንዞች ማለትም በጤግረስ እና በኤፍራጥስ መካከል በነበረው ለም መሬት ላይ የበለፀገ ነበር። ይህ አካባቢ የዓለም የመጀመሪያዎቹ የከተማ መንደሮች እና የሕግ ሥርዓቶች የተፈጠሩበት እጅግ በጣም ወሳኝ የሆነ የታሪክ ስፍራ ነው። የሱመሪያውያን ሕዝብ የጽሕፈት ሥርዓትን በመፍጠር መረጃዎችን ለመመዝገብ እና የንግድ ልውውጦችን ለማድረግ ትልቅ አቅም ነበራቸው። በዚያ ዘመን የነበሩት የከተማ ግንባታዎች እና የውሃ መቆጣጠሪያ ዘዴዎች ለግብርና ስራ በጣም አስፈላጊ እና ውጤታማ ነበሩ። የባቢሎን ስልጣኔም በሕግ እና በሥነ አርእስት ረገድ እጅግ በጣም ከፍተኛ የሆነ ደረጃ ላይ መድረሱን በታሪክ ያረጋግጣል። የሥነ ከዋክብት ጥናት እና የሒሳብ እውቀት በዚያ ዘመን በከፍተኛ ሁኔታ በማደግ ላይ የነበሩ የዕውቀት ዘርፎች ነበሩ። በሜሶፖታሚያ የነበሩት የተለያዩ ሕዝቦች እና ባህሎች እርስ በእርስ በመደጋገፍ እና በመጋፋት ለዓለም አቀፍ እድገት አስተዋጽኦ አድርገዋል። ይህ ስልጣኔ ለዘመናዊው የሰው ልጅ ሥልጣኔ መሰረት የጣለ እና የማይተካ ታሪካዊ ጠቀሜታ ያለው ስልጣኔ ነው።"
summarisation|127#2,summarisation,,history,"እባክዎን ይህን ጽሑፍ በአጭሩ ያጠቃልሉ።

Context:
የጥንታዊቷ ግሪክ ስልጣኔ ለምዕራባዊው ዓለም የፍልስፍና እና የዴሞክራሲ መሰረት የጣለ እጅግ በጣም ታላቅ የሰው ልጅ ስልጣኔ ነው። በግሪክ ከተሞች ውስጥ የነበሩት የፖለቲካ ሥርዓቶች እና የሕዝብ ተሳትፎ ለዘመናዊ የሥርዓተ መንግሥት ግንባታ ትልቅ ትምህርት ይሰጣሉ። የጥበብ እና የሳይንስ እድገት በዚያ ዘመን በከፍተኛ ደረጃ በመከናወን ለዓለም አቀፍ ዕውቀት ትልቅ ድርሻ አበርክቷል። ታላላቅ የሥነ ድርሰት እና የቲያትር ስራዎች በግሪክ ባህል ውስጥ ትልቅ ቦታ የሚሰጣቸው እና ማህበረሰቡን የሚያስተምሩ ነበሩ። በጦርነት እና በስፖርታዊ ውድድሮች ውስጥ የነበሩት ብቃታቸውም የሕዝቡን ጥንካሬ እና አንድነት በግልጽ የሚያሳዩ ነበሩ። የግሪክ ፈላስፎች ስለ ዓለም አቀፋዊ እውነት እና ስለ ሰው ልጅ ሥነ-ምግባር ያደረጉት ጥልቅ ምርምር ዛሬም ድረስ ይነበባል። የጥንታዊቷ ግሪክ የባህል እና የዕውቀት ውርስ በዓለም ዙሪያ ባሉ ብዙ ዘመናዊ ማህበረሰቦች ውስጥ በሰፊው ይታያል። በአጠቃላይ የግሪክ ስልጣኔ ለሰው ልጅ አእምሮአዊ እና ማህበራዊ እድገት የማይተካ እና ዘላቂ የሆነ አሻራ ጥሏል።"
summarisation|128#0,summarisation,,history,"የሚከተለውን ጽሑፍ አጠቃልል።

Context:
በሃያኛው ክፍለ ዘመን መጀመሪያ ላይ ኢትዮጵያ በአውሮፓ ኃያላን መንግሥታት መካከል ትልቅ ትኩረት የምታገኝባት ሀገር ሆና ነበር። በወቅቱ የነበሩት የቅኝ ግዛት expansion ፖሊሲዎች የአፍሪካን ምድር ለመቆጣጠር ከፍተኛ ጥረት እያደረጉ ነበር። የጣሊያን መሪዎች ኢትዮጵያን በኃይል ለመቆጣጠር የሚያደርጉት ዝግጅት በወቅቱ በዓለም አቀፍ ደረጃ ትልቅ ስጋት ፈጥሮ ነበር። የኢትዮጵያ መንግሥት የሀገሪቱን ሉዓላዊነት ለማስጠበቅ የተለያዩ ዲፕሎማሲያዊ ጥረቶችን በከፍተኛ ጥንካሬ እያደረገ ነበር። የዓለም ኃያላን ሀገራት በወቅቱ የነበራቸው የፖለቲካ ፍላጎት በኢትዮጵያ ጉዳይ ላይ ከፍተኛ ተጽዕኖ እያሳደረ ነበር። የጣሊያን ወታደራዊ ዝግጅት በወቅቱ በምስራቅ አፍሪካ የነበረውን የሰላም ሁኔታ በእጅጉ አዛብቶት ነበር። ኢትዮጵያ የራሷን የጦር አቅም ለማጠናከርና የውጭ ግንኙነቷን ለማሻሻል በርካታ ስራዎችን እየሰራች ነበር። በወቅቱ የነበሩት የዓለም ፖለቲካዊ ለውጦች በኢትዮጵያ የውስጥ ጉዳዮች ላይም ተጽዕኖ ማሳደር ጀምረው ነበር። የዓለም አቀፍ ህብረት መመሥረት በወቅቱ ለኢትዮጵያ ዲፕሎማሲያዊ ድጋፍ ሊሰጥ እንደሚችል ተስፋ ተጥሎ ነበር። የጣሊያን ወታደራዊ ጥቃት መቃረብ በወቅቱ የነበረውን የሀገሪቱን የጸጥታ ሁኔታ አሳሳቢ አድርጎታል። የኢትዮጵያ ሕዝብም የሀገሪቱን ነፃነት ለማስጠበቅ በከፍተኛ መንፈስና አንድነት ተዘጋጅቶ ነበር። ይህ የታሪክ ምዕራፍ የኢትዮጵያን የጥንካሬና የጽናት ታሪክ ለዓለም የሚያሳይ ትልቅ ክስተት ነበር።"
summarisation|128#1,summarisation,,history,"ጽሑፉን አንብበህ ዋናውን ሐሳብ በሁለት ወይም ሦስት ዓረፍተ ነገሮች ግለጽ።

ጽሑፍ፡ ከሁለተኛው የዓለም ጦርነት በኋላ በኢትዮጵያ የፖለቲካና የማህበራዊ መዋቅር ላይ ትልቅ ለውጦች ታይተዋል። የዓለም አቀፍ ሁኔታ ለውጥ በኢትዮጵያ የውጭ ግንኙነትና በሀገሪቱ የልማት አቅጣጫ ላይ ከፍተኛ ተጽዕኖ አሳድሯል። በወቅቱ የነበሩት የዓለም ኃያላን ሀገራት በኢትዮጵያ ላይ ያላቸው የፖለቲካ ፍላጎት እየተለወጠ መጥቶ ነበር። የኢትዮጵያ መንግሥት የሀገሪቱን የኢኮኖሚ መሠረት ለመገንባትና ዘመናዊ መዋቅሮችን ለመፍጠር ጥረት እያደረገ ነበር። በወቅቱ በዓለም ላይ የነበረው የቅዝቃዜ ጦርነት በኢትዮጵያ የፖለቲካ ውሳኔዎች ላይ ጥላ አሳርፎ ነበር። የሀገሪቱ የትምህርትና የጤና አገልግሎት ለማሻሻል የሚደረጉ ጥረቶች በወቅቱ ትልቅ ትኩረት ይስቡ ነበር። የዓለም አቀፍ ድርጅቶች በኢትዮጵያ የልማት ስራዎች ላይ ያላቸው ተሳትፎ እየጨመረ መጥቶ ነበር። የከተሞች መስፋፋትና የሕዝብ ቁጥር መጨመር በወቅቱ ማህበራዊ መዋቅሩ ላይ ጫና እያሳደረ ነበር። የኢትዮጵያ ዲፕሎማሲያዊ ሚና በአፍሪካ መድረክ ላይ እየጠነከረ መምጣቱ የታሪክ እውነት ነው። የቴክኖሎጂ ሽግግርና አዳዲስ የሥራ ዘዴዎች ወደ ሀገሪቱ እየገቡ መምጣታቸው ለለውጥ ምክንያት ሆኗል። በወቅቱ የነበሩት የፖለቲካ መሪዎች የሀገሪቱን የወደፊት ዕጣ ፈንታ ለመወሰን ከፍተኛ ውሳኔዎችን እያሳለፉ ነበር። ይህ ወቅት ለኢትዮጵያ ዘመናዊነት መሠረት የጣለ ትልቅ የታሪክ ምዕራፍ ተደርጎ ይወሰዳል።"
summarisation|128#2,summarisation,,history,"የሚከተለውን ጽሑፍ ዋና ዋና ነጥቦች በመያዝ በ2-3 ዓረፍተ ነገሮች አጠቃልል።

ጽሑፍ፡ በሃያኛው ክፍለ ዘመን አጋማሽ ላይ በኢትዮጵያ የነበረው የኢኮኖሚ እንቅስቃሴ ከዓለም አቀፍ ለውጦች ጋር የተያያዘ ነበር። የዓለም ገበያ ለውጥና የንግድ መስመሮች መለወጥ በኢትዮጵያ የግብርና ምርቶች ሽያጭ ላይ ተጽዕኖ አሳድረዋል። በወቅቱ የነበሩት የንግድ ተቋማት የሀገሪቱን ገቢ ለማሳደግ የተለያዩ ስልቶችን እየተገበሩ ነበር። የውጭ ሀገራት ኢንቨስትመንትና የንግድ ግንኙነት በኢትዮጵያ የኢኮኖሚ መዋቅር ውስጥ ቦታ ማግኘት ጀምረው ነበር። የሀገሪቱ የትራንስፖርት መሠረተ ልማት ግንባታ ለንግድ እንቅስቃሴው ማሳለጫ እንዲሆን ተደርጎ ተሰርቷል። በወቅቱ የነበረው የዓለም የኢኮኖሚ ቀውስ በኢትዮጵያ የንግድ እንቅስቃሴ ላይ መጠነኛ ተጽዕኖ አሳድሯል። የግብርና ምርቶች ዋጋ መለዋወጥ በገጠሩ አካባቢዎች የሕዝብን የኑሮ ደረጃ ቀይሮታል። የከተሞች የንግድ እንቅስቃሴና የገበያ ሥርዓት በወቅቱ እየተሻሻለ መምጣቱ ይታወሳል። የኢትዮጵያ የባንክና የፋይናንስ ሥርዓት ለማደግ የሚያስችሉ እርምጃዎችን በወቅቱ ወስዶ ነበር። የዓለም አቀፍ የንግድ ድርጅቶች መመሥረት በኢትዮጵያ የንግድ ፖሊሲ ላይ ተጽዕኖ አሳድሯል። የሀገሪቱ የኤክስፖርት ምርቶች ዓይነትና መጠን በወቅቱ ለለውጥ ተጋልጠው ነበር። ይህ የኢኮኖሚ ሽግግር ለኢትዮጵያ ዘመናዊ የንግድ ሥርዓት መገንባት ትልቅ ዕድል ፈጥሮ ነበር።"
summarisation|129#0,summarisation,,health,"ጽሑፉን አንብበሽ ማጠቃለያውን ጻፊ።

Context:
ወባን ለመከላከል በቤት ውስጥ የሚደረጉ ጥንቃቄዎች በጣም አስፈላጊና ውጤታማ የሆኑ የጤና ጥበቃ እርምጃዎች ናቸው። በቤት ውስጥ የሚገኙ የውሃ ማቆሚያዎችን በመዝጋት የወባ ትንኝ መራቢያ ቦታዎችን ማስወገድ ለጤናማ ሕይወት ይረዳል። በምሽት ወቅት የትንኝ መከላከያ አውታር ወይም መጋረጃ መጠቀም በትንኞች እንዳይነኩ ለመከላከል ትልቅ ሚና ይጫወታል። በቤት ዙሪያ ያለውን አረም እና ዝርክርክነት በየጊዜው በማጽዳት የትንኝ መኖሪያዎችን መቀነስ ይቻላል። እነዚህ ቀላል የሆኑ የጤና ልምዶች በቤተሰብ ደረጃ ተግባራዊ ሲሆኑ የወባ በሽታ ስርጭትን በከፍተኛ ሁኔታ ይቀንሳሉ። በየቀኑ የሚደረጉ እነዚህ ጥንቃቄዎች ለሕዝብ ጤና መሻሻል መሰረታዊ የሆኑ የሕክምና መከላከያ መንገዶች ናቸው።"
summarisation|129#1,summarisation,,health,"የሚከተለውን ምንባብ በአጭሩ አጠቃልል፡

የወባ በሽታን ለመከላከል የሚሰጡ የመድኃኒት መከላከያ ክኒኖች እና የክትባት ጥናቶች በዓለም አቀፍ ደረጃ ትልቅ ትኩረት እየተሰጣቸው ነው። እነዚህ የሕክምና ዘዴዎች በሰውነት ውስጥ ያለውን የትንኝ መነሻ ተህዋሲያን ለመከላከል ከፍተኛ አቅም አላቸው። የጤና ባለሙያዎች ለተጋላጭ የሆኑ ሕፃናት እና ነፍሰ ጡር እናቶች ልዩ ጥንቃቄ እንዲደረግ ሁልጊዜ ይመክራሉ። በየጊዜው የሚደረጉ የክትባት ዘመቻዎች በየአካባቢው ያለውን የወባ ስጋት ለመቀነስ በጣም አስፈላጊ የሆኑ ተግባራት ናቸው። የሕክምና ባለሙያዎች የሚሰጡትን መመሪያዎች በትክክል መከተል ከበሽታው ለመዳንና ለመከላከል ትልቅ እገዛ ያደርጋል። እነዚህ ዘመናዊ የሕክምና ዘዴዎች የወባ በሽታን ሙሉ በሙሉ ለማጥፋት የሚያስችሉ ጠንካራ መሣሪያዎች ናቸው።"
summarisation|129#2,summarisation,,health,"ለዚህ ጽሑፍ አጭር ማጠቃለያ ጻፍ።

Context:
በአካባቢ ጥበቃ እና በንጽህና አጠባበቅ ላይ የሚደረጉ ለውጦች የወባ በሽታ ስርጭትን ለመቆጣጠር ወሳኝ የሆኑ እርምጃዎች ናቸው። የቆሙ ውሃዎችን በማድረቅ እና የውሃ መፍሰሻ ቦዮችን በማጽዳት የወባ ትንኞች እንዳይራቡ ማድረግ ይቻላል። የከተማ እና የገጠር አካባቢዎች የንጽህና አጠባበቅ ደረጃ የወባ በሽታ ስርጭት ላይ ቀጥተኛ ተጽዕኖ አለው። ማኅበረሰቡ ስለ ወባ መከላከያ መንገዶች በቂ ግንዛቤ እንዲኖረው ማድረግ ለጤና መሻሻል መሰረታዊ ተግባር ነው። በየአካባቢው የሚገኙ የጤና ጣቢያዎች ለሕዝቡ ትክክለኛ መረጃዎችን በማድረስ ግንዛቤ እንዲፈጠር ይረዳሉ። እነዚህን የንጽህና ልምዶች በጋራ በመተግበር የወባ በሽታን በከፍተኛ ሁኔታ መከላከልና ማሸነፍ ይቻላል።"
summarisation|130#0,summarisation,,health,"የሚከተለውን ጽሑፍ አጠቃልል።

Context:
በሰኔ 12 ቀን 2016 ዓ.ም በደቡብ አውራጃ በሚገኘው ሰላም ከተማ ውስጥ የጤና ጥበቃ ማህበር አዲስ የህፃናት ክትባት ዘመቻ በከፍተኛ ስኬት መጀመሩን አስታውቋል። ይህ ታላቅ ፕሮግራም በባለሙያ አቶ በቀለ ተስፋዬ መሪነት በከተማዋ ውስጥ በሚገኙ አሥራ ሁለት ማእከላት ላይ በዝርዝር እንዲከናወን ተደርጓል። በዘመቻው ወቅት በጠቅላላው ስምንት መቶ አምሳ አዲስ የተወለዱ ህፃናትን ለመታደግ የሚያስችል ከፍተኛ መጠን ያለው ክትባት በነፃ ማቅረብ ተችሏል። የጤና ባለሙያዋ ወይዘሮ አልማዝ አበበ እንደገለጹት ይህ ተግባር በክልሉ ያለውን የህፃናት ሞት መጠን በሃያ በመቶ ለመቀነስ ትልቅ ተስፋ ይሰጣል። ፕሮግራሙ ለሦስት ወራት የሚቆይ ሲሆን በየሳምንቱ አዳዲስ የጤና መረጃዎችን ለወላጆች በዝርዝር ማድረስ እንደሚቻልም ተገልጿል። በዘመቻው ወቅት ለእናቶች ልዩ የሥርዓተ አመጋገብ ስልጠናዎችን ለመስጠትም አሥር የጤና ባለሙያዎች በየቀኑ በሥራ ላይ መሆናቸውን ማህበሩ አረጋግጧል። የከተማዋ ነዋሪዎች በዘመቻው ላይ ያላቸው ተሳትፎ በጣም ከፍተኛ በመሆኑ ፕሮግራሙን በታላቅ ደስታ እየተቀበሉት መሆኑን የአካባቢው መሪዎች ገልጸዋል። ይህ የጤና ዘመቻ ለቀጣይ ዓመታት በሌሎች ከተሞችም እንዲደገም ለማድረግ በከፍተኛ ሁኔታ እየተዘጋጁ መሆኑን የጤና ማህበሩ አባላት በጋራ አስታውቀዋል።"
summarisation|130#2,summarisation,,health,"እባክዎን ይህን ጽሑፍ በአጭሩ ያጠቃልሉ።

Context:
በካቲት 20 ቀን 2016 ዓ.ም በምዕራብ አውራጃ በሚገኘው አዲስ ሰላም መንደር ውስጥ የህፃናት ጤና ጥበቃ ኮሚቴ አዲስ የሥልጠና መርሃ ግብር ጀምሯል። ይህ ልዩ ስልጠና በዋናነት በነፍሰ ጡር እናቶች የሥርዓተ አመጋገብ እና በህፃናት ንፅህና አጠባበቅ ላይ ትኩረት አድርጎ የተዘጋጀ መሆኑ ተገልጿል። በስልጠናው ላይ ለመሳተፍ ከአሥር የተለያዩ መንደሮች የተውጣጡ ሁለት መቶ አምሳ እናቶች በከፍተኛ ፍላጎት መገኘታቸውን የኮሚቴው ሰብሳቢ አቶ ታደሰ በቀለ ገልጸዋል። ስልጠናው በየቀኑ ለሦስት ሰዓታት የሚቆይ ሲሆን በባለሙያ ወይዘሮ መቅደስ አሰፋ አማካኝነት በዝርዝር እንዲሰጥ ተደርጓል። በስልጠናው ወቅት እናቶች ስለ ህፃናት በሽታ መከላከል እና ስለ ንፁህ ውሃ አጠቃቀም ጥልቅ ግንዛቤ እንዲጨብጡ ልዩ ትኩረት ተሰጥቷል። የኮሚቴው አባላት በስልጠናው ወቅት የተገኙ ውጤቶችን በመመዝገብ ለቀጣይ የጤና እቅዶች መነሻ እንዲሆኑ ለማድረግ በትጋት እየሰሩ ይገኛሉ። በስልጠናው ማጠቃለያ ላይ ለተሳታፊ እናቶች ልዩ የጤና መመሪያ መጽሐፍት እና አስፈላጊ የቤት ውስጥ ቁሳቁሶችን በነፃ ማከፋፈላቸው ተገልጿል። ይህ የጤና ስልጠና በየሦስት ወሩ እንዲደገም እና ተጨማሪ እናቶችን እንዲያካትት ለማድረግ በኮሚቴው በኩል ጥብቅ እቅድ ተነድፎ እየተሰራ መሆኑ ተመልክቷል።"
summarisation|131#1,summarisation,,health,"የሚከተለውን ጽሑፍ ዋና ዋና ነጥቦች ብቻ በመያዝ አጭር አድርገህ ግለጽ።

Context:
በጥቅምት 5 ቀን 2015 ዓ.ም በሰሜን አውራጃ የሚገኘው የልማት ድርጅት ለሕፃናት የተመጣጠነ ምግብ አቅርቦት ፕሮግራም መጀመሩን አስታውቋል። በድርጅቱ ዋና ሥራ አስፈጻሚ አቶ ካሳሁን ደመሰኝ እንደገለጹት ይህ ፕሮግራም በክልሉ የሚገኙ 1200 ሕፃናትን ታሳቢ ያደረገ ነው። ፕሮግራሙ በዋናነት በየቀኑ በቂ ፕሮቲን እና ማዕድናት የሚያገኙ ሕፃናትን ለማፍራት ያለመ መሆኑን በዝርዝር አብራርተዋል። በክልሉ በሚገኙ የጤና ጣቢያዎች አማካኝነት ለወላጆች ስለ ትክክለኛ የአመጋገብ ዘዴዎች ልዩ ሥልጠና ይሰጣል። በሥልጠናው ወቅት በምግብ ዝግጅት ወቅት የሚደረጉ ስህተቶች እና የንጽህና አጠባበቅ አስፈላጊነት በሰፊው ተብራርቷል። በክልሉ የሚገኙ የግብርና ባለሙያዎችም ለሕፃናት የሚሆኑ አትክልቶችን በብዛት ለማምረት አዲስ ዘዴን አስተዋውቀዋል። የፕሮግራሙ ዓላማ በሕፃናት ላይ የሚታዩ የዕድገት መዘግየቶችን እና የሥጋት ሁኔታዎችን በከፍተኛ ሁኔታ መቀነስ ነው። በየሳምንቱ የሚከናወኑ የክትባት እና የጤና ምርመራዎች ከምግብ አቅርቦት ፕሮግራሙ ጋር ተቀናጅተው እንዲሰሩ ተደርጓል። በክልሉ የሚገኙ የአካባቢ መሪዎችም ለዚህ ፕሮግራም አስፈላጊውን ድጋፍ እና ግብዓት ለማቅረብ ቃል ገብተዋል። የሕፃናት ጤናን ለመጠበቅ በቤተሰብ ደረጃ የሚደረጉ ጥረቶች ከክልሉ የልማት ዕቅድ ጋር የተጣጣሙ ናቸው። በቅርቡ በክልሉ ውስጥ የሚገኙ አዳዲስ የጤና ማዕከላት ለዚህ ፕሮግራም ተጨማሪ ግብዓቶችን እንደሚያቀርቡ ተገልጿል። ይህ የተቀናጀ እንቅስቃሴ በሕፃናት ጤና ላይ ትልቅ ለውጥ እንደሚያመጣ ተስፋ ተጥሎበታል።"
summarisation|131#2,summarisation,,health,"ይህ ጽሑፍ ምን እንደሚናገር በአጭሩ አስረዳ።

Context:
በታኅሣሥ 20 ቀን 2016 ዓ.ም በምስራቅ አውራጃ በሚገኘው የጤና ኮንፈረንስ ላይ ስለ አመጋገብ ሥርዓት አዳዲስ ግኝቶች ተብራርተዋል። በኮንፈረንሱ ላይ ተገኝተው ንግግር ያደረጉት የሥነ-ምግብ ተመራማሪው ዶክተር መቅደስ አበበ በምግብ ውስጥ ስለሚገኙ ንጥረ ነገሮች አብራርተዋል። በንግግራቸው ወቅት በዘመናዊው ዓለም የሰው ልጅ የሚያዘወትረው የፈጣን ምግብ አጠቃቀም ለከፍተኛ በሽታዎች መንስኤ መሆኑን ገልጸዋል። በተለይም በሰላም ከተማ የሚኖሩ ሰዎች በየቀኑ የሚመገቡት ምግቦች በቅባት እና በጨው የበለፀጉ መሆናቸውን አመልክተዋል። ዶክተሯ እንደገለጹት በየቀኑ በቂ የውኃ መጠን መጠጣት እና አትክልቶችን ማዘውተር ለሰውነት ጥንካሬ ወሳኝ ነው። በኮንፈረንሱ ላይ የቀረበው ጥናት እንደሚያሳየው የተመጣጠነ ምግብ እጥረት በሰውነት በሽታ የመከላከል አቅም ላይ ተጽዕኖ ያሳድራል። በከተማዋ የሚገኙ የጤና ተቋማት ለሕዝቡ የአመጋገብ መመሪያዎችን በየጊዜው ማሰራጨት እንዳለባቸው ተመክሯል። በኮንፈረንሱ ላይ የተሳተፉ 300 የጤና ባለሙያዎችም በጋራ የጤና ዘመቻ ለመጀመር ተስማምተዋል። ይህ ዘመቻ በየሰፈሩ የአመጋገብ ግንዛቤን ለማሳደግ እና የተመጣጠነ ምግብ አጠቃቀምን ለማስፋፋት ያለመ ነው። በክልሉ የሚገኙ የግብርና ምርቶች ለተመጣጠነ ምግብ አቅርቦት በዋናነት ጥቅም ላይ እንዲውሉ ጥሪ ቀርቧል። በዘመቻው ወቅት ለሕዝቡ ነፃ የሥነ-ምግብ ምክር እና የጤና ምርመራ አገልግሎት ይሰጣል። በክልሉ የሚኖሩ ዜጎችም ለጤናማ አመጋገብ ትኩረት በመስጠት ራሳቸውን መጠበቅ እንደሚችሉ ተገልጿል።"
summarisation|132#0,summarisation,,health,"ይህን ጽሑፍ በአጭሩ አጠቃልልልኝ።

በኢትዮጵያ የገጠር አካባቢዎች ንጹህ የመጠጥ ውሃ ማግኘት ለጤናማ ህይወት መሰረት በመሆኑ የውሃ አያያዝ ስርዓት በጣም አስፈላጊ ነው። ሰዎች የቆሸሸ ውሃ መጠጣቸው ለተለያዩ የሆድ ዕቃ በሽታዎች እና ለተቅማጥ ችግር በቀላሉ ሊዳርጋቸው ስለሚችል ጥንቃቄ ማድረግ ያስፈልጋል። የውሃ ማከሚያ ዘዴዎችን ማለትም ውሃን በማፍላት ወይም በኬሚካል ማጽዳት በመጠቀም በሽታ አምጪ ተህዋሲያንን ማጥፋት ይቻላል። የቤት ውስጥ የውሃ ማከሚያ ዘዴዎችን ተግባራዊ ማድረግ በቤተሰብ ውስጥ የሚከሰቱ የጤና ችግሮችን በከፍተኛ ሁኔታ ይቀንሳል። ንጹህ ውሃን በታሸጉ እና በተሸፈኑ እቃዎች ውስጥ ብቻ ማስቀመጥ ለጤና ደህንነት ትልቅ አስተዋጽኦ ያደርጋል። ስለዚህ እያንዳንዱ የቤተሰብ አባል ስለ ንጹህ ውሃ አያያዝ በቂ ግንዛቤ ሊኖረው ይገባል።"
summarisation|132#2,summarisation,,health,"የሚከተለውን ጽሑፍ ዋና ዋና ነጥቦች በመያዝ በ2-3 ዓረፍተ ነገሮች አጠቃልል።

ጽሑፍ፡ የእጅ ንጽህናን መጠበቅ በተለይም ምግብ ከመብላት እና ከመጸዳጃ ቤት ከመጠቀም በፊት እጅን በሳሙና መታጠብ በሽታን ለመከላከል ይረዳል። በኢትዮጵያ በተለያዩ ማህበረሰቦች ውስጥ የእጅ ንጽህናን የመጠበቅ ልምድ ማዳበር ለህፃናት እድገት እና ለጤና በጣም አስፈላጊ ነው። እጅን በሳሙና መታጠብ በቆዳ ላይ የሚገኙ ጥቃቅን ተህዋሲያን ተወልውለው ወደ ሰውነት እንዳይገቡ ያደርጋል። በቤተሰብ ውስጥ ያሉ ልጆች የእጅ ንጽህናን አስፈላጊነት እንዲረዱ ማድረግ የወደፊት የጤና ጥበቃ ስራን ያቀልላል። የሳሙና አቅርቦት እና የንጹህ ውሃ አጠቃቀም በየቤቱ መኖር መቻል ለንጽህና ልምድ መሳካት መሰረት ነው። ስለዚህ የግል ንጽህናን መጠበቅ ለተለያዩ ተላላፊ በሽታዎች የመጋለጥ እድልን በከፍተኛ ሁኔታ ይቀንሳል።"
summarisation|133#1,summarisation,,health,"ይህ ጽሑፍ ምን እንደሚናገር በአጭሩ አስረዳ።

Context:
በአባይ ሸለቆ አካባቢ በሚገኘው የሰላም ተስፋ መንደር ውስጥ ባለፈው ሳምንት የተከናወነው የክትባት ዘመቻ ውጤታማ መሆኑ ተነገረ። የሰላም ተስፋ የጤና ማዕከል አስተዳደር እንደገለጸው በዘመቻው ወቅት በሰባት መንደር ውስጥ የሚኖሩ ሁለት ሺህ ስምንት መቶ ሰዎች ተታቅበዋል። የጤና ቡድኑ አባላት በየቤቱ በመዞርና በገበያ ቦታዎች በመገኘት ሰፊ ግንዛቤ የመስጠት ስራ ሰርተዋል። በዘመቻው ወቅት የተገኙት አዳዲስ መረጃዎች እንደሚያሳዩት የክትባት ተቀባይነት በሰፈሩበት አካባቢ በሃያ በመቶ ጨምሯል። የጤና ባለሙያው ዶክተር ታደሰ ከበሩ የክትባት አስፈላጊነትን በተመለከተ ለነዋሪዎች ዝርዝር ማብራሪያ ሰጥተዋል። በዘመቻው ወቅት የተገኙት መድኃኒቶች ጥራት ያላቸውና ከውጭ ሀገር በከፍተኛ ወጪ የመጡ መሆናቸውን ማዕከሉ አረጋግጧል። የጤና ማዕከሉ የጤና መኮንን ወይዘሮ አልማዝ ለዘመቻው ስኬት የረዳችውን የጤና ሰራተኞች በሙሉ ምስጋና አቅርበዋል። በቀጣይ በሌሎች አጎራባች መንደሮችም ተመሳሳይ የክትባት ስራ ለመስራት በዝግጅት ላይ መሆናቸው ተገልጿል።"
summarisation|133#2,summarisation,,health,"ይህን ጽሑፍ በአጭሩ አጠቃልልልኝ።

በአዲስ አበባ ከተማ በደቡብ ክፍለ ከተማ በሚገኘው የብርሃን መኖሪያ ሰፈር ውስጥ የክትባት አቅርቦት እጥረት መኖሩ ተነገረ። የብርሃን መኖሪያ የጤና ጣቢያ የክትባት ክፍል ኃላፊ ዶክተር ዮናስ አረጋዊ እንደገለጹት ባለፈው ወር የክትባት ፍላጎት በሦስት እጥፍ ጨምሯል። በከተማው ውስጥ ባለው የህዝብ ቁጥር መጨመር ምክንያት የክትባት ክምችት በፍጥነት እየተቀነሰ መምጣቱ ተገልጿል። የጤና ጣቢያው የፋርማሲ ክፍል በየሳምንቱ የሚያስፈልገውን የክትባት መጠን ለማሟላት እየጣረ ይገኛል። የጤና ባለሙያዎች በየቀኑ ከአንድ መቶ እስከ ሁለት መቶ የሚደርሱ ወላጆች ለልጆቻቸው ክትባት ለመውሰድ እንደሚመጡ ይናገራሉ። የጤና ጣቢያው የውስጥ ኮሚቴ በክልሉ የጤና ቢሮ በኩል ተጨማሪ አቅርቦት እንዲላክላቸው ጥያቄ አቅርቧል። በዘመቻው ወቅት የክትባት እጥረት እንዳይከሰት ወላጆች ልጆቻቸውን ቀድመው እንዲያመጡ ማሳሰቢያ ተሰጥቷል። የጤና ጣቢያው የበላይ ተቆጣጣሪ ወይዘሮ ሳራ በቀጣይ ሳምንት ተጨማሪ የክትባት ክምችት እንደሚደርስ ተስፋ ታደርጋለች።"
summarisation|134#0,summarisation,,health,"የሚከተለውን ጽሑፍ ዋና ዋና ነጥቦች በመያዝ በ2-3 ዓረፍተ ነገሮች አጠቃልል።

ጽሑፍ፡ በሰኔ ፲፪ ቀን በዝቅተኛው የዞን ከተማ በምትገኘው አባይ ሸለቆ ውስጥ በድንገት በደረሰ ትልቅ የእሳት አደጋ ምክንያት ብዙ ሰዎች ጉዳት ደርሶባቸዋል። የዞኑ የጤና መምሪያ ሪፖርት እንደሚያመለክተው በቦታው የነበሩ ሰባት ወጣቶች በቃጠሎ ምክንያት ከፍተኛ የቆዳ ጉዳት ደርሶባቸዋል። የዞኑ የድንገተኛ አደጋ መከላከል ቡድን አባላት በቦታው ደርሰው የመጀመሪያ እርዳታ ለመስጠት በከፍተኛ ትጋት ሰርተዋል። የጤና ባለሙያው አቶ በቀለ ተላቀ በሰጠው መግለጫ እንደገለጸው በቃጠሎ ወቅት በንጹህ ውሃ ብቻ መታጠብና ቁስሉን በንጹህ ጨርቅ መሸፈን በጣም አስፈላጊ ነው። በቦታው የነበረው የጤና ጣቢያ ሰራተኛ ወይዘሪት ሳራ አበበ በቃጠሎ ወቅት በቤት ውስጥ የሚደረጉ ስህተቶች ጉዳቱን ሊያባብሱ እንደሚችሉ አስታውቃለች። በደረሰው አደጋ ምክንያት አምስት ሰዎች ወደ ትልቁ ሆስፒታል እንዲሄዱ ተደርጓል ሲሆን ሌሎቹ ግን በቦታው እንዲቆዩ ተደርጓል። የከተማው ነዋሪዎች በድንገተኛ አደጋ ወቅት በፍርሃት ከመሸሽ ይልቅ መረጋጋትና የመጀመሪያ እርዳታ መስጠት እንደሚገባላቸው ተመክረዋል። የጤና ባለሙያዎች በቃጠሎ ወቅት ቅባት ወይም ሌሎች ነገሮችን በቁስሉ ላይ አለመቀባት እንደሚገባ በድጋሚ አሳስበዋል። በቦታው የነበረው የድንገተኛ አደጋ መከላከል ቡድን አባላት ለሰባት ሰዓታት ያህል በቦታው በመቆየት ሰዎችን ሲረዱ ቆይተዋል። በደረሰው አደጋ ምክንያት የደረሰውን ጉዳት ለመቀነስ የጤና ባለሙያዎች በከፍተኛ ጥንቃቄ ስራቸውን እየሰሩ ይገኛሉ። በመጨረሻም የዞኑ አስተዳደር ለተጎጂዎች አስፈላጊውን ድጋፍ ሁሉ ለማድረግ ቃል ገብቷል።"
summarisation|134#2,summarisation,,health,"እባክዎን ይህን ጽሑፍ በአጭሩ ያጠቃልሉ።

Context:
በነሐሴ ፲ ቀን በሰሜን አቅጣጫ በሚገኘው የጎጃም ሜዳ ላይ በደረሰ ድንገተኛ የሰከራ አደጋ ምክንያት ብዙ ሰዎች ጉዳት ደርሶባቸዋል። የጤና መምሪያው ሪፖርት እንደሚያመለክተው በቦታው የነበሩ አሥራ ስድስት ሰዎች በድንገተኛ መታነቅ ምክንያት የራስ ምታትና የራስ ቅል ጉዳት ደርሶባቸዋል። የዞኑ የድንገተኛ አደጋ መከላከል ቡድን አባላት በቦታው ደርሰው የመጀመሪያ እርዳታ ለመስጠት በከፍተኛ ትጋት ሰርተዋል። የጤና ባለሙያው አቶ ካሳሁን ተሰማ በድንገተኛ መታነቅ ወቅት የሰውነት ሚዛንን ለመጠበቅ መረጋጋት አስፈላጊ መሆኑን ገልጿል። በቦታው የነበረው የጤና ጣቢያ ሰራተኛ ወይዘሪት አልማዝ አበበ በድንገተኛ አደጋ ወቅት የራስ ምታት ሲኖር የሰውነትን እንቅስቃሴ መቀነስ እንደሚገባ አሳስባለች። በደረሰው አደጋ ምክንያት አምስት ሰዎች ወደ ትልቁ ሆስፒታል እንዲሄዱ ተደርጓል ሲሆን ሌሎቹ ግን በቦታው እንዲቆዩ ተደርጓል። የከተማው ነዋሪዎች በድንገተኛ አደጋ ወቅት በፍርሃት ከመሸሽ ይልቅ መረጋጋትና የመጀመሪያ እርዳታ መስጠት እንደሚገባላቸው ተመክረዋል። የጤና ባለሙያዎች በድንገተኛ አደጋ ወቅት የሰውነትን ሙቀት ለመጠበቅ አስፈላጊ መሆኑን በድጋሚ አሳስበዋል። በቦታው የነበረው የድንገተኛ አደጋ መከላከል ቡድን አባላት ለአምስት ሰዓታት ያህል በቦታው በመቆየት ሰዎችን ሲረዱ ቆይተዋል። በደረሰው አደጋ ምክንያት የደረሰውን ጉዳት ለመቀነስ የጤና ባለሙያዎች በከፍተኛ ጥንቃቄ ስራቸውን እየሰሩ ይገኛሉ። በመጨረሻም የዞኑ አስተዳደር ለተጎጂዎች አስፈላጊውን ድጋፍ ሁሉ ለማድረግ ቃል ገብቷል።"
summarisation|135#0,summarisation,,science,"ይህ ጽሑፍ ምን እንደሚናገር በአጭሩ አስረዳ።

Context:
በሰኔ ፲፪ ቀን በወንጌል ከተማ የሚገኘው የሰማይ አየር ምርምር ማዕከል አዲስ የዝናብ መረጃ አሳውቋል። በቅርቡ በታላቁ አባይ ሸለቆ አካባቢ ያለው የውሃ ትነት መጠን በከፍተኛ ሁኔታ መጨመሩን ተመራማሪው አቶ በቀለ ተናግሯል። ይህ ከፍተኛ የውሃ ትነት በሰሜን ተራራማ አካባቢዎች ላይ ለከባድ ዝናብና ለጎርፍ መከሰት ምክንያት ሊሆን እንደሚችል ተገልጿል። የከተማዋ የአየር ሁኔታ ተቆጣጣሪ ድርጅት በየቀኑ የውሃውን እንቅስቃሴ በቅርብ እየተከታተለ መሆኑን ለህዝቡ አሳውቋል። የዝናብ መጠን ከዚህ ቀደም ከነበረው በአማካይ በሃያ በመቶ መጨመሩን የሳይንስ ባለሙያዎች በዝርዝር አረጋግጠዋል። ስለዚህ ነዋሪዎች ለሚመጣው ከፍተኛ ዝናብ አስፈላጊውን ጥንቃቄ እንዲያደርጉ በይፋ ተመክሯል።"
summarisation|135#1,summarisation,,science,"ይህ ጽሑፍ ምን እንደሚናገር በአጭሩ አስረዳ።

Context:
በአባይ ሸለቆ ውስጥ በሚገኘው የዘርቅ ወንዝ አቅራቢያ በአዲስ አበባ ሳይንስ ተቋም የተካሄደው ጥናት አስገራሚ ውጤት አሳይቷል። በሐምሌ ፭ ቀን የወጣው ሪፖርት እንደሚያመለክተው በወንዙ ላይ ያለው የውሃ መጠን በከፍተኛ ሙቀት ምክንያት እየቀነሰ ነው። የሙቀት መጠኑ በየቀኑ በአምስት ዲግሪ ሴልሺየስ መጨመሩ በውሃው ትነት ሂደት ላይ ትልቅ ተጽዕኖ እያሳደረ መሆኑ ተገልጿል። የድርጅቱ ዋና ሳይንቲስት ወይዘሮ አልማዝ በዝግጅቱ ላይ እንደገለጹት ይህ ሁኔታ የአካባቢውን የአየር ሁኔታ ለውጥ ያሳያል። የውሃው ትነት ወደ ደመናነት ተቀይሮ በድጋሚ ወደ መሬት ለመመለስ የሚወስደው ጊዜ እየረዘመ መጥቷል። ይህ ሂደት በአካባቢው የሚገኙ የእርሻ መሬቶች ላይ ከፍተኛ ተጽዕኖ ሊያሳድር እንደሚችል ተጠቁሟል።"
summarisation|135#2,summarisation,,science,"እባክዎን ይህን ጽሑፍ በአጭሩ ያጠቃልሉ።

Context:
በጥቅምት ወር መጀመሪያ ላይ በደቡብ አውራጃ የሚገኘው የጥንካሬ የአየር ሁኔታ ጣቢያ አዲስ መረጃ አውጥቷል። በክልሉ ውስጥ የሚገኙት ደመናማ አካባቢዎች በውሃ ትነት ምክንያት በከፍተኛ ሁኔታ እየተሰባሰቡ መሆናቸውን መረጃው ያሳያል። በሰማይ ላይ የሚታዩት ጥቅጥቅ ያሉ ደመናዎች በሰባት ሰዓታት ውስጥ ወደ ከባድ ዝናብ የመቀየር እድላቸው ከፍተኛ መሆኑ ተገልጿል። የክልሉ የግብርና ሚኒስቴር በዝግጅት ላይ ያለውን የውሃ አጠቃቀም ሁኔታ በቅርብ እየተከታተለ መሆኑን አረጋግጧል። በዝናብ መከሰት ምክንያት የሚፈጠረው የውሃ ዑደት ለተከታታይ ሳምንታት በክልሉ ውስጥ እንዲቀጥል እንደሚጠበቅ ተነግሯል። የሳይንስ ተመራማሪዎች ይህ ሁኔታ ለተፈጥሮ ሚዛን አስፈላጊ መሆኑን በዝርዝር አስረድተዋል።"
summarisation|136#0,summarisation,,science,"የሚከተለውን ጽሑፍ አጠቃልል።

Context:
በኢትዮጵያ ከፍተኛ የዝናብ መጠን በሚገኝባቸው ደን ውስጥ ያሉ ዕፅዋት ለዕድገታቸው የሚያስፈልጋቸውን ምግብ በራሳቸው የማዘጋጀት ሂደት ውስጥ የፀሐይ ብርሃንን በብቃት ይጠቀማሉ። እነዚህ ዕፅዋት በቅጠሎቻቸው ውስጥ የሚገኙትን አረንጓዴ ቀለም ያላቸውን ክሎሮፊል የተባሉ ንጥረ ነገሮችን በመጠቀም ከፀሐይ የሚመጣውን የብርሃን ኃይል ወደ ኬሚካላዊ ኃይል ይቀይራሉ። በሂደቱ ወቅት ዕፅዋት ከአየር ውስጥ ካርቦን ዳይኦክሳይድን በመሳብ በቅጠላቸው ውስጥ ባለው ትናንሽ ቀዳዳዎች አማካኝነት ወደ ውስጥ ያስገባሉ። ከሥር በኩል የሚመጣውን ውሃ ከካርቦን ዳይኦክሳይድ ጋር በማጣመር ለዕፅዋቱ የሚያስፈልገውን ግሉኮዝ የተባለውን ስኳር በውስጣቸው ያመርታሉ። በዚህ የፎቶሲንተሲስ ሂደት ወቅት ለሰው ልጆችና ለእንስሳት አስፈላጊ የሆነውን ኦክስጅን ወደ አየር ውስጥ መልቀቅን አይዘነጉም። የኢትዮጵያ የደጋማ አካባቢ ዕፅዋት በዚህ ሂደት ውስጥ ከፍተኛ የፀሐይ ብርሃን በመኖሩ ምክንያት በጣም ውጤታማ የሆነ የምግብ ማምረት አቅም አላቸው። ይህ ተፈጥሯዊ ሂደት ለምድር ሕይወት መኖር መሰረት የሆነውን የአየር ንብረት ሚዛን ለመጠበቅ ትልቅ ሚና ይጫወታል። ዕፅዋት ይህንን ምግብ ሲያመርቱ ለሌሎች ሕይወት ያላቸው ነገሮች ሁሉ መሰረታዊ የሆነውን የኃይል ምንጭ በቋሚነት ያቀርባሉ።"
summarisation|136#1,summarisation,,science,"የሚከተለውን ጽሑፍ አጠቃልል።

Context:
በግብርናው ዘርፍ ለኢትዮጵያ ኢኮኖሚ ትልቅ አስተዋጽኦ የሚያደርጉት የጥራጥሬና የሰብል ዓይነቶች ለዕድገታቸው የፎቶሲንተሲስ ሂደትን በከፍተኛ ሁኔታ ይተገብራሉ። እነዚህ ሰብሎች በፀሐይ ብርሃን አማካኝነት ካርቦን ዳይኦክሳይድንና ውሃን በመቀላቀል ለራሳቸው የሚያስፈልገውን ጉልበት በውስጣቸው ይፈጥራሉ። በቅጠላቸው ውስጥ የሚገኘው አረንጓዴ ቀለም ለዚህ ሂደት መጀመር በጣም አስፈላጊ የሆነውን የብርሃን መ absorbsion ተግባር ያከናውናል። የፎቶሲንተሲስ ሂደት ውጤት የሆነው ስኳር ለዕፅዋቱ አካል እንዲያድግና ፍሬ እንዲያፈራ ከፍተኛ የኃይል ድጋፍ ይሰጣል። በዚህ ሂደት ውስጥ የሚፈጠረው ኦክስጅን በአካባቢው ለሚገኙ ፍጥረታት ሁሉ እንዲተነፍሱ የሚያደርግ ንጹህ አየር ይፈጥራል። የኢትዮጵያ ገበሬዎች ሰብሎቻቸው በደንብ እንዲያድጉ የፀሐይ ብርሃንና በቂ እርጥበት እንዲኖርላቸው ከፍተኛ ጥንቃቄ ማድረግ ይኖርባቸዋል። የዕፅዋት የምግብ ማምረት ሂደት ሳይስተጓጎል እንዲቀጥል የአፈር ለምነትና የውሃ አቅርቦት ወሳኝ ሚና አላቸው። ይህ ተፈጥሯዊ ሳይንሳዊ ሂደት በምድር ላይ ያለውን የሕይወት ሰንሰለት ለማስቀጠል የማይተካ ድርሻ አለው።"
summarisation|136#2,summarisation,,science,"የሚከተለውን ጽሑፍ ዋና ዋና ነጥቦች በመያዝ በ2-3 ዓረፍተ ነገሮች አጠቃልል።

ጽሑፍ፡ በኢትዮጵያ ውስጥ የሚገኙት የጥላ ሰንሰለት ዕፅዋት ለተለያዩ እንስሳት መኖሪያና የምግብ ምንጭ በመሆን ረጅም ዘመናትን ሲቆዩ ቆይተዋል። እነዚህ ዕፅዋት በፎቶሲንተሲስ ሂደት አማካኝነት ከፀሐይ ብርሃንና ከአየር ውስጥ ካርቦን ዳይኦክሳይድን በመውሰድ ውስጣዊ ምግብ ያዘጋጃሉ። በሂደቱ ወቅት የሚፈጠረው ግሉኮዝ ለዕፅዋቱ እድገትና ለተለያዩ የሰውነት ክፍሎቻቸው ግንባታ እንደ ዋና ግብዓት ያገለግላል። የቅጠሎቻቸው አረንጓዴነት ለዚህ ሳይንሳዊ ተግባር መሳካት ወሳኝ የሆነውን ክሎሮፊል ንጥረ ነገር በውስጣቸው ይይዛል። በፎቶሲንተሲስ ወቅት የሚለቀቀው ኦክስጅን በአካባቢው ባሉ እንስሳትና ሰዎች ላይ ለጤናማ መተንፈስ ትልቅ ጥቅም ይሰጣል። የኢትዮጵያ ደኖች ይህንን የብርሃንና የኬሚካል ለውጥ በማከናወን የአየር ንብረቱን እንዲስተካከል ያደርጋሉ። ዕፅዋት ካርቦን ዳይኦክሳይድን በመ absorbsion የአየር ውስጥ ያለውን የሙቀት መጠን ለመቀነስና የአየር ንብረትን ለመጠበቅ ይረዳሉ። ይህ ሂደት በምድር ላይ ያለውን የባዮሎጂካል ሚዛን ለመጠበቅና ለሕይወት አስፈላጊ የሆነውን ንጥረ ነገር ለማቅረብ ይረዳል።"
summarisation|137#0,summarisation,,science,"ከዚህ በታች ያለውን ጽሑፍ በ2-3 ዓረፍተ ነገሮች አጠቃልለው።

Context:
የሰው ልጅ የደም ዝውውር ሥርዓት በሰውነታችን ውስጥ ኦክስጅን እና አስፈላጊ ንጥረ ነገሮችን ወደ ሴሎች ለማድረስ በጣም ወሳኝ የሆነ ተግባር ያከናውናል። ልብ እንደ ማማ ሞተር በመሆን ደምን በደም ሥሮች በኩል በመግፋት በመላው አካል እንዲሰራጭ የማድረግ ትልቅ ኃላፊነት አለበት። ደም መርፌዎች እና የደም ሥሮች ደግሞ እንደ መገናኛ መስመር በመሆን ንጥረ ነገሮችን እና ጋዞችን በብቃት ያጓጉዛሉ። ቀይ የደም ሴሎች ኦክስጅንን ከአንፋስ ወደ ሴሎች ለማድረስ ሲሰሩ ነጭ የደም ሴሎች ደግሞ በሽታ አምጪ ተህዋሲያንን ለመከላከል ይጥራሉ። የፕላዝማ ክፍል ደግሞ ሆርሞኖችን እና ሌሎች አስፈላጊ ኬሚካሎችን በሰውነታችን ውስጥ በሙሉ ቦታ ላይ እንዲደርሱ ያደርጋል። የደም ሥርዓቱ ካልሰራ የሰውነት ክፍሎች በቂ ምግብ እና ኦክስጅን ስለማያገኙ ወዲያውኑ የሕይወት አደጋ ሊያጋጥማቸው ይችላል። የልብ ምት መጠን እንደ ሰውየው እንቅስቃሴ እና እንደ ስሜት ሁኔታ ሊለዋወጥ የሚችል ተለዋዋጭ ሂደት ነው። ደም በሰውነታችን ውስጥ የሙቀት መጠንን ለመጠበቅ እና ለሴሎች አስፈላጊ የሆኑ ተረፈ ምርቶችን ለማስወገድም ይረዳል። የደም ግፊት መጠን ደግሞ በደም ሥሮች ግድግዳ ላይ የሚፈጠርን ጫና የሚገልጽ በጣም አስፈላጊ የጤና መለኪያ ነው። ጤናማ የደም ዝውውር እንዲኖር በቂ ውሃ መጠጣት እና የአካል ብቃት እንቅስቃሴ ማድረግ በጣም አስፈላጊ ነው። በደም ሥር ውስጥ የሚፈጠሩ መዘጋያዎች ወይም መቆራረጦች ለከባድ የጤና ችግሮች ሊዳርጉ ስለሚችሉ ጥንቃቄ ያስፈልጋል። ስለዚህ የደም ሥርዓታችንን ደህንነት ለመጠበቅ አመጋገብን እና የአኗኗር ዘይቤን ማስተካከል ለጤናችን ትልቅ ፋይዳ አለው።"
summarisation|137#1,summarisation,,science,"የሚከተለውን ጽሑፍ ዋና ዋና ነጥቦች ብቻ በመያዝ አጭር አድርገህ ግለጽ።

Context:
የሰው ልጅ የምግብ መፈጨት ሥርዓት በሰውነታችን ውስጥ ያሉ ምግብ ነገሮችን ወደ ጠቃሚ ንጥረ ነገሮች ለመለወጥ የሚሰራ ውስብስብ ሂደት ነው። አፍ ምግብን በጥርሽ መፍጨት እና ምራቅ በመጨመር ለቀጣዩ ሂደት እንዲመች በማድረግ የመጀመሪያውን ደረጃ ያከናውናል። ከዛም ምግብ ወደ ጉሮሮ በመሄድ በምግብ ቧንቧ አማካኝነት ወደ ጨጓራ እንዲደርስ በቅልጥፍና ይደረጋል። ጨጓራ በውስጡ ባለው አሲድ እና ኢንዛይም አማካኝነት ምግቡን ወደ ፈሳሽ መሰል ሁኔታ እንዲቀየር ያደርጋል። ይህ የፈሳሽ ምግብ ወደ ትንሹ አንጀት ሲሄድ ንጥረ ነገሮች በከፍተኛ ሁኔታ መ absorbs መደረግ ይጀምራሉ። ትንሹ አንጀት ለሰውነታችን በጣም አስፈላጊ የሆኑ ቫይታሚኖችን እና ማዕድናትን ወደ ደም ለማስገባት ይጥራል። ትልቁ አንጀት ደግሞ ያልተፈጩ የምግብ ቅሪቶችን በማሰባሰብ እና ውሃን በመሳብ ለሰገራ መፈጠር ይዘጋጃል። የምግብ መፈጨት ሂደት በሰውነታችን ውስጥ ያለውን የኃይል መጠን ለመወሰን እና ለዕድገት በጣም ወሳኝ ነው። በምግብ መፈጨት ሂደት ውስጥ የሚፈጠሩ ሆርሞኖች የምግብ ፍላጎትን እና የረሃብ ስሜትን ለመቆጣጠር ይረዳሉ። የምግብ መፈጨት ሥርዓት እንዳይታወክ በቂ ፋይበር ያላቸውን ምግቦች መመገብ እና በቂ ውሃ መጠጣት ያስፈልጋል። የአመጋገብ ስርዓታችን መዛባት ለብዙ የሆድ እና የጨጓራ ህመሞች ዋነኛ መንስኤ ሊሆን እንደሚችል ማወቅ ይገባል። ስለዚህ የምግብ መፈጨት ሥርዓታችንን በጤናማ መንገድ ለመጠበቅ የተመጣጠነ ምግብ መመገብ ለሰውነታችን እድገት መሰረት ነው።"
summarisation|138#0,summarisation,,science,"ይህን ጽሑፍ በአጭሩ አጠቃልልልኝ።

ኤሌክትሪክ ኃይል በዓለም ዙሪያ ለተለያዩ የሰው ልጅ ተግባራት አስፈላጊ የሆነ መሰረታዊ የኃይል ምንጭ ሆኖ ይገኛል። ይህ የኃይል አይነት ከኤሌክትሮማግኔቲክ መስክ እንቅስቃሴ የሚገኝ ሲሆን በኤሌክትሮን ዝውውር አማካኝነት ይፈጠራል። የኤሌክትሪክ ኃይልን ለማመንጨት እንደ ውሃ፣ ንፋስ እና የፀሐይ ብርሃን ያሉ የተፈጥሮ ምንጮችን በስፋት መጠቀም ይቻላል። እነዚህ የታዳሽ የኃይል ምንጮች የአካባቢ ብክለትን ለመቀነስና የአየር ንብረቱን ለመጠበቅ ትልቅ ሚና ይጫወታሉ። በአሁኑ ጊዜ የዓለም አቀፍ ማህበረሰብ ከቅሪተ አካል ነዳጆች ወደ ንጹህ የኃይል ምንጮች ለመሸጋገር ከፍተኛ ጥረት እያደረገ ነው። የኃይል አጠቃቀምን በብቃት ማስተዳደር ለወደፊቱ የሰው ልጅ እድገትና ለፕላኔታችን ደህንነት ወሳኝ ጉዳይ ነው።"
summarisation|138#1,summarisation,,science,"ለዚህ ጽሑፍ አጭር ማጠቃለያ ጻፍ።

Context:
የኤሌክትሪክ ኃይል ማከማቻ ዘዴዎች ለዘመናዊ የቴክኖሎጂ ውጤቶች ስኬታማነት እጅግ በጣም አስፈላጊ የሆነ ሚና ይጫወታሉ። ባትሪዎች የኤሌክትሪክ ኃይልን በኬሚካላዊ መልክ በመያዝ ለሚያስፈልጉ መሣሪያዎች በፈለጉት ጊዜ እንዲሰጡ ያደርጋሉ። በተለይም በፀሐይ እና በንፋስ ኃይል የሚመነጩት የኤሌክትሪክ ኃይሎች ወጥ ስላልሆኑ ማከማቻቸው በጣም አስፈላጊ ነው። ትላልቅ የኃይል ማከማቻ ሥርዓቶች በኤሌክትሪክ መረብ ላይ የሚፈጠረውን አለመረጋጋት ለመቆጣጠር ይረዳሉ። አዳዲስ የባትሪ ቴክኖሎጂዎች የመቆያ ጊዜያቸውን እንዲጨምሩና ዋጋቸው እንዲቀንስ ለማድረግ በምርምር ላይ ናቸው። ውጤታማ የኃይል ማከማቻ መኖር ለኤሌክትሪክ ተሽከርካሪዎች ስርጭትና ለዲጂታል ዓለም መገንባት መሰረት ነው።"
summarisation|138#2,summarisation,,science,"ይህ ጽሑፍ ምን እንደሚናገር በአጭሩ አስረዳ።

Context:
የኤሌክትሪክ መረብ ግንባታና አስተዳደር የኃይል ማመንጫ ጣቢያዎችን ከተጠቃሚዎች ጋር የሚያገናኝ ውስብስብ ሥርዓት ነው። ይህ ሥርዓት ኃይልን በከፍተኛ የቮልቴጅ መጠን በማስተላለፍ በረጅም ርቀት ላይ ያለውን ኪሳራ ለመቀነስ ይጥራል። የኤሌክትሪክ መረብ አስተዳዳሪዎች የኃይል ፍላጎትና አቅርቦትን በየሰዓቱ በጥንቃቄ መከታተልና ማመጣጠን ይኖርባቸዋል። በድንገተኛ የኃይል መቋረጥ ወቅት መረቡ በፍጥነት ወደ መደበኛ ሁኔታ እንዲመለስ የጥበቃ ዘዴዎች አስፈላጊ ናቸው። ዘመናዊ የዲጂታል መቆጣጠሪያ ዘዴዎች የመረቡን አስተማማኝነት ለመጨመርና ብክነትን ለመቀነስ እየተጠቀሙባቸው ይገኛሉ። ጠንካራ የኤሌክትሪክ መረብ መኖር ለአንድ ሀገር ኢኮኖሚያዊ እድገትና ለኢንዱስትሪ መስፋፋት ቁልፍ መሣሪያ ነው።"
summarisation|139#1,summarisation,,science,"ከዚህ በታች ያለውን ጽሑፍ በ2-3 ዓረፍተ ነገሮች አጠቃልለው።

Context:
በጥቅምት አምስት ቀን ሁለት ሺህ አሥራ ሁለት ዓመተ ምሕረት የሰሜን ኮከብ የሥነ ምድር ጥናት ማኅበር ሪፖርት አቀረበ። በወሎ አካባቢ በሚገኘው የዓባይ ሸለቆ ውስጥ ከፍተኛ የድንጋይ መንሸራተት ክስተት መከሰቱን ተቋሙ አስታውቋል። ይህ ክስተት በድንገት በደረሰ ከፍተኛ የድንጋይ መናወጥ ምክንያት የተከሰተ መሆኑን የድርጅቱ መሪ ወይዘሮ አልማዝ አበበ ገልጸዋል። በድንገት በደረሰው በዚህ መናወጥ ምክንያት በቦታው ላይ የነበሩ አምስት ትላልቅ የድንጋይ ክምችቶች ወደ ታች ወድቀዋል። የሳይንቲስቶች መረጃ እንደሚያሳየው ይህ መናወጥ የመጣው በከርሰ ምድር ውስጥ ባለው ከፍተኛ የሙቀት መለዋወጥ ምክንያት ነው። ማኅበሩ በአካባቢው ላይ ጥብቅ ክትትል ለማድረግ የሰባት መመራማሪዎችን ቡድን ወደ ስፍራው ልኳል። ይህ ክስተት በወንዙ የውሃ ፍሰት ላይ ለተወሰነ ጊዜ ተጽዕኖ ሊያሳድር እንደሚችል ተገምቷል። የሳይንስ ተቋሙ የአካባቢውን መሬት ሁኔታ በየቀኑ በልዩ መሣሪያዎች እየተከታተለ መሆኑን አረጋግጧል።"
summarisation|139#2,summarisation,,science,"የሚከተለውን ምንባብ በአጭሩ አጠቃልል፡

በካቲት ሃያ ቀን ሁለት ሺህ አስራ ስምንት ዓመተ ምሕረት የባሕር ዳር የጠፈር ምርምር ጣቢያ አዲስ መረጃ አውጥቷል። በጣና ሐይቅ አካባቢ በሚገኘው የጠፈር መመልከቻ ጣቢያ ውስጥ የሰማይ አካላት ሁኔታ በከፍተኛ ሁኔታ ተለዋውጧል። የጣቢያው ዋና ተመራማሪ አቶ ታደሰ በቀለ በሰማይ ላይ የታየው ብርሃን ከፕላኔት ጋር የተያያዘ መሆኑን ገልጸዋል። ይህ ብርሃን በሰማይ ላይ ለሦስት ተከታታይ ቀናት ሲታይ የቆየ ልዩ የብርሃን ክስተት መሆኑ ተረጋግጧል። የሳይንስ ቡድኑ ይህ ክስተት በምድር ላይ ባለው የአየር ንብረት ላይ ተጽዕኖ ሊኖረው እንደሚችል ገምቷል። በጣቢያው ውስጥ የሚገኙ የሰባት መሣሪያዎች የብርሃኑን መጠንና ፍጥነት በዝርዝር መዝግበዋል። ይህ ግኝት በኢትዮጵያ የጠፈር ሳይንስ ዘርፍ ውስጥ ትልቅ ለውጥ እንደሚያመጣ ተገልጿል። የጥናቱ ውጤት ለዓለም አቀፍ የጠፈር ተመራማሪዎች በዝርዝር እንዲላክ ተደርጓል።"
summarisation|142#0,summarisation,,agriculture,"እባክዎን ይህን ጽሑፍ በአጭሩ ያጠቃልሉ።

Context:
በዓለም አቀፍ ደረጃ የቡና ምርት ለብዙ አገሮች ከፍተኛ የውጭ ምንዛሬ ገቢ የሚያስገኝ ወሳኝ የኢኮኖሚ ዘርፍ ነው። ቡና በከፍተኛ ሁኔታ የሚመረተው ሞቃታማና እርጥበትማ የአየር ንብረት ባላቸው የትሮፒካል አካባቢዎች ውስጥ መሆኑ ይታወቃል። የአፈር ጥራትና የዝናብ መጠን ለቡና ተክል እድገትና ለጥሩ ምርት መሰረት በመሆናቸው ከፍተኛ ትኩረት ሊሰጣቸው ይገባል። አርሶ አደሮች ምርታማነታቸውን ለመጨመር ዘመናዊ የግብርና ዘዴዎችንና የተሻሻሉ የዘር አይነቶችን መጠቀም ይኖርባቸዋል። በዓለም ገበያ ላይ የሚቀርቡ የቡና አይነቶች እንደ ጣዕማቸውና እንደ መዓዛቸው የተለያዩ ዋጋዎችና ፍላጎቶች ይኖራቸዋል። የአየር ንብረት ለውጥ በቡና ምርት ላይ ተጽዕኖ ስለሚያሳድር አርሶ አደሮች አዳዲስ የመከላከያ ዘዴዎችን መቅሰም አለባቸው። የቡና አዘገጃጀት ሂደት ከእርሻ እስከ መሸጫ ድረስ ጥንቃቄ የተሞላበትና ረጅም ጊዜ የሚወስድ ስራ ነው። ጥራት ያለው ቡና ለማምረት ምርቱን በሚሰበስቡበት ወቅት ትክክለኛውን ጊዜ መምረጥ እጅግ አስፈላጊ ነው።"
summarisation|142#1,summarisation,,agriculture,"የሚከተለውን ጽሑፍ ዋና ዋና ነጥቦች በመያዝ በ2-3 ዓረፍተ ነገሮች አጠቃልል።

ጽሑፍ፡ የቡና ምርት ሂደት ከእርሻ ስራ ጀምሮ እስከ ማቀነባበር ድረስ በርካታ ውስብስብ ደረጃዎችንና ጥንቃቄዎችን የሚጠይቅ ተግባር ነው። መጀመሪያ ላይ ተክሉ በበቂ ሁኔታ እንዲያድግ ለም አፈርና ተገቢ የሆነ የፀሐይ ብርሃን ማግኘት ይኖርበታል። የቡና ፍሬዎች ሲበስሉ በጥንቃቄ መሰብሰብ ምርቱን ከጥራት መጓደል ለመጠበቅ ትልቅ ሚና ይጫወታል። ከዚያ በኋላ ፍሬዎቹ ተለይተው እንዲታጠቡና እንዲደርቁ በማድረግ ለሽያጭ ዝግጁ እንዲሆኑ ይደረጋል። የቡና ማቀነባበሪያ ፋብሪካዎች ምርቱን ወደ ዓለም አቀፍ ደረጃ እንዲደርስ የሚያደርጉ ዘመናዊ መሣሪያዎችን ይጠቀማሉ። በምርት ሂደት ውስጥ የሚፈጠሩ ብክነቶችን መቀነስ የአርሶ አደሮችን ገቢ ለማሳደግ ይረዳል። የዓለም አቀፍ የቡና ፍላጎት በየዓመቱ እየጨመረ በመምጣቱ ምርትን በብዛት ማቅረብ አስፈላጊ ሆኗል። ጥራት ያለው ምርት ለማቅረብ የአመራረት ሰንሰለቱን በየደረጃው መቆጣጠር ለስኬታማነት ወሳኝ ነው።"
summarisation|142#2,summarisation,,agriculture,"የሚከተለውን ምንባብ በአጭሩ አጠቃልል፡

በአሁኑ ጊዜ በዓለም ላይ የቡና ምርት ላይ ከፍተኛ ተጽዕኖ እያሳደሩ ያሉ ተግዳሮቶች በስፋት እየታዩ ነው። የአየር ንብረት መዛባትና ያልተጠበቁ የዝናብ ለውጦች የቡና ተክሎችን እድገትና ምርታማነት እያወኩ ይገኛሉ። በተጨማሪም የቡና ተክሎችን የሚያጠቃባቸው ተባዮችና በሽታዎች አርሶ አደሮችን ለከፍተኛ ኪሳራ እየዳረጉ ነው። እነዚህን ችግሮች ለመቋቋም የተሻሉ የጥበቃ ዘዴዎችንና በሽታን የሚቋቋሙ ዝርያዎችን ማልማት ያስፈልጋል። የገበያ ዋጋ መዋዠቅም በቡና ምርት ላይ የተመሰረቱ አገሮችን ኢኮኖሚ በቀጥታ እየጎዳው ይገኛል። አርሶ አደሮች የገበያ መረጃዎችን በወቅቱ ማግኘትና የዋጋ ለውጦችን መረዳት እንዲችሉ ድጋፍ ያስፈልጋቸዋል። ዘመናዊ የቴክኖሎጂ አጠቃቀም ምርትን ለመቆጣጠርና ጥራትን ለማረጋገጥ ትልቅ ፋይዳ አለው። የቡና ምርትን ዘላቂነት ለማረጋገጥ የአካባቢ ጥበቃና የዘመናዊ ግብርና ጥምረት መኖር አለበት።"
summarisation|143#0,summarisation,,agriculture,"የሚከተለውን ጽሑፍ አጠቃልል።

Context:
በሰኔ ፲፪ ቀን ሁለት ሺህ አሥራ ስድስት ዓመተ ምሕረት በደቡብ አውራጃ ውስጥ በሚገኘው አባይ ሸለቆ ውስጥ አዲስ የከርሰ ምድር ጥበቃ ፕሮጀክት ተጀምሯል። ይህንን ትልቅ ፕሮጀክት የመሩት የዓለም አቀፍ የእርሻ ልማት ማኅበር አባላት ሲሆን በፕሮጀክቱ ውስጥ በ፲፭ ሚሊዮን ብር የሚገመት መሣሪያ ጥቅም ላይ ውሏል። በቦታው ላይ የሚገኙት የግብርና ባለሙያዎች በየቀኑ ለ፲፪ ሰዓታት በከፍተኛ ትኩረት የአፈር መሸርሸር መከላከያ ግንቦችን በመገንባት ላይ ይገኛሉ። የፕሮጀክቱ መሪ የሆኑት አቶ በቀለ ተሰማ እንደገለጹት ይህ ተግባር በአካባቢው የሚገኙ ፵ አርሶ አደሮችን ሕይወት ለመቀየር ትልቅ ተስፋ ሰጥቷል። በአዲሱ ሥርዓት መሠረት በየዓመቱ የሚጠፋው የአፈር ንብረት መጠን በ፳ በመቶ እንዲቀንስ ለማድረግ ታቅዶ ተሰርቷል። በአካባቢው የሚገኙት የውኃ መከማቻ ጉድጓዶችም የአፈር መሸርሸርን ለመከላከል እንዲረዱ በልዩ ሁኔታ ተቀርፀው ተገንብተዋል። የፕሮጀክቱ ተሳታፊ የሆኑት ወጣቶች በአዲሱ የቴክኖሎጂ አጠቃቀም ላይ ሥልጠና እንዲያገኙ በድርጅቱ በኩል ከፍተኛ ድጋፍ ተደርጓል። በቅርቡ በሚጠናቀቀው በዚህ ሥራ የአፈር ለምነት እንዲጨምር ለማድረግ የተፈጥሮ ማዳበሪያዎችን በስፋት ለመጠቀም ታቅዷል። የፕሮጀክቱ ተከታታይነት እንዲኖረው ለማድረግ የአካባቢው ነዋሪዎች በበጎ ፈቃደኝነት እንዲሳተፉ ጥሪ ቀርቧል። ይህ የልማት ሥራ በአካባቢው የሚገኙ የሰብል ምርታማነትን በከፍተኛ ሁኔታ ለማሳደግ ያለመ መሆኑ ተገልጿል። በሰሜን አቅጣጫ በሚገኙት ኮረብታማ ቦታዎች ላይም ተመሳሳይ የጥበቃ ሥራዎች በቅርብ ጊዜ ውስጥ እንደሚከናወኑ ተነግሯል። በመጨረሻም የፕሮጀክቱ ውጤት በሦስት ዓመት ውስጥ ሙሉ በሙሉ እንዲታይ ተስፋ ተጥሎበታል።"
summarisation|143#1,summarisation,,agriculture,"የሚከተለውን ምንባብ በአጭሩ አጠቃልል፡

በጥቅምት ፭ ቀን ሁለት ሺህ አሥራ አምስት ዓመተ ምሕረት በሰሜን ተራራማ ክልል በሚገኘው ዞሬ ተራራ አካባቢ የአፈር ጥበቃ ስልጠና ተሰጥቷል። ይህንን ሥልጠና የሰጡት የሰሜን ግብርና ምርምር ማዕከል ተመራማሪዎች ሲሆኑ በሥልጠናው ላይ ፪፻ አርሶ አደሮች ተሳትፈዋል። በሥልጠናው ወቅት አዳዲስ የድንጋይ ግንባታ ዘዴዎች እና የዕፅዋት አቀማመጥ ጥበቦች በዝርዝር ተብራርተዋል። የሥልጠናው አስተባባሪ የሆኑት ወይዘሮ አልማዝ አሰፋ እንደገለጹት የአፈር መሸርሸርን መከላከል ለክልሉ የምግብ ዋስትና ወሳኝ ነው። ተሳታፊዎቹ በየአካባቢያቸው የሚገኙ ተዳፋት መሬቶችን እንዴት መቆጣጠር እንደሚችሉ በተግባር እንዲለማመዱ ተደርጓል። በሥልጠናው ወቅት የተከፋፈሉት ፲ አምስት ቡድኖች በተለያዩ የሙከራ ቦታዎች ላይ የአፈር መከላከያ ስራዎችን ፈጽመዋል። የአፈር ጥበቃው ውጤታማ እንዲሆን በየዓመቱ ፭ ሺህ አዳዲስ የጥላ ሰጪ ዛፎች እንዲተከሉ ስምምነት ተደርጓል። ይህ ተግባር በአካባቢው የሚገኙ የውኃ ምንጮች እንዳይደርቁና የአፈር ንብረት እንዳይጠፋ ከፍተኛ አስተዋጽኦ ይኖረዋል። በሥልጠናው ወቅት የተሰጡት የቴክኒክ መመሪያዎች በቀላሉ ሊተገበሩ በሚችሉ የአካባቢ ግብዓቶች ላይ የተመሠረቱ ናቸው። የክልሉ የግብርና ሚኒስቴር ቅርንጫፍ በሥልጠናው ውጤታማነት ላይ ከፍተኛ እርካታ እንዳለው ገልጿል። በቀጣይ አመት ተጨማሪ ፭፻ አርሶ አደሮችን ለማሰልጠን የሚያስችል በጀት መመደቡ ታውቋል። የአፈር ጥበቃው ስኬት በአካባቢው የሚገኙ የሰብል ምርታማነትን በ፲ አምስት በመቶ ሊጨምር እንደሚችል ተተንብዮአል።"
summarisation|144#0,summarisation,,agriculture,"ከዚህ በታች ያለውን ጽሑፍ በ2-3 ዓረፍተ ነገሮች አጠቃልለው።

Context:
የእንስሳት ጤናን ለመጠበቅ በየቀኑ ንጹህ ውሃ እና የተመጣጠነ ምግብ ማቅረብ ለከብቶች እድገት እጅግ በጣም አስፈላጊ የሆነ ተግባር ነው። የእንስሳትን መኖ ጥራት በየጊዜው መፈተሽ እና ከበሽታ ተከላካይ ንጥረ ነገሮች ጋር ማዋሃድ ለተሻለ ምርታማነት ትልቅ አስተዋጽኦ ያደርጋል። በቤት ውስጥ የሚገኙ የእንስሳት መኖዎች በንጽህና ተዘጋጅተው ለእንስሳቱ መቅረብ አለባቸው። በየወቅቱ የሚደረጉ የክትባት አገልግሎቶች እንስሳቱ ከተለያዩ ተላላፊ በሽታዎች እንዲጠበቁ በማድረግ የሞት መጠንን በከፍተኛ ሁኔታ ይቀንሳሉ። የእንስሳትን መኖሪያ አካባቢ በየቀኑ ማጽዳት እና አየር እንዲዘዋወር ማድረግ ለጤናማ አኗኗራቸው መሰረት ነው። እነዚህን መሰረታዊ እርምጃዎች መተግበር ለእንስሳት አርቢዎች የተሻለ ገቢ እና የተረጋጋ የምርት ሂደት እንዲኖራቸው ይረዳል።"
summarisation|144#1,summarisation,,agriculture,"ጽሑፉን አንብበሽ ማጠቃለያውን ጻፊ።

Context:
በከብት እርባታ ወቅት የእንስሳትን የሰውነት ሙቀት እና የባህሪ ለውጥ በቅርብ መከታተል ለቅድመ መከላከል ስራ ወሳኝ ነው። እንስሳቱ ምግብ ለመመገብ ፍላጎት ሲያጡ ወይም ለብቻቸው መሆን ሲመርጡ በበሽታ ተይዘው ሊሆን ስለሚችል በፍጥነት እርምጃ መውሰድ ያስፈልጋል። የእንስሳት መኖሪያ ስፍራ በቂ ብርሃን እና ንጹህ አየር እንዲኖረው ማድረግ ለእንስሳቱ ምቾት ይሰጣል። የጤና ባለሙያዎችን በየጊዜው በማማከር እና አስፈላጊ የክትባት ፕሮግራሞችን በመከተል ትልቅ ስኬት ማምጣት ይቻላል። እንስሳቱ የሚመገቡት ሳር እና ሌሎች ተፈጥሯዊ ምግቦች ከኬሚካል መርዞች የጸዱ መሆናቸውን ማረጋገጥ ለጤናቸው ወሳኝ ነው። በዚህ መልኩ ጥንቃቄ ማድረግ ለእንስሳት እድገት እና ለምርት ጥራት ትልቅ ፋይዳ አለው።"
summarisation|145#0,summarisation,,agriculture,"የሚከተለውን ጽሑፍ ዋና ዋና ነጥቦች በመያዝ በ2-3 ዓረፍተ ነገሮች አጠቃልል።

ጽሑፍ፡ በሰኔ 12 ቀን 2016 ዓ.ም በደቡብ አውራጃ በምትገኘው አባይ ሸለቆ ውስጥ የዘመናዊ መስኖ ፕሮጀክት ስራ በስኬት መጠናቀቁን የግብርና ሚኒስቴር አስታውቋል። ይህ ግዙፍ ፕሮጀክት በታዋቂው አርሶ አደር አቶ በቀለ ተሰማ መሪነት ለ500 አነስተኛ ገበሬዎች የውሃ አቅርቦት እንዲኖር ለማድረግ በታቀደ መልኩ ተገንብቷል። ፕሮጀክቱ በጠቅላላው 45 ሚሊዮን ብር ወጪ የተደረገበት ሲሆን በየቀኑ 200 ሺህ ሊትር ንጹህ ውሃ ለሰብል ማደጊያ እንዲያገለግል ተደርጎ ተሰርቷል። በፕሮጀክቱ አማካኝነት በዓመት ውስጥ የሚመረተው የጥራጥሬ ምርት መጠን በ35 በመቶ እንዲጨምር ከፍተኛ ተስፋ ይጣልበታል። የፕሮጀክቱ መሃንዲስ የሆኑት አቶ ዮናስ አሰፋ እንደገለጹት የጠብታ መስኖ ዘዴን በመጠቀም የውሃ ብክነትን በከፍተኛ ሁኔታ መቀነስ ተችሏል። አዲሱ የውሃ አጠቃቀም ስርዓት ለተከታታይ አምስት ዓመታት ያህል የአየር ንብረት መለዋወጥን ተቋቁሞ ምርታማነትን ለመጠበቅ ያስችላል። የአካባቢው ነዋሪዎች በፕሮጀክቱ ምክንያት የኑሮ ደረጃቸው እንዲሻሻልና የገቢ ምንጫቸው እንዲያድግ በታላቅ ደስታ እየጠበቁ ይገኛሉ። ይህ ስራ በክልሉ ለሚገኙ ሌሎች ገበሬዎችም እንደ አርአያ ሆኖ እንዲያገለግል ተደርጎ በታላቅ ስነስርዓት ተጠናቋል።"
summarisation|145#2,summarisation,,agriculture,"ለዚህ ጽሑፍ አጭር ማጠቃለያ ጻፍ።

Context:
በካቲት 20 ቀን 2016 ዓ.ም በምስራቅ አቅጣጫ በሚገኘው አረንጓዴ ሸለቆ ውስጥ አዲስ የውሃ ማጠራቀሚያ ግድብ ተገንብቶ ተመረቀ። ይህ ግድብ በታዋቂው የግብርና ተቋም የኩላሊት ድርጅት አማካኝነት በ12 ሚሊዮን ዶላር በጀት የተገነባ ታላቅ ስራ ነው። የግድቡ ዋና ዓላማ በድርቅ ወቅት ለሚገኙ 1,200 የሰብል እርሻዎች አስተማማኝ የውሃ ምንጭ ማቅረብ መሆኑ ተገልጿል። የግድቡ መሃንዲስ የሆኑት አቶ ሄኖክ በቀለ ግንባታው በስኬት መጠናቀቁንና ጥራቱ በጣም ከፍተኛ መሆኑን አረጋግጠዋል። በግድቡ አማካኝነት በየዓመቱ 5 ሚሊዮን ሜትር ኩብ ውሃ ለግብርና ስራ እንዲውል ታቅዶ ተዘጋጅቷል። የአካባቢው ገበሬዎች በግድቡ ምክንያት በደረሰባቸው የውሃ እጥረት ምክንያት የነበረባቸው ችግር ሙሉ በሙሉ እንደሚወገድ ተስፋ አድርገዋል። የድርጅቱ ስራ አስኪያጅ ወይዘሮ አልማዝ አበበ በፕሮጀክቱ አማካኝነት የአካባቢው ስነ-ምህዳር እንደሚጠበቅ ገልጸዋል። ይህ የውሃ ልማት ስራ ለቀጣዩ የአምስት ዓመት የልማት እቅድ መሰረት እንደሚሆን በስነስርዓት ተገልጿል።"
summarisation|146#0,summarisation,,agriculture,"ጽሑፉን አንብበህ ዋናውን ሐሳብ በሁለት ወይም ሦስት ዓረፍተ ነገሮች ግለጽ።

ጽሑፍ፡ በኢትዮጵያ የግብርና ዘርፍ ውስጥ በሰብል በሽታዎች ምክንያት የሚደርሰው ጉዳት በአገሪቱ የምግብ ዋስትና ላይ ከፍተኛ ተጽዕኖ እያሳደረ ይገኛል። በተለይም በጤፍ እና በገብስ ሰብሎች ላይ የሚከሰቱ የተለያዩ የፈንገስ በሽታዎች የአዝመራ ምርታማነትን በከፍተኛ ሁኔታ እንዲቀንስ ያደርጋሉ። እነዚህ በሽታዎች በአብዛኛው በዝናብ ወቅት በሚኖር ከፍተኛ እርጥበት እና በሙቀት ለውጥ ምክንያት በፍጥነት ይሰራጫሉ። ገበሬዎች በሽታዎቹን ለመከላከል የሚያደርጉት ጥረት በቂ እውቀት እና ወቅታዊ መረጃ ባለመኖሩ ምክንያት ውጤታማ እየሆነ አይደለም። በሽታው ከመከሰቱ በፊት መከላከል ይቻላል በሚል መርህ የተዘጋጁ የጥንቃቄ እርምጃዎች ለሰብል ጥበቃ ወሳኝ ሚና ይጫወታሉ። ለምሳሌ የአፈር ዝግጅትን በአግባቡ ማድረግ እና በሽታ የመቋቋም አቅም ያላቸውን ዝርያዎች መጠቀም መደረግ አለበት። በተጨማሪም በሰብል ላይ የሚከሰቱ ምልክቶችን በቅርብ መከታተል በሽታው ሳይባባስ ለመቆጣጠር ይረዳል። በወቅቱ የሚደረግ ክትትል እና የባዮሎጂካል መከላከያ ዘዴዎችን መጠቀም የአዝመራውን ጥራት ለመጠበቅ ይረዳል። የግብርና ባለሙያዎች ለገበሬዎች በየወቅቱ ስልጠና መስጠት እና አዳዲስ ቴክኖሎጂዎችን ማስተዋወቅ ይኖርባቸዋል። የኬሚካል መከላከያዎችን አጠቃቀምም በጥንቃቄ እና በተገቢው መጠን መሆን ያለበት ጉዳይ ነው። በአጠቃላይ የሰብል በሽታ አያያዝ ላይ ትኩረት ማድረግ የአገሪቱን የግብርና ምርታማነት ለማሳደግ ቁልፍ መንገድ ነው።"
summarisation|146#1,summarisation,,agriculture,"የሚከተለውን ጽሑፍ አጠቃልል።

Context:
በአገራችን የሰብል ተባዮች አያያዝ ላይ የሚታዩ ችግሮች በገበሬዎች የኑሮ ደረጃ ላይ ከፍተኛ ተጽዕኖ እያሳደሩ ይገኛሉ። በተለይም በበቆሎ እና በቅቅል ሰብሎች ላይ የሚከሰቱ የተባይ ጥቃቶች የአዝመራውን መጠን በከፍተኛ ሁኔታ ይቀንሳሉ። እነዚህ ተባዮች በሰብሉ ቅጠሎች እና በውስጥ አካላት ላይ ጉዳት በማድረስ የእጽዋቱን እድገት ያደናቅፋሉ። ተባዮቹ እንዲራቡ እና እንዲስፋፉ የሚያደርጉ የአየር ሁኔታ ለውጦች በአሁኑ ወቅት በስፋት እየታዩ ነው። ገበሬዎች ተባዮቹን ለመከላከል የሚያደርጉት ጥረት ብዙ ጊዜ በዘፈቀደ ኬሚካል በመጠቀም ላይ የተመሰረተ ነው። ይህ ደግሞ ለአፈር እና ለአካባቢ ጥበቃ እንዲሁም ለሰው ጤና ከፍተኛ ጉዳት ሊያደርስ ይችላል። በተሻለ ሁኔታ ተፈጥሯዊ መከላከያዎችን እና የተባይ መከላከያ ዘዴዎችን መጠቀም ለረጅም ጊዜ መፍትሄ ይሰጣል። ለምሳሌ የተባዮችን የሕይወት ዑደት የሚያውቁ እና የሚከላከሉ ዘዴዎችን መጠቀም የአዝመራውን ደህንነት ያረጋግጣል። በሰብል ላይ የሚከሰቱ ተባዮችን ቀድሞ በመለየት እና በአግባቡ በመቆጣጠር ጉዳትን መቀነስ ይቻላል። የግብርና ኤክስቴንሽን ባለሙያዎች ስለ ተባዮች አያያዝ ትክክለኛ መረጃ ለገበሬዎች ማድረስ ይኖርባቸዋል። በአካባቢው የሚገኙ ተፈጥሯዊ ጠላቶችን በመጠቀም ተባዮችን መቆጣጠር ለአካባቢው ተስማሚ የሆነ ዘዴ ነው። ውጤታማ የተባይ መከላከያ ስልት መከተል የአገሪቱን የሰብል ምርታማነት ለማሻሻል እጅግ አስፈላጊ ነው።"
summarisation|147#1,summarisation,,news,"ይህን ጽሑፍ በአጭሩ አጠቃልልልኝ።

በደቡብ ኢትዮጵያ በምትገኘው የሀይቅ ዳርታ ከተማ ውስጥ የልማት ማህበር አባላት አዲስ የውሃ መቅዳጃ ቦይ ለመገንባት ስምምነት ላይ ደርሰዋል። የፕሮጀክቱ መሪ የሆኑት ወይዘሮ አልማዝ አሰፋ ፕሮጀክቱ በሦስት ወራት ውስጥ ተጠናቆ ለሰፈሩ ገበሬዎች አገልግሎት እንደሚሰጥ ገልጸዋል። ለዚህ ግንባታ ስራ በአጠቃላይ አምስት መቶ ሺህ ብር በነዋሪዎች መዋጮ እና በድርጅቱ ድጋፍ መሰብሰብ ተችሏል። በግንባታው ሂደት ውስጥ ሰማንያ የሚሆኑ የአካባቢው ወጣቶች በዕለት ተዕለት ስራ ላይ እንዲሳተፉ ተደርጓል። ይህ አዲስ ቦይ ለከተማዋ የግብርና ምርት እድገት እና ለነዋሪዎች የውሃ አቅርቦት ትልቅ ለውጥ እንደሚያመጣ ይጠበቃል። የከተማዋ አስተዳደር ፕሮጀክቱ በታቀደለት ጊዜ መጠናቀቁን በቅርብ ለመከታተል ቃል ገብቷል።"
summarisation|147#2,summarisation,,news,"ጽሑፉን አንብበሽ ማጠቃለያውን ጻፊ።

Context:
በሰሜን ኢትዮጵያ በምትገኘው የገበታ ተራራ አካባቢ የደን ጥበቃ ማህበር አዲስ የችግኝ ተከላ መርሃ ግብር በስፋት አከናውኗል። በዚሁ መርሃ ግብር ላይ ከሰባት መቶ በላይ የደን ጥበቃ አባላት እና ተማሪዎች በጋራ ተሳትፈዋል። በዕለቱ በጠቅላላው አምስት ሺህ አዳዲስ የጥላ ሰንሰለት ችግኞች በተመረጡ ቦታዎች ላይ ተተክለዋል። የፕሮጀክቱ አስተባባሪ የሆኑት አቶ ታደሰ በቀለ ተከላው ለተፈጥሮ ሚዛን መጠበቅ ያለውን ፋይዳ ለተሳታፊዎች አብራርተዋል። በዝግጅቱ ወቅት ለተሳታፊዎች የደን ጥበቃ ግንዛቤ የሚያስጨብጡ አጫጭር ስልጠናዎችም ተሰጥተዋል። ማህበሩ በቀጣይ ዓመት ተጨማሪ አሥር ሺህ ችግኞችን ለመትከል ግዙፍ እቅድ እንዳለው ለሚዲያ መግለጫ ሰጥቷል።"
summarisation|148#0,summarisation,,news,"እባክዎን ይህን ጽሑፍ በአጭሩ ያጠቃልሉ።

Context:
በሰኔ ፲፭ ቀን ሁለት ሺህ አሥራ ስድስት ዓመተ ምህረት በደቡብ አውራጃ የንግድ ማዕከል በሆነችው አዳማ ከተማ ውስጥ የገበያ መለዋወጥ ከፍተኛ መዋዠቅ አሳይቷል። የአዳማ የንግድ ማኅበር ቃል በቃል እንደገለጸው የሸቀጦች ዋጋ በሳምንቱ ውስጥ በአማካይ በሃያ አምስት በመቶ ጭማሪ አሳይቷል። ይህ ከፍተኛ የዋጋ ንረት በዋናነት በገበሬው ምርት አቅርቦት መቀነስ እና በትራንስፖርት ወጪ መጨመር ምክንያት የመጣ መሆኑን ተናግረዋል። የንግድ ማኅበሩ ፕሬዝዳንት አቶ በቀለ ተስፋዬ በሰጡት መግለጫ መሰረት አዳማ ውስጥ የሚገኙ ትናንሽ ነጋዴዎች ለከፍተኛ ኪሳራ እየተጋለጡ ይገኛሉ። በከተማዋ የሚገኙ የጅምላ አከፋፋዮች የጥራጥሬ ምርቶች ዋጋ በከፍተኛ ሁኔታ መጨመሩንና ይህም ለተጠቃሚዎች ችግር መሆኑን ገልጸዋል። የከተማዋ አስተዳደር የዋጋ መቆጣጠሪያ ኮሚቴ በየቀኑ የገበያ ሁኔታን ለመከታተል ልዩ ቡድን ማሰማራቱን በይፋ አስታውቋል። የንግድ ማኅበሩ አባላት የዋጋ መረጋጋት እንዲሰፍን መንግሥት የትራንስፖርት ድጎማ እንዲያደርግላቸው በጽኑ ጠይቀዋል። በአሁኑ ወቅት በከተማዋ ውስጥ ያለው የገበያ ሁኔታ ለወደፊቱ አሳሳቢ መሆኑን የኢኮኖሚ ባለሙያዎች እየገለጹ ይገኛሉ።"
summarisation|148#1,summarisation,,news,"የሚከተለውን ጽሑፍ ዋና ዋና ነጥቦች ብቻ በመያዝ አጭር አድርገህ ግለጽ።

Context:
በሰኔ ፳ ቀን ሁለት ሺህ አሥራ ስድስት ዓመተ ምህረት የሰሜን አውራጃ የኢንዱስትሪ ዘርፍ አዲስ የኢንቨስትመንት ዕድል ማግኘቱን በዜና አውጥቷል። የሰሜን የኢንዱስትሪ ማዕከል የሥራ አመራር ቦርድ አባል የሆኑት ወይዘሮ አልማዝ አሰፋ እንደገለጹት አዲስ ፋብሪካ ለመክፈት ፭ ሚሊዮን ብር ተገኝቷል። ይህ አዲስ የኢንቨስትመንት ፕሮጀክት በክልሉ ውስጥ የሚገኙ ፪ ሺህ ወጣቶችን ለሥራ ለማሰማራት ያለመ ትልቅ ዕቅድ አለው። ፋብሪካው በዋናነት የፕላስቲክ ውጤቶችን የሚያመርት ሲሆን በቅርቡ ሥራ ለመጀመር ዝግጅቱን አጠናቅቋል። የኢንቨስትመንት ቦርዱ አባላት ፕሮጀክቱ ለአካባቢው ኢኮኖሚ ትልቅ አስተዋጽኦ እንደሚያበረክት በልበ ሙሉነት ተናግረዋል። በፋብሪካው ግንባታ ወቅት በከተማዋ የሚገኙ የትናንሽ ድርጅቶች የጥሬ ዕቃ አቅራቢነት ሚና ከፍተኛ መሆኑ ተገልጿል። የፋብሪካው ባለቤት የሆኑት የሰሜን ኢንቨስትመንት ድርጅት በየዓመቱ ምርቱን ወደ ጎረቤት አውራጃዎች ለማስፋፋት አቅዷል። ይህ የኢንዱስትሪ እድገት በአካባቢው የሥራ አጥነት መጠን እንዲቀንስ ትልቅ ተስፋ ሰጭ መሆኑን የንግድ መጽሔቶች ዘግበዋል።"
summarisation|148#2,summarisation,,news,"ይህን ጽሑፍ በአጭሩ አጠቃልልልኝ።

በምስራቅ አውራጃ የባንክ አገልግሎት መስጫ ተቋማት የብድር አሰጣጥ ሥርዓታቸውን ለማሻሻል አዲስ መመሪያ ማውጣታቸውን በሰኔ ፲፯ ቀን አስታውቀዋል። የምስራቅ የገንዘብ ተቋማት ማኅበር ቃል አቀባይ አቶ ታደሰ በቀለ እንደገለጹት አዳዲስ የብድር መስፈርቶች ለተወሰኑ የንግድ ዘርፎች ቅናሽ አላቸው። ይህ አዲስ መመሪያ በተለይ ለትናንሽ የንግድ ድርጅቶችና ለግብርና ተኮር ሥራዎች ቅድሚያ ለመስጠት ታስቦ የተዘጋጀ ነው። የማኅበሩ መረጃ እንደሚያመለክተው አዲሱ የብድር ሥርዓት በክልሉ ውስጥ ያለውን የካፒታል ፍሰት በሰላሳ በመቶ ለማሳደግ ይረዳል። የባንኮቹ የሥራ አመራር በየቅርንጫፉ የሚገኙ ደንበኞች የብድር ማመልከቻቸውን በቀላሉ እንዲያቀርቡ ሥርዓቱን ዲጂታል አድርገዋል። የክልሉ የንግድ ማኅበራት አባላት አዲሱን ውሳኔ በደስታ የተቀበሉት ሲሆን ይህም ለንግድ መስፋፋት ምክንያት እንደሚሆን ገልጸዋል። የባንኮቹ የብድር አሰጣጥ ሂደት ግልጽነት እንዲኖረውና አላስፈላጊ መዘግየቶች እንዲቀንሱ ጥብቅ ክትትል እንደሚደረግ ተገልጿል። ይህ ለውጥ በክልሉ የፋይናንስ ዘርፍ ላይ አዲስ ምዕራፍ እንደሚከፍት የኢኮኖሚ ተንታኞች በልበ ሙሉነት ተንብየዋል።"
summarisation|149#0,summarisation,,news,"እባክዎን ይህን ጽሑፍ በአጭሩ ያጠቃልሉ።

Context:
በሰሜን አውራጃ የሚገኘው አባይ ሸለቆ የቴክኖሎጂ ማዕከል በዛሬው ዕለት አዲስ የዲጂታል ትምህርት መሣሪያዎችን ለታዳጊ ተማሪዎች ለማከፋፈል ታላቅ መርሃ ግብር አከናውኗል። በፕሮጀክቱ መሪ የሆኑት አቶ በቀለ ተሰማ እንደገለጹት ይህ መርሃ ግብር በክልሉ የሚገኙ መሠረተ ልማት የሌላቸው ትምህርት ቤቶችን ለማዘመን ታስቦ የተዘጋጀ ነው። በአዲሱ ዕቅድ መሠረት በዘንድሮው የትምህርት ዘመን በአጠቃላይ አምስት መቶ አዳዲስ ኮምፒውተሮች እና አስር ታብሌቶች ለተመረጡ ተማሪዎች ተበርክተዋል። በዝግጅቱ ላይ የተገኙት የትምህርት ሚኒስቴር ተወካዮች የቴክኖሎጂ አጠቃቀም ለወጣቶች ብስለትና ለሀገር እድገት ወሳኝ መሆኑን በንግግራቸው አጽንኦት ሰጥተው ተናግረዋል። በክልሉ የሚገኙ ሰባት ትምህርት ቤቶች በመጀመሪያው ምዕራፍ የዚህ ዘመናዊ የትምህርት መሣሪያ አቅፋዮች ለመሆን መመረጣቸውም በዝግጅቱ ላይ ተገልጿል። የፕሮጀክቱ የበጀት ምንጭ ከታዋቂው የሰንዓ ድርጅት የተገኘ ሲሆን ድርጅቱ ለዚህ ተግባር ሁለት ሚሊዮን ብር ድጋፍ አድርጓል። ተማሪዎቹ እነዚህን መሣሪያዎች በመጠቀም የሳይንስና የሂሳብ ትምህርቶችን በተሻለ ሁኔታ ለመረዳትና ለማጥናት እንደሚችሉ መምህራኑ ተስፋ አድርገዋል። በሰሜን አውራጃ የሚገኙ ወላጆችም ይህ የቴክኖሎጂ ሽግግር ለልጆቻቸው የወደፊት ሕይወት ትልቅ በር እንደሚከፍት በመግለጽ ምስጋናቸውን አቅርበዋል። በቀጣይ ዓመታትም የዚህ ፕሮጀክት ተደራሽነት እየሰፋ እንዲሄድና ተጨማሪ የትምህርት መሣሪያዎች እንዲቀርቡ ለማድረግ ታቅዷል። የትምህርት ማዕከሉ አመራሮች በቀጣይ በሌሎች ወረዳዎችም ተመሳሳይ ተግባራትን ለማከናወን ዝግጅታቸውን እያጠናቀቁ መሆኑን ለሚዲያ ተቋማት አሳውቀዋል። ይህ አዲስ የትምህርት ዘመቻ በክልሉ ያለውን የትምህርት ጥራት ወደ ላቀ ደረጃ ለማሸጋገር ትልቅ አቅም እንደሚፈጥር ይታመናል።"
summarisation|149#2,summarisation,,news,"እባክዎን ይህን ጽሑፍ በአጭሩ ያጠቃልሉ።

Context:
በምስራቅ አውራጃ የሚገኘው የሰማይ ሰማያዊ ትምህርት ቤት በአዲስ ዓመት መጀመሪያ ላይ ለተማሪዎች የሚቀርብ የነፃ መጽሐፍት አቅርቦት ፕሮግራም መጀመሩ ተነግሯል። የዚህ ፕሮግራም ዓላማ ተማሪዎች አስፈላጊ የሆኑ የትምህርት መጻሕፍትን በገንዘብ ሳይቸገሩ እንዲያገኙ ለማድረግ መሆኑን የትምህርት ቤቱ ኮሚቴ አባል አቶ ታደሰ በቀለ ገልጸዋል። በዝግጅቱ መሠረት በዘንድሮው የትምህርት ዘመን ለሁለት መቶ አምሳ ተማሪዎች የሳይንስና የሥነ-ጽሑፍ መጻሕፍት በነፃ ተከፋፍለዋል። ለዚህ ተግባር የሚያስፈልገው መጻሕፍት ግዢ በክልሉ የሚገኙ አራት የሕትመት ድርጅቶች በታላቅ ቅናሽ እንዲያቀርቡ በማድረግ የተከናወነ ነው። የትምህርት ቤቱ ተማሪዎችና ወላጆችም ይህ መርሃ ግብር በትምህርት ውጤታቸው ላይ ከፍተኛ ለውጥ እንደሚያመጣ በታላቅ ደስታ ተቀብለውታል። በትምህርት ቤቱ ውስጥ የሚገኙ መምህራንም ተማሪዎች መጻሕፍቱን በአግባቡ እንዲጠቀሙና እንዲጠብቁ አስፈላጊውን ክትትል እንደሚያደርጉ ቃል ገብተዋል። ፕሮግራሙ በየዓመቱ እንዲቀጥልና ተጨማሪ መጻሕፍትን እንዲያካትት ለማድረግ ከከተማው ነዋሪዎች ጋር ውይይት እየተደረገ መሆኑ ተገልጿል። በክልሉ የሚገኙ የትምህርት ባለሙያዎችም ይህ ዓይነቱ የደግነት ተግባር በሌሎች ትምህርት ቤቶችም እንዲቀዳጅ ጥሪ አቅርበዋል። የትምህርት ቤቱ አስተዳደር በበጀት ዓመቱ ተጨማሪ የቤተ-መጽሐፍት መሣሪያዎችን ለመግዛት ዕቅድ እንዳለውም ለሚዲያ ተቋማት አሳውቋል። ይህ የነፃ መጻሕፍት አቅርቦት ተማሪዎች በንባብ ላይ ያላቸውን ፍላጎት እንዲያሳድጉና እውቀታቸውን እንዲያሰፉ ትልቅ ዕድል ይፈጥራል። በክልሉ ያለውን የትምህርት ተደራሽነትና ጥራት ለማሻሻል የሚደረጉ ጥረቶች ውጤታማ እየሆኑ መምጣታቸውን ይህ ተግባር ያሳያል። በመጨረሻም የትምህርት ቤቱ አስተዳደር ለዚህ ፕሮግራም ድጋፍ ላደረጉ አካላት ሁሉ ምስጋናውን አቅርቧል።"
summarisation|150#0,summarisation,,news,"የሚከተለውን ጽሑፍ አጠቃልል።

Context:
በሰሜን ቆላማው የዝንጅብል አቅጣጫ በሚገኘው የዋንጫ ከተማ ውስጥ ባለፈው ሰኞ በደረሰ ከፍተኛ ድርቅ ምክንያት ሰባት የገበሬ ማኅበራት ከፍተኛ ጉዳት ደርሶባቸዋል። የሰሜን አረንጓዴ ተስፋ ድርጅት ባሰባሰበው መረጃ መሠረት በዚሁ አካባቢ የሚገኙ አራት ዋና ዋና ወንዞች ሙሉ በሙሉ መድረቃቸው ተረጋግጧል። በአካባቢው የሚኖሩ የሰብል አምራች አርሶ አደሮች በዘንድሮው የዝናብ እጥረት ምክንያት ከሁለት መቶ ቶን በላይ ምርት ማጣት እንደሚገባቸው ተስፋ አድርገዋል። የከተማው የአየር ንብረት ተመራማሪ አቶ በቀለ ተስፋዬ እንደገለጹት የሙቀት መጠኑ ካለፈው ዓመት በዐስራ አምስት ዲግሪ ሴልሺየስ መጨመሩ ለችግሩ መንስኤ ሆኗል። በመሆኑም የክልሉ መንግሥት ለተጎጂው ማኅበረሰብ አስቸኳይ የሰብል ድጋፍና የውኃ አቅርቦት ለማድረስ አዲስ ዕቅድ ማውጣቱን አስታውቋል።"
summarisation|150#1,summarisation,,news,"ይህን ጽሑፍ በአጭሩ አጠቃልልልኝ።

በምስራቅ አውራጃ በሚገኘው የሰማያዊ ተራራ ተራራማ ስፍራ ላይ በቅርቡ የተከሰተው ከፍተኛ የደን መጨፍጨፍ የአካባቢውን ሥነ-ሕይወት ክፉኛ አደጋ ላይ ጥሎታል። የጥበቃ ተፈጥሮ መሥሪያ ቤት ባወጣው ሪፖርት መሠረት ባለፈው ወር ውስጥ ብቻ በ፪፻፶ (ሁለት መቶ ሃምሳ) ሄክታር ያህል የደን ሽፋን በሕገ-ወጥ መንገድ መጥፋቱን አረጋግጧል። የደን ጥበቃ ባለሙያው ወይዘሪት አልማዝ አሰፋ እንደገለጹት ይህ ድርጊት በአካባቢው የሚገኙ ብርቅዬ እንስሳትን መኖሪያ በማጥፋት ለከፍተኛ ስጋት እየዳረገ ይገኛል። በአካባቢው የሚገኙ የውኃ ምንጮችም በደን መጥፋቱ ምክንያት በከፍተኛ ሁኔታ እየቀነሱ መምጣታቸው ለነገሥታት እርሻ ማኅበር አባላት ስጋት ፈጥሯል። በመሆኑም የአካባቢ ጥበቃ ባለሥልጣናት በሕገ-ወጥ የደን አጠቃቀም ላይ ጥብቅ ቁጥጥር ለማድረግ የሰላም ኃይሎችን ማሰማራታቸውን ገልጸዋል።"
summarisation|151#0,summarisation,,news,"የሚከተለውን ጽሑፍ ዋና ዋና ነጥቦች በመያዝ በ2-3 ዓረፍተ ነገሮች አጠቃልል።

ጽሑፍ፡ በሰኔ ፲፪ ቀን በታላቁ የዘርማ ሸለቆ ውስጥ የሚገኘው አዲሱ የባቡር መስመር ግንባታ በታላቅ ድምቀት ተጠናቀቀ። የዘርማ የትራንስፖርት ባለስልጣን አቶ በቀለ ተስፋዬ በሰጡት መግለጫ መሰረት ይህ ፕሮጀክት በ፪ ቢሊዮን ዶላር ወጪ የተገነባ ነው። መስመሩ ከዝባ ከተማ እስከ ሉሚ ሸለቆ ድረስ ያለውን ርቀት በ፳ ደቂቃ ውስጥ ለመሸፈን ያስችላል። የፕሮጀክቱ ዋና መሐንዲስ ወይዘሮ አልማዝ አሰፋ ግንባታው ለሦስት ዓመታት ያህል በአግባቡ መከናወኑን አረጋግጠዋል። አዲሱ የባቡር መስመር በየቀኑ ለ፭ ሺህ ተጓዦች ፈጣን እና አስተማማኝ አገልግሎት ለመስጠት ታቅዶ የተዘጋጀ ነው። የከተማዋ ነዋሪዎች በዚህ ታላቅ የልማት ስራ መሰናሰስ በጣም ደስተኛ መሆናቸውን በጋራ ገልጸዋል። መንግስት ለዚህ ግንባታ ከፍተኛ የገንዘብ ድጋፍ ከዓለም አቀፍ የልማት ባንክ ማግኘቱን በድጋሚ አስታውቋል። ይህ የባቡር መስመር በክልሉ ያለውን የንግድ እንቅስቃሴ በከፍተኛ ሁኔታ እንደሚያሳድገው ተገምቷል።"
summarisation|152#0,summarisation,,news,"የሚከተለውን ጽሑፍ ዋና ዋና ነጥቦች በመያዝ በ2-3 ዓረፍተ ነገሮች አጠቃልል።

ጽሑፍ፡ በሰኔ ፲፪ ቀን በዓባይ ከተማ በሚገኘው ታላቁ ስፖርት ማዘናቢያ አዳራሽ ውስጥ የተካሄደው የክልሉ የጎል አዳኞች ውድድር በታላቅ ድምቀት ተጠናቋል። በውድድሩ ላይ የተሳተፉት አሥራ ሁለት ክለቦች በከፍተኛ ተወዳዳሪነት ለዋንጫው ሲፎካከሩ የከተማዋ ነዋሪዎች በብዛት ተገኝተው አበረታተዋቸው ነበር። የከተማዋ የግርግር ክለብ ተጫዋች የሆነው አቶ በቀለ ተክሌ በውድድሩ ላይ ባሳየው ድንቅ ብቃት የውድድሩን ድል በሰላማዊ መንገድ ተቀዳጅቷል። አቶ በቀለ በውድድሩ ወቅት በአሥራ አምስት ደቂቃ ውስጥ ብቻ አራት ግቦችን በማስቆጠር አዲስ የክልሉ ክብረ ወሰን መዝግቧል። የውድድሩ አዘጋጅ የሆነው የአባይ ስፖርት ማኅበር ተወካይ በንግግር ወቅት የተጫዋቾቹን ከፍተኛ ጥረትና ትጋት በከፍተኛ ሁኔታ አድንቀዋል። በውድድሩ ላይ ሁለተኛ ደረጃን ያገኘው የሰላም ከተማ ክለብ ተጫዋች የሆነው አቶ ዮናስ አሰፋ በድካሙ ተስፋ ሳይቆርጥ ጥሩ ብቃት አሳይቷል። የውድድሩ የሽልማት ሥነ ሥርዓት በክብር ተካሂዶ ለድል አድራጊው ክለብ የሃምሳ ሺህ ብር የገንዘብ ሽልማትና የወርቅ ሜዳሊያ ተበርክቷል። በዓመቱ መጨረሻ ላይ የሚካሄደውን አገራዊ ውድድር ለመሳተፍ ብቁ የሆኑ ተጫዋቾች በዚህ ውድድር ውስጥ ተለይተው መታወቃቸው ተገልጿል። በውድድሩ ወቅት ምንም ዓይነት የሕግ ጥሰት ወይም የግርግር ሁኔታ ሳይከሰት በሰላም መጠናቀቁ ለስፖርቱ ዕድገት ትልቅ ፋይዳ አለው። በቀጣይ ዓመት ውድድሩ በታላቁ የሰሜን ከተማ ስታዲየም እንዲካሄድ ለማድረግ የክልሉ ስፖርት ኮሚቴ አዳዲስ ዕቅዶችን እያወጣ መሆኑ ተነግሯል። አዳዲስ ተሰጥኦ ያላቸው ወጣቶች በውድድሩ ላይ ተሳትፎ ማግኘታቸው ለወደፊት ብቁ ስፖርተኞችን ለማፍራት ትልቅ ተስፋ ሰጥቷል።"
summarisation|152#1,summarisation,,news,"የጽሑፉን ዋና ሐሳብ በአጭሩ ግለጽ።

Context:
በጥቅምት አምስት ቀን በደቡብ አውራጃ ውስጥ በሚገኘው አዳማ ጽንፈ ዓለም ስታዲየም ታላቅ የሩጫ ውድድር በታላቅ ድምቀት ተካሂዷል። በውድድሩ ላይ የተሳተፉት አርባ አዳዲስ ወጣት ሯጮች በከፍተኛ ጉልበትና ብቃት ለድል እንዲፎካከሩ በክልሉ ስፖርት ቢሮ ተዘጋጅተዋል። የውድድሩ ዋና ተሳታፊ የሆነችው ወጣት አርቲስት ሰላም አበበ በ፲፪ ኪሎ ሜትር ሩጫ ላይ በሰዓት አምስት ደቂቃ በማስቀደም አሸናፊ ሆናለች። ሰላም አበበ በሩጫው ወቅት ያሳየችው ጥንካሬና ጽናት በሁላችንም ዘንድ ከፍተኛ አድናቆትንና መደነቅን ያስገኘ መሆኑ ተገልጿል። በውድድሩ ሁለተኛ ደረጃን ያገኘችው ወጣት መላከ ተክሌ በሩጫው ወቅት በነበረባት ከፍተኛ ተጋድሎ ለብዙ ተመልካቾች ትልቅ ትርኢት አሳይታለች። የውድድሩ አዘጋጅ የሆነው የደቡብ ክልል ስፖርት ማኅበር ለተሳታፊዎች በሙሉ የጤና ጥበቃና የውሃ አቅርቦት አገልግሎት በበቂ ሁኔታ አቅርቧል። በውድድሩ ወቅት የተመዘገበው ከፍተኛው የፍጥነት መጠን በታሪክ አዲስ መዝገብ ለመስበር የሚያስችል መሆኑን የውድድሩ ዳኞች አረጋግጠዋል። አሸናፊዎቹ ለተሰጣቸው የሽልማት ዋጋ ከሃምሳ ሺህ እስከ መቶ ሺህ ብር የሚደርስ የገንዘብ ድጋፍ ከደጋፊዎች ተሰብስቦባቸዋል። በውድድሩ ላይ የተሳተፉት ወጣቶች በሙሉ በስልጠና ወቅት የነበራቸው ዝግጅት ለውጤታማነታቸው ዋነኛ ምክንያት መሆኑ ተገልጿል። በቀጣይ ወራት በታላቁ የኢትዮጵያ ስፖርት ኮሚቴ ስር የሚካሄደውን አገራዊ ውድድር ለመሳተፍ ብቁ መሆናቸውን ተረድተዋል። በስታዲየሙ ውስጥ የነበሩት ተመልካቾች በውድድሩ ሂደት ላይ የነበራቸው ከፍተኛ ተሳትፎ ለስፖርተኞቹ ትልቅ መነሳሳትን ፈጥሯል።"
summarisation|152#2,summarisation,,news,"የሚከተለውን ጽሑፍ አጠቃልል።

Context:
በካቲት አሥራ ሁለት ቀን በምስራቅ አውራጃ በሚገኘው አዲስ ተስፋ ስፖርት ማዕከል የብስክሌት ውድድር በታላቅ ድምቀት ተካሂዷል። በውድድሩ ላይ የተሳተፉት ሰማንያ ብቁ የብስክሌት አሽከርካሪዎች በከተማዋ አስቸጋሪና ዳገታማ መንገዶች ላይ ተፎካክረውለታል። በውድድሩ አሸናፊ የሆነው አቶ ታደሰ ገብረማርያም በሰዓት አርባ ኪሎ ሜትር ፍጥነት በማሳየት ድሉን በኩራት ተቀዳጅቷል። አቶ ታደሰ በውድድሩ ወቅት ያሳየው የቴክኒክ ብቃትና የብስክሌት አጠቃቀም ለሌሎች ተሳታፊዎች ትልቅ ትምህርት የሚሰጥ ነበር። የውድድሩ የሽልማት ሥነ ሥርዓት በክልሉ የስፖርት ኮሚሽን ሰብሳቢ አማካኝነት በታላቅ ክብርና አክብሮት ተከናውኗል። አሸናፊው ተሳታፊ አዲስ ብራንድ የሆነ የብስክሌት ስብስብና የሃያ ሺህ ብር የገንዘብ ሽልማት በስፖርት ማኅበሩ ተበርክቶለታል። በውድድሩ ላይ ሁለተኛ ደረጃን ያገኘው አቶ ካሳሁን በቀለ በሩጫው ወቅት የነበረው ከፍተኛ ተጋድሎ ለብዙዎች አርአያ ሆኗል። የውድድሩ አዘጋጆች በውድድሩ ወቅት ምንም ዓይነት የትራፊክ መጨናነቅ ወይም የደህንነት ችግር ሳይከሰት መጠናቀቁን አረጋግጠዋል። በውድድሩ ላይ የተሳተፉት ወጣቶች በሙሉ በየክልሉ በሚገኙ ስፖርት ማዕከላት በየቀኑ ስልጠና እየወሰዱ መሆናቸው ተገልጿል። በውድድሩ ወቅት የተሰበሰቡት ተመልካቾች በብስክሌት ውድድሩ ላይ የነበራቸው ከፍተኛ ፍላጎት ለወደፊቱ ውድድሮች ትልቅ መነሳሳትን ይሰጣል። በቀጣይ ዓመት ውድድሩ በሰፊው እንዲካሄድና ተሳታፊዎች እንዲበዙ ለማድረግ አዳዲስ ዕቅዶች እየተዘጋጁ መሆኑ ተነግሯል።"
summarisation|153#0,summarisation,,technology,"ጽሑፉን አንብበሽ ማጠቃለያውን ጻፊ።

Context:
በኢትዮጵያ ውስጥ ያሉ የሞባይል ስልኮች አጠቃቀም በከፍተኛ ሁኔታ እየጨመረ በመምጣቱ የዲጂታል ክፍያ ስርዓቶች በሰፊው እየተስፋፋሉ። ሰዎች በየቀኑ ለተለያዩ የዕለት ተዕለት ግብይቶች በሞባይል ገንዘብ አገልግሎት በመጠቀም ጊዜያቸውንና ጉልበታቸውን እየቆጠበው ይገኛሉ። ይህ አዲስ የቴክኖሎጂ ለውጥ በከተሞችና በገጠር አካባቢዎች ለሚገኙ ነዋሪዎች የፋይናንስ አገልግሎት ተደራሽነትን በእጅጉ አሻሽሏል። የሞባይል ባንኪንግ አገልግሎቶች ደግሞ ደንበኞች ባሉበት ቦታ ሆነው የገንዘብ ዝውውር እንዲያደርጉ ምቹ ሁኔታን ፈጥረዋል። የቴክኖሎጂው እድገት በንግድ እንቅስቃሴዎች ላይ ፈጣንና አስተማማኝ ለውጦችን በማምጣት ረገድ ትልቅ ሚና እየተጫወተ ነው። በመሆኑም የሞባይል ስልኮች ለኢኮኖሚ እድገት መሰረት እየሆኑ መሆናቸውን ማስተዋል ይቻላል።"
summarisation|153#1,summarisation,,technology,"ከዚህ በታች ያለውን ጽሑፍ በ2-3 ዓረፍተ ነገሮች አጠቃልለው።

Context:
አዳዲስ የስማርት ስልኮች በገበያ ላይ ሲቀርቡ በውስጣቸው የያዟቸው የቴክኖሎጂ ውጤቶች ለተጠቃሚዎች ልዩ አገልግሎት ይሰጣሉ። በተለይም በኢትዮጵያ ውስጥ ያሉ ስልኮች የኢንተርኔት ፍጥነትንና የባትሪ ጥንካሬን በማሻሻል ረገድ ትልቅ ትኩረት እየሰጡ ነው። ተጠቃሚዎች በስልካቸው አማካኝነት የተለያዩ መተግበሪያዎችን በመጠቀም የገንዘብ ክፍያዎችንና የንግድ ስራዎችን በቀላሉ ማከናወን ይችላሉ። የሞባይል ገንዘብ መተግበሪያዎች ደግሞ የባንክ ሂሳብ ሳይኖራቸው የዲጂታል ክፍያ እንዲጠቀሙ በርካታ አማራጮችን አቅርበዋል። ይህ የቴክኖሎጂ ሽግግር በሀገሪቱ ውስጥ ያለውን የካሽ አጠቃቀም በመቀነስ ለዲጂታል ኢኮኖሚው መገንባት መሰረት እየጣለ ነው። የቴክኖሎጂ ውጤቶቹ እየተሻሻሉ ሲሄዱ የሰዎችን የኑሮ ዘይቤ ይበልጥ ዘመናዊና ቀልጣፋ እያደረጉት ነው።"
summarisation|153#2,summarisation,,technology,"ከዚህ በታች ያለውን ጽሑፍ በ2-3 ዓረፍተ ነገሮች አጠቃልለው።

Context:
የሞባይል ገንዘብ አገልግሎቶች በኢትዮጵያ የፋይናንስ ዘርፍ ውስጥ ትልቅ ለውጥ እያመጡ መሆናቸውን በቅርብ ጊዜያት ማየት ይቻላል። ሰዎች በስልካቸው አማካኝነት ለቤት ኪራይ፣ ለትምህርት ክፍያና ለሌሎች ወጪዎች በቀላሉ ክፍያ እየፈጸሙ ይገኛሉ። ይህ የዲጂታል ክፍያ ዘዴ በሰዎች መካከል ያለውን የገንዘብ ዝውውር ፍጥነትና ደህንነት በከፍተኛ ደረጃ አሻሽሏል። የሞባይል ስልኮች ተደራሽነት እየጨመረ ሲሄድ የፋይናንስ አገልግሎቶች ወደ ተራው ህዝብ በቀላሉ እየደረሱ ነው። የቴክኖሎጂው እድገት በንግድ ተቋማትና በደንበኞች መካከል ያለውን ግንኙነት ይበልጥ ቀልጣፋና ግልጽ አድርጎታል። በመሆኑም የሞባይል ቴክኖሎጂ ለሀገሪቱ የፋይናንስ ተደራሽነትን ለማሳደግ ቁልፍ መሳሪያ ሆኖ እያገለገለ ይገኛል።"
summarisation|155#0,summarisation,,technology,"እባክዎን ይህን ጽሑፍ በአጭሩ ያጠቃልሉ።

Context:
በሰኔ ፲፪ ቀን ሁለት ሺህ አሥራ ስድስት ዓመተ ምሕረት በዝቅተኛው የቴክኖሎጂ ከተማ በምትገኘው አቢሲኒያ ቴክ ማዕከል ውስጥ ትልቅ ስብሰባ ተካሄደ። በዚያ ስብሰባ ላይ የሰው ሰራሽ አስተውሎት መሠረታዊ መርሆችን የሚያስረዳ አዲስ መመሪያ በዓለም አቀፍ ደረጃ ለሁሉም አባላት ተለቀቀ። የድርጅቱ ዋና መሪ አቶ በቀለ ተስፋዬ በንግግራቸው ወቅት የዚህ አዲስ ቴክኖሎጂ ለሰው ልጅ ዕድገት ያለውን ከፍተኛ ፋይዳ በዝርዝር አብራርተዋል። አዲሱ ሥርዓት በውስጡ የዳታ ትንተና እና የሕዝብ ፍላጎትን የመረዳት ችሎታን በከፍተኛ ደረጃ አካትቶ መገንባቱን ገልጸዋል። በስብሰባው ላይ የተሳተፉ ፪፻፶ አርባ አምስት ሳይንቲስቶች ስለ አርቲፊሻል ኢንተለጀንስ መሠረታዊ ዕውቀት ሰፋ ያለ ውይይት አድርገዋል። የቴክኖሎጂው ዋነኛ ዓላማ የሰውን ልጅ የዕለት ተዕለት ውሳኔ አሰጣጥ ሂደት በብልህነት ማገዝ እና ስህተቶችን መቀነስ መሆኑ ተገልጿል። በዝግጅቱ ወቅት የተሰጡ መረጃዎች እንደሚያሳዩት ይህ አዲስ ዘዴ በሦስት ዓመታት ውስጥ የዓለምን የሥራ እንቅስቃሴ ሊቀይር ይችላል። የከተማዋ አስተዳደር በቴክኖሎጂው ምክንያት የሚፈጠሩ አዳዲስ የሥራ ዕድሎችን ለመፍጠር ዝግጁ መሆኑን በይፋ አስታውቋል። በዝግጅቱ መጨረሻ ላይ የቴክኖሎጂው መሠረታዊ ክፍሎች ለተማሪዎች በነፃ እንዲቀርቡ ተወስኖ በታላቅ ደስታ ተጠናቋል። ይህ ታላቅ ክስተት በታሪክ ውስጥ ለቴክኖሎጂ እድገት ትልቅ ምዕራፍ እንደሚከፍት ተገምቶ ተስፋ ተጥሎበታል።"
summarisation|155#2,summarisation,,technology,"እባክዎን ይህን ጽሑፍ በአጭሩ ያጠቃልሉ።

Context:
በሐምሌ ፳ ቀን ሁለት ሺህ አሥራ ስምንት ዓመተ ምሕረት በታላቁ የሳይንስ ከተማ በምትገኘው ዞሜክ ሪሰርች ማዕከል ውስጥ ትልቅ ግኝት ተመዝግቧል። የሳይንቲስቶቹ ቡድን የሰው ሰራሽ አስተውሎት መሠረታዊ መዋቅርን የሚያጠና አዲስ የጥናት ውጤት ለዓለም አቀፉ ማኅበረሰብ አቅርቧል። የጥናቱ መሪ አቶ ታደሰ ከበቀለ በሰጡት መግለጫ መሰረት ሥርዓቱ በውስጡ የሕግ እና የሥነ ምግባር መመሪያዎችን ይዟል። ይህ አዲስ ግኝት የኮምፒውተር ፕሮግራሞች እንዴት እንደሚያስቡ እና እንዴት እንደሚማሩ በዝርዝር የሚያሳይ ነው። በምርምሩ ወቅት ፪ ሺህ አምስት መቶ የዳታ ናሙናዎች ጥቅም ላይ መዋላቸውን ተመራማሪዎቹ በዝርዝር አብራርተዋል። የቴክኖሎጂው ውጤት በዓለም አቀፍ ደረጃ ባሉ ፻፳ አገራት ውስጥ ለተለያዩ ምርምሮች እንዲያገለግል ተደርጓል። የጥናቱ ዋና ዓላማ የሰው ሰራሽ አስተውሎት አጠቃቀም በሰዎች ላይ የሚያሳድረውን ተጽዕኖ በጥልቀት መረዳት ነው። በምርምሩ ወቅት የተገኙት ውጤቶች ለወደፊቱ የቴክኖሎጂ ዕድገት እንደ መመሪያ የሚያገለግሉ መሆናቸውን ተመራማሪዎቹ ገልጸዋል። የከተማዋ የቴክኖሎጂ ኮሚሽን በምርምሩ ውጤት ላይ ከፍተኛ እርካታ እንዳለው በጋዜጣዊ መግለጫ አሳውቋል። ይህ ግኝት በዓለም አቀፍ የሳይንስ ማኅበረሰብ ዘንድ ትልቅ ትኩረት እና አድናቆት ማግኘቱን ተከትሎ ተጠናቋል።"
summarisation|156#0,summarisation,,technology,"ጽሑፉን አንብበህ ዋናውን ሐሳብ በሁለት ወይም ሦስት ዓረፍተ ነገሮች ግለጽ።

ጽሑፍ፡ የፀሐይ ብርሃን ኃይል በአሁኑ ጊዜ በዓለም ላይ ካሉ ታላላቅ የንፁህ ኢነርጂ ምንጮች መካከል አንዱና ዋነኛው ተደርጎ ይወሰዳል። ይህ የኃይል ዓይነት ከፀሐይ ጨረር የሚገኝን የተፈጥሮ ብርሃን ወደ ኤሌክትሪክ በመቀየር ለቤት ውስጥና ለኢንዱስትሪ አገልግሎት ይውላል። የፀሐይ ፓነሎች በየቦታው መታየት መጀመራቸው የአየር ንብረት ለውጥን ለመቀነስ ትልቅ አስተዋጽኦ እያበረከቱ መሆኑን ያሳያል። የኤሌክትሪክ ወጪን ለመቀነስና የተፈጥሮ ሀብትን ለመጠበቅ ይህንን ቴክኖሎጂ መጠቀም በጣም አስፈላጊ የሆነ ጉዳይ ነው። የፀሐይ ኃይል አጠቃቀም በየዓመቱ እየጨመረ በመምጣቱ ለወደፊቱ የኃይል ፍላጎትን ለማሟላት ተስፋ ይሰጣል። ይህ ዘመናዊ የቴክኖሎጂ ውጤት ለሰው ልጅ ዘላቂ ልማት መሰረት የሚጥል ታላቅ ግኝት ነው።"
summarisation|156#1,summarisation,,technology,"ይህን ጽሑፍ በአጭሩ አጠቃልልልኝ።

ታዳሽ የኃይል ምንጮች ለዓለማችን ተፈጥሮአዊ ሚዛን መጠበቅ እጅግ አስፈላጊ መሆናቸውን በብዙ ሳይንቲስቶች ዘንድ እየተገለጸ ይገኛል። በተለይም የፀሐይ ኃይልን መጠቀም ከነዳጅና ከሌሎች አረንጓዴ ያልሆኑ የኃይል ምንጮች የሚመጣውን ብክለት ለመቀነስ ይረዳል። የፀሐይ ብርሃን በማንኛውም የአለም ክፍል ሊገኝ የሚችል በመሆኑ ለኃይል አቅርቦት አስተማማኝ አማራጭ ነው። የፀሐይ ኃይል መሠረተ ልማቶችን መገንባት ለረጅም ጊዜ የሚቆዩና ዝቅተኛ የጥገና ወጪ የሚጠይቁ ናቸው። አገራት ወደ አረንጓዴ ኢነርጂ ለመሸጋገር የሚያደርጉት ጥረት የዓለምን የሙቀት መጠን ለመቀነስ ወሳኝ ሚና ይጫወታል። የዚህ ቴክኖሎጂ እድገት ለቀጣዩ ትውልድ ንፁህ አካባቢን ለማስረከብ ትልቅ ዕድል ይፈጥራል።"
summarisation|158#0,summarisation,,technology,"ይህን ጽሑፍ በአጭሩ አጠቃልልልኝ።

በዲጂታል ዓለም ውስጥ የግል መረጃዎችን በአግባቡ መጠበቅ እጅግ አስፈላጊ የሆነ ተግባር በመሆኑ እያንዳንዱ ተጠቃሚ ጥንቃቄ ማድረግ ይኖርበታል። የይለፍ ቃላትን ሲመርጡ በቀላሉ የማይገመቱ እና ውስብስብ የሆኑ ቁምፊዎችን በመጠቀም የሂሳብዎን ደህንነት ማረጋገጥ በጣም አስፈላጊ ነው። በየጊዜው የይለፍ ቃላትን መቀየር እና ለተለያዩ ድረ ገጾች የተለያዩ ኮዶችን መጠቀም የሳይበር ጥቃቶችን ለመከላከል ይረዳል። ባለሁለት ደረጃ ማረጋገጫ ዘዴን መጠቀም ማለት ለተጨማሪ ጥበቃ ማለት ሲሆን ይህም ያልተፈቀደ መግቢያን ለመግታት ይረዳል። የማያውቁትን የኢሜል መልዕክቶች ወይም ሊንኮች አለመንካት የዲጂታል ደህንነትን ለመጠበቅ የሚረዳ መሰረታዊ እርምጃ ነው። በኢንተርኔት ላይ የሚገኙ መረጃዎችን ሲጠቀሙ የድረ ገጾቹን ደህንነት እና ትክክለኛነት ሁልጊዜ ማረጋገጥ ያስፈልጋል። የሕዝብ መረጃዎችን ለማንኛውም ድርጅት ወይም ግለሰብ ያለ በቂ ምክንያት አለመስጠት የግል ሚስጥርን ለመጠበቅ ይረዳል። የሶፍትዌር ማሻሻያዎችን በወቅቱ ማድረግ የኮምፒውተርን ደህንነት ለመጠበቅ እና አዳዲስ ስጋቶችን ለመከላከል ትልቅ ሚና ይጫወታል። በሕዝብ አቀፍ ደረጃ የሚታዩ የሳይበር ጥቃቶችን ለመከላከል እያንዳንዱ ሰው የራሱን ኃላፊነት መረዳት ይኖርበታል። የዲጂታል መሣሪያዎችን ሲጠቀሙ በቂ ጥንቃቄ ማድረግ ለረጅም ጊዜ ደህንነትን ለማረጋገጥ ወሳኝ የሆነ ተግባር ነው። በመሆኑም የቴክኖሎጂ ውጤቶችን በሰላም ለመጠቀም የደህንነት መመሪያዎችን መከተል ለሁሉም ተጠቃሚዎች አስፈላጊ ነው።"
summarisation|158#1,summarisation,,technology,"ጽሑፉን አንብበህ ዋናውን ሐሳብ በሁለት ወይም ሦስት ዓረፍተ ነገሮች ግለጽ።

ጽሑፍ፡ በኢንተርኔት አጠቃቀም ወቅት ሊያጋጥሙ የሚችሉ አደጋዎችን ለመቀነስ የደህንነት ግንዛቤን ማሳደግ ለሁሉም የቴክኖሎጂ ተጠቃሚዎች ወሳኝ ጉዳይ ነው። የማጭበርበሪያ መልዕክቶች እና የሐሰት መረጃዎች በዲጂታል መድረኮች ላይ በብዛት ስለሚሰራጩ ጥንቃቄ ማድረግ ያስፈልጋል። አንድ ሰው የማያውቀውን ሰው የላከለትን የፋይል አባሪ መክፈት ለኮምፒውተር ቫይረስ መጋለጥ ምክንያት ሊሆን ይችላል። የሕዝብ መረጃዎችን በሕዝብ አቀፍ መድረኮች ላይ አለማጋራት የግል ደህንነትን ለመጠበቅ በጣም አስፈላጊ የሆነ ስልት ነው። የድረ ገጾችን የደህንነት ምልክቶች እና የሊንኮችን ትክክለኛነት ሁልጊዜ ማረጋገጥ ከማጭበርበሪያዎች ለመዳን ይረዳል። በየጊዜው የዲጂታል መሣሪያዎችን የደህንነት መተግበሪያዎች ማዘመን አዳዲስ የሳይበር ስጋቶችን ለመከላከል በጣም አስፈላጊ ነው። የሕዝብ መረጃዎችን ለሶሻል ሚዲያ ኩባንያዎች ሲሰጡ የጥቅም ውሎችን በጥንቃቄ ማንበብ አስፈላጊ የሆነ ተግባር ነው። በዲጂታል ዓለም ውስጥ የሚታዩ ስርቆቶችን ለመከላከል ጠንካራ የይለፍ ቃላትን መጠቀም መሠረታዊ መመሪያ ነው። የሕዝብ መረጃዎችን በሕዝብ አቀፍ ደረጃ ለመጠበቅ መንግስታት እና ድርጅቶች የጋራ ኃላፊነት አለባቸው። የቴክኖሎጂ አጠቃቀምን በተመለከተ የሚሰጡ ምክሮችን መከተል ለተጠቃሚዎች ሰላማዊ የዲጂታል ሕይወት እንዲኖራቸው ያደርጋል። በመጨረሻም የዲጂታል ደህንነትን ማረጋገጥ በየቀኑ የሚደረግ ጥረት እና ንቃተ ህሊናን የሚጠይቅ ተግባር ነው።"
summarisation|158#2,summarisation,,technology,"ከዚህ በታች ያለውን ጽሑፍ በ2-3 ዓረፍተ ነገሮች አጠቃልለው።

Context:
የሳይበር ደህንነትን በተመለከተ እያንዳንዱ ተጠቃሚ ሊከተላቸው የሚገቡ ጥብቅ መመሪያዎች እና ደንቦች በቴክኖሎጂው ዓለም ውስጥ አሉ። የሕዝብ መረጃዎችን እና የግል ሚስጥሮችን በኢንተርኔት ላይ ሲያጋሩ ከፍተኛ ጥንቃቄ ማድረግ የግድ ይላል። የማያውቁትን የድረ ገጽ አድራሻ መክፈት ለተለያዩ የሳይበር ጥቃቶች እና የመረጃ ስርቆት መጋለጥን ሊያስከትል ይችላል። የሁለትዮሽ ማረጋገጫ ዘዴን መጠቀም ማለት ለዲጂታል መለያዎች ተጨማሪ የጥበቃ ግንብ መገንባት ማለት ነው። የይለፍ ቃላትን በየጊዜው መቀየር እና ውስብስብ ማድረግ የሳይበር ወንጀለኞችን ለመከላከል በጣም ውጤታማ ነው። የሕዝብ መረጃዎችን ለተለያዩ ድርጅቶች ሲሰጡ የደህንነት ደረጃቸውን ማረጋገጥ ለተጠቃሚው ሰላም ወሳኝ ነው። የኢንተርኔት አጠቃቀምን በተመለከተ የሚታዩ አዳዲስ ስጋቶችን ለመረዳት ዘወትር መረጃዎችን መከታተል አስፈላጊ ተግባር ነው። በዲጂታል መሣሪያዎች ላይ የሚጫኑ መተግበሪያዎችን ጥራት እና ደህንነት ማረጋገጥ ለተጠቃሚው መሠረታዊ መብት ነው። የሕዝብ መረጃዎችን በሕዝብ አቀፍ ደረጃ ለመጠበቅ የቴክኖሎጂ ኩባንያዎች ከፍተኛ የደህንነት ጥበቃ ማድረግ አለባቸው። የዲጂታል ዓለምን በሰላም ለመጠቀም የደህንነት መመሪያዎችን ማክበር እና ተግባራዊ ማድረግ ለሁሉም ሰው ግዴታ ነው። በመሆኑም የሳይበር ደህንነትን ማሳደግ የቴክኖሎጂ እድገትን ለበጎ ዓላማ ለመጠቀም የሚያስችል ወሳኝ እርምጃ ነው።"
summarisation|159#0,summarisation,,daily_life,"ጽሑፉን አንብበሽ ማጠቃለያውን ጻፊ።

Context:
በሰኔ ፲፪ ቀን በዘመናዊው የኩላሊት ከተማ ውስጥ የሚገኘው የሰላም ምግብ ማዕከል ዓመታዊ የቅመማ ቅመም ፌስቲቫልን በታላቅ ድምቀት አከናወነ። በፌስቲቫሉ ላይ የኩላሊት ምግብ አብራሪ የሆነችው ወይዘሪት አበበች በሰሩት ልዩ የቅመማ ቅመም ድብልቅ ለሁለት መቶ ተሳታፊዎች አዲስ ጣዕም አስተዋውቃለች። ይህ ድንቅ ዝግጅት በከተማዋ ውስጥ የሚገኙ ሰባት ታዋቂ የምግብ ቤቶች ባለቤቶች እንዲሳተፉ በማድረግ ለሰባት ሰዓታት የቆየ ነበር። ተሳታፊዎች በዝግጅቱ ላይ የቀረቡትን አምስት ዓይነት የባህል ምግቦች በሙሉ መቅመስ የቻሉ ሲሆን ይህም በጣም አስደሳች ነበር። የዝግጅቱ አስተባባሪ የሆነው አቶ በቀለ ለከተማዋ ነዋሪዎች ይህ በዓል የባህል አንድነትን የሚያጠናክር መሆኑን በንግግር ገልጿል። በዓሉን ለማጠናቀቅም ለአምስት መቶ ሰዎች ነፃ የምግብ አገልግሎት በመስጠት በታላቅ ደስታ ተጠናቀቀ።"
summarisation|159#1,summarisation,,daily_life,"ለዚህ ጽሑፍ አጭር ማጠቃለያ ጻፍ።

Context:
በጥቅምት ፭ ቀን በደብረ ማርቆስ ከተማ የሚገኘው የጥበብ ምግብ ማኅበር አዲስ የዳቦ አዘገጃጀት ትምህርት ቤት በይፋ ከፈተ። የማኅበሩ መስራች የሆነው አቶ ተክሌ ለአሥራ ሁለት ወራት የቆየ ጥናት በማድረግ አዲስ ዓይነት የጤናማ ዳቦ አዘገጃጀት አቅርቧል። በዚህ አዲስ ትምህርት ቤት ውስጥ በመጀመሪያው ሳምንት ውስጥ ሰማንያ አዲስ ተማሪዎች ለመመዝገብ ከፍተኛ ፍላጎት አሳይተዋል። ተማሪዎቹ በየቀኑ ለሦስት ሰዓታት የሚቆይ የዳቦ አዘገጃጀት ስልጠና የሚወስዱ ሲሆን ይህም ለሥራ ዝግጁ ያደርጋቸዋል። ማኅበሩ ለተማሪዎቹ አስፈላጊ የሆኑ አምስት ዓይነት የዱቄት ዓይነቶችን እና መሣሪያዎችን በነፃ እንዲጠቀሙ አድርጓል። የከተማዋ ነዋሪዎች ይህ አዲስ ተቋም ለከተማዋ የኢኮኖሚ እድገት ትልቅ አስተዋጽኦ እንደሚያበረክት በታላቅ ተስፋ ይጠብቃሉ።"
summarisation|161#0,summarisation,,daily_life,"ከዚህ በታች ያለውን ጽሑፍ በ2-3 ዓረፍተ ነገሮች አጠቃልለው።

Context:
ዛሬ ማለዳ ወደ መርካቶ ገበያ ስሄድ በሰዎች መናበብና በጩኸት የተሞላ ትልቅ እንቅስቃሴ አገኘሁ። በየመንገዱ የሚገኙ ነጋዴዎች ምርቶቻቸውን ለማስተዋወቅ ከፍተኛ ድምፅ በማሰማት ደንበኞችን ለመሳብ ይጥራሉ። በሽንኩርትና በቲማቲም መሸጫ አካባቢ በጣም ከፍተኛ የሆነ የሰዎች ብዛትና መተላለፊያ መጥበብ ይታያል። እኔም የቤት ውስጥ ፍጆታዬን ለማሟላት የሚያስፈልጉትን የጥራጥሬና የቅባት እህሎች ለመግዛት ወዲያውኑ ወደ ተመረጠው መደብር አመራሁ። እዚያም ነጋዴው ጥራታቸውን የጠበቁ የጥራጥሬ አይነቶችን በዝርዝር በማሳየት ዋጋቸውን ለመደራደር ሞከረ። እኔም በገበያው ውስጥ ያለውን የዋጋ መለዋወጥ ግምት ውስጥ በማስገባት ተመጣጣኝ የሆነ ዋጋ ለመጠየቅ ጥረት አደረግኩ። በመጨረሻም በሁለታችን ስምምነት ላይ በመድረስ አስፈላጊ የሆኑትን እቃዎች በታቀደው በጀት ውስጥ ገዛሁ። ከገበያው ስወጣ በኪሴ የያዝኩት እቃና በገበያው ውስጥ ያየሁት የንግድ እንቅስቃሴ አእምሮዬን ሞልቶታል። የገበያው ድባብ ሁልጊዜም ቢሆን በንቅናቄና በስራ የተሞላ በመሆኑ ለሰው ልጅ ከፍተኛ ጉልበት ይሰጣል። ነገም እንደዚሁ በሰዓቱ ተነስተው ለገበያ የሚወጡ ሰዎችን ማየት የከተማዋ መገለጫ ነው። በዚህ ግብይት ወቅት ያገኘሁት ልምድ ለቀጣይ ገበያ ዝግጅቴ ትልቅ እገዛ ያደርጋል።"
summarisation|162#0,summarisation,,daily_life,"የሚከተለውን ጽሑፍ ዋና ዋና ነጥቦች በመያዝ በ2-3 ዓረፍተ ነገሮች አጠቃልል።

ጽሑፍ፡ አዲስ አበባ ውስጥ የሚገኙ የሕዝብ ትራንስፖርት አገልግሎቶች በየቀኑ ለብዙ ሺህ ሰዎች የጉዞ አማራጮችን በስፋት ያቀርባሉ። በከተማዋ ውስጥ የሚንቀሳቀሱ አውቶቡሶች በዋና ዋና መንገዶች ላይ በመንቀሳቀስ ሰራተኞችንና ተማሪዎችን ወደ መድረሻቸው ያደርሳሉ። የሰርቪስ ተሽከርካሪዎች ደግሞ በጠባብ መንገዶች ውስጥ በመንዳት ለተወሰኑ አካባቢዎች የሚገኙ ሰዎችን በፍጥነት ለማድረስ ይረዳሉ። የታክሲ አገልግሎት በየሰዓቱ በየቦታው በመገኘት ለተጓዦች ምቹና ፈጣን የጉዞ ዕድል እንዲኖራቸው ያደርጋል። የከተማዋ የትራንስፖርት ሥርዓት እየተሻሻለ በመምጣቱ የሰዎችን የዕለት ተዕለት እንቅስቃሴ ይበልጥ ቀላልና ምቹ እያደረገው ይገኛል።"
summarisation|162#1,summarisation,,daily_life,"የሚከተለውን ምንባብ በአጭሩ አጠቃልል፡

ረጅም መንገድ ለመጓዝ የሚያስችሉ የባቡር ጉዞዎች ለተጓዦች በጣም ምቹና አስተማማኝ የሆኑ የጉዞ አማራጮችን ይሰጣሉ። በባቡር ውስጥ የሚገኙ ሰፊ ወንበሮችና ምቹ መሳቢያዎች ረጅም ሰዓታትን ያለ ድካም ለማሳለፍ ትልቅ እገዛ ያደርጋሉ። የባቡር ጣቢያዎች በየከተማው በመገኘታቸው ተጓዦች በቀላሉ ወደፈለጉት ቦታ ለመሄድ የሚያስችላቸውን ዕድል ያሰፋሉ። የባቡር ጉዞ ከሌሎች የትራንስፖርት ዓይነቶች በተለየ መልኩ በሰላምና በደህንነት ለመጓዝ ለሚፈልጉ ሰዎች ተመራጭ ነው። የባቡር አገልግሎት መስፋፋት በሀገሪቱ ውስጥ ያለውን የንግድና የሰዎች እንቅስቃሴ በከፍተኛ ሁኔታ ያፋጥናል።"
summarisation|163#0,summarisation,,daily_life,"ለዚህ ጽሑፍ አጭር ማጠቃለያ ጻፍ።

Context:
በአዲስ አበባ ከተማ ውስጥ በሚገኝ ትልቅ ትምህርት ቤት ውስጥ ተማሪዎች በየቀኑ ጠዋት በማለዳ ተነስተው ወደ ትምህርት ቤት ለመሄድ ይጣጣራሉ። ተማሪዎቹ በትምህርት ቤት ግቢ ውስጥ ሲገቡ መጀመሪያ የጠዋት ጸሎት እና የብሔራዊ ሰንደቅ ዓላማ መታሰቢያ ሥነ ሥርዓት በታላቅ ሥነ ሥርዓት ይከናወናል። ከዚህ በኋላ ተማሪዎቹ ወደየክፍላቸው በመሄድ የዕለቱን የትምህርት መርሃ ግብር ለመከታተልና ከአስተማሪዎቻቸው ጋር ለመወያየት ዝግጁ ይሆናሉ። በረሃብ ወቅት ተማሪዎች በጋራ በመሆን በረንዳ ላይ ተቀምጠው የቤት ውስጥ ምግብ ወይም በገበያ ላይ የሚሸጡ ምግቦችን እየበሉ ይዝናናሉ። በትምህርት ቤቱ ውስጥ የሚገኙ የተለያዩ የክለብ እንቅስቃሴዎች ተማሪዎች ከትምህርት በተጨማሪ ማኅበራዊ ክህሎታቸውን እንዲያሳድጉ ትልቅ ዕድል ይሰጣሉ። በምሳ ሰዓት ተማሪዎች ከጓደኞቻቸው ጋር በመሆን ስለ ትምህርትና ስለ ሌሎች ጉዳዮች በደስታና በሳቅ ይወያያሉ። ከሰዓት በኋላ የሚሰጡ ተጨማሪ ትምህርቶች ተማሪዎች በፈተና ወቅት እንዲሳካላቸውና እውቀታቸውን እንዲያሰፉ ይረዳሉ። ትምህርት ሲጠናቀቅ ተማሪዎቹ ወደ ቤታቸው ለመመለስ ሲዘጋጁ የዕለቱን ትምህርት በደንብ ለመረዳት የሚያስችላቸውን ማስታወሻዎች ይይዛሉ።"
summarisation|163#1,summarisation,,daily_life,"የጽሑፉን ዋና ሐሳብ በአጭሩ ግለጽ።

Context:
በአንድ የገጠር ትምህርት ቤት ውስጥ የሚገኙ ተማሪዎች በየቀኑ ረጅም መንገድ በእግራቸው እየተጓዙ ትምህርት ለመከታተል ከፍተኛ ጥረት ያደርጋሉ። እነዚህ ተማሪዎች በየቀኑ ጠዋት በፀሐይ መውጣት ከመጀመሩ በፊት ከቤታቸው በመውጣት ወደ ትምህርት ቤቱ ይጓዛሉ። በትምህርት ቤቱ ውስጥ ምንም እንኳን የዘመናዊ መሣሪያዎች ባይኖሩም መምህራኑ በትጋትና በትዕግሥት ትምህርታቸውን ለማስተማር ይጥራሉ። ተማሪዎቹ በክፍል ውስጥ በሚማሩበት ወቅት ጥያቄዎችን በመጠየቅና በንቃት በመሳተፍ እውቀታቸውን ለማዳበር ይተጋሉ። በትምህርት ቤቱ ግቢ ውስጥ የሚገኙ የዛፍ ጥላዎች ተማሪዎች እረፍት በሚወስዱበት ወቅት ለጥናትና ለጨዋታ ምቹ ሁኔታ ይፈጥራሉ። በየሳምንቱ የሚካሄዱ የሥነ-ጽሑፍና የሥነ-ጥበብ ውድድሮች ተማሪዎች ያላቸውን ተሰጥኦ ለሁሉም እንዲታወቅ ያደርጋሉ። መምህራኑ ተማሪዎች በሥነ-ምግባር እንዲታነጹና ለሀገራቸው ጠቃሚ ዜጋ እንዲሆኑ ልዩ ትኩረት ሰጥተው ያስተምራሉ። ትምህርት ሲያልቅ ተማሪዎቹ ወደ ቤታቸው ሲመለሱ በቀጣዩ ቀን የሚሰጡትን ትምህርት ለማጥናት በቤታቸው ውስጥ ይዘጋጃሉ።"
summarisation|163#2,summarisation,,daily_life,"ጽሑፉን አንብበሽ ማጠቃለያውን ጻፊ።

Context:
በአንድ የግል ትምህርት ቤት ውስጥ የሚገኙ ተማሪዎች ዘመናዊ የሆኑ የቴክኖሎጂ መሣሪያዎችን በመጠቀም ትምህርታቸውን በላቀ ሁኔታ ይከታተላሉ። ተማሪዎቹ በኮምፒውተር ክፍል ውስጥ በመገኘት የተለያዩ የዲጂታል መረጃዎችን በመፈለግና በማጥናት እውቀታቸውን ያሰፋሉ። በትምህርት ቤቱ ውስጥ የሚሰጡ የሳይንስ ሙከራዎች ተማሪዎች በንድፈ ሀሳብ ብቻ ሳይሆን በተግባርም እንዲማሩ ይረዳቸዋል። በየቀኑ የሚሰጡ የቤት ሥራዎች ተማሪዎች የተማሩትን ትምህርት በደንብ እንዲያስታውሱና እንዲለማመዱ ያደርጋሉ። በትምህርት ቤቱ ውስጥ የሚገኙ ሰፊ ቤተ-መጻሕፍት ተማሪዎች ለጥናትና ለምርምር ሥራዎች የሚያስፈልጋቸውን መረጃ በቀላሉ እንዲያገኙ ያስችላቸዋል። በየዓመቱ የሚካሄዱ የሥነ-ጥበብና የስፖርት ውድድሮች ተማሪዎች አካላዊና አእምሯዊ ብቃታቸውን እንዲያሳድጉ ትልቅ ድጋፍ ይሰጣሉ። መምህራኑ ከቴክኖሎጂው ጋር ተያይዞ አዳዲስ የማስተማር ዘዴዎችን በመጠቀም ትምህርቱን ይበልጥ ሳቢና አዝናኝ ያደርጉታል። ተማሪዎቹ በትምህርት ቤቱ ውስጥ የሚያገኙት ሥልጠና ለወደፊት የሥራ ሕይወታቸውና ለተሻለ ስኬት መሠረት ይሆናል።"
summarisation|164#0,summarisation,,daily_life,"ጽሑፉን አንብበሽ ማጠቃለያውን ጻፊ።

Context:
በኢትዮጵያ የባህል በዓላት ወቅት ቤተሰቦች በሙሉ በአንድነት ተሰብስበው ለረጅም ሰዓታት በደስታና በሳቅ ይጫወታሉ። በዓሉ ከመድረሱ በፊት እናቶች በቤት ውስጥ ልዩ ልዩ የባህል ምግቦችን በማዘጋጀት ለታላቅ ዝግጅት ይተጋሉ። በዓሉ ቀን ወጣቶች አዳዲስ ልብሶችን ለብሰው በከተማውና በገጠሩ መንደር ውስጥ በታላቅ ኩራትና በደስታ ይዘዋወራሉ። በቤተክርስቲያን ሥነ ሥርዓቶች ወቅት የባህል ሙዚቃዎችና የከበሮ ድምፆች አካባቢውን በሙሉ በታላቅ መንፈሳዊነት ይሞሉታል። ጎረቤቶች እርስ በርሳቸው በዓሉን በመልካም ሁኔታ እንዲያሳልፉ በመመኘት በደስታና በፍቅር ይተባበራሉ። በዓሉን ምክንያት በማድረግ በየቤቱ የሚዘጋጁት ልዩ ምግቦች ለሁሉም እንግዶች በልግስናና በክብር ይቀርባሉ። ሽማግሌዎች ለወጣቶች ስለ ባህላችንና ስለ ታሪካችን ጠቃሚ የሆኑ ምክሮችንና ትምህርቶችን በሰፊው ይሰጣሉ። ልጆች አዳዲስ ጨዋታዎችን እየተጫወቱና አዳዲስ ጓደኞችን እያፈሩ በዓሉን በደስታና በሳቅ ያሳልፋሉ። በዓሉ የሰላምና የፍቅር መገለጫ በመሆኑ ሰዎች በነበራቸው ጠብና አለመግባባት ተወግደው በአንድነት ይኖራሉ። በዓሉን ለማክበር የሚደረጉት ዝግጅቶች ከብዙ ቀናት በፊት ጀምሮ በየቤቱና በየመንደሩ ይከናወናሉ። በዓሉን ማክበር የኢትዮጵያዊያን ማንነትና የአንድነት መገለጫ በመሆኑ ሁልጊዜም በታላቅ ክብር ይከበራል።"
summarisation|165#1,summarisation,,history,"የሚከተለውን ጽሑፍ ዋና ዋና ነጥቦች በመያዝ በ2-3 ዓረፍተ ነገሮች አጠቃልል።

ጽሑፍ፡ በአክሱም ሥልጣኔ ዘመን የነበረው የሃይማኖት ለውጥ በኢትዮጵያ ታሪክ ውስጥ ትልቅ ቦታ ይይዛል። የክርስትና እምነት ወደ አገሪቱ መግባቱ ማኅበራዊና ባህላዊ መዋቅሩን በከፍተኛ ሁኔታ ቀይሮታል። በወቅቱ የነበሩት የሃይማኖት መሪዎች ከነገሥታቱ ጋር በመተባበር ሥርዓተ አምልኮን አደራጅተዋል። የቤተክርስቲያን ግንባታዎችና የጽሑፍ ጥበቦች ለትውልድ የሚተርፍ ትልቅ ቅርሳዊ እሴት ፈጥረዋል። የሃይማኖት ተቋማት የትምህርትና የባህል ማዕከል በመሆን ለሕዝቡ መሠረታዊ አገልግሎት ይሰጡ ነበር። ይህ መንፈሳዊ ለውጥ የአክሱምን ማንነትና የሕዝቡን የአኗኗር ዘይቤ ለዘመናት እንዲቀጥል አድርጎታል።"
summarisation|165#2,summarisation,,history,"የሚከተለውን ጽሑፍ ዋና ዋና ነጥቦች በመያዝ በ2-3 ዓረፍተ ነገሮች አጠቃልል።

ጽሑፍ፡ የአክሱም መንግሥት የራሱን የጽሑፍ ሥርዓትና የቋንቋ አጠቃቀም በማዳበር ከፍተኛ ስኬት አግኝቷል። የግዕዝ ቋንቋ በወቅቱ ለሥርዓተ መንግሥትና ለሃይማኖታዊ ጉዳዮች ዋነኛ መገናኛ ሆኖ ያገለግል ነበር። የጽሑፍ ጥበቡ በድንጋይ ላይና በብራና ላይ ተቀርጾ ለታሪክ መዝገብነት እንዲውል ተደርጓል። የንግድ ልውውጥንና የሕግ ሥርዓትን ለማቀላጠፍ ጽሑፋዊ መዝገቦች ትልቅ ሚና ይጫወቱ ነበር። የአክሱም ጸሐፊዎችና ምሁራን የሥልጣኔውን ዕውቀት ለተከታታይ ትውልዶች ለማስተላለፍ ከፍተኛ ጥረት አድርገዋል። ይህ የቋንቋ ዕድገት የአገሪቱን የባህልና የዕውቀት መሠረት በማጠናከር ረገድ ወሳኝ ነበር።"
summarisation|166#0,summarisation,,history,"ለዚህ ጽሑፍ አጭር ማጠቃለያ ጻፍ።

Context:
የዓድዋ ጦርነት በኢትዮጵያ ታሪክ ውስጥ እጅግ በጣም ትልቅ እና የማይረሳ ድል ተደርጎ በታላቅ ኩራት ሁልጊዜም ይወሰዳል። በወቅቱ የነበረው የጣሊያን መንግሥት የኢትዮጵያን ነፃነት ለመነጠቅና አገሪቱን ለመቆጣጠር ከፍተኛ ጥረትና ዝግጅት አድርጎ ነበር። የኢትዮጵያ መሪዎችና ሕዝቡ ግን በአንድነት በመቆም አገራቸውን ከባዕድ ወራሪ ለመከላከል በቆራጥነትና በድፍረት ተሰልፈው ወደ ጦር ሜዳ ወጡ። የጦርነቱ ውጤት ኢትዮጵያ የሉዓላዊነቷን መብት ለማስከበርና ለዓለም አቀፍ ማኅበረሰብ ጥንካሬዋን ለማሳየት የረዳ ታላቅ ክስተት ነው። ይህ ድል በአፍሪካ አገራት መካከል የነፃነት ተምሳሌት ሆኖ እንዲቀጥልና ለቀጣዩ ትውልድ ትልቅ ትምህርት እንዲሰጥ ተደርጓል። የኢትዮጵያ ሠራዊት በታላቅ ብልሃትና በጀግንነት በመዋጋት የጣሊያንን ወታደራዊ ኃይል ሙሉ በሙሉ ድል አድርጓል። የዓድዋ ድል የኢትዮጵያን ክብርና የጥንታዊ ሥልጣኔ ማረጋገጫ በመሆን በታሪክ መዝገብ ውስጥ ለዘላለም ተመዝግቧል። ይህ ታላቅ ድል ዛሬም ድረስ ለኢትዮጵያውያን ሁሉ የአንድነትና የጥንካሬ ምንጭ ሆኖ ይኖራል።"
summarisation|166#1,summarisation,,history,"የጽሑፉን ዋና ሐሳብ በአጭሩ ግለጽ።

Context:
በአሥራ ዘጠነኛው መቶ ክፍለ ዘመን መገባደጃ ላይ የተከሰተው የዓድዋ ጦርነት የኢትዮጵያን የህልውና ትግል በግልጽ ያሳየ ክስተት ነው። የጣሊያን ወራሪዎች በኢትዮጵያ ላይ የነበራቸውን የበላይነት ለማረጋገጥ የሰነዱን ይዘት በመቀየር የሀገሪቱን ነፃነት ለመጥፋት ሞክረው ነበር። የኢትዮጵያ መሪዎች ግን ይህንን በደል ለመከላከል ሲሉ በሁሉም የሀገሪቱ ክፍሎች ያሉ ሕዝቦችን በአንድነት ለማሰባሰብ ትልቅ ጥረት አድርገዋል። በጦር ሜዳ ላይ የነበረው የኢትዮጵያ ሠራዊት በከፍተኛ ቁጥርና በታላቅ ጀግንነት ተሰልፎ በጠላቱ ላይ ከፍተኛ ጉዳት አድርሷል። የጦርነቱ መካከለኛ ሁኔታዎች በኢትዮጵያ ወታደሮች ብልሃትና በሀገር ፍቅር ስሜት ምክንያት ለኢትዮጵያ ትልቅ ድል ተገኝቷል። ይህ ድል የኢትዮጵያን ነፃነት ከማስጠበቁም በላይ ለሌሎች የአፍሪካ አገራት የነፃነት ትግል ትልቅ መነሳሳትን ፈጥሯል። የዓድዋ ጦርነት በታሪክ ውስጥ የኢትዮጵያን የሉዓላዊነት መብት የሚያረጋግጥና የማይናወጥ መሆኑን ለዓለም አቀፍ ማኅበረሰብ አሳይቷል። በጦርነቱ ወቅት የታየው የአንድነት መንፈስ የኢትዮጵያን ታሪክ ለዘላለም የቀየረና ትልቅ ትርጉም ያለው ነው።"
summarisation|166#2,summarisation,,history,"እባክዎን ይህን ጽሑፍ በአጭሩ ያጠቃልሉ።

Context:
የዓድዋ ጦርነት በኢትዮጵያና በጣሊያን መካከል የተደረገ ታሪካዊና ወሳኝ የጦርነት ክስተት መሆኑን ማንም ሊክድ አይችልም። የጣሊያን መንግሥት የኢትዮጵያን ግዛት ለመቆጣጠር የነበረውን ፍላጎት በተግባር ለማሳየት ወታደራዊ ጥቃት ለመሰንዘር ወስኖ ነበር። የኢትዮጵያ መንግሥትና ሕዝብ ግን ይህንን የጥቃት ሙከራ ለመመከት በታላቅ ዝግጅትና በጠንካራ ወታደራዊ ስልት ተዘጋጅተው ነበር። በጦርነቱ ወቅት የኢትዮጵያ ሠራዊት ያሳየው ጀግንነትና ለሀገር የመቆም ቁርጠኝነት በታሪክ ውስጥ ተመዝግቦ የሚኖር ነው። የጣሊያን ወታደሮች በኢትዮጵያ ሠራዊት ጥቃት ተመትተው በከፍተኛ ሁኔታ ተሸንፈው ወደ ሀገራቸው እንዲመለሱ ተገደዋል። ይህ ድል ኢትዮጵያ በዓለም አቀፍ ደረጃ ያላትን ሉዓላዊነትና ነፃነት በጽኑ ለማረጋገጥ ትልቅ ሚና ተጫውቷል። የዓድዋ ድል የአፍሪካ ሕዝቦች በቅኝ ግዛት ሥርዓት ላይ ያላቸውን ተቃውሞ የሚያሳይና የነፃነት መንገድ የከፈተ ነው። የኢትዮጵያ ታሪክ የዓድዋን ድል እንደ ትልቅ የድል ምልክትና የኩራት ምንጭ አድርጎ በታላቅነት ይዘክረዋል።"
summarisation|168#0,summarisation,,history,"እባክዎን ይህን ጽሑፍ በአጭሩ ያጠቃልሉ።

Context:
በአይክሮ ሸለቆ ውስጥ የሚገኘው የዘንጋ መንግሥት በ፪፻፵፭ ዓመተ ምሕረት የነበረውን ታላቅ የንግድ ሥርዓት በድጋሚ መዘከር ተጀምሯል። በወቅቱ የነበረው የንግድ ማኅበር የባክቱ ተከታዮች በየዓመቱ ከ፪፻፲፭ በላይ የወርቅ ቁርጥራጮችን ወደ ዋና ከተማው ይልኩ ነበር። የንጉሥ አዝማሪ ታደሰ በሰጠው ትዕዛዝ መሠረት በዚያ ዘመን የነበሩት የሸክላ ዕቃዎች በ፪፻፶፬ ዓመት በከፍተኛ መጠን ተገበያይተው ነበር። የዘንጋ ሕዝብ በወቅቱ የነበረውን የግብር አሰባሰብ ሥርዓት በሥርዓት ለመምራት የሰባት መሪዎች ምክር ቤትን በመመሥረት ሥራውን ይከውኑ ነበር። ይህ ታላቅ የንግድ እንቅስቃሴ በሸለቆው ውስጥ ለረጅም ዘመናት የነበረውን የኢኮኖሚ ጥንካሬ በግልጽ የሚያሳይ መረጃ ነው።"
summarisation|168#1,summarisation,,history,"የጽሑፉን ዋና ሐሳብ በአጭሩ ግለጽ።

Context:
በቀዳማዊ ቶሎስ ዘመነ መንግሥት በ፪፻፹፰ ዓመተ ምሕረት የተመሠረተው የሙራ ጥንታዊ ቤተ መጻሕፍት በታሪክ ውስጥ ትልቅ ቦታ ይይዛል። በወቅቱ የነበሩት ፪፻፶፭ የጥንት የብራና መጻሕፍት በሰማያዊው ተራራ ላይ በሚገኘው ትልቅ ቤተ መቅደስ ውስጥ በጥንቃቄ ተቀምጠው ይገኙ ነበር። የቤተ መጻሕፍቱ የበላይ ተቆጣጣሪ የነበሩት የሰላም ጥበቃ አባላት በየቀኑ ፻፳ ሰዓታት የጥናት ሥራዎችን በከፍተኛ ትኩረት ያከናውኑ ነበር። በ፪፻፺፪ ዓመተ ምሕረት የተፈጠረው አዲስ የጽሕፈት ዘዴ በወቅቱ የነበሩትን ፻፵ የጥበብ ሊቃውንት በከፍተኛ ሁኔታ አነቃቅቷል። ይህ የጥበብ ማዕከል በወቅቱ የነበረውን የዕውቀት ብልጽግና እና የባህል እድገት በዝርዝር የሚያሳይ ታላቅ መረጃ ነው።"
summarisation|169#0,summarisation,,history,"የጽሑፉን ዋና ሐሳብ በአጭሩ ግለጽ።

Context:
በሃያኛው ክፍለ ዘመን መጀመሪያ ላይ በኢትዮጵያ ውስጥ የፖለቲካ ለውጦች በከፍተኛ ሁኔታ እየታዩ ነበር። የሀገሪቱ መሪዎች የውጭ ግንኙነታቸውን ለማጠናከርና የሀገርን ሉዓላዊነት ለመጠበቅ የተለያዩ ጥረቶችን እያደረጉ ነበር። በወቅቱ በዓለም ላይ የነበረው የኃይል ሚዛን ለኢትዮጵያ የዲፕሎማሲ ስራ ትልቅ ፈተና ይዞባት ነበር። የጣሊያን ወረራ በሀገሪቱ ላይ መከሰቱ የኢትዮጵያን የነፃነት ታሪክ ለዘላለም የቀየረ ትልቅ ክስተት ነበር። በነፃነት ፍልሚያ ወቅት የሀገሪቱ ወታደሮችና ህዝቡ በጋራ በመሆን ለሀገራቸው መብት ሲሉ ተዋጉ። የነፃነት ዘመቻው በብዙ መስዋዕትነት የታጀበና የኢትዮጵያን ኩራት ለዓለም ያሳየ ነበር። ከጦርነቱ በኋላ የሀገሪቱ አስተዳደርና ማህበራዊ መዋቅር በአዲስ መልክ ለመገንባት ተሞክሮዎች ተጀመሩ። ይህ የታሪክ ምዕራፍ የኢትዮጵያን የጥንካሬና የጽናት መገለጫ አድርጎ በታሪክ መዝገብ ውስጥ ተመዝግቧል።"
summarisation|169#2,summarisation,,history,"ይህ ጽሑፍ ምን እንደሚናገር በአጭሩ አስረዳ።

Context:
በሃያኛው ክፍለ ዘመን አጋማሽ ላይ በኢትዮጵያ የፖለቲካ አሰላለፍና የሀገረ መንግስት መዋቅር ተለዋዋጭ ነበር። የሀገሪቱ መሪዎች የኢኮኖሚ ማሻሻያዎችን ለማድረግና የህዝቡን የኑሮ ደረጃ ለማሻሻል ይጥሩ ነበር። በወቅቱ በዓለም ላይ የነበረው የቅዝቃዜ ጦርነት በኢትዮጵያ የውጭ ፖሊሲ ላይ ተጽዕኖ አሳድሮ ነበር። የሀገሪቱ ወታደራዊና ሲቪል ተቋማት በየጊዜው በለውጥና በሪፎርም ሂደት ውስጥ ያልፉ ነበር። የኢንዱስትሪ መስፋፋትና የፋብሪካዎች መከፈት ለሀገሪቱ የኢኮኖሚ እድገት ትልቅ ተስፋ ሰጥቶ ነበር። የትምህርት ተቋማት ቁጥር መጨመርና የተማሪዎች ቁጥር ማደግ ለሀገሪቱ ብልጽግና ወሳኝ ነበር። የሀገሪቱ የውጭ ንግድና የገቢ ምንጮች በወቅቱ በከፍተኛ ሁኔታ እየተለዋወጡ መጡ። ይህ የታሪክ ወቅት የኢትዮጵያን የወደፊት አቅም ለመወሰን ትልቅ ሚና የተጫወተ ነበር።"
summarisation|170#0,summarisation,,health,"ጽሑፉን አንብበህ ዋናውን ሐሳብ በሁለት ወይም ሦስት ዓረፍተ ነገሮች ግለጽ።

ጽሑፍ፡ በሰኔ ፲፪ ቀን በታላቁ የዘርባ ሸለቆ ውስጥ በሚገኘው የዝቅተኛ ቦታ መንደር ውስጥ የጤና ባለሙያዎች ትልቅ የቅኝት ስራ አከናውነዋል። የዞርባ የጤና ማዕከል ተቆጣጣሪ የሆኑት አቶ በቀለ አሰፋ እንደገለጹት በቅርብ ጊዜ ውስጥ በነበረው የዝናብ መብዛት ምክንያት የትንኝ ቁጥር በከፍተኛ ሁኔታ ጨምሯል። በዚህም ምክንያት በአካባቢው የሚገኙ የሰባት መቶ ቤተሰቦች ልጆች ለወባ በሽታ የመጋለጥ እድላቸው በጣም ከፍተኛ መሆኑን የጤና ባለሙያዎች አረጋግጠዋል። የዞርባ የጤና ማዕከል በሰጠው መረጃ መሰረት ባለፉት ሁለት ሳምንታት ውስጥ ብቻ ሁለት መቶ አምሳ ህጻናት ለከፍተኛ ትኩሳት ተጋልጠዋል። የጤና ባለሙያዎቹ በየቤቱ በመዞር ለሁሉም የቤተሰብ አባላት የሚሆኑ አዳዲስ የትንኝ መከላከያ አውታሮችን በነጻ ማከፋፈል ጀምረዋል። የጤና ማዕከሉ በጀት ለዚህ ስራ በድርጅት አሰፋ የጤና ፈንድ በሃምሳ ሺህ ብር ተደግፎ የተጀመረ መሆኑን በይፋ አስታውቋል። የአካባቢው ነዋሪዎች በየቤታቸው የቆሙ የውሃ ማጠራቀሚያዎችን በደንብ በመሸፈን ትንኝ እንዳይራባ ማድረግ እንዳለባቸው ተመክረዋል። የጤና ባለሙያዎቹ በየቀኑ ጠዋትና ማታ የቤት ውስጥ አየር ጥራት እና የቆሻሻ አወጋገድ ሁኔታን በመከታተል ላይ ይገኛሉ። የጤና ማዕከሉ በቀጣይ ሳምንት ውስጥ ለወላጆች ስለ ወባ መከላከያ ዘዴዎች ስልጠና ለመስጠት አቅዷል። በክልሉ የሚገኙ ሌሎች የጤና ጣቢያዎችም ተመሳሳይ ስራዎችን እንዲሰሩ ጥሪ ተደርጓል። የጤና ባለሙያዎች በየመንደሩ የሚገኙ የጤና አጠባበቅ መሪዎችን በማሰልጠን ስራውን ለማስፋፋት እየሰሩ ነው። በመጨረሻም የጤና ማዕከሉ የህብረተሰቡ ትብብር ለስራው ስኬት ወሳኝ መሆኑን በንግግር አውግዟል።"
summarisation|170#1,summarisation,,health,"ይህ ጽሑፍ ምን እንደሚናገር በአጭሩ አስረዳ።

Context:
በጥቅምት ፭ ቀን በሰሜን አቅጣጫ በሚገኘው የባህር ዳር አቅራቢያ ባለው የንዲያ ከተማ ውስጥ ትልቅ የጤና ዘመቻ ተጀምሯል። የንዲያ የጤና ጥበቃ መመሪያ አባል የሆኑት ወይዘሮ አልማዝ ተስፋዬ እንደገለጹት በከተማዋ ውስጥ የወባ በሽታ ስርጭት መጨመር ተስተውሏል። በከተማዋ ውስጥ የሚገኙ የሰባት መቶ አምሳ የጤና ጣቢያዎች ለዚህ ስራ የሚያስፈልጋቸውን ቁሳቁስ በሙሉ አሟልተዋል። የከተማዋ ነዋሪዎች በየቤታቸው የሚጠቀሙባቸውን የትንኝ መከላከያ አውታሮች ጥራት እንዲመረምሩ የጤና ባለሙያዎች አሳስበዋል። በዘመቻው ወቅት በየቀኑ አንድ መቶ አዳዲስ የጤና መረጃዎች ከቤተሰቦች ተሰብስበው ለጥናት እየቀረቡ ነው። የከተማዋ አስተዳደር ለዚህ የጤና ዘመቻ በድምሩ ስምንት መቶ ሺህ ብር ለቁሳቁስ ግዢ መድቦለታል። የጤና ባለሙያዎቹ በየመንደሩ በመዞር ለህጻናት እና ለነፍሰ ጡር እናቶች ልዩ ትኩረት በመስጠት መረጃዎችን እያከፋፈሉ ነው። በከተማዋ ውስጥ የሚገኙ የትምህርት ቤት ተማሪዎች ስለ ወባ መከላከያ ዘዴዎች ግንዛቤ እንዲኖራቸው ልዩ ትምህርት እየተሰጣቸው ነው። የጤና ጥበቃ መመሪያው በየሳምንቱ መጨረሻ የጤና ሁኔታውን የሚገልጽ ሪፖርት ለህዝቡ እንዲያቀርብ ወስኗል። በከተማዋ ውስጥ የሚገኙ የውሃ ጉድጓዶች እና የዝናብ ውሃ ማጠራቀሚያዎች በትንኝ እንዳይባዙ ጥብቅ ቁጥጥር እየተደረገ ነው። የጤና ባለሙያዎቹ በየቀኑ ማታ የቤት ውስጥ የትንኝ መከላከያ አጠቃቀምን በተግባር እያሳዩ ነው። የከተማዋ ነዋሪዎችም የጤና ባለሙያዎቹን መመሪያ በመከተል በሽታውን ለመከላከል በትብብር እየሰሩ ነው። ይህ ዘመቻ እስከ ህዳር ወር ድረስ እንዲቀጥል የታቀደ መሆኑን የጤና መመሪያው አስታውቋል።"
summarisation|171#0,summarisation,,health,"ይህ ጽሑፍ ምን እንደሚናገር በአጭሩ አስረዳ።

Context:
በሰሜን ኢትዮጵያ በሚገኘው የዝንጅብል ከተማ ውስጥ በሰኔ ቀን 12 ቀን 2016 ዓ.ም በአዲሱ የጤና ጣቢያ በኩል አዲስ መርሃ ግብር ተጀምሯል። የዝንጅብል የጤና መኮንን አቶ በቀለ ተስፋዬ በሰጡት መግለጫ መሠረት ይህ ፕሮጀክት ለ500 ነፍሰ ጡር እናቶች ነፃ የሕክምና አገልግሎት ይሰጣል። ፕሮግራሙ በየሳምንቱ ቅዳሜ እና እሁድ በከተማው ውስጥ በሚገኙ አራት የተለያዩ ማህበረሰብ ማዕከላት ላይ በዝርዝር ይከናወናል። በዘንድሮው ዓመት ውስጥ ለሚገኙ 1200 ህጻናትም የተሟላ የክትባት አገልግሎት እና የአመጋገብ ምክር በነፃ እንዲሰጥ ተደርጓል። የጤና ባለሙያዎች በየቀኑ ለእናቶች አስፈላጊ የሆኑ የቪታሚን እንክብካቤዎችን እና የደም ምርመራዎችን በነፃ እንዲያገኙ አድርገዋል። ይህ ሰፊ የጤና ዘመቻ በከተማዋ ውስጥ ያለውን የሕፃናት ሞት መጠን በከፍተኛ ሁኔታ ለመቀነስ ያለመ ነው።"
summarisation|172#2,summarisation,,health,"ጽሑፉን አንብበሽ ማጠቃለያውን ጻፊ።

Context:
በካቲት ፳ ቀን በደቡብ አቅጣጫ በሚገኘው የልማት ከተማ ውስጥ የጤና ጥበቃ ባለሙያዎች አዲስ የሥርዓተ ምግብ ዘመቻ ጀምረዋል። የዘመቻው መሪ የሆኑት አቶ ታደሰ በቀለ በየቀኑ በቂ የፋይበር መጠን ያላቸው ምግቦችን መመገብ ለጤና ወሳኝ መሆኑን ገልጸዋል። በከተማዋ ውስጥ የሚገኙ የጤና ጣቢያዎች በየሳምንቱ ለእናቶች የተመጣጠነ ምግብ ስልጠና ለመስጠት ዝግጁ መሆናቸውን አረጋግጠዋል። የከተማዋ የጤና መመሪያ በየቀኑ ለሕፃናት የሚሰጡ ምግቦች ጥራት ላይ ጥብቅ ቁጥጥር ለማድረግ አዲስ መመሪያ አውጥቷል። በዘመቻው መሠረት በየቀኑ አምስት ዓይነት የተለያየ ቀለም ያላቸው አትክልቶችን መመገብ ለሰውነት ጥንካሬ አስፈላጊ መሆኑ ተብሏል። የጤና ባለሙያዎች በየቀኑ በየቤቱ በመዞር ስለ ሥርዓተ ምግብ ግንዛቤ ለመፍጠር ከፍተኛ ጥረት እያደረጉ ነው። በከተማዋ ውስጥ የሚገኙ ትምህርት ቤቶች ለተማሪዎች የሚቀርቡ ምግቦች የተመጣጠኑ መሆናቸውን በየቀኑ መፈተሽ አለባቸው። ይህ አዲስ የጤና ዘመቻ በከተማዋ ውስጥ ያለውን የሥርዓተ ምግብ ችግር ለመቅረፍ ትልቅ ዓላማ አለው።"
summarisation|173#0,summarisation,,health,"ጽሑፉን አንብበህ ዋናውን ሐሳብ በሁለት ወይም ሦስት ዓረፍተ ነገሮች ግለጽ።

ጽሑፍ፡ ንጹህ ውሃ መጠጣት ለሰውነት ጤናማነት በጣም አስፈላጊ የሆነ መሰረታዊ ተግባር በመሆኑ ሁልጊዜ ጥራት ያለው ውሃ መጠቀም ያስፈልጋል። በየቀኑ እጅን በሳሙና መታጠብ ከተለያዩ ተላላፊ በሽታዎች ለመከላከል ከፍተኛ አስተዋጽኦ የሚያደርግ በጣም ወሳኝ የጤና ልምድ ነው። በቤት ውስጥ የሚገኙ የቆሻሻ ማስወገጃ ዘዴዎች በሥርዓት ካልተመሩ ለተለያዩ የጤና ችግሮችና ለበሽታዎች መጋለጥን ሊያስከትሉ ይችላሉ። የአካባቢ ጥበቃና የጽዳት ስራዎች በጋራ በመተባበር መከናወን የህብረተሰቡን አጠቃላይ የጤና ሁኔታ ለማሻሻል ትልቅ ሚና ይጫወታሉ። ምግብ ከመብላት በፊትና ከሽንት ቤት አጠቃቀም በኋላ እጅን መታጠብ ለጤናማ ሕይወት መሠረት ነው። የቆሻሻ መጣያዎችን በየቦታው ከመጣል ይልቅ በተዘጋጀላቸው ሳጥኖች ውስጥ መጣል የአካባቢን ንጽጽር ለመጠበቅ ይረዳል። ንጹህ የአየር ሁኔታና የቤት ውስጥ ንጽህና ለልጆች እድገትና ለትላልቅ ሰዎችም ጤናማነት ወሳኝ መሆኑን መረዳት ይገባል። በየቀኑ የቤት ውስጥ ቁሳቁሶችን ማጽዳት በቤት ውስጥ የሚከሰቱ የባክቴሪያ ስርጭቶችን ለመቀነስ በጣም ጠቃሚ ነው። የውሃ መፍሰሻ ቦዮችን በሥርዓት መጠበቅና አለመዝጋት ለከተማው የጤና ሁኔታ ከፍተኛ ጠቀሜታ አለው። በጤናማ የአኗኗር ዘይቤ ውስጥ የግል ንጽህናን መጠበቅ ከሌሎች ሰዎች በሽታ እንዳይተላለፍ ያደርጋል። ንጹህ አካባቢ መፍጠር ለሥነ-ልቦናዊ ሰላምና ለተሻለ የኑሮ ጥራት መሰረት መሆኑን ሁላችንም ማወቅ አለብን።"
summarisation|173#1,summarisation,,health,"ጽሑፉን አንብበህ ዋናውን ሐሳብ በሁለት ወይም ሦስት ዓረፍተ ነገሮች ግለጽ።

ጽሑፍ፡ በአካባቢ ጥበቃና በንጽህና አጠባበቅ ረገድ ትክክለኛውን አሰራር መከተል የህብረተሰቡን የጤና አቅም ለማሳደግ በጣም አስፈላጊ ነው። በየቀኑ የሚፈጠሩ የደረቅ ቆሻሻዎችን በአግባቡ ማስወገድና መለየት ለተሻለ የአካባቢ ጤና መኖር ትልቅ አስተዋጽኦ ያደርጋል። በቤት ውስጥ የሚገኙ የውሃ ማከማቻዎች በዝንብና በሌሎች ተላላፊ ተህዋሲያን እንዳይበከሉ በጥንቃቄ መሸፈን ይኖርባቸዋል። የልጆች የጤና ሁኔታ በአካባቢያቸው ባለው የጽዳት ደረጃ ላይ በእጅጉ የተመሰረተ መሆኑን መገንዘብ በጣም አስፈላጊ ነው። በንጹህ ውሃ አቅርቦት ላይ የሚታዩ ችግሮች ለተለያዩ የሆድ ዕቃ በሽታዎች መከሰት ዋነኛ ምክንያት ሊሆኑ ይችላሉ። የግል ንጽህናን መጠበቅና በሳሙና መታጠብ በሽታ አምጪ ተህዋሲያን ከአንድ ሰው ወደ ሌላ ሰው እንዳይተላለፉ ያደርጋል። የቆሻሻ ማስወገጃ ጉድጓዶች ከቤትና ከውሃ ምንጮች ርቀው መገኘታቸው ለጤናማ አኗኗር መሠረት መሆኑን መረዳት ያስፈልጋል። በየጊዜው የአካባቢን ንጽህና መጠበቅ ለተሻለ የጤና ሁኔታና ለተረጋጋ ማህበራዊ ህይወት መሰረት ነው። በከተማና በገጠር አካባቢዎች የሚታዩ የጽዳት ችግሮችን ለመቅረፍ የህዝቡ ንቁ ተሳትፎ በጣም አስፈላጊ ነው። ንጹህና ደረቅ አካባቢ መፍጠር ለተለያዩ ተላላፊ በሽታዎች መከላከያ መንገድ መሆኑን ማወቅ ይገባል። የጤና ባለሙያዎች ሁልጊዜም ስለ ንጽህና አጠባበቅ የሚሰጡትን ምክር ተግባራዊ ማድረግ ለጤናማ ህይወት ወሳኝ ነው።"
summarisation|174#0,summarisation,,health,"እባክዎን ይህን ጽሑፍ በአጭሩ ያጠቃልሉ።

Context:
ክትባት በሽታ አምጪ ተላላፊዎችን ለመከላከልና የሰዎችን ሕይወት ለመታደግ በዓለም አቀፍ ደረጃ እጅግ አስፈላጊ የሆነ የሕክምና ዘዴ ነው። የተለያዩ የክትባት ዓይነቶች በሰውነታችን ውስጥ በሽታን የሚከላከሉ ተፈጥሯዊ መከላከያዎችን እንዲገነቡ በማድረግ በሽታ እንዳይከሰት ያደርጋሉ። በሕፃናት ላይ የሚሰጡ መደበኛ ክትባቶች ለከባድ የጤና ችግሮች የመጋለጥ እድልን በከፍተኛ ሁኔታ በመቀነስ የሕፃናትን እድገት ይደግፋሉ። አዋቂዎችም በተለያዩ ምክንያቶች ለሚመጡ የጤና እክሎች ጥበቃ ለማግኘት ወቅታዊ የክትባት አገልግሎቶችን ማግኘት ይኖርባቸዋል። የክትባት ዘመቻዎች በየአካባቢው ሲካሄዱ ሕዝቡ ስለ ጥቅማቸውና ስለ አስፈላጊነታቸው በቂ ግንዛቤ እንዲኖረው ማድረግ ለስኬቱ ወሳኝ ነው። በመሆኑም በጤና ባለሙያዎች የሚሰጡ መመሪያዎችን በመከተል በወቅቱ መከተል ማኅበረሰቡን ከከባድ በሽታዎች ለመጠበቅ ይረዳል።"
summarisation|174#1,summarisation,,health,"ከዚህ በታች ያለውን ጽሑፍ በ2-3 ዓረፍተ ነገሮች አጠቃልለው።

Context:
የዓለም ጤና ድርጅትና የተለያዩ ዓለም አቀፍ ተቋማት የክትባት ሽፋን እንዲጨምርና በሽታዎች እንዲቆሙ ከፍተኛ ጥረት እያደረጉ ይገኛሉ። የክትባት አቅርቦት በሁሉም የዓለም ክፍሎች እኩል እንዲደርስ ማድረግ የሕዝብ ጤናን ለማረጋገጥ ትልቅ ዓላማ ነው። በክትባት አማካኝነት ሊከላከሉ የሚችሉ በሽታዎች በዓለም ላይ የሚደርሰውን የሞት መጠን በከፍተኛ ሁኔታ መቀነስ ይችላሉ። የክትባት ቁሳቁሶችና መድኃኒቶች ጥራታቸውን ጠብቀው እንዲቀመጡና ለተጠቃሚዎች እንዲደርሱ ማድረግ የሎጂስቲክስ ሥራን ይጠይቃል። ማኅበረሰቡ ስለ ክትባት ደህንነትና ውጤታማነት ያለውን ጥርጣሬ ለማስወገድ ትክክለኛ መረጃዎችን ለሕዝቡ ማድረስ አስፈላጊ ነው። በክትባት አማካኝነት የሚገኙ የጤና ጥቅሞች ለትውልድ መሻሻልና ለተሻለ የሕይወት ጥራት መሰረት በመሆናቸው ትኩረት ሊሰጣቸው ይገባል።"
summarisation|175#1,summarisation,,health,"ጽሑፉን አንብበህ ዋናውን ሐሳብ በሁለት ወይም ሦስት ዓረፍተ ነገሮች ግለጽ።

ጽሑፍ፡ በነሐሴ ፭ ቀን በምስራቅ አውራጃ ውስጥ በሚገኘው አዲስ ተስፋ መንደር ውስጥ በአንድ ትልቅ የልጆች መጫወቻ ቦታ ላይ አደጋ ተከስቷል። በዚያ ቦታ ላይ ሲጫወቱ የነበሩ ሁለት ህጻናት በድንገት በወደቁበት ወቅት በጉልበታቸውና በእጃቸው ላይ ከፍተኛ ቁስል ደርሶባቸዋል። በአቅራቢያ የነበሩት ወላጆች በድንገት በመደናገጥ በአካባቢው የነበሩትን የመጀመሪያ እርዳታ መስጫ ቁሳቁሶች በመጠቀም ቁስሉን ማጽዳት ጀምረዋል። የልጆቹ እናት ወይዘሮ ማርታ በድንገት የተፈጠረውን ደም ለመቆጣጠር ንጹህ ጨርቅ በመጠቀም በቁስሉ ላይ ተጭነው መቆየት ችለዋል። የጤና ባለሙያው አቶ ታደሰ በቦታው በመገኘት ቁስሉ እንዳይመረዝ በንጹህ ውሃና በፀረ ተባይ መድኃኒት እንዲታጠብ መመሪያ ሰጥቷል። በወቅቱ የተወሰደው ፈጣን እርምጃ ህጻናቱ ከከፍተኛ የኢንፌክሽን አደጋ እንዲድኑ ትልቅ አስተዋጽኦ አድርጓል። የአዲስ ተስፋ መንደር የጤና ጣቢያ ዶክተሮች ህጻናቱ ወደ ሆስፒታል ተወስደው ተጨማሪ ህክምና እንዲያገኙ አድርገዋል። የጤና ባለሙያዎች ወላጆች ሁልጊዜም የድንገተኛ አደጋ መከላከያ ቁሳቁሶችን በቤት ውስጥ መያዝ እንዳለባቸው አሳስበዋል።"
summarisation|175#2,summarisation,,health,"የጽሑፉን ዋና ሐሳብ በአጭሩ ግለጽ።

Context:
በጥቅምት ፳ ቀን በምዕራብ አውራጃ ውስጥ በሚገኘው ሰላም ገበሬዎች ማህበር ስብሰባ ላይ አንድ አዛውንት በድንገት ራሳቸውን ስተው ወድቀዋል። በዚያ ስብሰባ ላይ የነበሩ አርባ አባላት በአካባቢው የነበሩትን የመጀመሪያ እርዳታ ሰጪዎች በመጥራት እርዳታ እንዲሰጥ ጠይቀዋል። በወቅቱ በቦታው የነበሩት ወጣት አቶ ዮናስ አዛውንቱ በድንገት መውደቃቸውን ሲመለከቱ ወዲያውኑ ወደ መሬት እንዲዘረጉ አድርገዋል። አቶ ዮናስ አዛውንቱ በድንገት የነበረባቸውን የትንፋሽ መቆራረጥ ለመቀነስ የአየር ማናፈሻ እንዲያገኙ በማድረግ የመጀመሪያ እርዳታ ሰጥተዋል። የጤና ባለሙያው አቶ ካሳሁን በድንገት በመጡበት ወቅት አዛውንቱ ንቃተ ህሊናቸው እንዲመለስ አስፈላጊውን እርምጃ ወስደዋል። በስብሰባው ላይ የነበሩት አባላት አዛውንቱን በዝግታ ወደ መኪና በማስገባት ወደ አቅራቢያው ሆስፒታል እንዲወሰዱ አድርገዋል። የጤና ባለሙያዎች እንደገለጹት አዛውንቱ በድንገት መውደቃቸው ከከፍተኛ የደም ግፊት ጋር ተያይዞ የመጣ ሊሆን እንደሚችል ገልጸዋል። የማህበሩ አመራሮች ለወጣቶች የድንገተኛ አደጋ የመጀመሪያ እርዳታ ስልጠና እንዲሰጥ በከተማዋ የጤና መምሪያ ጥያቄ አቅርበዋል።"
summarisation|176#0,summarisation,,science,"ይህ ጽሑፍ ምን እንደሚናገር በአጭሩ አስረዳ።

Context:
በሰኔ 14 ቀን 2016 ዓ.ም በወሎ ክልል በሚገኘው የዝቅተኛ ቦታ በሆነው አባይ ሸለቆ ውስጥ ከፍተኛ የውሃ ትነት መከሰቱን የዞኑ የአየር ንብረት ተመራማሪዎች ገለጹ። በዚያ አካባቢ የሚገኘው የሰማያዊ ተስፋ ተቋም የሳይንስ ባለሙያዎች እንደገለጹት በከፍተኛ ሙቀት ምክንያት ከወንዝ ውስጥ የሚወጣው የውሃ መጠን በየቀኑ በሃምሳ በመቶ ጨምሯል። ይህ ከፍተኛ የውሃ ትነት ወደ ላይ በመውጣት ወደ ሰማይ በመሄድ ጥቅጥቅ ያሉ ነጭ ደመናዎችን በሰዓታት ውስጥ እንዲፈጠር አድርጓል። በደመናዎቹ ውስጥ የሚገኙት ትናንሽ የውሃ ጠብታዎች እርስ በእርስ በመገናኘት ወደ ትላልቅ የዝናብ ደመናዎች መቀየራቸውን ተቋሙ አረጋግጧል። የደመናዎቹ መጠን እየጨመረ በመሄዱ ምክንያት በአካባቢው የሚገኙ የግብርና ማህበራት ለሚቀጥሉት አምስት ቀናት ዝናብ ሊኖር እንደሚችል አስጠነቀቁ። በዝቅተኛው የአባይ ሸለቆ ውስጥ የሚገኙ የነጋዴዎች ማህበር አባል የሆኑት አቶ በቀለ ተስፋዬ ደመናዎቹ መጥተው ዝናብ እንዲዘንብ እንደሚመኙ ገልጸዋል። ዝናቡ መዝነብ ሲጀምር በምድር ላይ ያለው ውሃ ወደ ተለያዩ አቅጣጫዎች ተከፋፍሎ ወደ ወንዞቹ መመለስ እንደሚጀምር ተብሎ ይጠበቃል። ይህ ሂደት በተፈጥሮ ውስጥ ያለውን የውሃ ዑደት በከፍተኛ ሁኔታ የሚያሳይ መሆኑን የሳይንስ ሊቃውንት በሪፖርታቸው ጠቅሰዋል። በክልሉ የሚገኙ የግብርና ባለሙያዎች ዝናቡ መዝነብ ሲጀምር አፈር እንዲለሰልስና ለዘር ዝግጅት እንዲረዳ በማድረግ ላይ ተሰማርተዋል። የአየር ንብረት ለውጡ በውሃው ዑደት ላይ የሚያሳድረው ተጽዕኖ በአካባቢው ለሚኖሩ ነዋሪዎች ትልቅ ትኩረት ሊሰጠው እንደሚገባ ተገልጿል። በመጨረሻም የሰማያዊ ተስፋ ተቋም ተጨማሪ ጥናቶችን በማድረግ ስለ ዝናቡ መጠንና ጥራት መረጃዎችን ለህዝቡ ለማድረስ እንደሚሰራ ገልጿል።"
summarisation|176#1,summarisation,,science,"ጽሑፉን አንብበሽ ማጠቃለያውን ጻፊ።

Context:
በጉፋ ዞን በሚገኘው የጥቁር አባይ ተፋሰስ ውስጥ በታህሳስ 22 ቀን 2015 ዓ.ም ከፍተኛ የዝናብ መዘንብ መከሰቱን የዞኑ የግብርና መረጃ ማዕከል አሳውቋል። በዚያ ቀን ከጠዋት ጀምሮ የነበሩት ደመናዎች በከፍተኛ ፍጥነት በመከማቸት በሰዓት በሃያ ሚሊ ሜትር የሚደርስ ዝናብ እንዲዘንብ አድርገዋል። የዞኑ የአየር ንብረት ተመራማሪ የሆኑት ወይዘሪት ሳራ አሰፋ እንደገለጹት ይህ ዝናብ በደመና ውስጥ የነበረው የውሃ ትነት ወደ ፈሳሽነት የተቀየረ ውጤት ነው። ዝናቡ በከፍተኛ ሁኔታ መዘንቡ በአካባቢው የሚገኙት ትናንሽ ወንዞችና የውሃ መፍሰሻዎች እንዲሞሉና እንዲሰፋ አድርጓቸዋል። በዝናቡ ምክንያት የተፈጠረው የውሃ መፍሰስ ወደ መሬት ውስጥ በመግባት የከርሰ ምድር ውሃን እንዲጨምር ከፍተኛ አስተዋጽኦ አድርጓል። የዞኑ የውሃ ሀብት አስተዳደር የባለሙያዎች ቡድን በዝናቡ መጠንና በወንዞቹ የፍሰት ፍጥነት ላይ ጥልቅ ምርመራ እያደረገ ይገኛል። በዝናቡ መዘንብ ምክንያት በአካባቢው የሚገኙ የጥራጥሬ ሰብሎች ለምለም እንዲሆኑና ለቀጣዩ የሰብል ምርት እንዲረዱ ተደርጓል። የዝናብ ውሃው በከፍተኛ ፍጥነት መፍሰሱ በአንዳንድ ዝቅተኛ ቦታዎች ላይ ለጊዜው የውሃ መከማቸት እንዲፈጠር አድርጓል። ይህ ሂደት በደመና ውስጥ ያለው ውሃ ወደ መሬት በመመለስ በድጋሚ ወደ ሰማይ እንዲወጣ የሚያደርገውን ሂደት ያፋጥነዋል። የአየር ንብረት ተመራማሪዎቹ ዝናቡ በየቀኑ የሚኖረው መጠን ለተከታታይ ሳምንታት እንዲቀጥል እንደሚችል ግምታቸውን ሰጥተዋል። የዞኑ ነዋሪዎችም ዝናቡ ለግብርና ስራቸው ትልቅ እገዛ ማድረጉን በመግለጽ ከፍተኛ ደስታቸውን እየገለጹ ይገኛሉ።"
summarisation|176#2,summarisation,,science,"የሚከተለውን ጽሑፍ አጠቃልል።

Context:
በደቡብ ኢትዮጵያ በሚገኘው የኦሞ ተፋሰስ አካባቢ በጥር 5 ቀን 2016 ዓ.ም ከፍተኛ የውሃ ትነትና የደመና መፈጠር መከሰቱን የክልሉ የአየር ንብረት ማዕከል ዘግቧል። በዚያ ወቅት በነበረው ከፍተኛ የፀሐይ ሙቀት ምክንያት ከወንዞችና ከሐይቆች ላይ የሚወጣው የውሃ ትነት በከፍተኛ ሁኔታ ጨምሯል። ይህ የውሃ ትነት ወደ ላይ በመውጣት በከፍተኛ ከፍታ ላይ ወደ ትናንሽ የውሃ ጠብታዎች መቀየሩን የሳይንስ ባለሙያዎች አረጋግጠዋል። በደመናዎቹ ውስጥ የተከማቸ ያለው የውሃ መጠን ወደ ዝናብ ለመቀየር የሚያስችል ከፍተኛ ግፊት መፍጠሩ ተገልጿል። በወቅቱ የነበሩት የደመናዎች ስብስብ በሰዓት በሃምሳ ኪሎ ሜትር ፍጥነት ወደ ሰሜን አቅጣጫ እየተጓዙ መሆናቸውን ተመራማሪዎቹ ገልጸዋል። የኦሞ ተፋሰስ የጥናት ማዕከል አባል የሆኑት አቶ ታደሰ በቀለ ዝናቡ መዝነብ ሲጀምር የውሃው ዑደት ዳግም እንደሚጀምር አስረድተዋል። ዝናቡ መዝነብ ሲጀምር በምድር ላይ ያለው ውሃ ወደ ወንዞችና ወደ ሐይቆች በመመለስ ለተፈጥሮው ህይወት ወሳኝ ሚና ይጫወታል። ይህ ሂደት በደመና ውስጥ ያለው ውሃ ወደ መሬት በመመለስ በድጋሚ ወደ ሰማይ እንዲወጣ የሚያደርገውን የዑደት ሂደት ያጠናክረዋል። በክልሉ የሚገኙ የግብርና ማህበራት ዝናቡ መዝነብ ሲጀምር አፈር እንዲለሰልስና ለተከታታይ የሰብል ወቅት እንዲዘጋጁ እየተዘጋጁ ነው። የአየር ንብረት ለውጡ በውሃው ዑደት ላይ የሚያሳድረው ተጽዕኖ በክልሉ የውሃ ሀብት ላይ ከፍተኛ ለውጥ ሊያመጣ እንደሚችል ተጠቁሟል። የክልሉ የአየር ንብረት ተመራማሪዎች ዝናቡንና የደመናውን እንቅስቃሴ በየቀኑ በቅርበት እየተከታተሉ መረጃዎችን ለህዝቡ እያደረሱ ይገኛሉ።"
summarisation|177#0,summarisation,,science,"የሚከተለውን ጽሑፍ ዋና ዋና ነጥቦች ብቻ በመያዝ አጭር አድርገህ ግለጽ።

Context:
በሰኔ ፲፪ ቀን በወሎ ክልል በሚገኘው አዳማ ተራራ ስር በአዲሱ የጥናት ማዕከል ተመራማሪዎች አዲስ ግኝት አግኝተዋል። የጥናቱ መሪ የሆኑት ዶክተር አበበ በቀለ በዝቅተኛ ብርሃን ውስጥ የሚገኙ የዕፅዋት ሕይወት ሂደትን በጥልቀት መርምረዋል። በዝግጅቱ ወቅት የታዩት የጥቁር አዝሙድ ዝርያዎች በፀሐይ ብርሃን አማካኝነት በውስጣቸው ምግብ የማዘጋጀት አቅማቸው እጅግ ከፍተኛ መሆኑ ተገልጿል። ይህ ሂደት በዕፅዋት ቅጠሎች ውስጥ በሚገኙ ጥቃቅን ቀዳዳዎች አማካኝነት ካለው አየር ጋር በመገናኘት የሚከናወን መሆኑን ተመራማሪዎቹ አረጋግጠዋል። የጥናቱ ውጤት በወር አበባ ተቋም በኩል ለዓለም አቀፍ ሳይንቲስቶች በዝርዝር እንዲቀርብ በታላቅ ተስፋ እየተጠበቀ ይገኛል። ይህ አዲስ ግኝት ለወደፊቱ የግብርና ምርታማነትን ለመጨመር ትልቅ ፋይዳ እንዳለው የሳይንስ ባለሙያዎች ገልጸዋል።"
summarisation|177#2,summarisation,,science,"ጽሑፉን አንብበህ ዋናውን ሐሳብ በሁለት ወይም ሦስት ዓረፍተ ነገሮች ግለጽ።

ጽሑፍ፡ በካቲት ፳ ቀን በጎጃም ክልል በሚገኘው የሰላም ተራራ አካባቢ በታላቁ የዕፅዋት ጥበቃ ማኅበር የተዘጋጀ ልዩ የሳይንስ ጉብኝት ተካሂዷል። በጉብኝቱ ወቅት የሳይንስ ተማሪዎች በጫካ ውስጥ የሚገኙት ትላልቅ ዛፎች እንዴት ካርቦን ዳይኦክሳይድን ወደ ምግብ እንደሚቀይሩ ተመልክተዋል። የጉብኝቱ አስተባባሪ የሆኑት ወይዘሮ መቅደስ በቀለ የዕፅዋት ቅጠሎች ውስጥ ያለውን አረንጓዴ ቀለም አስፈላጊነት ለተማሪዎቹ በዝርዝር አብራርተዋል። በዛፎቹ ውስጥ የሚከናወነው የብርሃንና የኬሚካል ሂደት የአየር ንብረትን ለመጠበቅ ያለውን ሚና ተማሪዎቹ በንቃት ተከታትለዋል። ማኅበሩ በዓመታዊው መርሃ ግብር ላይ ፭፻ ፳ አዳዲስ የዕፅዋት ዝርያዎችን በመትከል የአየር ንብረቱን ለመቀየር አቅዶ ተንቀሳቅሷል። ይህ ተግባር ተፈጥሮ በራሷ የምታመርተውን ምግብ እና ኦክስጅን እንዴት እንደምትፈጥር ለትውልድ ለማስተማር ያለመ ነው።"
summarisation|178#0,summarisation,,science,"የሚከተለውን ጽሑፍ ዋና ዋና ነጥቦች በመያዝ በ2-3 ዓረፍተ ነገሮች አጠቃልል።

ጽሑፍ፡ የሰውነታችን የደም ዝውውር ሥርዓት በልብ እና በደም ሥሮች አማካኝነት ኦክስጅንን ወደ ሁሉም የሰውነት ክፍሎች በፍጥነት ያደርሳል። ልብ እንደ ፓምፕ በመሆን ደምን በደም ሥሮች ውስጥ እንዲፈስ በማድረግ ለሴሎች አስፈላጊ የሆነውን ምግብ ያቀርባል። ደም በሰውነታችን ውስጥ የተለያየ ተግባር ያላቸውን ሴሎች ይዞ በመጓዝ ለሕይወት አስፈላጊ የሆኑ ንጥረ ነገሮችን ያሰራጫል። የደም ሥሮች ደግሞ እንደ መስመር በመሆን ደም ወደ ላይኛው እና ወደ ታችኛው የሰውነት ክፍል እንዲደርስ ይረዳሉ። ይህ ሥርዓት በሰውነታችን ውስጥ ያለውን የሙቀት መጠን ለመቆጣጠር እና ለሕክምና አስፈላጊ የሆኑ ሴሎችን ለማጓጓዝ ይረዳል። በደም ውስጥ የሚገኙት ነጭ የደም ሴሎች በሽታ አምጪ ተህዋሲያንን በመከላከል የሰውነታችንን መከላከያ ዘዴ ያጠናክራሉ። ቀይ የደም ሴሎች ደግሞ ከሳንባዎች ወደ ሌሎች ክፍሎች ኦክስጅንን በመውሰድ ለሕይወት አስፈላጊ የሆነውን አየር ያቀርባሉ። ስለዚህ የደም ዝውውር ሥርዓት ያለ እሱ የሰውነታችን ክፍሎች ሥራቸውን በአግባቡ ማከናወን አይችሉም።"
summarisation|178#1,summarisation,,science,"የሚከተለውን ጽሑፍ ዋና ዋና ነጥቦች ብቻ በመያዝ አጭር አድርገህ ግለጽ።

Context:
የሰውነታችን የምግብ መፈጨት ሥርዓት ምግብ ወደ ጠቃሚ ንጥረ ነገሮች በመቀየር ለሰውነት ጉልበት የሚሰጥ ውስብስብ ሂደት ነው። የምግብ መፈጨት ሂደት በአፍ ውስጥ ምግብ በሚታኘክበት እና በሚላላበት ጊዜ ይጀምራል። ከዛም በኋላ ምግብ ወደ ጨጓራ በመሄድ በውስጡ ባሉ አሲዶች አማካኝነት በከፍተኛ ሁኔታ ይፈጫል። በጨጓራ ውስጥ ያለው ሂደት ምግቡ ወደ ቀጭን አንጀት እንዲሸጋገር እና ንጥረ ነገሮች እንዲለዩ ያደርጋል። አንጀት ለሰውነታችን አስፈላጊ የሆኑትን ቫይታሚኖች እና ማዕድናት ወደ ደም ውስጥ እንዲገቡ ያደርጋል። ያልተፈጩ እና የማይፈለጉ የምግብ ቅሪቶች ደግሞ ወደ ትልቅ አንጀት በመሄድ ለሰውነት ጥቅም የማይሰጡ ይሆናሉ። ትልቅ አንጀት ውሃን በመሳብ እና ተረፈ ምርቶችን ወደ ጠጣር ሁኔታ በመቀየር ለሰውነት ዝግጁ ያደርጋል። ይህ መላው ሂደት በሰውነታችን ውስጥ ያለውን የኃይል መጠን ለመጠበቅ እና ለጤናማ ሕይወት በጣም አስፈላጊ ነው።"
summarisation|179#0,summarisation,,science,"የሚከተለውን ጽሑፍ ዋና ዋና ነጥቦች በመያዝ በ2-3 ዓረፍተ ነገሮች አጠቃልል።

ጽሑፍ፡ በሰኔ ፲፪ ቀን ሁለት ሺህ አሥራ ስድስት ዓመተ ምሕረት በደቡብ አውራጃ በምትገኘው አባይ ሸለቆ ውስጥ አዲስ የፀሐይ ብርሃን ማመንጫ ጣቢያ ተገንብቶ ሥራ ጀምሯል። ይህ ታላቅ ፕሮጀክት በታዋቂው አዲስ ተስፋ የኃይል ማመንጫ ድርጅት አማካኝነት በ፪፪ ቢሊዮን ብር ወጪ ለሦስት ዓመታት የቆየ ግንባታን ተከትሎ የተጠናቀቀ ነው። የፕሮጀክቱ ዋና መሐንዲስ አቶ በቀለ ተሰማ እንደገለጹት ይህ ጣቢያ በቀን ውስጥ ፭፻ ሜጋ ዋት የኤሌክትሪክ ኃይል የማመንጨት አቅም አለው። በአካባቢው የሚገኙ የጎጃም እና የወሎ ክፍሎች ለረጅም ጊዜ የነበረባቸው የኃይል እጥረት በዚህ አዲስ ማመንጫ ምክንያት ሊቀልጥ ነው። የጣቢያው ግንባታ በ፪፻ አምሳ ባለሙያዎች እና በ፻፳ መሐንዲሶች አማካኝነት በከፍተኛ ጥንቃቄ እና ትጋት ተከናውኗል። በአሁኑ ወቅት ጣቢያው ለ፲፭ አቅራቢያ ያሉ መንደሮች የኤሌክትሪክ አገልግሎት እንዲያገኙ በቋሚነት ማቅረብ መጀመሩ ተገልጿል። የድርጅቱ ሥራ አስፈፃሚ ወይዘሮ አልማዝ አየለ ፕሮጀክቱ ለክልሉ ኢኮኖሚ እድገት ትልቅ አስተዋጽኦ እንደሚያደርግ በንግግር ወቅት ተናግረዋል። የኃይል ማከፋፈያ መስመሮች በ፪፻ ኪሎ ሜትር ርቀት ተዘርግተው በአካባቢው ለሚገኙ ትናንሽ ፋብሪካዎች አገልግሎት እንዲሰጡ ተደርጓል። ይህ የፀሐይ ኃይል ማመንጫ ጣቢያ የአየር ንብረት ለውጥን ለመቋቋም እና የአረንጓዴ ኢነርጂ አጠቃቀምን ለማሳደግ ታስቦ የተዘጋጀ ነው። በቀጣይ ዓመት ተጨማሪ ፲ ሜጋ ዋት ለማመንጨት የሚያስችል የሁለተኛ ደረጃ ግንባታ ሥራ ለመጀመር ታቅዷል። በአካባቢው የሚኖሩ ነዋሪዎች በፕሮጀክቱ ምክንያት የሥራ ዕድል በማግኘታቸው ከፍተኛ ደስታቸውን እየገለጹ ይገኛሉ።"
summarisation|179#1,summarisation,,science,"ለዚህ ጽሑፍ አጭር ማጠቃለያ ጻፍ።

Context:
በጥቅምት ፭ ቀን ሁለት ሺህ አሥራ አምስት ዓመተ ምሕረት በሰሜን ተራራማ አካባቢዎች የሚገኘው የዝንባባ ሸለቆ የንፋስ ኃይል ማመንጫ ጣቢያ በታላቅ ሥነ ሥርዓት ተመርቋል። የሰሜን ብርሃን የኃይል ማከፋፈያ ማኅበር በ፪፻ አምሳ ሚሊዮን ብር ወጪ የሠራው ይህ ፕሮጀክት ፳ አዳዲስ የንፋስ ተርባይኖችን የያዘ ነው። የፕሮጀክቱ ቴክኒክ መሪ አቶ ታደሰ ካሳ እንደገለጹት እነዚህ ተርባይኖች በሰዓት እስከ ፻፳ ኪሎ ሜትር የሚደርስ የንፋስ ፍጥነት ሲኖር ከፍተኛ ኃይል ያመነጫሉ። በአካባቢው የሚገኙ ፲፪ ትላልቅ የግብርና ማቀነባበሪያ ፋብሪካዎች አሁን ላይ በንፋስ ኃይል አማካኝነት አስተማማኝ የኤሌክትሪክ አገልግሎት ማግኘት ጀምረዋል። የንፋስ ማመንጫው ጣቢያ ለ፪፻ አምሳ አርሶ አደሮች የሥራ ዕድል በመፍጠሩ የአካባቢውን ማኅበረሰብ በከፍተኛ ሁኔታ መጥቀም ችሏል። የድርጅቱ የፋይናንስ ኃላፊ ወይዘሮ ሳባ ኃይሌ ፕሮጀክቱ በታቀደለት በጀት እና በታቀደለት ጊዜ መጠናቀቁን ለሕዝብ ገለጹ። የንፋስ ኃይል ማመንጫው ጣቢያ በዓመት ውስጥ ፪ ቢሊዮን ኪሎ ዋት ሰዓት የኤሌክትሪክ ኃይል የማመንጨት ግብ አለው። ይህ አዲስ የኃይል ምንጭ በክልሉ ውስጥ ያለውን የኃይል ፍላጎት በ፲ አደርድ ፐርሰንት ለመቀነስ ትልቅ ሚና ይጫወታል። የቴክኖሎጂው ዘመናዊነት እና ጥንካሬ በአካባቢው ለሚከሰቱ ከፍተኛ የንፋስ ማዕበሎች እንዲቋቋም ተደርጎ የተሠራ ነው። በቀጣይ በ፭ ዓመታት ውስጥ ተጨማሪ ፲ አምስት ተርባይኖችን በመጨመር የማመንጨት አቅምን ለማሳደግ ዕቅድ ተይዟል። የአካባቢው ነዋሪዎች በፕሮጀክቱ ምክንያት የኤሌክትሪክ መብራት መኖሩን በማየታቸው ትልቅ እርካታ እየታየባቸው ነው።"
summarisation|179#2,summarisation,,science,"ለዚህ ጽሑፍ አጭር ማጠቃለያ ጻፍ።

Context:
በካቲት ፳ ቀን ሁለት ሺህ አሥራ ሁለት ዓመተ ምሕረት በምስራቅ ሜዳማ አካባቢዎች የሚገኘው የውሃ ኃይል ማመንጫ ጣቢያ በከፍተኛ የቴክኒክ ችግር ምክንያት ለ፯ ቀናት ተቋርጦ ነበር። የኢትዮ ኃይል ጥበቃ ድርጅት በ፻፳ መሐንዲሶች ቡድን አማካኝነት ችግሩን ለመፍታት በአስቸኳይ ወደ ጣቢያው ተጉዞ ሥራ ጀምሯል። የጣቢያው ዋና ኦፕሬተር አቶ ዮናስ በቀለ እንደገለጹት ችግሩ የተፈጠረው በዋናው የኃይል ማስተላለፊያ መስመር ላይ በደረሰ ከፍተኛ የኤሌክትሪክ መብረቅ ነው። ይህ የኤሌክትሪክ መብረቅ በ፪፻ ሺህ ብር የሚያወጣ የቁሳቁስ ብልሽት በማድረስ ለ፲ አምስት ሰዓታት የኃይል አቅርቦት እንዲቋረጥ አድርጓል። የድርጅቱ የሥራ አስኪያጅ ወይዘሮ መዓት አሰፋ ችግሩ በአስቸኳይ ተፈትቶ አገልግሎት መጀመሩን ለሚዲያ ተቋማት አረጋግጠዋል። የኃይል ማመንጫው ጣቢያ በ፪፻ አምሳ ሜትሮ ቶን ውሃን በመጠቀም በሰዓት ፻ ሜጋ ዋት ኃይል የማመንጨት አቅም አለው። አሁን ላይ የጠፋው የኃይል አቅርቦት ሙሉ በሙሉ ተመልሶ ለ፳ አቅራቢያ ያሉ ከተሞች አገልግሎት መስጠት መጀመሩ ተገልጿል። የቴክኒክ ቡድኑ ወደፊት መሰል ችግሮች እንዳይከሰቱ የኤሌክትሪክ መከላከያ መሣሪያዎችን በከፍተኛ ጥንቃቄ ለመግጠም ወስኗል። የኃይል ማመንጫው ጣቢያ በዓመት ውስጥ ፪ ቢሊዮን ሊትር ውሃን በመጠቀም ለኢኮኖሚው ትልቅ ድጋፍ ያደርጋል። የኤሌክትሪክ መብረቅ ጉዳት ለማስወገድ አዳዲስ የደህንነት መመሪያዎች በጣቢያው ውስጥ ተግባራዊ መደረግ ጀምረዋል። የአካባቢው ነዋሪዎች የኃይል አቅርቦቱ መመለሱን ተከትለው በሥራቸው ላይ መመለስ መቻላቸውን ገልጸዋል።"
summarisation|180#0,summarisation,,science,"ይህን ጽሑፍ በአጭሩ አጠቃልልልኝ።

የመሬት ክፍል በከፍተኛ ሙቀት ምክንያት የሚፈጠሩ የእሳተ ገሞራ ፍንዳታዎች በኢትዮጵያ የአፍሪካ ቀንድ አካባቢ በብዛት ይታያሉ። እነዚህ ተፈጥሯዊ ክስተቶች በምድር ውስጥ ያለውን የጂኦሎጂካል እንቅስቃሴ እና የፕሌት ቴክቶኒክስ ለውጦችን በግልጽ ያሳያሉ። የአፈር መሬት መነቃቃት እና የመሬት መንቀጥቀጥ በየጊዜው የሚከሰቱ የሳይንስ ክስተቶች ናቸው። በኢትዮጵያ ውስጥ የሚገኙት የእሳተ ገሞራ ተራሮች የአካባቢውን የአየር ንብረት እና የአፈር ለምነት ይወስናሉ። እነዚህ ተፈጥሯዊ ሂደቶች ለምድር የውስጥ ሙቀት እና ለተፈጥሮ ሚዛን መቆየት ትልቅ ሚና ይጫወታሉ። ሳይንቲስቶች እነዚህን ክስተቶች በማጥናት ስለ መሬት አወቃቀር ሰፊ መረጃዎችን ማግኘት ይችላሉ።"
summarisation|180#2,summarisation,,science,"የሚከተለውን ጽሑፍ ዋና ዋና ነጥቦች ብቻ በመያዝ አጭር አድርገህ ግለጽ።

Context:
የአየር ንብረት ለውጥ በዓለም ላይ ባሉ ተፈጥሮአዊ ሥርዓቶች ላይ ከፍተኛ ተጽዕኖ እያሳደረ ይገኛል። በኢትዮጵያ ውስጥ የሚታዩት የዝናብ መጠን መቀነስ እና የድርቅ ክስተቶች ከአየር ንብረት ለውጥ ጋር ይያያዛሉ። በከባቢ አየር ውስጥ የሚከማቹ ጋዞች የሙቀት መጠን እንዲጨምር በማድረግ ለዓለም ሙቀት መጨመር ምክንያት ይሆናሉ። የበረዶ ክምችቶች መቅለጥ እና የባሕር ጠለል መጨመር ለወደፊቱ የአለም አቀፍ ስጋት ነው። የደን መመናመን እና የአፈር መሸርሸር የአየር ንብረት ለውጥን የሚያባብሱ ዋና ዋና ምክንያቶች ናቸው። እነዚህን ተፈጥሮአዊ ለውጦች ለመረዳት የሳይንስ ምርምር እና ጥንቃቄ የተሞላበት አያያዝ በጣም አስፈላጊ ነው።"
summarisation|181#1,summarisation,,science,"ጽሑፉን አንብበህ ዋናውን ሐሳብ በሁለት ወይም ሦስት ዓረፍተ ነገሮች ግለጽ።

ጽሑፍ፡ በኢትዮጵያ የገበያ ሁኔታ ውስጥ በብዛት የምናገኘው የዳቦ ዝግጅት ሂደት ውስጥ የሚካተቱ የኬሚካል ለውጦችን ማስተዋል በጣም አስደሳች ነው። በዱቄት ውስጥ የሚጨመር እርሾ በውስጡ ባለው ተፈጥሯዊ ሂደት አማካኝነት ካርቦን ዳይኦክሳይድ ጋዝ እንዲያመነጭ ያደርጋል። ይህ ጋዝ በዱቄቱ ውስጥ አረፋ እንዲፈጠር በማድረግ ዳቦው ለስላሳ እና አየር ያለበት እንዲሆን ትልቅ ሚና ይጫወታል። በሙቀት አማካኝነት የሚፈጠረው የኬሚካል ለውጥ የዱቄቱን ስብጥር በመቀየር ዳቦው እንዲበስል እና እንዲጠነክር ያደርጋል። በምግብ ዝግጅት ወቅት የምንጠቀምባቸው የሙቅ ውሃ እና የጨው ውህዶች የዱቄቱን ፕሮቲን ለማስተካከል ይረዳሉ። በቤት ውስጥ የምናዘጋጃቸው ምግቦች ውስጥ ያሉ ተፈጥሯዊ ንጥረ ነገሮች በሙቀት ሲጋለጡ አዳዲስ ጣዕሞችን ይፈጥራሉ። የኬሚካል ሂደቶች በምግብ ዝግጅት ወቅት ሳይታወቁ በውስጣችን ውስጥ በከፍተኛ ሁኔታ እየተከናወኑ ይገኛሉ። እነዚህን ሳይንሳዊ ሂደቶች መረዳት የምግብ ዝግጅታችንን ጥራት እና ጣዕም ለማሻሻል ለሚፈልጉ ሰዎች ጠቃሚ እውቀት ነው።"
summarisation|182#1,summarisation,,agriculture,"ከዚህ በታች ያለውን ጽሑፍ በ2-3 ዓረፍተ ነገሮች አጠቃልለው።

Context:
የተለያዩ የእህል አይነቶች ለሰው ልጅ የተመጣጠነ ምግብ ለማቅረብ እና ለሀገራት የምግብ ዋስትና መረጋገጥ ትልቅ ሚና ይጫወታሉ። በተለይም እንደ ስንዴ እና በጉሊ ያሉ ሰብሎች በዓለም አቀፍ ደረጃ ለብዙ ህዝቦች ዋነኛ የካርቦሃይድሬት ምንጭ ናቸው። የእህል እርባታ በየአካባቢው የአየር ንብረት እና የአፈር አይነት ላይ ተመስርቶ የሚለዋወጥ የግብርና ተግባር ነው። ገበሬዎች የአፈር መሸርሸርን ለመከላከል ሲሉ በተለያዩ የግብርና ዘዴዎች መሬታቸውን ማዘጋጀት ይኖርባቸዋል። የዝናብ መዛባት በሰብል ምርት ላይ ከፍተኛ ተፅእኖ ስለሚያሳድር የውሃ መቆጠቢያ ዘዴዎችን መጠቀም አስፈላጊ ነው። የሰብል በሽታዎችን እና ተባዮችን ለመቆጣጠር ሳይንሳዊ ዘዴዎችን መጠቀም ለምርት ጥራት ወሳኝ ነው። የዘመናዊ ማሽነሪዎች አጠቃቀም የእህል ምርትን ለማሳደግ እና የሰው ጉልበትን ለመቀነስ ይረዳል። የሰብል ምርት ከማሳሰቢያ በኋላ የሚደረግ የክምችት አያያዝ ምርቱ እንዳይበላሽ ትልቅ ጥንቃቄ ይጠይቃል። በዓለም አቀፍ ደረጃ የሚታዩ የአየር ንብረት ለውጦች በሰብል ምርታማነት ላይ ከፍተኛ ስጋት እየፈጠሩ ነው። የግብርና ምርቶችን ጥራት ለመጠበቅ ምርትን ከማሳሰቢያ በኋላ በፍጥነት ወደ ማቀነባበሪያ ማዕከላት ማጓጓዝ ያስፈልጋል። የገበሬዎችን ገቢ ለማሳደግ ምርቶችን ለገበያ በሚቀርቡበት ወቅት ተገቢውን ዋጋ ማግኘት መቻል አለባቸው። በየአካባቢው የሚገኙ የግብርና መረጃዎችን በመጠቀም ምርታማነትን ማሳደግ ለሀገር እድገት መሰረት ነው።"
summarisation|182#2,summarisation,,agriculture,"የሚከተለውን ጽሑፍ ዋና ዋና ነጥቦች ብቻ በመያዝ አጭር አድርገህ ግለጽ።

Context:
በአጠቃላይ የእህል እርባታ በዓለም ላይ ካሉ የግብርና ዘርፎች ውስጥ ከፍተኛ የኢኮኖሚ ፋይዳ ያለው ተግባር ነው። እንደ ማሽላ እና ገብስ ያሉ ሰብሎች በተለይ ደረቅ አካባቢዎች ውስጥ ለሚኖሩ ገበሬዎች ዋነኛ የህልውና መሰረት ናቸው። የእህል ምርታማነትን ለመጨመር የአፈርን ለምነት እና የውሃ አቅርቦትን ማስተካከል ወሳኝ ተግባር ነው። የዘመናዊ የዘር ምርጥ አይነቶችን መጠቀም ለሰብሉ ጥንካሬ እና ለከፍተኛ ምርት መሰረት ይሆናል። የግብርና ምርቶችን በብቃት ለማከማቸት የሚያስችሉ የክምችት መጋዘኖች መኖር ለምግብ ዋስትና አስፈላጊ ነው። የአየር ንብረት ለውጥ በሰብል ምርት ላይ የሚያሳድረውን ተፅእኖ ለመቋቋም አዳዲስ ዘዴዎችን መተግበር ያስፈልጋል። የሰብል በሽታዎች ምርትን እንዳያጠፉ በወቅቱ መከላከል እና ተገቢውን ክትትል ማድረግ ይገባል። የገበሬዎች የገቢ ምንጭ እንዲጨምር ምርቶችን ወደ ተለያዩ ገበያዎች በብቃት ማድረስ መቻል አለባቸው። በግብርና ዘርፉ ውስጥ የሚታዩ የቴክኖሎጂ እድገቶች ምርትን ለማሳደግ ትልቅ እድል ይፈጥራሉ። የሰብል ምርት ሂደት ከዘር ዝግጅት ጀምሮ እስከ ምርት አሰባሰብ ድረስ ከፍተኛ ትኩረት ይጠይቃል። የግብርና መረጃዎችን ለገበሬዎች በወቅቱ ማድረስ ለተሻለ ምርት አመቺ ሁኔታን ይፈጥራል። የሰብል ምርታማነትን ማሳደግ ለሀገራዊ የምግብ ፍላጎት መሟላት እና ለኢኮኖሚ መረጋጋት ወሳኝ ነው።"
summarisation|183#0,summarisation,,agriculture,"የሚከተለውን ጽሑፍ ዋና ዋና ነጥቦች በመያዝ በ2-3 ዓረፍተ ነገሮች አጠቃልል።

ጽሑፍ፡ የቡና ምርት በዓለም አቀፍ ደረጃ ለብዙ አገራት ትልቅ የኢኮኖሚ ምንጭና የውጭ ምንዛሬ የሚያስገኝ ወሳኝ የግብርና ዘርፍ ነው። በዓለም ላይ የሚገኙ አገራት የቡና ምርታቸውን ለማሳደግ ዘመናዊ የግብርና ዘዴዎችንና የተሻሻሉ የዘር ዓይነቶችን በስፋት እየተጠቀሙ ይገኛሉ። የአየር ንብረት ለውጥ በቡና ተክሎች እድገት ላይ ከፍተኛ ተጽዕኖ እያሳደረ በመሆኑ አርሶ አደሮች አዳዲስ የመከላከያ ዘዴዎችን መፈለግ ይኖርባቸዋል። የቡና ምርት ጥራትና መጠን እንዲጨምር የአፈር ለምነትን መጠበቅና ተገቢውን የውሃ አቅርቦት ማረጋገጥ በጣም አስፈላጊ ተግባራቶች ናቸው። በዓለም አቀፍ ገበያ ላይ የሚገኘው የቡና ፍላጎት በየዓመቱ እየጨመረ በመምጣቱ ምርቱን በብቃት ማቅረብ ለሀገራት እድገት ወሳኝ ነው።"
summarisation|183#1,summarisation,,agriculture,"የሚከተለውን ጽሑፍ ዋና ዋና ነጥቦች ብቻ በመያዝ አጭር አድርገህ ግለጽ።

Context:
በዓለም ዙሪያ የሚገኙ የቡና አምራች አገራት የቡና ምርት ሂደትን ለማሻሻል የተለያዩ የቴክኖሎጂ ውጤቶችንና አዳዲስ ስልቶችን እየተገበሩ ይገኛሉ። ከእርሻ እስከ ማቀነባበሪያ ደረጃ የሚከናወኑ ተግባራት የቡናውን ጣዕምና ጥራት ለመጠበቅ ከፍተኛ ጥንቃቄና ትኩረት የሚሹ ስራዎች ናቸው። የአየር ንብረት መዛባትና የሙቀት መጠን መጨመር በቡና ተክሎች ላይ በሽታ እንዲከሰትና ምርት እንዲቀንስ እያደረገ ነው። አርሶ አደሮች ከአዳዲስ የግብርና መረጃዎችና ከዘመናዊ የጥናት ውጤቶች ጋር ተገናኝተው ምርታማነታቸውን እንዲጨምሩ ማበረታታት ያስፈልጋል። የቡና ምርት በዓለም አቀፍ የንግድ መስመር ላይ ያለውን ትልቅ ድርሻ ለማስጠበቅ ጥራት ያለው ምርት ማቅረብ መሰረታዊ ጉዳይ ነው።"
summarisation|184#1,summarisation,,agriculture,"ጽሑፉን አንብበሽ ማጠቃለያውን ጻፊ።

Context:
በጥቅምት ወር አሥራ አምስት ቀን በደቡብ ዞን በሚገኘው አረንጓዴ ሜዳ መንደር ውስጥ በአዲስ የቴክኖሎጂ አጠቃቀም የአፈር ጥበቃ ስራ ተጀምሯል። የጥቁር አውራጃ የግብርና ማሻሻያ ቡድን በ፪፻፶፯ ዓመተ ምሕረት በ፪፻ ሺህ ብር ወጪ የውሃ መቆጠቢያ ጉድጓዶችን ለመቆፈር ስምምነት ላይ ደርሷል። የቡድኑ መሪ አቶ ታደሰ ከበደ እንደገለጹት እነዚህ ጉድጓዶች በዝናብ ወቅት የሚፈሰውን ውሃ በመያዝ የአፈር መሸራሸርን በ፸ በመቶ ይቀንሳሉ። በጉድጓዶቹ አማካኝነት በ፲፪ ወራት ውስጥ በ፪፻ አርሶ አደሮች እርሻ ላይ የሚታየው የአፈር መሳሳትን ለመቀነስ ታቅዷል። የአካባቢው የግብርና ባለሙያ እመቤት መዓት በየሳምንቱ የአፈር ጥበቃ ስራውን ጥራት ለመቆጣጠር በየቀኑ በመስክ ላይ ትገኛለች። የዝናብ ውሃን በአግባቡ በመጠቀም የአፈር እርጥበት እንዲጠበቅና ለሰብል ምርት እንዲበቃ ለማድረግ ጥረት እየተደረገ ነው። በዘንድሮው የልማት ዘመን በ፪፻ አርሶ አደሮች መካከል የውሃ መቆጠቢያ ጉድጓብ አጠቃቀምን በተመለከተ ሰፊ ስልጠና ተሰጥቷል። ይህ ስራ በአካባቢው ያለውን የአፈር ለምነት ለመጠበቅና ለቀጣይ ትውልድ ለማስተላለፍ ትልቅ ሚና ይጫወታል።"
summarisation|184#2,summarisation,,agriculture,"ከዚህ በታች ያለውን ጽሑፍ በ2-3 ዓረፍተ ነገሮች አጠቃልለው።

Context:
በካቲት ወር አምስት ቀን በምስራቅ ተራራማ አካባቢ በሚገኘው የብርሃን መንደር ውስጥ የአፈር ጥበቃ ስራን ለማጠናከር አዲስ መመሪያ ተሰጥቷል። የብሩህ ተስፋ የግብርና ማኅበር በ፪፻፶፪ ብር ወጪ በየተራራው ዳርቻ ላይ የሣር መሸፈኛዎችን ለመዘርጋት አዲስ ዕቅድ አውጥቷል። የድርጅቱ ስራ አስኪያጅ አቶ አበበ በቀለ እንደገለጹት ይህ ስራ በየዓመቱ የሚከሰተውን የአፈር መሸራሸር መጠን በ፵ በመቶ ለመቀነስ ያለመ ነው። በፕሮጀክቱ ስር በ፲፯ መንደሮች ውስጥ የሚገኙ ፻፶ አርሶ አደሮች የሣር መሸፈኛ አጠቃቀምን በተመለከተ ተግባራዊ ስልጠና ተሰጥቷቸዋል። የዝናብ ውሃ በከፍተኛ ፍጥነት ሲፈስ የአፈር ንጣፍ እንዳይወሰድ ለማድረግ የሣር መሸፈኛዎቹ ወሳኝ ሚና አላቸው። የቴክኒክ ባለሙያ እመቤት ሄለን የአፈር ጥበቃ ስራው ውጤታማ እንዲሆን በየወሩ የአፈር ሁኔታውን በመለካት ሪፖርት ታደርጋለች። ይህ የልማት ተግባር በአካባቢው የሚገኙ የሰብል ምርቶችን ጥራትና መጠን ለማሳደግ ከፍተኛ አስተዋጽኦ ይኖረዋል። የአካባቢው ነዋሪዎችም የአፈር ጥበቃ ስራውን በየቤታቸው እንዲተገብሩና ለሌሎች እንዲያስተምሩ ጥሪ ተደርጓል።"
summarisation|185#0,summarisation,,agriculture,"የሚከተለውን ምንባብ በአጭሩ አጠቃልል፡

የእንስሳት እርባታ ስኬታማ እንዲሆን ለእንስሳቱ የሚሰጠው ምግብ ጥራት በጣም ወሳኝ እና ለጤናማ እድገታቸው መሰረት የሆነ ጉዳይ ነው። ለብረት እና ለቪታሚን የበለፀጉ ምግቦችን በየጊዜው ማቅረብ የእንስሳቱን በሽታ የመከላከል አቅም በከፍተኛ ሁኔታ ይጨምራል። ንጹህ እና በቂ ውሃ ሁልጊዜ በቅርብ እንዲገኝ ማድረግ የእንስሳቱ የምግብ መፈጨት ስርዓት እንዲስተካከል ትልቅ እገዛ ያደርጋል። የእንስሳት መኖ አዘገጃጀት ላይ ትኩረት ማድረግ ለእንስሳቱ እድገት እና ለወተት ምርት መጨመር ወሳኝ ሚና ይጫወታል። በቂ የአልሚ ምግብ እጥረት ሲኖር የእንስሳት በሽታ የመጋለጥ እድል እና የሞት መጠን በከፍተኛ ሁኔታ ሊጨምር ይችላል። የእንስሳቱን የሰውነት ክብደት እና የቆዳ ሁኔታ በመከታተል የአመጋገብ ስርዓታቸውን በየጊዜው ማስተካከል አስፈላጊ ነው። የተመጣጠነ ምግብ ለእንስሳት መስጠት ለረጅም ጊዜ ህይወት እና ለተሻለ ምርታማነት ዋስትና እንደሚሰጥ መረዳት ይገባል። በየወቅቱ የሚለዋወጡ የአየር ሁኔታዎችን ታሳቢ በማድረግ የምግብ አቅርቦትን ማቀድ ለተሻለ እርባታ ይረዳል። የእንስሳቱ መኖ ከእርጥበት እና ከተባይ መከላከል እንዲችል በጥንቃቄ ማከማቸት ለጤናማ እርባታ መሰረት ነው። ጥራት ያለው መኖ ለእንስሳት መስጠት የገንዘብ ወጪን ለመቀነስ እና ትርፋማነትን ለመጨመር ይረዳል። በእንስሳት አመጋገብ ላይ የሚደረጉ ጥቃቅን ለውጦች ለትልቅ ምርታማነት ለውጥ ምክንያት ሊሆኑ ይችላሉ። ስለዚህ የእንስሳትን የአመጋገብ ፍላጎት በሚገባ ማጥናት ለተሳካ የእንስሳት እርባታ ስራ መሰረታዊ እርምጃ ነው።"
summarisation|185#1,summarisation,,agriculture,"ከዚህ በታች ያለውን ጽሑፍ በ2-3 ዓረፍተ ነገሮች አጠቃልለው።

Context:
የእንስሳት ጤና አጠባበቅ እና በሽታ መከላከል ዘዴዎች ለተሳካ የእንስሳት እርባታ ስራ መሰረታዊ እና ወሳኝ የሆኑ ተግባራት ናቸው። የእንስሳትን የጤና ሁኔታ በየቀኑ መከታተል እና ያልተለመዱ ምልክቶች ሲታዩ በፍጥነት እርምጃ መውሰድ ያስፈልጋል። በየጊዜው የሚሰጡ ክትባቶች የእንስሳትን በሽታ የመከላከል አቅም በማጠናከር ከከባድ ተላላፊ በሽታዎች ይጠብቃሉ። የእንስሳት መኖ ማከማቻ እና መኖሪያ አካባቢ ንጽህና መጠበቅ ለበሽታ መከላከል በጣም አስፈላጊ የሆነ ተግባር ነው። በቆሻሻ እና በረከታማ አካባቢዎች የሚገኙ ተባዮች ለእንስሳት የተለያዩ የጤና ችግሮችን ሊያስከትሉ እንደሚችሉ መገንዘብ ያስፈልጋል። የእንስሳትን መኖሪያ ቤት አየር እንዲዘዋወር እና የፀሐይ ብርሃን እንዲገባ ማድረግ ለጤናቸው ወሳኝ ነው። በየወቅቱ የሚደረጉ የጤና ምርመራዎች እና የክትባት ፕሮግራሞች ለእንስሳቱ ረጅም እድሜ እና ምርታማነት ዋስትና ይሰጣሉ። በሽታ የመከላከል እርምጃዎችን ቀድሞ መውሰድ ከበሽታ መቆጣጠር ይልቅ ወጪን በከፍተኛ ሁኔታ እንደሚቀንስ መረዳት ይገባል። የእንስሳትን አካላዊ እንቅስቃሴ እና የምግብ ፍላጎት መከታተል ለጤናማ ህይወት መሰረት የሆነ መረጃ ይሰጣል። በየጊዜው የሚደረጉ የንጽህና አጠባበቅ ስራዎች በከፍተኛ ሁኔታ የሞት መጠንን እና የበሽታ ስርጭትን ይቀንሳሉ። የእንስሳትን ጤና ለመጠበቅ በቂ እውቀት እና ልምድ ያለው ባለሙያ ማማከር ለስራው ስኬት በጣም አስፈላጊ ነው። ስለዚህ የእንስሳትን ጤና ለመጠበቅ የተቀመጡ መመሪያዎችን በጥብቅ መከተል ለተሻለ እርባታ ስራ መሰረት ነው።"
summarisation|185#2,summarisation,,agriculture,"ይህ ጽሑፍ ምን እንደሚናገር በአጭሩ አስረዳ።

Context:
የእንስሳት መኖሪያ አካባቢ አወቃቀር እና አያያዝ የእንስሳት ደህንነት እና ምርታማነት ላይ ቀጥተኛ ተጽዕኖ የሚያሳድር ጉዳይ ነው። የእንስሳቱ መኖሪያ በቂ አየር እንዲያገኝ እና ሙቀትን ወይም ቅዝቃዜን መቋቋም እንዲችል መታቀድ አለበት። ንጹህ እና ደረቅ መሬት ለእንስሳት መኖሪያነት ማዘጋጀት ለቆዳ እና ለግርፋት ጤና በጣም አስፈላጊ ነው። የእንስሳቱ መኖሪያ ከዝናብ እና ከከፍተኛ ንፋስ ተከላካይ መሆን ለጤናማ እድገታቸው ትልቅ እገዛ ያደርጋል። በቂ የመኖሪያ ቦታ መስጠት እንስሳት በቂ እንቅስቃሴ እንዲያደርጉ እና ጭንቀት እንዳይሰማቸው ይረዳል። የእንስሳቱ መኖሪያ ውስጥ የሚገኙ የውሃ እና የመኖ ማቅረቢያዎች ሁልጊዜ ንጹህ እና ቀላል ተደራሽ መሆን አለባቸው። መኖሪያውን በየጊዜው ማጽዳት እና ማደስ ለበሽታ መከላከያ ዘዴዎች እንደ ዋነኛ መሣሪያ ያገለግላል። የእንስሳትን የጤና ሁኔታ ለመከታተል ምቹ የሆነ መኖሪያ መኖር ለባለቤቶች ስራን በጣም ቀላል ያደርጋል። በቂ ብርሃን እና አየር ማግኘት የእንስሳትን የሰውነት ስርዓት እንዲስተካከል እና እንዲያድጉ ይረዳል። መኖሪያውን በጥንቃቄ ማቀድ እና መገንባት ለረጅም ጊዜ የእንስሳት እርባታ ስራ መረጋጋትን ይሰጣል። የእንስሳቱ መኖሪያ ሁኔታ ላይ የሚደረጉ ማሻሻያዎች ለምርት መጨመር እና ለጤናማ ህይወት ወሳኝ ናቸው። ስለዚህ ለእንስሳት ምቹ መኖሪያ ማዘጋጀት ለተሳካ የእንስሳት እርባታ ስራ መሰረታዊ እና የማይታለፍ ተግባር ነው።"
summarisation|187#0,summarisation,,agriculture,"ጽሑፉን አንብበሽ ማጠቃለያውን ጻፊ።

Context:
በሰኔ ፲፪ ቀን በዝቅተኛው የዞን መሬት ላይ በሚገኘው አባይ ወንዝ ዳርቻ በሚገኙ እርሻዎች ላይ ከፍተኛ የሆነ የጥራጥሬ ተባይ መከሰት ተመዝግቧል። የዝቅተኛው አካባቢ የእርሻ ማህበር ተወካይ የሆኑት አቶ በቀለ ተሰማ እንደገለጹት ይህ ተባይ በቅርብ ጊዜ ውስጥ በ፳፭ ሄክታር መሬት ላይ ከፍተኛ ጉዳት አድርሷል። በሰኔ ፲፬ ቀን የተደረገው የጥናት ውጤት እንደሚያሳየው ተባዩ በሰብል ላይ የሚያደርሰው ጉዳት በየቀኑ በ፪ በመቶ እየጨመረ መሄዱን አረጋግጧል። የአካባቢው የግብርና ባለሙያዎች በክልሉ የሚገኙ አርሶ አደሮች በአስቸኳይ ተገቢውን ጥንቃቄ እንዲያደርጉና መከላከያ እንዲጠቀሙ ጥሪ አቅርበዋል። የዞኑ የግብርና ቢሮ በዝቅተኛው አካባቢ ለሚገኙ አርሶ አደሮች በነፃ የሚከፋፈሉ የፀረ ተባይ መድኃኒቶችን ዝግጅቱን ማጠናቀቁን በይፋ አስታውቋል። የዘር መከላከያ ዘዴዎችን በመጠቀም ጉዳቱን መቀነስ እንደሚቻል የባለሙያዎች ቡድን ለሚገኙ ማህበረሰቦች ሰፊ ስልጠና እየሰጠ ይገኛል። በአካባቢው የሚገኙ የግብርና ተቋማት በጋራ በመሆን ተባዩን ለመቆጣጠር የሚያስችሉ አዳዲስ የቴክኖሎጂ መሣሪያዎችን ለገበሬው ለማቅረብ እየሰሩ ነው። ይህ ችግር በወቅቱ ካልተፈታ በቀጣዩ የሰብል ምርት ወቅት ላይ ከፍተኛ የሆነ የምርት መቀነስ ሊከሰት እንደሚችል ተገምቷል።"
summarisation|187#1,summarisation,,agriculture,"ጽሑፉን አንብበህ ዋናውን ሐሳብ በሁለት ወይም ሦስት ዓረፍተ ነገሮች ግለጽ።

ጽሑፍ፡ በታላቁ ሰማያዊ ገበሬዎች ማህበር ስር በሚገኙ የጥራጥሬ እርሻዎች ላይ በሐምሌ ፭ ቀን የድንገተኛ የሰብል በሽታ መከሰት ተስተውሏል። በሰማያዊ ተራራ አካባቢ የሚገኙ አርሶ አደሮች በድንገት በቅቅል እና በሽንኩርት ሰብሎች ላይ የቅጠል መድረቅ ምልክቶች መታየታቸውን ለሚመለከተው አካል አሳውቀዋል። የባለሙያው ስም አቶ ታደሰ ለማርያም እንደገለጹት ይህ በሽታ በ፲፭ ቀናት ውስጥ በ፳ ኪሎ ሜትር ራዲየስ ውስጥ ባሉ እርሻዎች ላይ ተስፋፍቷል። በሐምሌ ፰ ቀን በተደረገው የላብራቶሪ ምርመራ በሽታው ከፈንገስ ጋር የተያያዘ መሆኑንና በከፍተኛ ፍጥነት እንደሚሰራጭ ተረጋግጧል። የማህበሩ የቴክኒክ ክፍል አርሶ አደሮች በሰብል ምርታቸው ላይ ጉዳት እንዳይደርስባቸው ተገቢውን የንጽህና አጠባበቅ እንዲከተሉ መመሪያ ሰጥቷል። በክልሉ የሚገኙ የግብርና መርጃ ድርጅቶች ለተጎጂ አርሶ አደሮች ልዩ የድጋፍ እርዳታ ለማድረግ በዝግጅት ላይ መሆናቸውን ገልጸዋል። በበሽታው ምክንያት በዘንድሮው የሰብል ምርት ላይ እስከ ፳፭ በመቶ የሚደርስ መቀነስ ሊታይ እንደሚችል የባለሙያዎች ትንበያ ያሳያል። አርሶ አደሮች በሽታው ሳይስፋፋ በወቅቱ መከላከያዎችን እንዲጠቀሙና ለባለሙያዎች መረጃ እንዲሰጡ ጥብቅ ማሳሰቢያ ተሰጥቷል።"
summarisation|187#2,summarisation,,agriculture,"የሚከተለውን ጽሑፍ ዋና ዋና ነጥቦች በመያዝ በ2-3 ዓረፍተ ነገሮች አጠቃልል።

ጽሑፍ፡ በነሐሴ ፲፪ ቀን በደቡብ አቅጣጫ በሚገኘው የጥቁር አፈር እርሻዎች አካባቢ በአዳዲስ የጥራጥሬ በሽታዎች ምክንያት ከፍተኛ ስጋት ተፈጥሯል። የደቡብ ግብርና ማእከል ተመራማሪዎች እንደገለጹት በቅርቡ የታዩት በሽታዎች በ፲፪ ዓይነት የሰብል ዝርያዎች ላይ ተጽዕኖ እያሳደሩ ይገኛሉ። በነሐሴ ፲፭ ቀን በተደረገው የክትትል ስራ መሰረት በ፲፯ ሺህ ሄክታር መሬት ላይ የሰብል መጥፋት አደጋ መኖሩ ተረጋግጧል። የዞኑ የግብርና መኮንን አቶ ዮናስ አክ newValue እንደገለጹት አርሶ አደሮች በሰብል በሽታ ምክንያት ለከፍተኛ ኪሳራ ሊጋለጡ ይችላሉ። ማእከሉ በክልሉ ውስጥ የሚገኙ አርሶ አደሮችን ለማነቃቃትና መከላከያ ዘዴዎችን ለማስተማር ልዩ የጉብኝት መርሃ ግብር አውጥቷል። በነሐሴ ፳ ቀን የተሰጠው መረጃ እንደሚያመለክተው በሽታው በከፍተኛ እርጥበት ምክንያት እየተስፋፋ መሆኑን የባለሙያዎች ጥናት አረጋግጧል። አርሶ አደሮች በሰብል ምርታቸው ላይ ጉዳት እንዳይደርስ በቂ የውሃ አጠቃቀምና የንጽህና አጠባበቅ ዘዴዎችን እንዲተገብሩ ተመክሯል። የክልሉ የግብርና መመሪያ በዘንድሮው የሰብል ምርት ላይ ሊደርስ የሚችለውን ጉዳት ለመቀነስ አዳዲስ የክትትል ስልቶችን ተግባራዊ እያደረገ ነው።"
summarisation|188#0,summarisation,,news,"ይህ ጽሑፍ ምን እንደሚናገር በአጭሩ አስረዳ።

Context:
በአዲስ አበባ ከተማ ውስጥ በሚገኘው የዝቅተኛ የደረጃ መገናኛ መንደር ውስጥ ባለፈው ሰኞ በዓይነቱ ልዩ የሆነ የባህል ትርኢት በታላቅ ድምቀት ተካሂዷል። ይህ ዝግጅት በሰላም መገናኛ ማህበር አባላት አማካኝነት ለሰባት ወራት በከፍተኛ ዝግጅት የተዘጋጀ ሲሆን በአካባቢው ለሚኖሩ ነዋሪዎች ትልቅ መነቃቃትን ፈጥሯል። በዝግጅቱ ላይ ከሃምሌ አምስት እስከ ሰባት ባሉት ቀናት ውስጥ አምስት የተለያዩ የባህል ቡድኖች በመሳተፍ ልዩ የሙዚቃና የዳንስ ትርኢቶችን አቅርበዋል። በዝግጅቱ መሪ የሆኑት አቶ በቀለ ተሰማ በንግግራቸው ወቅት ማህበረሰቡ በጋራ በመቆም የባህል እሴቶቹን መጠበቅ እንዳለበት አጽንኦት ሰጥተው ተናግረዋል። በዝግጅቱ ወቅት ለተሳታፊዎች በነፃ የተከፋፈሉት የባህል ምግቦች በሺዎች የሚቆጠሩ ሰዎችን በማስተናገድ ረገድ ትልቅ ሚና ተጫውተዋል። በዝግጅቱ ላይ ከሃምሌ ስድስት ቀን ጀምሮ የጥንታዊ የሙዚቃ መሳሪያዎች ማሳያ ትርኢት በልዩ ሁኔታ ተዘጋጅቶ ለተመልካቾች ቀርቧል። የአካባቢው ወጣቶች በዝግጅቱ ላይ በመሳተፍ የባህል ልብሶችን ለብሰው ልዩ የጭፈራ ትርኢት በማሳየት ለታዳሚው ትልቅ ደስታን ሰጥተዋል። በዝግጅቱ መጨረሻ ላይ በዘመድ መለሰ የጥበብ ማዕከል ስም ለተመረጡ አምስት ወጣቶች የክህሎት ማበረታቻ ሽልማቶች ተበርክተዋል። በዝግጅቱ ላይ የታዩት በርካታ እንግዳ ሰዎች የአካባቢውን ማህበረሰብ አንድነትና ጥንካሬ በአድናቆት መግለጻቸው ይታወሳል። በቀጣይ አመት ተመሳሳይ ዝግጅት በበለጠ ስፋት ለማካሄድ ማቀድ መጀመራቸውን የዝግጅቱ አስተባባሪዎች ለሚዲያ ተወካዮች ገልጸዋል። ይህ ታላቅ ዝግጅት በሰላም መንደር ውስጥ ያለውን ማህበራዊ ትስስር ለማጠናከር ትልቅ አስተዋጽኦ እንዳበረከተ ተገልጿል።"
summarisation|188#1,summarisation,,news,"የሚከተለውን ጽሑፍ አጠቃልል።

Context:
በደቡብ ኢትዮጵያ በምትገኘው የቢሾፍቱ አቅራቢያ ባለው የዝቅተኛ ተራራማ አካባቢ የግብርና ልማት ማህበር አዲስ የውሃ ማጠራቀሚያ ፕሮጀክት በታላቅ ስኬት አጠናቅቋል። ይህ ፕሮጀክት በቅርቡ በነበረው የድርቅ ወቅት ለገበሬዎች የነበረውን ችግር ለመቅረፍ በሰባት ወራት ውስጥ በከፍተኛ ጥረት የተከናወነ ተግባር ነው። በፕሮጀክቱ አማካኝነት ለሁለት መቶ አርሶ አደሮች የሚሆን በየቀኑ አምስት ሺህ ሊትር ውሃ የሚያቀርብ የውሃ ጉድጓድ በዘመናዊ መንገድ ተቆፍሯል። የፕሮጀክቱ አስተባባሪ የሆኑት ወይዘሮ አልማዝ አሰፋ ፕሮጀክቱ ለክልሉ የግብርና ምርታማነት ከፍተኛ ፋይዳ እንዳለው በሰፊው አስረድተዋል። በፕሮጀክቱ ግንባታ ወቅት በአካባቢው የሚገኙ ሰማንያ ወጣቶች በዕለት ተዕለት ስራ ላይ በመሳተፍ የሥራ ዕድል እንዲያገኙ ተደርጓል። በገንባታው ወቅት የተጠቀሙባቸው የቴክኖሎጂ መሳሪያዎች ሁሉ ከአቅራቢያ ካለው የኩላሊቱ የቴክኖሎጂ ማዕከል በቀጥታ የተገዙ ናቸው። የፕሮጀክቱ ጠቅላላ ወጪ በሰባት መቶ ሺህ ብር የተገደበ ሲሆን ይህም በአካባቢው ማህበረሰብ ድጋፍ የተሳካ ሆኗል። በውሃ ማጠራቀሚያው ስር ለሚተከሉ አዳዲስ የፍራፍሬ ተክሎች የሚሆን የጥላ መከላከያ ስርዓትም በዝግጅቱ ውስጥ ተካቷል። በአካባቢው የሚገኙ የግብርና ባለሙያዎች ፕሮጀክቱ ለረጅም ጊዜ ዘላቂነት እንዲኖረው አስፈላጊውን የቴክኒክ ድጋፍ ለመስጠት ቃል ገብተዋል። በፕሮጀክቱ መጠናቀቅ ምክንያት የአካባቢው ነዋሪዎች የሰብል ምርታቸውን በሁለት እጥፍ ለማሳደግ ያላቸው ተስፋ ከፍተኛ ሆኗል። ይህ ስኬት ሌሎች መሰል መንደሮችም የራሳቸውን የውሃ ፕሮጀክት እንዲጀምሩ ትልቅ አርአያ እንደሚሆን ተገምቷል።"
summarisation|189#1,summarisation,,news,"ይህ ጽሑፍ ምን እንደሚናገር በአጭሩ አስረዳ።

Context:
የአባይ ሸለቆ የባንክ ስብስብ በዘመናዊ የዲጂታል ክፍያ ሥርዓት ላይ በመመስረት አዲስ የፋይናንስ መድረክ መጀመሩን በዛሬው ዕለት በሰጠው መግለጫ አረጋግጧል። የባንኩ ዋና ሥራ አስፈፃሚ ወይዘሪት ሰላም አበበ እንደገለጹት ይህ አዲስ ሥርዓት በየቀኑ ከሚከናወኑ ከአምስት ሚሊዮን በላይ የገንዘብ ዝውውሮችን በቀላሉ ለማከናወን ያስችላል። አዲሱ ቴክኖሎጂ በከተማዋና በገጠር የሚገኙ የንግድ ተቋማት መካከል ያለውን የገንዘብ ልውውጥ ፍጥነት በከፍተኛ ደረጃ ለማሳደግ ታስቦ የተዘጋጀ ነው። የባንኩ የቴክኖሎጂ ክፍል መረጃ እንደሚያሳየው ይህ የክፍያ ሥርዓት በየወሩ ከአንድ መቶ ሚሊዮን ብር በላይ የንግድ ልውውጥ እንዲከናወን ይረዳል። የኢኮኖሚ ባለሙያዎች ይህ እርምጃ በሀገሪቱ የዲጂታል ኢኮኖሚ ዕድገት ላይ አዎንታዊ ተፅዕኖ እንደሚፈጥርና የባንክ አገልግሎትን ተደራሽ እንደሚያደርግ ይተነብያሉ።"
summarisation|189#2,summarisation,,news,"ለዚህ ጽሑፍ አጭር ማጠቃለያ ጻፍ።

Context:
በአውሮፓዊቷ የንግድ ቀጠና ውስጥ የሚገኘው የሰማያዊ ተራራ የኢንቨስትመንት ድርጅት በዓለም አቀፍ የነዳጅ ገበያ ላይ ከፍተኛ ለውጥ መከሰቱን ገልጿል። የድርጅቱ የገበያ ትንተና መሪ አቶ ዮናስ ካሳ የነዳጅ ዋጋ በኪሎ ሊትር በአምስት በመቶ መጨመሩ በዓለም አቀፍ የትራንስፖርት ወጪ ላይ ጫና እንደሚፈጥር አስታውቀዋል። በዘንድሮው የሦስተኛው ምሽት የገበያ ጥናት መሠረት የነዳጅ ምርት መጠን ከሚፈለገው በላይ በመቀነሱ ምክንያት የዋጋ ግሽበት ሊከሰት እንደሚችል ተገልጿል። ይህ የገበያ መዋዠቅ በዓለም አቀፍ የንግድ መስመሮች ላይ ያለውን የጭነት ዋጋ በማሳደግ በብዙ አገራት ውስጥ ያለውን የሸቀጦች ዋጋ ሊጨምር ይችላል። የኢንቨስትመንት ድርጅቱ በዓለም አቀፍ የኢኮኖሚ ሁኔታዎች ላይ ተመስርቶ ለሚቀጥሉት ስድስት ወራት የዋጋ መረጋጋት እንዲኖር ጥረት እንደሚደረግ በሪፖርቱ ጠቁሟል።"
summarisation|191#0,summarisation,,news,"እባክዎን ይህን ጽሑፍ በአጭሩ ያጠቃልሉ።

Context:
በሰሜናዊው የዘንበላ ተራራማ ክልል ውስጥ የሚገኘው የብሩክ ሸለቆ በቅርብ ጊዜ በደረሰ ከፍተኛ የሙቀት መጠን ምክንያት ከፍተኛ የድርቅ አደጋ እየጋረጠበት ይገኛል። የዞን የአየር ንብረት ተመራማሪው አቶ ተክሌ አሰፋ እንደገለጹት የሙቀት መጠኑ ባለፈው ዓመት ተመሳሳይ ወቅት ከነበረበት በአምስት ዲግሪ ሴልሺየስ በላይ ጨምሯል። በዚህም ምክንያት በሸለቆው ውስጥ የሚገኙት ሰባት ዋና ዋና ወንዞች በከፍተኛ ሁኔታ እየደረቁ በመሄዳቸው የአካባቢው ነዋሪዎች ለከፍተኛ የውሃ እጥረት ተጋልጠዋል። የሸለቆው የግብርና ማህበር ሰብአዊ እርዳታ እንዲደርስ በይፋ ጥሪ ማቅረቡ ይታወሳል። የድርቅ አደጋው በክልሉ ውስጥ የሚገኙትን አምስት ዋና ዋና የሰብል አይነቶች ሙሉ በሙሉ እንዲጠፉ ሊያደርግ እንደሚችል ተሰግቷል። የዓለም አቀፍ የአካባቢ ጥበቃ ድርጅት በዞኑ ውስጥ የውሃ ማከማቻ ግንባታ ፕሮጀክቶችን ለመጀመር በጀት መድቧል። የድርጅቱ ተወካይ ወይዘሪት ሳራ ሊን የፕሮጀክቱ ዓላማ የአካባቢውን ስነ ህይወት ለመጠበቅ መሆኑን ገልጻለች። በአካባቢው የሚገኙ ሁለት መቶ ሺህ አርሶ አደሮች በሰብል እጥረት ምክንያት ለከፍተኛ የምግብ ዋስትና ችግር ተጋልጠዋል። የክልሉ አስተዳደር ለተጎዱት ማህበረሰቦች የድንጋጤ እርዳታ ለማድረስ የሰላሳ ሚሊዮን ብር ፈንድ መድቧል። የዝናብ መዛባት በየዓመቱ እየጨመረ መምጣቱ ለወደፊቱ የከፋ ስጋት መሆኑን ተመራማሪዎች ያስጠነቅቃሉ። በአካባቢው የሚገኙ የዱር እንስሳትም ለተፈጥሮአዊ መኖሪያ መጥፋት ምክንያትነት ከፍተኛ የጥፋት ስጋት ውስጥ ይገኛሉ። በመሆኑም የአካባቢ ጥበቃ ስራዎች በአስቸኳይ መተግበር እንዳለባቸው የባለሙያዎች ምክር ቀርቧል።"
summarisation|191#1,summarisation,,news,"ይህን ጽሑፍ በአጭሩ አጠቃልልልኝ።

በደቡብ አቅጣጫ በሚገኘው የዞዲያክ ደሴት አካባቢ በድንገት የተከሰተው የባህር ላይ የኬሚካል ፍሳሽ የአካባቢውን የባህር ህይወት ክፉኛ አደጋ ላይ ጥሎታል። የዞዲያክ የባህር ጥበቃ ኤጀንሲ መረጃ እንደሚያመለክተው ፍሳሹ ከሁለት መቶ ቶን በላይ የኢንዱስትሪ ኬሚካሎችን በባህሩ ውስጥ ፈስሷል። ይህ አደጋ የተከሰተው በሰኔ አሥራ አምስት ቀን በታላቁ የባህር ላይ መጓጓዣ መርከብ ላይ በደረሰ ብልሽት ምክንያት መሆኑ ተረጋግጧል። በባህሩ ውስጥ የሚገኙ አምስት የተለያዩ የዓሳ ዝርያዎች ለከፍተኛ መበከል ተጋልጠው መሆናቸው ተነግሯል። የባህር ሳይንቲስቱ ወይዘሮ መላክ የኬሚካሉ መርዛማነት ለረጅም ጊዜ ሊቆይ እንደሚችል በዝርዝር አስረድታለች። በደሴቱ ዳርቻ ላይ የሚኖሩ አምስት መቶ ቤተሰቦች ለጤና ስጋት በመስጋታቸው ከቦታው እንዲርቁ ተደርጓል። የባህር ዳርቻው የንግድ ማህበር በዓሳ ማጥመድ ስራ ላይ የደረሰውን ኪሳራ ለመካካስ ጥያቄ አቅርቧል። የባህሩን ውሃ ለማጽዳት የሰላሳ መርከቦች ቡድን በቦታው ተሰማርቶ ከፍተኛ ጥረት እያደረገ ይገኛል። የኬሚካሉ ፍሳሽ በባህሩ ውስጥ ያለውን የኦክስጅን መጠን በሰማንያ በመቶ እንዲቀንስ አድርጎታል። የባህር ዳርቻው የጤና ባለሙያዎች በውሃው ውስጥ ለሚገኙ ፍጥረታት የሚደርሰውን ጉዳት ለመከታተል ስራ ጀምረዋል። የኢንዱስትሪው ኩባንያ ለደረሰው ጉዳት በሃያ ሚሊዮን ብር ካሳ ለመክፈል ተስማምቷል። የአካባቢ ጥበቃ ባለሙያዎች የባህሩን ስነ ህይወት ለመመለስ አምስት ዓመታት ሊፈጅ እንደሚችል ገልጸዋል።"
summarisation|191#2,summarisation,,news,"እባክዎን ይህን ጽሑፍ በአጭሩ ያጠቃልሉ።

Context:
በምስራቅ አቅጣጫ በሚገኘው የካሊም ጫካ ውስጥ እየተካሄደ ያለው ህገወጥ የዛፍ ቁጥቤ የአካባቢውን ስነ ህይወት አደጋ ላይ ጥሏል። የካሊም የደን ጥበቃ ባለስልጣን አቶ ዮናስ በቀን በአምስት ሄክታር የሚጠጋ የደን ክፍል እየጠፋ መሆኑን ገልጿል። በዘንድሮው ዓመት ብቻ በአካባቢው ከአንድ ሺህ በላይ የጥንት ዛፎች በህገወጥ መንገድ ተቆርጠዋል። ይህ የደን መጥፋት በአካባቢው የሚገኙ አምስት የዱር እንስሳት ዝርያዎች መኖሪያቸውን እንዲያጡ አድርጓል። የአካባቢው ነዋሪዎች የዝናብ መጠን መቀነስ እና የአፈር መሸርሸር ችግር እየተባባሰ መምጣቱን እየገለጹ ነው። የደን ጥበቃ ቡድኑ አዳዲስ የክትትል ካሜራዎችን እና ድሮኖችን ለመጠቀም በሃያ ሚሊዮን ብር መመሪያ ሰጥቷል። የደን ጥበቃ ባለሙያው ወይዘሪት ሄለን የደን መጥፋቱ ለከፍተኛ የአየር ንብረት ለውጥ ምክንያት መሆኑን አስታውቃለች። በጫካው ውስጥ የሚገኙ አምስት መቶ የዱር እንስሳት ለሞት መጋለጣቸው በሪፖርት ተመዝግቧል። መንግስት ህገወጥ የዛፍ ቁጥቤን ለመከላከል አዳዲስ ህጎችን በክልሉ ውስጥ ተግባራዊ ለማድረግ አቅዷል። የአካባቢው ማህበረሰብ በደን ጥበቃ ስራ ላይ እንዲሳተፍ ልዩ ስልጠና ለመስጠት ታቅዷል። የደን መጥፋቱ በአካባቢው የውሃ ምንጮች ላይ ከፍተኛ ተጽዕኖ እያሳደረ መሆኑ ተገልጿል። የደን ጥበቃ ባለሙያዎች የዛፍ ተከላ መርሃ ግብር በየዓመቱ መከናወን እንዳለበት አሳስበዋል። የጫካው ስነ ህይወት እንዲመለስ በአስቸኳይ የተቀናጀ ስራ መጀመር አስፈላጊ መሆኑ ተመልክቷል።"
summarisation|192#0,summarisation,,news,"ይህ ጽሑፍ ምን እንደሚናገር በአጭሩ አስረዳ።

Context:
በሰኔ 15 ቀን 2016 ዓ.ም በዝቅተኛው የሰሜን ኮንጎ ክልል የሚገኘው የዘንጋ ሸለቆ አዲስ የባቡር መስመር ግንባታ በታላቅ ስኬት መጠናቀቁን የክልሉ የትራንስፖርት ሚኒስቴር አስታውቋል። ይህ አዲስ የባቡር መስመር በጠቅላላው 450 ኪሎ ሜትር ርዝመት ያለው ሲሆን በየአስራ ሁለት ኪሎ ሜትር ልዩነት ውስጥ ዘመናዊ የጣቢያ አገልግሎቶችን እንዲያካትት ተደርጎ ተገንብቷል። የፕሮጀክቱ ዋና መሃንዲስ አቶ በቀለ ተክለማርያም እንደገለጹት ይህ ግንባታ ለክልሉ የንግድ ልውውጥ በዓመት እስከ 50 ሚሊዮን ዶላር የሚደርስ ተጨማሪ ገቢ ያስገኛል። አዲሱ የባቡር መስመር በዋናነት በግብርና ምርቶች እና በድንበር ተሻጋሪ የሸቀጣሸቀጥ እንቅስቃሴ ላይ ትልቅ ለውጥ እንደሚያመጣ ተገምቷል። የፕሮጀክቱ ጠቅላላ ወጪ 850 ሚሊዮን ብር የነበረ ሲሆን ግንባታው ከሦስት ዓመት በፊት በታላቅ ተስፋ ተጀምሮ ዛሬ ተጠናቋል።"
summarisation|192#1,summarisation,,news,"ለዚህ ጽሑፍ አጭር ማጠቃለያ ጻፍ።

Context:
የአውሮፓው የሰሜን ሪግኒያ የረጅም መንገድ ትራንስፖርት ማህበር በጥር 10 ቀን 2017 ዓ.ም አዲስ የኤሌክትሪክ መኪና መጫኛ ጣቢያዎችን በሀገሪቱ ውስጥ ለመዘርጋት መወሰኑን በይፋ አሳውቋል። ይህ አዲስ መርሃ ግብር በጠቅላላው 200 ዋና ዋና ከተሞችን የሚያካትት ሲሆን በየአምስት ኪሎ ሜትር ልዩነት ውስጥ ዘመናዊ የኃይል ማከፋፈያ ጣቢያዎችን ለመገንባት ታቅዷል። የማህበሩ ዋና ስራ አስፈፃሚ ወይዘሪት ሳራ ሊን የገለጹት እንደመሆኑ ይህ እርምጃ የካርቦን ልቀትን በ30 በመቶ ለመቀነስ ትልቅ አስተዋጽኦ ይኖረዋል። ለዚህ ግዙፍ የልማት ስራ በጀት 1.2 ቢሊዮን ዶላር የተመደበ ሲሆን ስራው በሚቀጥሉት አምስት ዓመታት ውስጥ ሙሉ በሙሉ እንዲጠናቀቅ ተደርጓል። አዲሱ የትራንስፖርት ስርዓት ለከተማ ነዋሪዎች ፈጣን እና ለአካባቢ ጥበቃ ተስማሚ የሆነ የጉዞ አማራጭ እንደሚፈጥር ይጠበቃል።"
summarisation|193#0,summarisation,,news,"የሚከተለውን ጽሑፍ ዋና ዋና ነጥቦች በመያዝ በ2-3 ዓረፍተ ነገሮች አጠቃልል።

ጽሑፍ፡ በሰኔ ፲፪ ቀን በደቡብ አውራጃ ውስጥ በሚገኘው አባይ ሜዳ ስታዲየም ታላቅ የኳስ ውድድር ተካሂዷል። የዝንጅብል ከተማ ክለብ ከወርቅ ወንዝ ቡድን ጋር በነበረው ጨዋታ ሁለት ለ አንድ በማሸነፍ የኩባንያውን ዋንጫ አግኝቷል። የጨዋታው ዋና ኮከብ የሆነው አቶ በቀለ ተስፋዬ በሁለተኛው አጋማሽ ላይ ሁለት ድንቅ ጎሎችን በማስቆጠር ለቡድኑ ድል ምክንያት ሆኗል። የጨዋታው መጀመሪያ ላይ የወርቅ ወንዝ ቡድን በአንድ ጎል እየመራ ቢቆይም የዝንጅብል ከተማ ተጫዋቾች ግን በጠንካራ ተከላካይነት ውጤቱን መለወጥ ችለዋል። በስታዲየሙ ውስጥ የነበሩ አምስት ሺህ ደጋፊዎች በከፍተኛ ድምፅ በማጨብጨብ ለተጫዋቾቹ ትልቅ መነቃቃትን ፈጥረውላቸዋል። የውድድሩ አስተባባሪ የሆኑት አቶ አበበ ከበደ በጨዋታው ወቅት የታየው ስነስርዓት እና የተጫዋቾች ትጋት በጣም የሚያስደንቅ መሆኑን ገልጸዋል። የዝንጅብል ከተማ ክለብ አሸናፊ በመሆኑ ለሚቀጥለው አመት በድጋሚ የገንዘብ ሽልማት እንዲያገኝ በውሳኔ ሰጪዎቹ ኮሚቴ ተወስኗል። ይህ ታሪካዊ ድል በክልሉ ውስጥ ለሚገኙ ወጣት ስፖርተኞች ትልቅ ተስፋ እና መነሳሳትን እንደሚፈጥር ተገልጿል።"
summarisation|193#1,summarisation,,news,"ከዚህ በታች ያለውን ጽሑፍ በ2-3 ዓረፍተ ነገሮች አጠቃልለው።

Context:
በጥቅምት አምስት ቀን በሰሜን ተራራማ አካባቢ በሚገኘው ሰማያዊ ተራራ ማእከል ትልቅ የሩጫ ውድድር ተካሂዷል። በውድድሩ ላይ ተሳትፈው የነበሩት አርባ ሁለት ወጣት ሯጮች በከፍተኛ ፍጥነት እና በጠንካራ ጥንካሬ ለውድድሩ ተዘጋጅተው መቅረባቸው ይታወቃል። የውድድሩ አሸናፊ የሆነችው ወጣት አደሪት በቀለ በአስር ኪሎ ሜትር ሩጫ ውስጥ በሃያ አምስት ደቂቃ እና አርባ ሰከንድ ውስጥ በማጠናቀቅ የመጀመሪያ ደረጃውን ይዛለች። አደሪት በሩጫዋ ወቅት ያሳየችው ብቃት በክልሉ ስፖርት ኮሚቴ አባላት ዘንድ ከፍተኛ አድናቆትን እና መደነቅን አስገኝቶላታል። በሁለተኛ ደረጃ የገቡት አቶ ታደሰ ኃይሌ እና ወይዘሮ መቅደስ አሰፋ በከፍተኛ የፉክክር መንፈስ ውድድሩን አጠናቅቀዋል። የውድድሩ የሽልማት ስነ ስርዓት በክልሉ ገዥ በኩል በተዘጋጀ ልዩ ፕሮግራም እና በሽልማት ስጦታዎች የታጀበ ነበር። በውድድሩ ወቅት የታዩት አዳዲስ የቴክኖሎጂ መሣሪያዎች ለተጫዋቾቹ የፍጥነት መለኪያ እንዲሆኑ ተደርገው ጥቅም ላይ ውለዋል። ይህ ዓመታዊ ውድድር በየአመቱ በሰሜን ተራራማ አካባቢ እንዲካሄድ በስፖርት ማእከሉ አስተዳደር በይፋ ተወስኗል።"
summarisation|193#2,summarisation,,news,"የሚከተለውን ምንባብ በአጭሩ አጠቃልል፡

በካቲት ሃያ ቀን በምስራቅ ሜዳ ስፖርት ማእከል የብስክሌት ውድድር በከፍተኛ ድምቀት ተካሂዶ ተጠናቋል። የሰላም ከተማ ብስክሌት ክለብ አባላት ከሌሎች አምስት ክለቦች ጋር በመወዳደር በታላቅ ብቃት ተሳትፈዋል። የውድድሩ ዋና አሸናፊ የሆነው ወጣት አቶ ዮናስ ታደሰ በሰላሳ ኪሎ ሜትር ጉዞ ውስጥ በሰላሳ አምስት ደቂቃ ውስጥ በመድረስ ድል ተቀዳጅቷል። የዮናስ ብቃት በውድድሩ ወቅት የነበሩትን የቴክኒክ ባለሙያዎች እና የዳኞች ትኩረት በከፍተኛ ሁኔታ ለመሳብ ችሏል። በውድድሩ ወቅት የተከሰተው መጠነኛ የዝናብ መብረቅ ለተጫዋቾቹ ፈታኝ ቢሆንም ግን ውድድሩ ሳይቋረጥ እንዲቀጥል አድርጎታል። የብስክሌት ክለቡ መሪ የሆኑት አቶ በቀለ በንግግር ወቅት የዮናስ ድል ለክለቡ ታሪክ አዲስ ምዕራፍ እንደሚከፍት ገልጸዋል። በውድድሩ መጨረሻ ላይ ለተሳታፊዎች የተሰጡት የክብር ሜዳሊያዎች እና የገንዘብ ሽልማቶች ለተጫዋቾቹ ትልቅ መነቃቃትን ሰጥተዋል። በቀጣይ አመት ውድድሩ በሰፋ ያለ ተሳትፎ እና በበለጠ ዘመናዊ መሣሪያዎች እንዲካሄድ ለማድረግ እቅድ ተይዟል።"
summarisation|195#0,summarisation,,technology,"ይህ ጽሑፍ ምን እንደሚናገር በአጭሩ አስረዳ።

Context:
የማህበራዊ ሚዲያ መድረኮች በዓለም አቀፍ ደረጃ በሰዎች መረጃ የመለዋወጥ ሂደት ላይ ከፍተኛ ተጽዕኖ እያሳደሩ ይገኛሉ። እነዚህ መድረኮች ተጠቃሚዎች ከርቀት ሆነው ከሌሎች ሰዎች ጋር በቀጥታ እንዲገናኙና ሃሳባቸውን እንዲያጋሩ ዕድል ይሰጣሉ። በቴክኖሎጂ እድገት ምክንያት መረጃዎች በሰከንዶች ውስጥ ወደ ሚሊዮን የሚቆጠሩ ሰዎች ዘንድ መድረስ ችለዋል። ሆኖም ግን የተሳሳቱ መረጃዎች በፍጥነት መሰራጨታቸው በማህበረሰቡ ላይ አሉታዊ ተጽዕኖ ሊያሳድር ይችላል። የዲጂታል መድረኮች አጠቃቀም በንግድ ስራዎችና በፖለቲካዊ እንቅስቃሴዎች ላይም ትልቅ ለውጥ አምጥቷል። ስለዚህ ተጠቃሚዎች የሚሰሙትን መረጃ በጥንቃቄ የመመርመርና የማረጋገጥ ልምድ ሊኖራቸው ይገባል።"
summarisation|195#1,summarisation,,technology,"የሚከተለውን ጽሑፍ አጠቃልል።

Context:
በኢንተርኔት ዓለም ውስጥ የሳይበር ደህንነት ጥበቃ ለሁሉም ተጠቃሚዎች እጅግ አስፈላጊ የሆነ ጉዳይ ነው። የሰዎች የግል መረጃዎች በዲጂታል መድረኮች ላይ ሲጋለጡ ለተለያዩ የሳይበር ጥቃቶች ሊጋለጡ ይችላሉ። የጠላፊዎች ጥቃት የባንክ መረጃዎችንና የግል ምስጢሮችን ለመስረቅ የሚያደርጉት ሙከራ በየቀኑ እየጨመረ መጥቷል። ተጠቃሚዎች ጠንካራ የይለፍ ቃላትን በመጠቀምና ሁለት ደረጃዊ ማረጋገጫ ዘዴዎችን በመከተል ራሳቸውን መጠበቅ ይችላሉ። የቴክኖሎጂ ኩባንያዎችም ደህንነቱ የተጠበቀ የኢንተርኔት አገልግሎት ለመስጠት ከፍተኛ ጥረት እያደረጉ ይገኛሉ። የሳይበር ደህንነት ግንዛቤን ማሳደግ በዲጂታል ዘመን ለሰላማዊ አጠቃቀም መሰረታዊ እርምጃ ነው።"
summarisation|195#2,summarisation,,technology,"ይህን ጽሑፍ በአጭሩ አጠቃልልልኝ።

የአርቲፊሻል ኢንተለጀንስ ቴክኖሎጂ በኢንተርኔት አጠቃቀም ዘይቤ ላይ አዲስና አስደናቂ ለውጦችን እያመጣ ነው። የፍለጋ ሞተሮች ተጠቃሚዎች የሚፈልጉትን መረጃ በቀላሉ እንዲያገኙ የሚያግዙ የላቁ ስልቶችን እየተጠቀሙ ነው። የማህበራዊ ሚዲያ መድረኮችም የእያንዳንዱን ሰው ፍላጎት በመረዳት የሚመጥኑ ይዘቶችን በራሳቸው የማቅረብ ችሎታ አግኝተዋል። ይህ የቴክኖሎጂ እድገት መረጃን ለማግኘት የሚወስደውን ጊዜ በእጅጉ ቀንሶ ውጤታማነትን ይጨምራል። ነገር ግን ይህ አሰራር የተጠቃሚዎችን የግል ምርጫና ነፃነት ሊገድብ እንደሚችል ብዙ ምሁራን ይከራከራሉ። የቴክኖሎጂው ውጤታማነትና የግል ነፃነት መካከል ያለውን ሚዛን መጠበቅ ለወደፊት ትልቅ ፈተና ነው።"
summarisation|196#0,summarisation,,technology,"ይህ ጽሑፍ ምን እንደሚናገር በአጭሩ አስረዳ።

Context:
ሰው ሰራሽ አስተውሎት በኢትዮጵያ የቴክኖሎጂ ዘርፍ ውስጥ አዲስና ትልቅ ለውጥ የሚያመጣ ዘመናዊ የኮምፒውተር ሳይንስ የጥናት መስክ ነው። ይህ ቴክኖሎጂ ማሽኖች እንደ ሰው የማሰብና የመማር ችሎታ እንዲኖራቸው በማድረግ ውስብስብ ችግሮችን እንዲፈቱ ይረዳል። በሀገራችን የግብርና ዘርፍ ውስጥ ምርትን ለመጨመርና የአፈር ሁኔታን ለመተንተን የሰው ሰራሽ አስተውሎት መተግበሪያዎች በጣም አስፈላጊ ናቸው። በተጨማሪም በጤናው ዘርፍ ውስጥ የሕመምተኞችን የሕክምና መረጃ በመተንተን በሽታዎችን ቀድሞ ለመለየት ትልቅ ሚና ሊጫወት ይችላል። የቴክኖሎጂ ባለሙያዎች በኢትዮጵያ ውስጥ ያሉ የዳታ እጥረትን ለመቅረፍ የተለያዩ አዳዲስ መንገዶችንና ዘዴዎችን በከፍተኛ ጥንቃቄ እየፈጠሩ ይገኛሉ። የሰው ሰራሽ አስተውሎት ትምህርት በከፍተኛ ትምህርት ተቋማት ውስጥ እንዲካተት ማድረግ ለወጣቱ ትውልድ ትልቅ ዕድል ይፈጥራል። ይህ ዘርፍ በኢኮኖሚ ዕድገት ላይ ከፍተኛ ተጽዕኖ ስለሚኖረው መንግሥትና የግል ተቋማት በጋራ መስራት ይኖርባቸዋል። በአጠቃላይ ይህ የቴክኖሎጂ ውጤት ለሀገራዊ ዕድገትና ለዘመናዊነት መሠረት የሚጥል ታላቅ የሳይንስ ውጤት ነው።"
summarisation|196#2,summarisation,,technology,"ከዚህ በታች ያለውን ጽሑፍ በ2-3 ዓረፍተ ነገሮች አጠቃልለው።

Context:
የመረጃ ትንተና በሰው ሰራሽ አስተውሎት ዓለም ውስጥ ትልቅ ቦታ የሚሰጠውና ለውሳኔ አሰጣጥ የሚረዳ መሣሪያ ነው። በኢትዮጵያ የፋይናንስ ዘርፍ ውስጥ ባሉ ባንኮች ውስጥ የደንበኞችን የገንዘብ እንቅስቃሴ ለመቆጣጠር ይህ ዘዴ ጥቅም ላይ ይውላል። ትላልቅ የመረጃ ስብስቦችን በፍጥነት በመተንተን ሊከሰቱ የሚችሉ ስጋቶችንና ስህተቶችን አስቀድሞ ለመለየት ያስችላል። የሰው ሰራሽ አስተውሎት ሥርዓቶች ከሰዎች በላይ በሆነ ፍጥነት መረጃዎችን በማቀናበር ትክክለኛ መረጃ እንዲገኝ ያደርጋሉ። ይህ ሂደት በኢንዱስትሪዎች ውስጥ ያለውን ብክነት ለመቀነስና አጠቃላይ ምርታማነትን ለማሳደግ ከፍተኛ አስተዋጽኦ ያበረክታል። የቴክኖሎጂው ውጤታማነት የሚወሰነው ጥቅም ላይ በሚውለው የመረጃ ጥራትና በሥርዓቱ የሂደት ብቃት ላይ ነው። በሀገራችን የዲጂታል መሠረተ ልማት እያደገ በመምጣቱ የዚህ ቴክኖሎጂ ተደራሽነት በየቀኑ እየጨመረ መጥቷል። በመሆኑም የመረጃ ትንተናን በሚገባ መጠቀም ለዘመናዊና ለተቀላጠፈ የሥራ አካባቢ ግንባታ ወሳኝ መሣሪያ ነው።"
summarisation|197#0,summarisation,,technology,"ለዚህ ጽሑፍ አጭር ማጠቃለያ ጻፍ።

Context:
በሰኔ ፲፪ ቀን በታላቁ የዘንጋላ ቴክኖሎጂ ማዕከል ውስጥ የተከናወነው ዓለም አቀፍ ጉባኤ አዲስ የፀሐይ ብርሃን መሰብሰቢያ ዘዴን በይፋ አስተዋውቋል። የዘንጋላ የኃይል ማመንጫ ድርጅት መሪ አቶ በቀለ ተስፋዬ በሰጡት መግለጫ መሰረት አዲሱ መሣሪያ በሰዓት ፭፻ ፵ አምስት ኪሎ ዋት ኃይል ማመንጨት ይችላል። ይህ አዲስ የቴክኖሎጂ ውጤት በዋናነት በደቡብ አፍሪካ በሚገኘው በዘንጋላ ገበታ ከተማ ውስጥ ለሚኖሩ ፲፪ ሺህ ቤተሰቦች የኤሌክትሪክ አገልግሎት ይሰጣል። የፕሮጀክቱ ወጪ በጠቅላላው ፰ ሚሊዮን ዶላር የሚገመት ሲሆን ግንባታው በታላቁ የሰማይ ሰሌዳ ድርጅት አማካኝነት ተከናውኗል። የሳይንስ ተመራማሪው ወይዘሪት ሳራ አቤል እንደገለጹት ይህ ዘዴ ደመናማ በሆኑ ቀናት እንኳን ከፍተኛ ብርሃን የመሰብሰብ ብቃት አለው። አዲሱ የፀሐይ ፓነል ከቀድሞዎቹ በ፳ በመቶ የበለጠ ውጤታማ መሆኑን የሙከራ ውጤቶች በዝርዝር አሳይተዋል። በዝግጅቱ ላይ የተገኙ የቴክኖሎጂ ባለሙያዎች ይህ ግኝት ለዓለም አቀፍ የአየር ንብረት ለውጥ መከላከል ትልቅ አስተዋጽኦ ይኖረዋል ብለው ተስፋ አድርገዋል። የዘንጋላ ከተማ ነዋሪዎች በዚህ አዲስ የኃይል ምንጭ ምክንያት የኤሌክትሪክ ክፍያቸው በ፲ አምስት በመቶ እንደሚቀንስ ተገልጿል። በቅርቡ በሌሎች አገራትም ይህ ቴክኖሎጂ እንዲተገበር የዓለም የኃይል ኮሚሽን ዝግጅቶችን እያደረገ ይገኛል። የቴክኖሎጂው ስም ሉሚና ፳፳ አምስት ተብሎ የተሰየመ ሲሆን ምርቱ በታህሳስ ወር ለገበያ ይቀርባል። ይህ ታላቅ ስኬት በዘመናዊ የኃይል አቅርቦት ዘርፍ አዲስ ምዕራፍ እንደሚከፍት ተደርጎ ተወስኗል።"
summarisation|197#1,summarisation,,technology,"ጽሑፉን አንብበሽ ማጠቃለያውን ጻፊ።

Context:
በአውሮፓዊቷ የሰንትራ ቴክኖሎጂ ተቋም ውስጥ የተከናወነው የፀሐይ ኃይል ምርምር በታላቁ የሳይንስ መጽሔት ላይ በሰፊው ተዘግቧል። የጥናቱ መሪ የሆኑት ዶክተር ኤልሳቤጥ ቶማስ በሰጡት መግለጫ መሰረት አዲሱ የፀሐይ ሴል ከሲሊኮን ይልቅ አዲስ ቁስ ይጠቀማል። ይህ አዲስ ቁስ በፀሐይ ብርሃን ወቅት ፱፻ ሰማንያ አምስት ሜጋ ዋት ኃይል በአንድ ጊዜ ማመንጨት የሚችል ድንቅ ውጤት ነው። የጥናቱ ውጤት በሰኔ ፳፭ ዓመተ ምህረት በታላቁ የሰንትራ ላብራቶሪ ውስጥ በሙከራ ተረጋግጧል። የፕሮጀክቱ የበጀት ምንጭ በ፲ አምስት ሚሊዮን ዶላር የሚገመት ሲሆን በዓለም አቀፍ የሳይንስ ድርጅት የተደገፈ ነው። አዲሱ የፀሐይ ቴክኖሎጂ በሙቀት ወቅት ሳይበላሽ ለ፳ አምስት ዓመታት አገልግሎት መስጠት እንደሚችል ተረጋግጧል። በምርምሩ ወቅት የተገኙት የሳይንስ ሊቃውንት ይህ የቴክኖሎጂ ውጤት የኤሌክትሪክ ወጪን በ፸ በመቶ እንደሚቀንስ ገልጸዋል። የሰንትራ ተቋም የሥራ አስፈጻሚ አቶ ማርክ ዮሐንስ ይህ ግኝት ለዓለም አቀፍ የኃይል ፍላጎት መፍትሄ እንደሚሆን ተናግረዋል። በምርምሩ ሂደት ውስጥ የተሳተፉት ፵ አምስት ሳይንቲስቶች በዓለም አቀፍ ደረጃ እውቅና አግኝተዋል። አዲሱ የፀሐይ ኃይል ማመንጫ በከተማ ውስጥ በሚገኙ ሕንፃዎች ጣራ ላይ በቀላሉ ሊገጠም ይችላል። የቴክኖሎጂው ዋጋ ከቀድሞዎቹ በግማሽ ስለሚቀንስ ለተራው ሕዝብ ተደራሽ መሆኑ ተገልጿል። ይህ የሳይንስ ውጤት በዓለም አቀፍ የኃይል ዘርፍ ላይ ትልቅ ለውጥ እንደሚያመጣ ይጠበቃል።"
summarisation|197#2,summarisation,,technology,"የጽሑፉን ዋና ሐሳብ በአጭሩ ግለጽ።

Context:
በታላቁ የሰላማዊ ኃይል ማመንጫ ጣቢያ ውስጥ አዲስ የፀሐይ ኃይል ማከማቻ ባትሪዎች መተግበራቸውን የጣቢያው አስተዳደር አስታውቋል። የጣቢያው ስራ አስኪያጅ ወይዘሮ ሄለን ቃላታ በሰጡት መግለጫ መሰረት አዲሱ ባትሪ ፲ ሺህ ኪሎ ዋት ኃይል ለሦስት ቀናት ማከማቸት ይችላል። ይህ አዲስ የቴክኖሎጂ ስራ በሰኔ ፲ አምስት ቀን በታላቁ የሰላማዊ ከተማ የኃይል ማዕከል ውስጥ ተጀምሯል። የፕሮጀክቱ አፈጻጸም በ፯ ሚሊዮን ዶላር ወጪ የተከናወነ ሲሆን በሰላማዊ ቴክኖሎጂ ድርጅት አማካኝነት ተሰርቷል። አዲሱ የባትሪ ቴክኖሎጂ በሌሊት ጊዜም ቢሆን በቂ የፀሐይ ኃይል እንዲኖር ለማድረግ ታስቦ የተሰራ ነው። የከተማዋ ነዋሪዎች በኤሌክትሪክ መቆራረጥ ምክንያት ይደርስባቸው የነበረው ችግር በ፳ አምስት በመቶ እንደሚቀንስ ተገልጿል። የቴክኖሎጂው ስም ሱፐር ቻርጅ ፳፳ አምስት ተብሎ የተሰየመ ሲሆን ጥራቱም በጣም ከፍተኛ ነው። በጣቢያው ውስጥ የሚሰሩ ፻ ሃያ ሰራተኞች አዲሱን የቴክኖሎጂ አጠቃቀም በተመለከተ ስልጠና ወስደዋል። የከተማዋ ከንቲባ አቶ ዮናስ በቀለ ይህ አዲስ ስራ ለከተማዋ እድገት ትልቅ መሰረት መሆኑን ገልጸዋል። አዲሱ የኃይል ማከማቻ ዘዴ በአካባቢው ያለውን የአየር ንብረት ለውጥ ለመከላከልም ይረዳል። በዓመቱ መጨረሻ ላይ ተጨማሪ ፳ አምስት ባትሪዎችን ለመግጠም እቅድ መኖሩም ተገልጿል። ይህ የቴክኖሎጂ ሽግግር ለሌሎች ከተሞችም እንደ አርአያ ሆኖ ያገለግላል ተብሎ ይታመናል።"
comprehension|119#0,comprehension,,daily_life,"ንባቡን መሠረት በማድረግ ጥያቄውን መልስ።

Context:
በቅርቡ በሰሜን አውራጃ በሚገኘው የዝቅተኛ መሬት አካባቢ በነበረው ድንገተኛ የጎርፍ መጥለቅለቅ ምክንያት የአቶ በቀለ ተስፋዬ ቤተሰብ ከፍተኛ ጉዳት ደርሶባቸዋል። በጥር ፲፭ ቀን በነበረው አደጋ የቤተሰቡ አባል የሆኑት ወይዘሮ አልማዝ ተስፋዬ እና ሁለት ልጆቻቸው በቤት ውስጥ ተዘግተው ይገኙ ነበር። የዞኑ የድንገተኛ አደጋ መከላከል ኮሚሽን መረጃ እንደሚያመለክተው በወቅቱ የነበረው የዝናብ መጠን በሰዓት አምስት ሚሊ ሜትር በመሆኑ የጎርፉ ፍጥነት ከፍተኛ ነበር። በአካባቢው የሚገኘው የሰላም ማህበር በወቅቱ በነበረው ዝግጁነት ምክንያት ለቤተሰቡ አምስት መሠረታዊ የቤት ውስጥ ቁሳቁሶችን በአስቸኳይ አቅርቧል። የአቶ በቀለ ትልቁ ልጅ የሆነው አቶ ታደሰ ተስፋዬ በወቅቱ በሥራ ላይ ስለነበረ ቤተሰቡን ለመርዳት በሰዓት አራት ሰዓት ላይ ተገኝቷል። የጎርፉ ውሃ በቤቱ ውስጥ በገባ ጊዜ የቤት ውስጥ እቃዎችን በሙሉ አጥለቅልቆ በሰላም ማህበር አማካኝነት የተገኘው ድንገተኛ እርዳታ ለቤተሰቡ ትልቅ እፎይታ ሰጥቷል። በአካባቢው የሚኖሩ ሌሎች አሥር ቤተሰቦችም በተመሳሳይ ሁኔታ ጉዳት የደረሰባቸው ሲሆን የዞኑ አስተዳደር ለሁሉም ቤተሰቦች የገንዘብ ድጋፍ ለማድረግ ቃል ገብቷል። ይህ አደጋ በሰሜን አውራጃ ለሚገኙ ነዋሪዎች በአቅራቢያው ያለውን የውሃ ፍሰት በቅርብ እንዲከታተሉ ትልቅ ትምህርት ሰጥቷቸዋል። በአሁኑ ወቅት የቤተሰቡ አባላት በሰላም ማህበር መጠለያ ውስጥ እየተቆዩ ለሚደረግላቸው የጤና ምርመራ እየተዘጋጁ ይገኛሉ።

በጥር ፲፭ ቀን በተከሰተው የጎርፍ አደጋ ወቅት የአቶ በቀለ ተስፋዬ ቤተሰብ የት ነው ተከታትለው የነበሩት?"
comprehension|119#1,comprehension,,daily_life,"ንባቡን መሠረት በማድረግ ጥያቄውን መልስ።

Context:
በአዲሱ የዘመን አሳላፊ ማህበር ስር በሚሰሩት የልጅነት ትውስታዎች ፕሮጀክት ውስጥ ወይዘሮ ዘይነብ አበበ በዋናነት እየሰሩ ይገኛሉ። ይህ ፕሮጀክት በሰኔ ፳ ቀን በጀመረው መሠረት በከተማው ውስጥ የሚኖሩ አረጋውያንና የቅርብ ዘመዶቻቸውን ታሪክ እንዲመዘግቡ ያበረታታል። ወይዘሮ ዘይነብ ባለፉት አምስት ወራት ውስጥ በሰባት የተለያዩ መንደሮች ውስጥ በመዞር ለሰላማዊ ማህበር አምስት ሰነዶችን አዘጋጅታለች። በእነዚህ ሰነዶች ውስጥ የአረጋውያን የቤተሰብ ግንኙነትና የትውልድ ሽግግር ታሪኮች በዝርዝር ተጽፈው ተቀምጠዋል። ፕሮጀክቱ በድምሩ ሰላሳ ሁለት አረጋውያንን በማነጋገር ስለ ቤተሰባቸው ጥንካሬና ስለ ዘመናት ጓደኝነት መረጃዎችን ሰብስቧል። የፕሮጀክቱ አስተባባሪ የሆኑት አቶ ዮናስ በቀለ ፕሮጀክቱ ለወጣቱ ትውልድ ስለ ቤተሰብ እሴት ትልቅ ግንዛቤ እንደሚሰጥ ገልጸዋል። በፕሮጀክቱ ወቅት የተሰበሰቡት መረጃዎች በወር በሃያ ሺህ ብር የሚገመት የህትመት ወጪ በማውጣት መጽሐፍ እንዲወጣ ተደርጓል። ወይዘሮ ዘይነብ በሥራዋ ወቅት ያገኘችው ትልቁ እርካታ የአረጋውያን የቤተሰብ ታሪክ ለልጅ ልጆቻቸው እንዲተርክ ማድረጓ ነው። ማህበሩ በቀጣይ በነሐሴ ወር ላይ ለተሳታፊዎች የሽልማት ፕሮግራም ለማዘጋጀት አቅዷል። ይህ ተግባር በከተማው ውስጥ ያለውን የቤተሰብ ትስስር ለማጠናከር ትልቅ ሚና ይጫወታል።

ወይዘሮ ዘይነብ በሰባት መንደሮች ውስጥ በመዞር ለሰላማዊ ማህበር ስንት ሰነዶችን አዘጋጅታለች?"
comprehension|119#2,comprehension,,daily_life,"ጽሑፉን አንብበህ ጥያቄውን መልስ፡

ጽሑፍ፡ በአዲሱ የደስታ ከተማ ውስጥ በሚገኘው የቤተሰብ መገናኛ ማዕከል በነሐሴ ፲፪ ቀን ታላቅ የቤተሰብ ቀን ተከብሯል። በዚህ ዝግጅት ላይ ከሃያ አምስት የተለያዩ ማህበራት የተውጣጡ አምስት መቶ ቤተሰቦች ተገኝተዋል። የዝግጅቱ ዋና ዓላማ በቤተሰብ ውስጥ ያለውን መግባባትና ፍቅር ማሳደግ መሆኑን የዕለቱ መሪ አቶ ካሳሁን ተስፋዬ ተናግረዋል። በዝግጅቱ ላይ የቤተሰብ ግንኙነትን የሚያጠና አዲስ መጽሐፍ በሰማንያ መቶ ብር ብቻ ለተሳታፊዎች ተሰጥቷል። የዕለቱ ልዩ እንግዳ የሆኑት የከተማው ነዋሪዎች የሆኑት ወይዘሮ ማርታና አቶ ጌታቸው ለቤተሰባቸው ታማኝነት የሰጡትን ምስክርነት ለሁሉም አዳምጠዋል። በዝግጅቱ ወቅት ለተሻለ የቤተሰብ ሕይወት የሚረዱ አሥር ነጥቦችን የያዘ አጭር ትምህርት በባለሙያዎች ተሰጥቷል። የከተማው አስተዳደር ለዚህ ፕሮግራም በድምሩ አምስት መቶ ሺህ ብር በጀት መድቦ መፈጸሙ ታውቋል። ተሳታፊዎቹ በዝግጅቱ ላይ በተሰጣቸው የውይይት መድረክ ላይ ስለ ቤተሰብ ኃላፊነትና ስለ ልጆች አስተዳደግ ሰፊ ልምድ ተለዋውጠዋል። በዝግጅቱ ማጠቃለያ ላይ ለተሻለ የቤተሰብ ግንኙነት የላቀ አስተዋጽኦ ላደረጉ አምስት ቤተሰቦች የክብር ሽልማት ተበርክቶላቸዋል። ይህ መርሃ ግብር በየዓመቱ በከተማው ውስጥ እንዲደገም በማድረግ ላይ የከተማው ምክር ቤት ውሳኔ አሳልፏል።

ጥያቄ፡ በደስታ ከተማ የቤተሰብ ቀን ዝግጅት ላይ አዲስ መጽሐፍ ለተሳታፊዎች በስንት ብር ተሸጦ ነበር?"
comprehension|203#0,comprehension,,daily_life,"እባክዎን ከታች ያለውን ጽሑፍ አንብበው ለሚከተለው ጥያቄ መልስ ይስጡ።

Context:
አዲስ አበባ ውስጥ የሚገኙት የሕዝብ ትራንስፖርት አገልግሎቶች በየቀኑ ለብዙ ሺህ ሰዎች የዕለት ተዕለት እንቅስቃሴያቸውን ለማሳለፍ ትልቅ እገዛ ያደርጋሉ። በከተማዋ ውስጥ የሚንቀሳቀሱት አውቶቡሶች በዋና ዋና መንገዶች ላይ በመታገዝ ተሳፋሪዎችን ከየቀበሌዎቹ ወደ ማዕከላዊ የንግድ ቦታዎች በሰዓት ውስጥ ያደርሳሉ። የሰርቪስ ታክሲዎች ደግሞ በአጭር ርቀት ለሚጓዙ ሰዎች ፈጣንና ምቹ አገልግሎት በመስጠት በከተማዋ የትራንስፖርት ሥርዓት ውስጥ ትልቅ ሚና ይጫወታሉ። በአሁኑ ወቅት በከተማዋ ውስጥ አዳዲስ የራይድ አገልግሎቶች በመፈጠር የሰዎችን የጉዞ ፍላጎት በዘመናዊ መንገድ ለማርካት እየሰሩ ይገኛሉ። የከተማዋ የትራንስፖርት መሠረተ ልማት በየጊዜው እየተሻሻለ በመምጣቱ ተሳፋሪዎች የጉዞ ጊዜያቸውን ለመቀነስ የሚያስችሏቸውን አማራጮች ማግኘት እየቻሉ ነው። የትራንስፖርት መቆጣጠሪያ ማዕከላት የባቡርና የአውቶቡስ እንቅስቃሴዎችን በቅርበት በመከታተል የትራፊክ መጨናነቅን ለመቀነስ ጥረት ያደርጋሉ። የከተማዋ ነዋሪዎች ለትራንስፖርት የሚጠቀሙበትን መንገድ ሲመርጡ የትራንስፖርት ዋጋንና የጉዞ ፍጥነትን እንደ ዋና መስፈርት ይወስናሉ። በከተማዋ ውስጥ የሚገኙ የትራንስፖርት ማቆሚያዎች በቂ ቁጥር እንዲኖራቸውና ለሰዎች ምቹ እንዲሆኑ የማድረግ ሥራዎች እየተከናወኑ ነው። የሕዝብ ትራንስፖርት አገልግሎት ጥራት እንዲጨምር ለማድረግ የቴክኖሎጂ አጠቃቀምን ማሳደግ እንደ አስፈላጊ ጉዳይ ይታያል። በመጨረሻም የተሳለጠ የትራንስፖርት ሥርዓት መገንባት ለከተማዋ ኢኮኖሚያዊ እድገትና ለነዋሪዎች ምቾት ወሳኝ መሆኑን ሁሉም ይረዳሉ።

በከተማዋ ውስጥ ያሉ አዳዲስ የጉዞ አማራጮች የሰዎችን የጉዞ ፍላጎት ለማርካት ምን ዓይነት መንገድ እየተጠቀሙ ነው?"
comprehension|203#2,comprehension,,daily_life,"ይህን ምንባብ መሠረት በማድረግ ለጥያቄው መልስ ስጥ።

ምንባብ፡ ከአዲስ አበባ ወደ ባህላዊቷ ከተማ ባሕር ዳር ለመጓዝ የሚመረጡ የትራንስፖርት አማራጮች በሰፊው ይለያያሉ። በሕዝብ አውቶቡስ ለመጓዝ የሚፈልጉ ሰዎች ቀደም ብለው መነሳትና ረጅም ሰዓት በመኪና ውስጥ ማሳለፍ ይኖርባቸዋል። በታክሲ ወይም በግል መኪና ለመጓዝ የሚመርጡ ሰዎች ግን የጉዞ ጊዜያቸውን በማሳጠር ምቾት እንዲሰማቸው ያደርጋሉ። በባሕር ዳር ከተማ ለመድረስ የሚያስፈልገው መንገድ በደጋማና በቆላማ መልክዓ ምድር ውስጥ የሚያልፍ በመሆኑ የጉዞ ሁኔታው ይለያያል። በጉዞው ወቅት የሚታዩት የአረንጓዴ ተፈጥሮ እይታዎችና የተራራማ ቦታዎች ለተጓዦች አስደሳች ትዝታን ይፈጥራሉ። የትራንስፖርት ዋጋ እንደ መኪናው ዓይነትና እንደ ጉዞው ርቀት በመለያየት በተለያዩ ደረጃዎች ሊወሰን ይችላል። በባሕር ዳር ከተማ ውስጥ ለመድረስ የሚያስፈልጉ የትራንስፖርት አገልግሎቶች በከተማዋ ውስጥ ያሉትን የንግድ እንቅስቃሴዎች ይደግፋሉ። ተጓዦች በጉዞ ወቅት የሚገጥሟቸውን የትራፊክ መጨናነቆች ለመቀነስ ጉዞአቸውን በማለዳ መጀመር ይመከራሉ። በባሕር ዳር ከተማ የሚገኙ የትራንስፖርት ማዕከላት ተሳፋሪዎችን ወደ ተለያዩ የከተማዋ ክፍሎች ለማድረስ ከፍተኛ ጥረት ያደርጋሉ። የከተማዋ የትራንስፖርት ሥርዓት ከቱሪዝም ዘርፉ ጋር ተያይዞ በየጊዜው እየተሻሻለ መምጣቱ ይታወቃል። በመጨረሻም ከአዲስ አበባ ወደ ባሕር ዳር የሚደረገው ጉዞ ለብዙዎች የሥራና የዕረፍት ጉዞ መሠረት ነው።

ጥያቄ፡ አዲስ አበባ ወደ ባሕር ዳር በሚደረግ ጉዞ ወቅት የጉዞ ጊዜን ለመቀነስ ተጓዦች ምን እንዲያደርጉ ይመከራል?"
comprehension|207#0,comprehension,,history,"ምንባቡን ካነበብሽ በኋላ ለጥያቄው መልስ ስጪ።

Context:
የአድዋ ጦርነት በኢትዮጵያ ታሪክ ውስጥ እጅግ ከፍተኛ የሆነ ድልና ኩራት የሆነ ትልቅ ክስተት ነው። ይህ ታላቅ ጦርነት የተካሄደው በኢትዮጵያ መንግሥትና በጣሊያን ወራሪ ኃይል መካከል በታላቁ ዓመተ ምሕረት መሠረት ነው። ኢትዮጵያውያን ጦር በወቅቱ የነበራቸውን ከፍተኛ የሀገር ፍቅርና አንድነት በማሳየት ጠላትን ለማሸነፍ ተዘጋጅተው ነበር። የጦርነቱ መነሻ ምክንያት በሁለቱ አገራት መካከል የተፈረመው የውል ስምምነት ትርጉም በተመለከተ የተፈጠረው አለመግባባት ነው። የጣሊያን ጦር በወቅቱ በኢትዮጵያ ግዛት ላይ ለመቆጣጠር ከፍተኛ ጥረትና ዝግጅት አድርጎ ነበር። ሆኖም ግን የኢትዮጵያ መሪዎችና ወታደሮች በታላቅ ብልሃትና ጥንካሬ ጦርነቱን ለመጋፈጥ ወሰኑ። በጦርነቱ ወቅት የኢትዮጵያ ሰራዊት የተጠቀመባቸው ስልቶችና የጦር መሣሪያዎች ለድሉ ትልቅ አስተዋጽኦ አድርገዋል። የጦርነቱ ውጤትም ኢትዮጵያ ሉዓላዊነቷን እንድታስከብርና የዓለምን አቀፍ እውቅና እንድታገኝ አድርጓታል። ይህ ድል ለሌሎች የአፍሪካ አገራትም የነፃነት ተምሳሌትና የብርታት ምንጭ ሆኖ አገልግሏል። በወቅቱ የነበሩት የጦር መሪዎችና ተዋጊዎች ለሀገራቸው ሲሉ ከፍተኛ መስዋዕትነት ከፍለዋል። የአድዋ ድል የኢትዮጵያን የነፃነት ታሪክ ለዘላለም በክብር እንዲታወስ አድርጓል።

የአድዋ ጦርነት መነሻ ምክንያት ምን ነበር?"
comprehension|211#0,comprehension,,health,"ጽሑፉን አንብበህ ጥያቄውን መልስ፡

ጽሑፍ፡ በሰኔ ፲፪ ቀን በወንጌል ከተማ በሚገኘው የሰላም ማዕከል ውስጥ የጤና ባለሙያዎች ትልቅ የቅድመ መከላከል ስልጠና ሰጥተዋል። በዚሁ መርሃ ግብር ላይ የደስታ ማኅበር ተወካዮች እና ከ፲፭ መንደሮች የመጡ ፪፻ሃም ሰዎችን በዝርዝር ተሳትፈዋል። የጤና ባለሙያው አቶ በቀለ ተስፋዬ በንግግራቸው ወቅት ሰዎች ሁልጊዜ በቤት ውስጥ የአልጋ አውታር መጋረጃ መጠቀም እንዳለባቸው አሳስበዋል። በተጨማሪም በዝናብ ወቅት የቆመ ውሃ የወባ ትንኝ መራቢያ መሆኑን ለተሳታፊዎቹ በዝርዝር አስረድተዋል። በከተማዋ የሚገኙ የጤና ጣቢያዎች ለሁሉም ነዋሪዎች ነፃ የአልጋ መጋረጃ ማከፋፈል መጀመራቸውን በዜናው ገልጸዋል። የጤናው መኮንን ወይዘሮ አልማዝ አበበ በዝግጅቱ ላይ በመገኘት የከተማዋን የጤና ሁኔታ በቅርብ እየተከታተሉ መሆናቸውን ገልጸዋል። በክልሉ ውስጥ የወባ በሽታ ስርጭትን ለመቀነስ ፭ ሚሊዮን ብር ለተለያዩ መከላከያ ቁሳቁሶች መመደቡ ተገልጿል። የጤና ባለሙያዎች በየሳምንቱ በየቤቱ በመዞር የቆሙ ውሃዎችን እንዲያስወግዱ ጥብቅ መመሪያ ሰጥተዋል። በዚህም ምክንያት በከተማዋ ውስጥ ያለው የወባ ስጋት በከፍተኛ ሁኔታ እንደሚቀንስ ተስፋ ተጥሏል። ሁሉም የከተማዋ ነዋሪዎች ለጤናቸው ሲሉ እነዚህን መመሪያዎች በጥብቅ እንዲተገብሩ ጥሪ ቀርቧል።

ጥያቄ፡ በሰኔ ፲፪ ቀን በወንጌል ከተማ በተካሄደው ስልጠና ላይ የተሳተፉ ሰዎች ብዛት ስንት ነው?"
comprehension|211#2,comprehension,,health,"ምንባቡን ካነበብሽ በኋላ ለጥያቄው መልስ ስጪ።

Context:
በአዲሱ ዓመት መጀመሪያ ላይ በሰሜን ኮረብታ አካባቢ የሚገኙ የጤና ተቋማት አዲስ መመሪያ አውጥተዋል። የሰንዓ ማኅበረሰብ የጤና ኮሚቴ በሰሜን ኮረብታ ከተማ ውስጥ የወባ መከላከያ ዘዴዎችን ለማስተዋወቅ ስራ ጀምሯል። በዘመቻው ወቅት በ፪፻ሃም ሰማንያ ሰዎች የአልጋ መጋረጃ አጠቃቀም ላይ ሰፊ ግንዛቤ እንዲጨብጡ ተደርጓል። የጤና ባለሙያው አቶ ዮናስ በቀለ በንግግራቸው ወቅት የቆመ ውሃ በቤት ውስጥ መኖር የለበትም ብለዋል። በየቤቱ የሚገኙ የውሃ ማጠራቀሚያዎች በንጹህ ክዳን መሸፈን እንዳለባቸው ለነዋሪዎቹ በዝርዝር ተብራርቷል። በክልሉ ውስጥ የወባ በሽታን ለመከላከል ፪ ሚሊዮን ብር ለተለያዩ የጤና ቁሳቁሶች መመደቡ ተገልጿል። የጤናው መኮንን ወይዘሮ መቅደስ አበበ በዝግጅቱ ላይ በመገኘት የከተማዋን የጤና ሁኔታ በቅርብ እየተከታተሉ መሆናቸውን ገልጸዋል። የጤና ባለሙያዎች በየሳምንቱ በየቤቱ በመዞር የቆሙ ውሃዎችን እንዲያስወግዱ ጥብቅ መመሪያ ሰጥተዋል። በዚህም ምክንያት በከተማዋ ውስጥ ያለው የወባ ስጋት በከፍተኛ ሁኔታ እንደሚቀንስ ተስፋ ተጥሏል። ሁሉም የከተማዋ ነዋሪዎች ለጤናቸው ሲሉ እነዚህን መመሪያዎች በጥብቅ እንዲተገብሩ ጥሪ ቀርቧል።

የሰሜን ኮረብታ የጤና ኮሚቴ የወባ በሽታን ለመከላከል ምን ዓይነት ተግባራዊ መመሪያዎችን አውጥቷል?"
comprehension|215#0,comprehension,,health,"ጽሑፉን በጥንቃቄ አንብባችሁ ጥያቄውን ከጽሑፉ በመነሳት መልሱ።

Context:
በሰኔ ፲፪ ቀን ሁለት ሺህ አሥራ ስምንት ዓመተ ምሕረት በዝቅተኛው የዘንበላ ከተማ የጤና ጣቢያ ውስጥ ትልቅ የክትባት ዘመቻ ተጀምሯል። የሰላም ጤና ማኅበር ተወካዮች በከተማዋ ውስጥ ለሚኖሩ አምስት ሺህ ሕፃናት የክትባት አገልግሎት ለመስጠት በከፍተኛ ዝግጅት ላይ ይገኛሉ። የጤና ጣቢያው ኃላፊ አቶ በቀለ ተስፋዬ እንደገለጹት ይህ ዘመቻ በዋናነት በቫይረስ ተጋላጭ ለሆኑ ሕፃናት ትኩረት ይሰጣል። በዘመቻው ወቅት በድምሩ ሁለት መቶ የጤና ባለሙያዎች በየሰፈሩ በመዘዋወር ሕፃናትን ለመታደግ በቁርጠኝነት እየሰሩ ይገኛሉ። የከተማዋ አስተዳደር ለዘመቻው የሚያስፈልጉትን የትራንስፖርት እና የሎጂስቲክስ ቁሳቁሶች በሙሉ በበጀት አሟልቷል። የጤና ባለሙያዎች ለወላጆች ስለ ክትባቱ አስፈላጊነት እና ስለሚኖሩት የጎንዮሽ ጉዳቶች ዝርዝር መረጃ እየሰጡ ነው። በዘመቻው ወቅት የሚሰጡት ክትባቶች ከውጭ አገር በከፍተኛ ወጪ ለከተማዋ የጤና መምሪያ የተላኩ ናቸው። የሰላም ጤና ማኅበር አባላት በየመንደሩ በመዞር ወላጆች ወደ ጤና ጣቢያው እንዲመጡ ጥሪ እያቀረቡ ነው። ይህ የክትባት ዘመቻ እስከ ነሐሴ አምስት ቀን ድረስ በከተማዋ ውስጥ እንዲቀጥል ተወስኗል። በዘመቻው መጨረሻ ላይ የተሳካ ውጤት እንደሚገኝ የጤና ባለሙያዎች በልበ ሙሉነት ይናገራሉ።

በዝቅተኛው የዘንበላ ከተማ የክትባት ዘመቻ እንዲካሄድ በጀት ያበቃላቸው እና ቁሳቁሶችን ያሟሉለት አካል የትኛው ነው?"
comprehension|215#1,comprehension,,health,"ጽሑፉን አንብበህ ጥያቄውን መልስ፡

ጽሑፍ፡ በአባይ ሸለቆ አካባቢ በሚገኘው የኩሬ ወንዝ ዳርቻ በሚገኙ መንደሮች ውስጥ አዲስ የክትባት ፕሮግራም ተጀምሯል። የሰማያዊ ተስፋ ድርጅት በሰኔ አሥራ አምስት ቀን በነበረው ስብሰባ መሠረት ለሦስት መቶ አርባ አምስት ቤተሰቦች ክትባት ለመስጠት ወስኗል። የፕሮግራሙ አስተባባሪ ወይዘሪት ሳራ አቤል እንደገለጹት ክትባቱ በዋናነት ለሕፃናት እና ለአረጋውያን ተብሎ የተዘጋጀ ነው። በክልሉ ውስጥ የሚገኙ አምስት የጤና ጣቢያዎች ለዚህ ተግባር አስፈላጊ የሆኑ መድኃኒቶችን አቅርበዋል። የጤና ባለሙያዎች በየቀኑ መቶ አምሳ ሰዎችን ለመታከም በየመንደሩ እየተዘዋወሩ ይገኛሉ። የኩሬ ወንዝ ነዋሪዎች በዘመቻው ላይ በከፍተኛ ተሳትፎ እየተሳተፉ መሆኑን የድርጅቱ ሪፖርት ያሳያል። የክትባቱ ሂደት በሰላማዊ ሁኔታ እየተከናወነ ሲሆን ምንም ዓይነት የጤና ችግር አልታየም። የሰማያዊ ተስፋ ድርጅት ለዚህ ፕሮግራም አምስት ሚሊዮን ብር መድብቶለታል። በክልሉ ያሉ መሪዎች ፕሮግራሙ በሰላም እንዲጠናቀቅ አስፈላጊውን ድጋፍ እያደረጉ ነው። በዘመቻው ወቅት የሚሰጡት መረጃዎች በሁሉም የቋንቋ ተናጋሪዎች እንዲደርሱ ተደርጓል። የክትባቱ ውጤት በሚቀጥለው ዓመት መጀመሪያ ላይ በዝርዝር ይፋ ይሆናል።

ጥያቄ፡ የሰማያዊ ተስፋ ድርጅት ለክትባት ፕሮግራሙ መድቦ የለቀቀው የገንዘብ መጠን ስንት ነው?"
comprehension|223#0,comprehension,,agriculture,"በሚከተለው ጽሑፍ መሠረት ጥያቄውን በአጭሩ መልስ።

Context:
በኢትዮጵያ የግብርና ዘርፍ ውስጥ ጤፍ ዋነኛውና በጣም አስፈላጊ ተክል መሆኑን ሁሉም ገበሬዎች በሰፊው ያውቃሉ። ይህ ጥቃቅን ቅንጣቶች ያሉት እህል ለሀገሪቱ የምግብ ዋስትና ከፍተኛ አስተዋጽኦ የሚያደርግ የሰብል አይነት ነው። ጤፍ በደረቅ የአየር ሁኔታ ውስጥ የመኖር ከፍተኛ ችሎታ ስላለው ለብዙ አርሶ አደሮች ዋስትና ይሰጣል። አርሶ አደሮች ጤፍን ለመዝራት ከመጀመሪያው እስከ መጨረሻው ድረስ የተለያዩ የሥራ ሂደቶችን በጥንቃቄ ይከታተላሉ። መጀመሪያ ላይ መሬቱን ማለስለስና ማዘጋጀት ለሰብሉ ጥሩ እድገት እንዲኖር በጣም አስፈላጊ የሆነ ተግባር ነው። በመቀጠልም ተገቢውን የዘር መጠንና ጥራት በመምረጥ መሬቱ ላይ በትክክል መዝራት ይኖርባቸዋል። ዝናብ በሚዘንብበት ወቅት ዘሩ በቂ እርጥበት እንዲያገኝ በማድረግ ለተሻለ ምርት እንዲረዳ ይደረጋል። የጤፍ ምርት ወቅት ሲደርስም ሰብሉ በደንብ እንዲደርቅና ለመሰብሰብ እንዲዘጋጅ ተደርጎ በሜዳ ላይ ይተወታል። ምርቱ ከተሰበሰበ በኋላም በንጹህ ቦታ ላይ በማድረቅና በመፍጨት ለገበያ እንዲቀርብ ይደረጋል። ይህ ሂደት ለተመጣጣኝ ገቢና ለቤተሰብ ምግብ ፍላጎት መሟላት ትልቅ ሚና ይጫወታል።

ጤፍ ለብዙ አርሶ አደሮች ዋስትና የሚሰጠው በምን ምክንያት ነው?"
comprehension|231#0,comprehension,,news,"ከዚህ በታች ያለውን ምንባብ አንብበህ ጥያቄውን መልስ።

Context:
በሰኔ ፲፪ ቀን በታላቁ የዝቅተኛ ኮረብታ ከተማ በሚገኘው አዲስ ብርሃን ትምህርት ቤት ውስጥ ትልቅ የቴክኖሎጂ ስልጠና ተጀምሯል። ይህ ስልጠና በታዋቂው የሰማይ ሰማያዊ የትምህርት ማዕከል አማካኝነት ለ፪፻፶ አዳዲስ ተማሪዎች በነፃ እንዲሰጥ ተደርጓል። በስልጠናው ወቅት ተማሪዎቹ ስለ ዘመናዊ የኮምፒውተር ግንባታ እና ስለ ሶፍትዌር አሰራር ጥልቅ እውቀት እንዲያገኙ ተደርጓል። የትምህርት ቤቱ ዳይሬክተር አቶ በቀለ ተስፋዬ በሥነ ሥርዓቱ ላይ በመገኘት ፕሮግራሙ ለከተማዋ ዕድገት ትልቅ አስተዋጽኦ እንደሚኖረው ገልጸዋል። ስልጠናው በየቀኑ ለስድስት ሰዓታት የሚቆይ ሲሆን በየሳምንቱ ቅዳሜም ተጨማሪ የተግባር ልምምዶች እንዲኖሩ ተደርጓል። ለስልጠናው የሚያስፈልጉ ማሽኖች በጠቅላላው ፻፶ አዳዲስ ላፕቶፖች እና ፳ ትላልቅ የኮምፒውተር ማዕከላት ተሟልተዋል። ተማሪዎቹ ስልጠናውን ሲያጠናቅቁ በዘርፉ የሚያስችላቸው የብቃት ማረጋገጫ የምስክር ወረቀት እንዲያገኙ ተስማምተዋል። ይህ ፕሮጀክት በዓመቱ መጨረሻ ላይ ሌላ ፻፳ ተጨማሪ ተማሪዎችን ለማካተት የታቀደ ትልቅ ዕቅድ ነው። የትምህርት ማዕከሉ በበጀት ደረጃ ፭ ሚሊዮን ብር ለዚህ ተግባር መድቧል። በስልጠናው ሂደት ውስጥ ምንም ዓይነት የቴክኒክ ችግር እንዳይከሰት የጥገና ባለሙያዎች በየቀኑ እንዲገኙ ተደርጓል።

በአዲስ ብርሃን ትምህርት ቤት ለሚሰጠው ስልጠና የሰማይ ሰማያዊ የትምህርት ማዕከል ምን ያህል በጀት መድቧል?"
comprehension|231#1,comprehension,,news,"ንባቡን መሠረት በማድረግ ጥያቄውን መልስ።

Context:
በጥቅምት ወር በወንዝ ዳር ከተማ በሚገኘው የጥበብ ማዕከል ውስጥ አዲስ የኪነ ጥበብ ትምህርት ቤት ተከፍቷል። ይህ አዲስ ተቋም በዋናነት ለወጣቶች የሥዕል እና የቅርጻ ቅርጽ ጥበብን ለማስተማር የተቋቋመ ነው። የትምህርት ቤቱ መስራች ወይዘሮ አልማዝ አበበ እንደገለጹት ተቋሙ በየዓመቱ ፭፻ አዳዲስ ተማሪዎችን ለመቀበል አቅሙ አለው። በትምህርት ቤቱ ውስጥ ለተማሪዎች አገልግሎት የሚውሉ ፲፪ ትላልቅ የስዕል መሳያ ክፍሎች እና ፭ የቅርጽ ማሳያ አዳራሾች ተገንብተዋል። ተማሪዎቹ በየሳምንቱ ለሦስት ቀናት በባለሙያዎች የሚመራ የተግባር ትምህርት እንዲወስዱ ተደራጅቷል። በትምህርት ቤቱ ውስጥ የሚገኙ የጥበብ መሣሪያዎች በሙሉ ከቅርብ ርቀት በሚገኝ የጥበብ መጋዘን ተገዝተው ለተማሪዎች እንዲቀርቡ ተደርጓል። የትምህርት ቤቱ ዓላማ በከተማዋ ውስጥ ያለውን የኪነ ጥበብ ፍላጎት ማሳደግ እና ወጣቶችን በሙያ ማብቃት ነው። በዓመቱ መጨረሻ ላይ ተማሪዎቹ የሠሯቸውን ሥራዎች የሚያሳዩበት ትልቅ የጥበብ ኤግዚቢሽን እንዲዘጋጅ ተወስኗል። ለዚህ ዝግጅትም ፪ ሚሊዮን ብር የሚያወጣ የገቢ ማሰባሰቢያ መርሃ ግብር ተይዟል። ተማሪዎች በነፃ እንዲማሩ ለማድረግ ከተማዋ ካሏት ለጋሾች ጋር ስምምነት ተደርጓል።

በጥበብ ማዕከሉ ውስጥ ለተማሪዎች አገልግሎት የሚውሉ የስዕል መሳያ ክፍሎች ብዛት ስንት ነው?"
comprehension|243#0,comprehension,,daily_life,"ከዚህ በታች ያለውን ምንባብ አንብበህ ጥያቄውን መልስ።

Context:
በየሳምንቱ ቅዳሜ ጠዋት በአዲስ አበባ ውስጥ በሚገኘው ትልቅ የገበያ ቦታ ላይ ብዙ ሰዎች የተለያዩ የቤት ውስጥ ቁሳቁሶችን ለመግዛት ይሰበሰባሉ። ነጋዴዎች ምርቶቻቸውን በየሰፈሩ ባሉ ጠባብ መንገዶች ላይ በሰፊው ዘርግተው ለደንበኞች እንዲታዩ ያደርጋሉ። በገበያው ውስጥ ትኩስ አትክልቶችና ፍራፍሬዎች ከገጠር አካባቢዎች በታላቅ ጥንቃቄ ተጭነው ስለሚመጡ ጥራታቸው በጣም ከፍተኛ ነው። በየጎዳናው ባሉ ትናንሽ መሸጫዎች ላይ የተለያዩ የቅባት እህሎችና የጥራጥሬ አይነቶች በብዛት ይገኛሉ። ሴቶች ለቤታቸው የሚያስፈልጉትን የሽንኩርትና የቲማቲም ምርቶች ለመግዛት በሰፊው ይገኛሉ። ወንዶች ደግሞ ለቤት ውስጥ አገልግሎት የሚውሉ የብረትና የእንጨት ቁሳቁሶችን በዝቅተኛ ዋጋ ለመፈለግ ይጥራሉ። በገበያው መሃል የሚገኙ የጫማና የልብስ መሸጫዎች ለወጣቶች በጣም ተመራጭ የሆኑ ምርቶችን ያቀርባሉ። አንዳንዴ ደንበኞችና ነጋዴዎች ስለ እቃዎቹ ዋጋ ለመደራደር ረጅም ሰዓት ይቆያሉ። በገበያው ውስጥ የሚሸጡት የጥራጥሬ አይነቶች በየኪሎው ተለክተው ለደንበኞች ይሰጣሉ። በገበያው መጨረሻ ላይ የቀሩ ምርቶች በቅናሽ ዋጋ ለሚፈልጉ ሰዎች ይሸጣሉ። የገበያው ድባብ ሁልጊዜም በሰዎች ንግግርና በጩኸት የተሞላ በመሆኑ በጣም ደስ የሚል ነው።

በገበያው ውስጥ የሚሸጡት የጥራጥሬ አይነቶች ለደንበኞች እንዴት ነው የሚሰጡት?"
comprehension|247#0,comprehension,,history,"ጽሑፉን በጥንቃቄ አንብባችሁ ጥያቄውን ከጽሑፉ በመነሳት መልሱ።

Context:
በአክሱም ስልጣኔ ዘመን የነበረው የዘንበላ ከተማ የንግድ ማዕከል በታላቁ የሰንታ ሸክላ አምራቾች ማህበር አማካኝነት በታላቅ ሁኔታ እያደገ መጥቷል። በ፪፻፶፪ ዓመተ ምህረት በታዋቂው የንግድ መሪ አቶ በቀለ ዘለቀ መሪነት የከተማዋ የገበያ ስፋት በሃያ በመቶ እንዲጨምር ተደርጓል። በወቅቱ የነበሩት የሰንታ የሸክላ አምራቾች በየቀኑ በአማካይ አራት መቶ አዳዲስ ዕቃዎችን ለውጭ አገር ገበያ ያቀርቡ ነበር። ይህ የንግድ እንቅስቃሴ በከተማዋ ውስጥ የሚገኙትን የሰንታ የንግድ ማህበራት በከፍተኛ ሁኔታ እንዲጠነክሩና እንዲበለጽጉ አድርጓቸዋል። በከተማዋ ውስጥ የሚገኙት የንግድ መጋዘኖች በወቅቱ በሰላሳ አዳዲስ ሰራተኞች አማካኝነት በየቀኑ ይከፈታሉ። የከተማዋ አስተዳደር በወቅቱ የነበረውን የንግድ ታክስ በሃምሳ በመቶ በመቀነስ አዳዲስ ነጋዴዎች እንዲመጡ አድርጓል። በዘንበላ ከተማ ውስጥ የሚገኙት የሸክላ አምራቾች ጥራት ያላቸውን ዕቃዎች ለማምረት በየሳምንቱ አምስት ቀን ስልጠና ይሰጣሉ። በወቅቱ የነበረው የንግድ ልውውጥ በከተማዋ ውስጥ የሚገኙትን የገንዘብ ዝውውሮች በከፍተኛ ሁኔታ አሳድጎታል። የሰንታ ማህበር አባላት በየዓመቱ በሰኔ ወር ላይ ትልቅ የንግድ ትርኢት በማዘጋጀት አዳዲስ ደንበኞችን ይጋብዛሉ። ይህ የንግድ ስርአት በከተማዋ ውስጥ ሰፊ የስራ እድል በመፍጠር ለብዙ ቤተሰቦች መተዳደሪያ ሆኗል። በዘንበላ ከተማ ውስጥ የሚገኙት የንግድ መጋዘኖች በየቀኑ በሁለት ዙር ዕቃዎችን ይጭናሉ።

በ፪፻፶፪ ዓመተ ምህረት የሰንታ የሸክላ አምራቾች ማህበር የንግድ ስፋት በስንት በመቶ እንዲጨምር ተደርጓል?"
comprehension|247#1,comprehension,,history,"የተሰጠውን ጽሑፍ በጥንቃቄ ካነበብክ በኋላ የቀረበውን ጥያቄ መልስ።

ጽሑፍ፡ በአክሱም ግዛት ውስጥ በነበረው የጥንታዊ የጥበብ ማዕከል በዝንጅብል ተራራ ስር የሚገኘው የሰላም መቅደስ በታላቁ የጥበብ መሪ አቶ ተስፋዬ በቀለ ይመራ ነበር። ይህ መቅደስ በ፪፻፶፪ ዓመተ ምህረት በታላቁ የጥበብ ጉባኤ አማካኝነት ሰባት አዳዲስ የጥበብ ዘርፎችን ለተማሪዎች ማስተማር ጀምሯል። በመቅደሱ ውስጥ የሚገኙት የጥበብ ተማሪዎች በየቀኑ በስድስት ሰዓታት የጥበብ ስልጠና እንዲወስዱ በደንብ ተደራጅቷል። መቅደሱ በወቅቱ በሰባት የተለያዩ የጥበብ ክፍሎች የተከፋፈለ ሲሆን እያንዳንዱ ክፍል የራሱ የሆነ መምህር ነበረው። በየዓመቱ በታህሳስ ወር ላይ የሚካሄደው የጥበብ ትርኢት በሺዎች የሚቆጠሩ ተሳታፊዎችን ወደ መቅደሱ ይስባል። መቅደሱ ውስጥ የሚገኙት የጥበብ መጻሕፍት በወርቅ ቀለም ተጽፈው በልዩ ሁኔታ ተቀምጠዋል። በወቅቱ የነበረው የጥበብ ማህበር አባላት በየሳምንቱ አንድ ቀን የጋራ የጥበብ ውይይት ያደርጋሉ። መቅደሱ ውስጥ የሚገኙት የጥበብ መሣሪያዎች በየዓመቱ በሰኔ ወር ላይ በታላቅ ሥነ ሥርዓት ይታደሳሉ። በዝንጅብል ተራራ ስር የሚገኘው ይህ መቅደስ ለብዙ ዓመታት የጥበብ ምንጭ ሆኖ ቆይቷል። መቅደሱ ውስጥ የሚገኙት ተማሪዎች በየዓመቱ በሰባት የጥበብ ዘርፎች ላይ ፈተና እንዲወስዱ ይደረጋል። በመቅደሱ ውስጥ የሚገኙት መምህራን በየቀኑ አምስት ሰዓታት የጥበብ ምርምር ያደርጋሉ።

ጥያቄ፡ በዝንጅብል ተራራ ስር የሚገኘው የሰላም መቅደስ በታላቁ የጥበብ ጉባኤ አማካኝነት ስንት አዳዲስ የጥበብ ዘርፎችን ማስተማር ጀምሯል?"
comprehension|247#2,comprehension,,history,"ምንባቡን ካነበብሽ በኋላ ለጥያቄው መልስ ስጪ።

Context:
በአክሱም ግዛት ውስጥ በነበረው የጥንታዊ የግብርና ማዕከል በወርቅ ሜዳ ስር የሚገኘው የሰንበት እርሻ ማህበር በታላቁ የግብርና መሪ አቶ አበበ በቀለ ይመራ ነበር። ይህ ማህበር በ፪፻፶፪ ዓመተ ምህረት በሰባት የተለያዩ የሰብል ዓይነቶች ምርት ማምረት መጀመሩን በይፋ አውጇል። በየዓመቱ በመስከረም ወር ላይ የሚካሄደው የሰብል መሰብሰቢያ በሺዎች የሚቆጠሩ ገበሬዎችን ወደ ወርቅ ሜዳ ይጋብዛል። ማህበሩ በየዓመቱ በሃያ በመቶ መጠን የሰብል ምርቱን ለማሳደግ አዳዲስ የግብርና ዘዴዎችን ተግባራዊ ያደርጋል። በየቀኑ ማህበሩ በሰባት የተለያዩ የግብርና መሣሪያዎች አማካኝነት ሰፊውን እርሻ ይቆጣጠራል። በወርቅ ሜዳ ውስጥ የሚገኙት የግብርና መጋዘኖች በየዓመቱ በሃምሳ ቶን ምርት ይሞላሉ። ማህበሩ በየሳምንቱ ቅዳሜ ዕለት ለገበሬዎች በነፃ የግብርና ስልጠና ይሰጣል። በወቅቱ የነበረው የግብርና መመሪያ በየዓመቱ በጥር ወር ላይ ይሻሻላል። ማህበሩ በየዓመቱ በሃያ አዳዲስ የግብርና መሣሪያዎችን ለገበሬዎች በብድር ይሰጣል። በወርቅ ሜዳ ውስጥ የሚገኙት የግብርና ሰራተኞች በየቀኑ በስምንት ሰዓታት ውስጥ ይሰራሉ። ማህበሩ በየዓመቱ በሰኔ ወር ላይ ትልቅ የግብርና ምርት ትርኢት ያዘጋጃል። ይህ የግብርና ማህበር በወርቅ ሜዳ አካባቢ ለሚገኙት ማህበረሰቦች የኢኮኖሚ መሠረት ሆኗል።

በወርቅ ሜዳ ስር የሚገኘው የሰንበት እርሻ ማህበር በ፪፻፶፪ ዓመተ ምህረት ስንት ዓይነት የሰብል ዓይነቶችን ማምረት መጀመሩን አውጇል?"
comprehension|251#0,comprehension,,history,"ምንባቡን ካነበብሽ በኋላ ለጥያቄው መልስ ስጪ።

Context:
በታላቁ የዘርፋን ከተማ ውስጥ በ፪፻፶፪ ዓመተ ምሕረት የታወቀው የሰንተሮስ መንግሥት በድንገት ከሥልጣን መውረዱ ዓለምን አስደንግጧል። የከተማዋ ታላቅ የታሪክ ተመራማሪ የሆኑት አቶ ቴዎድሮስ ዘርአ ኃይሌ እንደገለጹት ይህ ክስተት በከተማዋ የንግድ እንቅስቃሴ ላይ ከፍተኛ ተጽዕኖ አሳድሯል። በወቅቱ የነበረው የንግድ ማኅበር የዘርፋን የንግድ ጉባኤ በሰባት ወራት ውስጥ የንግድ ልውውጡ በ፵ በመቶ መቀነሱን በዝርዝር አሳውቋል። የንጉሡ የዘርፋን መሪ አቶ ካሳሁን በቀን ፲፪ ሰዓታት ያህል ከታላቁ ቤተ መንግሥት ውጭ ለሕዝቡ መግለጫ በመስጠት መረጃዎችን አጋርተዋል። በከተማዋ የሚገኙት የጥንት የሸክላ ውጤቶች አምራቾች በ፪፻፶፪ ዓመት ውስጥ የነበራቸውን የሥራ መጠን በግማሽ እንዲቀንሱ ተገደዋል። የከተማዋ የሕግ ባለሙያዎች በወቅቱ የተፈጠረውን የፖለቲካ አለመረጋጋት ለመፍታት በ፲፭ የተለያዩ ኮሚቴዎች አማካኝነት ጥረት አድርገዋል። የከተማዋ ነዋሪዎች በ፪፻፶፪ ዓመት ውስጥ በታሪክ ታይቶ የማይታወቅ የሰላም እጦት እና የኑሮ ውድነት እንደታየባቸው በዜናው ተገልጿል። የከተማዋ ዋና የገበያ ማዕከል የነበረው የሰንተሮስ ገበያ በ፲፭ ቀናት ውስጥ ሙሉ በሙሉ መዘጋቱን የንግድ ማኅበሩ ዘገባ ያረጋግጣል። በወቅቱ የነበሩት የከተማዋ መሪዎች በ፪፻፶፪ ዓመት ውስጥ የተፈጠረውን ችግር ለመፍታት ፪ ሚሊዮን ወርቅ ሳንቲሞችን ለድሆች ለማከፋፈል ወስነዋል። ይህ ታላቅ የከተማዋ የኢኮኖሚ ቀውስ በታሪክ መዝገቦች ውስጥ በዝርዝር ተመዝግቦ እንዲቀመጥ በታሪክ ተመራማሪዎች ታዟል።

በ፪፻፶፪ ዓመተ ምሕረት የሰንተሮስ መንግሥት ከሥልጣን መውረዱ በከተማዋ የንግድ እንቅስቃሴ ላይ ምን ዓይነት ተጽዕኖ አሳድሯል?"
comprehension|251#1,comprehension,,history,"ከሚከተለው ጽሑፍ በመነሳት ጥያቄውን መልስ።

በጥንታዊቷ የሉሚና ሸለቆ ውስጥ በ፪፻፻፲ ዓመት የተገኘው የብር ጽሕፈት መዝገብ ለታሪክ ተመራማሪዎች ትልቅ ግኝት ሆኖ ተመዝግቧል። ይህ መዝገብ የተገኘው በ፪፻፻፲ ዓመት ውስጥ በታላቁ የሉሚና አርኪኦሎጂ ቡድን መሪ በሆኑት በዶክተር አበበ በቀለ አማካኝነት ነው። መዝገቡ በ፲፪ የተለያዩ የብር ሳንቲሞች ላይ የተጻፉ ታሪካዊ መረጃዎችን እና የንግድ ውሎችን በዝርዝር ይዟል። በወቅቱ በነበረው የሉሚና ሸለቆ የንግድ ማኅበር መሠረት በ፪፻፻፲ ዓመት ውስጥ ፪፻፶ ጥሬ ዕቃዎች ለጎረቤት ከተሞች ይላኩ ነበር። የሉሚና ሸለቆ ነዋሪዎች በወቅቱ የነበራቸውን የግብር አሰባሰብ ሥርዓት በ፲፭ የሕግ ሰነዶች አማካኝነት በዝርዝር አሳውቀዋል። ይህ የብር ጽሕፈት መዝገብ በ፪፻፻፲ ዓመት ውስጥ የተገኘው በሸለቆው ውስጥ በሚገኘው በታላቁ የድንጋይ ጉድጓድ ውስጥ ነው። የጥንቱ የሉሚና መሪ አቶ በቀለ ፪፻፻፲ ዓመት ውስጥ ለሕዝቡ የሰጡትን የግብር ቅናሽ መረጃም በጽሕፈቱ ላይ ይገኛል። የጥንታዊው መዝገብ ጥራት በ፪፻፻፲ ዓመት ውስጥ የተገኘው በ፲፭ የተለያዩ የጥናት መሣሪያዎች ታግዞ መሆኑ ተገልጿል። በ፪፻፻፲ ዓመት ውስጥ የተገኘው ይህ መዝገብ በሉሚና ሸለቆ ታሪክ ውስጥ ትልቅ ለውጥ ያመጣ መሆኑን ተመራማሪዎች ይናገራሉ። ይህ ግኝት በ፪፻፻፲ ዓመት ውስጥ የተከናወነ ትልቁ የታሪክ ምርምር መሆኑን የሉሚና አርኪኦሎጂ ቡድን ዘገባ ያረጋግጣል።

ጥያቄ፡ በ፪፻፻፲ ዓመት የተገኘው የሉሚና የብር ጽሕፈት መዝገብ በምን ዓይነት ቦታ ነው የተገኘው?"
comprehension|251#2,comprehension,,history,"ንባቡን መሠረት በማድረግ ጥያቄውን መልስ።

Context:
በታላቁ የካላን ከተማ ውስጥ በ፻፻፶ ዓመተ ምሕረት የተመሠረተው የካላን የጥበብ ማኅበር ለጥበብ አርቲስቶች ትልቅ ዕድል ፈጥሯል። ይህ ማኅበር በ፻፻፶ ዓመተ ምሕረት በ፪፻ የጥበብ ባለሙያዎች አማካኝነት በታላቁ የካላን ቤተ መጻሕፍት ውስጥ ተመሠረተ። የማኅበሩ መሪ የሆኑት አቶ ዮናስ በቀለ በ፻፻፶ ዓመተ ምሕረት ውስጥ ፲፭ አዳዲስ የጥበብ ትምህርት ቤቶችን ለመክፈት አቅደዋል። በ፻፻፶ ዓመተ ምሕረት ውስጥ ማኅበሩ ለጥበብ ሥራዎች የሚውል ፪ ሚሊዮን ወርቅ ብር ለጥበብ አርቲስቶች አቅርቧል። በካላን ከተማ ውስጥ የሚገኙት የጥበብ አርቲስቶች በ፻፻፶ ዓመተ ምሕረት ውስጥ ፻፳ አዳዲስ ስዕሎችን አሳይተዋል። የማኅበሩ የሥራ መመሪያ በ፻፻፶ ዓመተ ምሕረት ውስጥ በ፲፭ የሕግ ባለሙያዎች አማካኝነት ተጽፎ ተረጋግጧል። በ፻፻፶ ዓመተ ምሕረት ውስጥ ማኅበሩ በ፪ቱ ዓመታት ውስጥ ፵ የጥበብ ትርኢቶችን ማዘጋጀቱን የካላን የጥበብ ማኅበር ዘገባ ያሳያል። በ፻፻፶ ዓመተ ምሕረት ውስጥ የተመሠረተው ይህ ማኅበር በከተማዋ የባህል እንቅስቃሴ ላይ ትልቅ ሚና ተጫውቷል። ማኅበሩ በ፻፻፶ ዓመተ ምሕረት ውስጥ ለጥበብ አርቲስቶች የሚሰጠው ድጋፍ በ፲፭ የተለያዩ የገንዘብ ዓይነቶች የተከፈለ ነበር። በ፻፻፶ ዓመተ ምሕረት ውስጥ የተመሠረተው ማኅበር በካላን ከተማ ውስጥ በታሪክ ታይቶ የማይታወቅ የጥበብ እድገት አምጥቷል።

በ፻፻፶ ዓመተ ምሕረት የተመሠረተው የካላን የጥበብ ማኅበር ለጥበብ አርቲስቶች ምን ዓይነት ድጋፍ አቅርቧል?"
comprehension|259#0,comprehension,,science,"ምንባቡን ካነበብሽ በኋላ ለጥያቄው መልስ ስጪ።

Context:
ዕፅዋት ለህልውናቸው የሚያስፈልጋቸውን ምግብ ለማዘጋጀት የፀሐይ ብርሃንን፣ ውሃን እና ካርቦን ዳይኦክሳይድን በመጠቀም የፎቶሲንተሲስ የተባለውን ሂደት ያከናውናሉ። ይህ ሂደት በዋናነት በቅጠሎች ውስጥ በሚገኙት አረንጓዴ ቀለም ባላቸው ክሎሮፕላስት በተባሉ ጥቃቅን ክፍሎች ውስጥ የሚከናወን ተፈጥሯዊ ስራ ነው። ዕፅዋት ከአፈር ውስጥ በሥር አማካኝነት የሚመጣውን ውሃ ከሌሎች ግብዓቶች ጋር በማቀናጀት ስኳር የተባለውን ጠቃሚ ንጥረ ነገር ይፈጥራሉ። በዚህ ሂደት ውስጥ እንደ ተክሎች ለሕይወት አስፈላጊ የሆነው ኦክስጅን ጋዝ እንደ ተረፈ ምርት ወደ አየር ይለቀቃል። የፀሐይ ብርሃን ጉልበት በክሎሮፊል ሞለኪውሎች አማካኝነት ተቀብቶ ለኬሚካላዊ ለውጡ መነሻ እንዲሆን ያደርጋል። ካርቦን ዳይኦክሳይድ በቅጠሎች ላይ በሚገኙት ትናንሽ ቀዳዳዎች ወይም ስቶማታ አማካኝነት ወደ ውስጥ ይገባል። የተፈጠረው ስኳር ለዕፅዋቱ እድገት እና ለተለያዩ የሰውነት ክፍሎቻቸው ግንባታ እንደ ዋና የኃይል ምንጭ ያገለግላል። አረንጓዴ ተክሎች በምድር ላይ ያለውን የካርቦን መጠን ለመቀነስ እና የአየር ንብረትን ለመጠበቅ ትልቅ ሚና ይጫወታሉ። ያለዚህ ሂደት በምድር ላይ ያሉ ሌሎች ሕይወት ያላቸው ፍጥረታት ምግብ ማግኘት አይችሉም። ስለዚህ ፎቶፎሲንተሲስ ለምድር ሥነ-ሕይወት መሠረት የሆነ እጅግ አስፈላጊ የሆነ ተፈጥሯዊ ሂደት ነው።

ዕፅዋት በፎቶሲንተሲስ ሂደት ውስጥ እንደ ተረፈ ምርት ወደ አየር የሚለቁት የትኛውን ጋዝ ነው?"
comprehension|259#1,comprehension,,science,"በሚከተለው ጽሑፍ መሠረት ጥያቄውን በአጭሩ መልስ።

Context:
የፎቶሲንተሲስ ሂደት ውጤት የሆነው ግሉኮዝ ወይም ስኳር ለተክሎች እድገት በጣም ወሳኝ የሆነ የኃይል ምንጭ ነው። ተክሎች ይህንን ስኳር ለተለያዩ ተግባራቸው እንዲጠቀሙበት በውስጣቸው በማከማቸት ወይም ወደ ሌሎች ንጥረ ነገሮች በመቀየር ይዘጋጃሉ። ለምሳሌ እንደ ስታርች ያሉ ንጥረ ነገሮችን በማዘጋጀት ለወደፊት ጊዜ እንዲሆን በሥር ወይም በቅጠል ላይ ያከማቻሉ። ይህ ሂደት በፀሐይ ብርሃን አማካኝነት የሚከናወን በመሆኑ የብርሃን መጠን ለሂደቱ ፍጥነት ትልቅ ተጽዕኖ አለው። ብርሃን በበዛ ቁጥር ተክሎች ምግብ የማዘጋጀት አቅማቸው እየጨመረ ይሄዳል ተብሎ ይታመናል። ነገር ግን በጣም ከፍተኛ የሆነ የብርሃን መጠን አንዳንድ ጊዜ ለቅጠሎቹ ጉዳት ሊያደርስ ይችላል። የውሃ አቅርቦትም ለዚህ ሂደት መሳካት ወሳኝ በመሆኑ በድርቅ ወቅት ተክሎች ምግብ ማዘጋጀት ይቸገራሉ። በቂ ካርቦን ዳይኦክሳይድ ካልተገኘ ደግሞ የፎቶሲንተሲስ ፍጥነት በከፍተኛ ሁኔታ ይቀንሳል። ተክሎች በቂ ምግብ ካላመረቱ እድገታቸው ይገታል ወይም ሙሉ በሙሉ ሊሞቱ ይችላሉ። ስለዚህ ተክሎች በጤናማ ሁኔታ እንዲኖሩ ተመጣጣኝ የብርሃን፣ የውሃ እና የጋዝ መጠን ያስፈልጋቸዋል።

ተክሎች ለወደፊት ጊዜ እንዲሆንላቸው የሚያከማቹትን የኃይል ምንጭ በምን ዓይነት ስም ይጠራሉ?"
comprehension|263#0,comprehension,,science,"እባክዎን ከታች ያለውን ጽሑፍ አንብበው ለሚከተለው ጥያቄ መልስ ይስጡ።

Context:
በየቀኑ የምንጠቀማቸው የቤት ውስጥ ማጽጃዎች በተለያዩ የኬሚካል ውህዶች የተሰሩ ሲሆን እነዚህም በቤት ውስጥ ያለውን ንጽህና ለመጠበቅ ትልቅ ሚና ይጫወታሉ። ለምሳሌ እንደ አሲድ ያሉ ንጥረ ነገሮች በሳሙና ውስጥ በመገኘታቸው በቆዳችን ላይ ያለውን ቅባት እና ቆሻሻ በቀላሉ ለማስወገድ ይረዳሉ። አንዳንዶቹ የጽዳት ፈሳሾች ደግሞ በከፍተኛ ሙቀት ውስጥ ሲሆኑ በንጣፎች ላይ ያሉትን ባክቴሪያዎች ለመግደል በጣም ጠንካራ የሆኑ ንጥረ ነገሮችን ይይዛሉ። በምግብ ዝግጅት ወቅት የምንጠቀምባቸው እንደ ጨው እና በረኪና ያሉ ነገሮችም የኬሚካል ባህሪያቸው ለምግብ ጣዕም እና ለጥንቃቄ አስፈላጊ ነው። በቤት ውስጥ የሚገኙ የጽዳት ቁሳቁሶችን በአንድ ላይ መቀላቀል ግን በጣም አደገኛ ሊሆን ስለሚችል ጥንቃቄ ማድረግ ያስፈልጋል። በተለይም በኩታ አሲድ እና በብሊች መካከል የሚፈጠር የኬሚካል ግብረመልስ ለሰው ልጅ ትንፋሽ የሚያስቸግር መርዛማ ጋዝ ስለሚፈጥር መወገድ አለበት። የጽዳት ውጤታማነት እንዲጨምር በቂ የአየር ዝውውር ባለበት ክፍል ውስጥ መስራት ለጤና ተመራጭ ነው። የኬሚካል ውህዶች አጠቃቀምን በሚገባ ማወቅ ቤተሰቦችን ከድንገተኛ አደጋ ለመጠበቅ በጣም አስፈላጊ የሆነ ተግባር ነው። እያንዳንዱ የጽዳት ምርት በውስጡ የያዘውን ንጥረ ነገር በቅንፍ ውስጥ መመልከት ለደህንነት ይረዳል።

በጽዳት ቁሳቁሶች አጠቃቀም ወቅት በኩታ አሲድ እና በብሊች መካከል የሚፈጠር ግብረመልስ ምን ዓይነት አደጋ ሊያስከትል ይችላል?"
comprehension|263#2,comprehension,,science,"ጽሑፉን በጥንቃቄ አንብባችሁ ጥያቄውን ከጽሑፉ በመነሳት መልሱ።

Context:
የቤት ውስጥ አየር ጥራት በውስጣችን በሚገኙ የተለያዩ የኬሚካል ጋዞች እና ትንፋሾች አማካኝነት በቀላሉ ሊቀየር ይችላል። ለምሳሌ በምግብ ማብሰያ ወቅት የሚወጡ ጭሶች እና ሽታዎች በአየር ውስጥ የሚገኙ የኬሚካል ቅንጣቶችን ይይዛሉ። በቤት ውስጥ የምንጠቀምባቸው የሻማ እና የዕጣን ማገጃዎችም የአየር ጥራትን ሊቀንሱ የሚችሉ ጥቃቅን ቅንጣቶችን ይለቃሉ። እነዚህ ንጥረ ነገሮች በከፍተኛ መጠን በአየር ውስጥ ሲገኙ ለሳንባ ጤና ተግዳሮት ሊሆኑ ይችላሉ። የአየር ዝውውርን ለማሻሻል መስኮቶችን በመክፈት ትኩስ አየር ወደ ውስጥ እንዲገባ ማድረግ በጣም አስፈላጊ ነው። በቤት ውስጥ የሚገኙ አረንጓዴ ተክሎችም ካርቦን ዳይኦክሳይድን በመ absorbs በማድረግ አየርን ለማጽዳት ይረዳሉ። ተክሎች በፎቶሲንተሲስ ሂደት አማካኝነት ኦክስጅንን ስለሚለቁ የአየር ጥራትን ለማሻሻል ትልቅ አስተዋጽኦ ያደርጋሉ። የቤት ውስጥ አየርን ንጹህ ለማድረግ የኬሚካል ሽታ ያላቸውን ምርቶች አጠቃቀም መቀነስ ይመከራል። በቤት ውስጥ ያለውን የአየር ሁኔታ ለመቆጣጠር አነስተኛ የአየር ማጣሪያዎችን መጠቀምም ሌላው አማራጭ ነው። የአየር ጥራትን መጠበቅ ለረጅም ጊዜ ጤናማ ህይወት መኖር መሰረት ነው።

በቤት ውስጥ የአየር ጥራትን ለማሻሻል ተክሎች የሚያደርጉት የኬሚካል ተግባር ምንድን ነው?"
comprehension|267#0,comprehension,,agriculture,"በሚከተለው ጽሑፍ መሠረት ጥያቄውን በአጭሩ መልስ።

Context:
በኢትዮጵያ ገበሬዎች ዘንድ በከብት እርባታ ወቅት የሚታየው ዋነኛው ችግር የእንስሳትን አመጋገብና የጤና ሁኔታ በአግባቡ አለመቆጣጠር በመሆኑ ለከፍተኛ የምርት መቀነስ ምክንያት ይሆናል። ከብቶች በቂ የአረንጓዴ ሳርና የተመጣጠነ ጥራጥሬ ካላገኙ ለበሽታ የመጋለጥ እድላቸው ከፍተኛ ስለሚሆን ዘመናዊ የአመጋገብ ዘዴዎችን መጠቀም የግድ ይላል። በየወቅቱ የሚደረጉ የክትባት ስራዎች ከእንስሳት ተላላፊ በሽታዎች ለመከላከል እጅግ አስፈላጊ በመሆናቸው የእንስሳትን እድገትና ምርታማነት በከፍተኛ ሁኔታ ይጨምራሉ። የእንስሳት መኖ ቤት ንጽህናን መጠበቅ ከፈንገስና ከሌሎች የቆዳ በሽታዎች ለመከላከል የሚረዳ ሲሆን ይህ ደግሞ ለከብቶች ጤናማ ህይወት መሰረት ነው። በከብቶች ውስጥ የሚታዩ የጤና እክሎችን ቀድሞ በመለየት በወቅቱ ህክምና መስጠት ለእንስሳቱ ረጅም እድሜና ለገበሬው የተሻለ ገቢ ያስገኛል። የቤት ውስጥ መኖ ማዘጋጀትና የተፈጥሮ ማዕድናትን ማካተት ከብቶች በበጋ ወቅት ለሚመጣባቸው የምግብ እጥረት መፍትሄ ሊሆን ይችላል። ከብቶች በቂ ውሃ ማግኘታቸው ለሰውነታቸው ሙቀት መቆጣጠሪያና ለምርት ጥራት ወሳኝ በመሆኑ በቂ የውሃ አቅርቦት መኖር አለበት። የእንስሳት ጤና ባለሙያዎች በየጊዜው በመዞር ምክርና ክትትል ማድረጋቸው በገበሬዎች ዘንድ ያለውን የእውቀት ክፍተት ለመሙላት ትልቅ ሚና ይጫወታል። በአጠቃላይ በከብት እርባታ ወቅት ጥንቃቄ የተሞላበት እንክብካቤ ማድረግ ለሀገሪቱ የኢኮኖሚ እድገትና ለምግብ ዋስትና መረጋገጥ ወሳኝ ነው።

በከብት እርባታ ወቅት የእንስሳትን አመጋገብና የጤና ሁኔታ በአግባቡ አለመቆጣጠር ምን አይነት ውጤት ያመጣል?"
comprehension|267#1,comprehension,,agriculture,"በሚከተለው ጽሑፍ መሠረት ጥያቄውን በአጭሩ መልስ።

Context:
በአሳማ እርባታ ወቅት የእንስሳቱን የጤና ሁኔታ ለመከታተልና ለተሻለ ምርታማነት እንዲረዱ ማድረግ ለገበሬው ትልቅ ስኬት ነው። አሳማዎች በቂ የአረንጓዴ መኖና ንጹህ ውሃ ካላገኙ ለድካም የመጋለጥና የመራባት አቅማቸው የመቀነስ እድል ሰፊ ነው። በየወቅቱ የሚሰጡ የትል ማጥፊያ መድኃኒቶች የእንስሳቱን የሆድ ዕቃ ጤና ለመጠበቅና ለምግብ መፈጨት ሂደት እጅግ አስፈላጊ ናቸው። የአሳማዎች መኖ ቤት በቂ አየር እንዲያገኝና ከእርጥበት እንዲጠበቅ ማድረግ ለቆዳ በሽታዎች መከላከያ መንገድ መክፈት ነው። አሳማዎች በቂ እረፍት እንዲያገኙና ከከፍተኛ ሙቀት እንዲጠበቁ ማድረግ ለጤናማ እድገታቸው ትልቅ አስተዋጽኦ ይኖራቸዋል። በገበሬዎች ዘንድ የሚታዩ የተለመዱ የጤና እክሎችን ለመከላከል የእንስሳቱን እንቅስቃሴና የምግብ ፍላጎት በየቀኑ መከታተል አስፈላጊ ነው። ከብቶችና አሳማዎች የሚመገቡት መኖ ጥራትና መጠን በወቅቱ መመዘን ለእንስሳቱ እድገት ወሳኝ መረጃ ይሰጣል። የአሳማዎች መኖ ቤት ንጽህናን በየቀኑ ማጽዳት ከሽታና ከበሽታ አምጪ ተህዋሲያን ለመከላከል የሚረዳ መሰረታዊ ተግባር ነው። በቂ እንክብካቤ የሚደረግላቸው አሳማዎች ለወተትና ለሥጋ ምርት ያላቸው አቅም ከሌሎች ይበልጥ የተሻለና አስተማማኝ ይሆናል። የጤና ባለሙያዎች የሚሰጡትን ምክር ተግባራዊ ማድረግ ለእንስሳት ህይወት መረጋገጥና ለገበሬው የገቢ ምንጭ መረጋጋት ይረዳል።

አሳማዎች በቂ እረፍት እንዲያገኙና ከከፍተኛ ሙቀት እንዲጠበቁ ማድረግ ለምን አስፈላጊ ነው?"
comprehension|267#2,comprehension,,agriculture,"ከዚህ በታች የቀረበውን መረጃ በመጠቀም ለጥያቄው መልስ ስጥ።

Context:
በበግ እርባታ ወቅት የሚታዩ የጤና ችግሮችን ለመቀነስና ምርታማነትን ለመጨመር የክትባት ስራዎችን በወቅቱ ማከናወን እጅግ አስፈላጊ ነው። በጎች በቂ የአረንጓዴ መኖና የተመጣጠነ ጥራጥሬ ካላገኙ ለድካም የመጋለጥና ለምርት መቀነስ የመጋለጥ እድላቸው ሰፊ ነው። የእንስሳቱ መኖ ቤት ንጹህና ደረቅ መሆን አለበት ምክንያቱም እርጥበት ለተለያዩ የቆዳና የፈንገስ በሽታዎች መከሰት ምክንያት ይሆናል። በየወቅቱ የሚሰጡ የትል ማጥፊያ መድኃኒቶች የእንስሳቱን የሆድ ዕቃ ጤና ለመጠበቅና ለምግብ መፈጨት ሂደት ትልቅ ሚና አላቸው። በጎች በቂ ውሃ ማግኘታቸው ለሰውነታቸው ሙቀት መቆጣጠሪያና ለጤናማ እድገት ወሳኝ በመሆኑ የውሃ አቅርቦት መኖር አለበት። የአሳማዎችና የበጎች መኖ ቤት አየር እንዲያገኝ ማድረግ ለጤናማ አተነፋፈስና ለበሽታ መከላከል እጅግ አስፈላጊ ተግባር ነው። በገበሬዎች ዘንድ የሚታዩ የጤና እክሎችን ቀድሞ በመለየት በወቅቱ ህክምና መስጠት ለእንስሳቱ ረጅም እድሜ ያስገኛል። የእንስሳት ጤና ባለሙያዎች የሚሰጡትን መመሪያዎች መከተል ለእንስሳቱ ምርታማነትና ለገበሬው የኢኮኖሚ መረጋጋት መሰረት ነው። በበግ እርባታ ወቅት ጥንቃቄ የተሞላበት እንክብካቤ ማድረግ ለሀገሪቱ የሥጋ ምርት እድገት ትልቅ አስተዋጽኦ ያደርጋል።

በበግ እርባታ ወቅት የእንስሳቱ መኖ ቤት እርጥበት መኖር ለምን ችግር ምክንያት ሊሆን ይችላል?"
comprehension|279#0,comprehension,,technology,"በሚከተለው ጽሑፍ መሠረት ጥያቄውን በአጭሩ መልስ።

Context:
በኢትዮጵያ ውስጥ የፀሐይ ብርሃን በየዓመቱ ከፍተኛ መጠን ያለው ኃይል ስለሚሰጥ የታዳሽ ኃይል አማራጮችን ለማሳደግ ትልቅ ዕድል ይፈጥራል። በገጠር አካባቢዎች የሚገኙ መንደሮች የኤሌክትሪክ አገልግሎት ለማግኘት ስለሚቸገሩ የፀሐይ ፓነሎችን በመጠቀም የቤት ውስጥ መብራት ማግኘት ይችላሉ። እነዚህ የፀሐይ ፓነሎች የፀሐይን ብርሃን በቀጥታ ወደ ኤሌክትሪክ ኃይል በመቀየር ለተለያዩ የቤት ውስጥ መሣሪያዎች አገልግሎት ይሰጣሉ። በቅርብ ጊዜ ውስጥ መንግሥት በፀሐይ ኃይል ላይ የተመሠረተ የኤሌክትሪክ አቅርቦትን ለማስፋፋት የተለያዩ አዳዲስ ፕሮጀክቶችን በሀገሪቱ ውስጥ እየተገበረ ይገኛል። የፀሐይ ኃይል ተጠቃሚዎች የባትሪ መሙያ መሣሪያዎችን በመጠቀም ስልኮቻቸውን በቀላሉ መሙላትና ሌሊትም ብርሃን ማግኘት ይችላሉ። ይህ የቴክኖሎጂ አጠቃቀም በገበሬዎች የዕለት ተዕለት እንቅስቃሴ ላይ ትልቅ ለውጥ በማምጣት የሥራ ቅልጥፍናን ይጨምራል። የፀሐይ ኃይል መሣሪያዎችን ለመግዛት የሚያስፈልገውን ወጪ ለመቀነስ አነስተኛ ብድር የሚያቀርቡ ተቋማት በሀገሪቱ ውስጥ እየተመሠረቱ ነው። የፀሐይ ኃይል አጠቃቀም የአካባቢ ብክለትን ለመቀነስና የተፈጥሮ ሀብትን ለመጠበቅ ከፍተኛ አስተዋጽኦ የሚያደርግ ዘመናዊ መንገድ ነው። በየክልሉ የሚገኙ የቴክኖሎጂ ባለሙያዎች እነዚህን መሣሪያዎች እንዴት መገጠም እንደሚቻል ለሕዝቡ ሥልጠና እየሰጡ ይገኛሉ። የፀሐይ ኃይል መሠረተ ልማት ግንባታ በኢትዮጵያ ውስጥ ለረጅም ጊዜ የሚቆይና ዘላቂ የሆነ የኃይል መፍትሔ ነው።

በገጠር አካባቢዎች የሚገኙ መንደሮች የፀሐይ ፓነሎችን በመጠቀም ምን ዓይነት አገልግሎት ማግኘት ይችላሉ?"
comprehension|279#1,comprehension,,technology,"ከዚህ በታች ያለውን ምንባብ አንብበህ ጥያቄውን መልስ።

Context:
የፀሐይ ኃይል ቴክኖሎጂ በኢትዮጵያ የግብርና ዘርፍ ውስጥ ትልቅ ለውጥ ለማምጣት የሚያስችል ከፍተኛ አቅም አለው። ገበሬዎች የፀሐይ ኃይል የሚጠቀሙ የውሃ ፓምፖችን በመጠቀም መሬታቸውን በወቅቱና በብቃት ማርጋት ይችላሉ። እነዚህ የፀሐይ ፓምፖች የነዳጅ ወጪን ከመቀነሳቸውም በላይ የአካባቢ ብክለትን በማስቀረት ለተፈጥሮ ምቹ ናቸው። የፀሐይ ኃይልን በመጠቀም የሚገኙ የውሃ ፓምፖች በየቀኑ በፀሐይ ብርሃን አማካኝነት ያለ ምንም ተጨማሪ ወጪ ይሠራሉ። ይህ አሠራር ገበሬዎች በድርቅ ወቅት እንኳን ሰብላቸውን እንዲንከባከቡና ምርታማነታቸውን እንዲጨምሩ ይረዳቸዋል። በቴክኖሎጂው አማካኝነት የሚገኙ የውሃ መፍሰሻዎች ለእንስሳት እርባታም ቢሆን በጣም ጠቃሚና አስተማማኝ አገልግሎት ይሰጣሉ። የፀሐይ ኃይል መሣሪያዎችን ለመጠቀም የሚያስፈልገውን የቴክኒክ እውቀት ለማዳበር የተለያዩ የሥልጠና ፕሮግራሞች በየክልሉ እየተዘጋጁ ነው። የፀሐይ ኃይል አጠቃቀም በግብርና ምርት ላይ የሚታየውን ወጪ በመቀነስ ለገበሬዎች የተሻለ ገቢ እንዲያገኙ ያደርጋል። የፀሐይ ኃይል መሠረተ ልማት ግንባታ በግብርናው ዘርፍ ውስጥ ዘላቂነት ያለው የኃይል ምንጭ መሆኑ ተረጋግጧል። የፀሐይ ኃይል ፓምፖች ጥገና ለማድረግ የሚያስፈልጉ መለዋወጫዎች በሀገሪቱ ውስጥ በቀላሉ እንዲገኙ ጥረት እየተደረገ ነው።

የፀሐይ ኃይል ፓምፖች ለገበሬዎች ከነዳጅ ወጪ መቀነስ በተጨማሪ ምን ዓይነት ጥቅሞችን ይሰጣሉ?"
comprehension|279#2,comprehension,,technology,"የተሰጠውን ጽሑፍ በጥንቃቄ ካነበብክ በኋላ የቀረበውን ጥያቄ መልስ።

ጽሑፍ፡ በኢትዮጵያ ውስጥ የፀሐይ ኃይል መሠረተ ልማትን ለማሳደግ የተለያዩ የግልና የመንግሥት ድርጅቶች በጋራ እየሠሩ ይገኛሉ። እነዚህ ድርጅቶች የፀሐይ ፓነሎችንና የባትሪ መሙያ መሣሪያዎችን ለሕዝብ ተደራሽ ለማድረግ የተለያዩ ስልቶችን እየተገበሩ ነው። የፀሐይ ኃይል መሣሪያዎች ጥራትና አስተማማኝነት እንዲኖራቸው የጥራት ቁጥጥር ሥራዎች በየደረጃው በጥብቅ ይከናወናሉ። በከተማ አካባቢዎች የሚገኙ ትናንሽ የንግድ ድርጅቶች የፀሐይ ኃይልን በመጠቀም የኤሌክትሪክ ወጪያቸውን በከፍተኛ ሁኔታ መቀነስ ይችላሉ። የፀሐይ ኃይል መሣሪያዎችን ለመግዛት የሚያስፈልገውን የፋይናንስ አቅርቦት ለማመቻቸት አዳዲስ የብድር ሥርዓቶች እየተዘረጋ ነው። የፀሐይ ኃይል ቴክኖሎጂን መጠቀም የአካባቢን ሥነ-ምህዳር ሳይጎዳ የኤሌክትሪክ ኃይል ለማግኘት የሚያስችል ምርጥ አማራጭ ነው። በየአካባቢው የሚገኙ የቴክኖሎጂ ማዕከላት የፀሐይ ኃይል መሣሪያዎችን እንዴት መሠረታዊ ጥገና ማድረግ እንደሚቻል ለሠራተኞች ሥልጠና ይሰጣሉ። የፀሐይ ኃይል አጠቃቀም በሀገሪቱ የኢኮኖሚ ዕድገት ላይ የሚያበረክተው አስተዋጽኦ ከጊዜ ወደ ጊዜ እየጨመረ መጥቷል። የፀሐይ ኃይል መሣሪያዎች በኢትዮጵያ ውስጥ በስፋት ጥቅም ላይ መዋላቸው ለወደፊቱ የኃይል ፍላጎት መፍትሔ ይሆናል። የፀሐይ ኃይል ቴክኖሎጂን ተጠቃሚ የሚያደርጉ የዲጂታል መረጃዎችና መመሪያዎች ለሕዝቡ በሰፊው እየተሰራጩ ነው።

ጥያቄ፡ የፀሐይ ኃይል መሣሪያዎችን ጥራትና አስተማማኝነት ለማረጋገጥ ምን ዓይነት ተግባራት ይከናወናሉ?"
comprehension|283#0,comprehension,,daily_life,"ከዚህ በታች ያለውን ምንባብ አንብበህ ጥያቄውን መልስ።

Context:
በሰኔ ፲፪ ቀን በሀገር ውስጥ በሚገኘው የዘመድ ግንኙነት ማጠናከሪያ ማህበር አማካኝነት በአዲስ አበባ ከተማ ውስጥ ትልቅ የቤተሰብ ስብሰባ ተካሄደ። በዚህ ታላቅ ዝግጅት ላይ ከ፲፭ በላይ የቤተሰብ አባላት በታላቁ የሰላም አዳራሽ ውስጥ ተሰባስበው የቆየውን ትውስታ ለማስታወስ ተገኝተዋል። የዝግጅቱ መሪ የሆኑት አቶ በቀለ ተክሌ በንግግራቸው ወቅት የቤተሰቡን አንድነት ለመጠበቅ የሁላችንም ጥረት አስፈላጊ መሆኑን በዝርዝር አብራርተዋል። በዝግጅቱ ወቅት በ፳፻፲፯ ዓመተ ምህረት የተመሰረተው የጎሳ ወንድማማቾች ማህበር አዲስ የገንዘብ ድጋፍ ለማድረግ ቃል ገብቷል። በዝግጅቱ ላይ የተገኙት ፳ አባላት በጋራ በመሆን ለወጣቱ ትውልድ የሚሆን የትምህርት ስንቅ ለመግዛት በ፪፻፳፬ ብር ወስነዋል። የቤተሰቡ ታላቅ አያት ወይዘሮ አልማዝ በዝግጅቱ ላይ በመገኘት ለልጅ ልጆቻቸው የባህል እሴቶችን እንዲጠብቁ ጠንካራ ምክር ሰጥተዋል። በዝግጅቱ ማጠቃለያ ላይ በ፪ ሰዓት የተከናወነው የራት ግብዣ ለሁሉም ተሳታፊዎች በልዩ ሁኔታ የቀረበ ነበር። የቤተሰቡ አባላት በጋራ በመሆን በወር አንድ ጊዜ እንዲገናኙና መረጃ እንዲለዋወጡ በስምምነት ተስማምተዋል። ይህ ዝግጅት በቤተሰቡ ውስጥ ያለውን ፍቅርና መተሳሰብ ለማሳየት ትልቅ አቅም ሆኖ አገልግሏል።

በዝግጅቱ ላይ የቤተሰቡ ታላቅ አያት የሆኑት ማን ናቸው?"
comprehension|283#1,comprehension,,daily_life,"ንባቡን መሠረት በማድረግ ጥያቄውን መልስ።

Context:
በጥቅምት ፭ ቀን በደቡብ ኢትዮጵያ በሚገኘው የቅዱስ ዮናታን መንደር ውስጥ የሁለት ወንድማማቾች የጋራ የቤት ግንባታ ፕሮጀክት ተጠናቀቀ። የፕሮጀክቱ ባለቤቶች አቶ አበበ እና አቶ ካሳሁን በ፳፻፲፭ ዓመተ ምህረት በጋራ መኖሪያ ቤት ለመገንባት መወሰናቸው ይታወሳል። ለግንባታው የሚያስፈልጉትን ግብዓቶች ከሰሜን አቅጣጫ በሚገኘው የጥቁር አባይ የድንጋይ ማዕድን ድርጅት በ፪፻፳፬ ብር ገዝተዋል። የግንባታው ሂደት ለ፪ ዓመታት የቆየ ሲሆን በሂደቱም ውስጥ ፲፭ የሙያ ሰራተኞች በቋሚነት ተቀጥረው ሰርተዋል። የቤቱ ዲዛይን የተሰራው በታዋቂው የቤት አርክቴክት ወይዘሮ ማርታ ተብለው በሚጠሩት ባለሙያ አማካኝነት ነው። ቤቱ አራት ትላልቅ ክፍሎችን እና አንድ ሰፊ የመመገቢያ አዳራሽ የያዘ ሲሆን ለ፪ ሰራተኞችም መጠለያ እንዲሆን ተደርጎ ተሰርቷል። አቶ ካሳሁን ለቤቱ ግንባታ የተጠቀሙት የገንዘብ መጠን ከጠቅላላው ወጪ ውስጥ ፵ በመቶ ይደርሳል። በዝግጅቱ ወቅት የመንደሩ አስተዳደር አባላት በመገኘት ለቤተሰቡ አዲስ ቤት መገንባታቸውን በደስታ አብረዋቸው አክብረዋል። ይህ ስኬት በሰፈር ውስጥ ለሚገኙ ሌሎች ወንድማማቾችም ትልቅ ተምሳሌት ሆኖ ተገልጿል።

የቤቱ ግንባታ ሂደት ለስንት ዓመታት የቆየ ነበር?"
comprehension|283#2,comprehension,,daily_life,"የተሰጠውን ጽሑፍ በጥንቃቄ ካነበብክ በኋላ የቀረበውን ጥያቄ መልስ።

ጽሑፍ፡ በታህሳስ ፳ ቀን በምዕራብ ኢትዮጵያ በሚገኘው የሰላም ከተማ ውስጥ የቅርብ ጓደኛሞች ማህበር የዓመታዊ የጋራ ጉብኝት ፕሮግራም አከናውኗል። በጉብኝቱ ላይ ከ፳፭ በላይ የጓደኛሞች ቡድን በታዋቂው የጥቁር ድንጋይ ተራራ አካባቢ ለ፪ ቀናት አድሮአል። የጉብኝቱ ዋና ዓላማ በጓደኝነት መካከል ያለውን ትስስር ማጠናከር እና አዳዲስ ቦታዎችን ማሰስ ነበር። በጉብኝቱ ወቅት በ፪፻፳፬ ብር የተገዛ የሻይ እና የቡና ቁሳቁስ ለሁሉም ተሳታፊዎች እንዲሆን ተዘጋጅቷል። የጉብኝቱ መሪ የሆኑት አቶ ታደሰ በንግግራቸው ወቅት ጓደኝነት በችግር ጊዜ መረዳዳትን እንደሚጠይቅ ገልጸዋል። በጉብኝቱ ወቅት በ፪ ሰዓት የተከናወነው የባህል ጭፈራ ለተሳታፊዎቹ ከፍተኛ መዝናኛን ሰጥቷቸዋል። የጉብኝቱ ወጪ በሁሉም አባላት መካከል እኩል እንዲከፈል በጋራ ስምምነት ላይ ተደርሷል። በጉብኝቱ ማጠቃለያ ላይ ለሚቀጥለው ዓመት የጉብኝት ቦታ እንዲመረጥ የድምፅ አሰጣጥ ሂደት ተካሂዷል። ተሳታፊዎቹ በጉብኝቱ ወቅት ያገኙትን ልምድ ለሌሎች ጓደኞቻቸው ለማካፈል ቃል ገብተዋል። ይህ የዓመታዊ ጉብኝት ፕሮግራም በጓደኛሞች መካከል ያለውን መተሳሰብ ለማሳደግ ትልቅ ሚና አለው።

ጥያቄ፡ የጓደኛሞች ቡድኑ ለጉብኝቱ በሰከነበት ቦታ ላይ ለስንት ቀናት አድሮ ነበር?"
comprehension|287#0,comprehension,,daily_life,"ጽሑፉን አንብበህ ጥያቄውን መልስ፡

ጽሑፍ፡ በአዲሱ የዝሆን ከተማ የባህል ኮሚቴ መሪ አቶ በቀለ ተስፋዬ ትላንት በሰኔ አሥራ አምስት ቀን በታላቁ የቡና በዓል ላይ አዲስ መመሪያ አውጥተዋል። ይህ በዓል በየዓመቱ በከተማው መሃል በሚገኘው ሰላም አደባባይ በሁለት ሺህ አምስት መቶ ሰዎች ተከብቦ ይከበራል። በዓሉን ለማዘጋጀት በጠቅላላው አምስት ሚሊዮን ብር ወጪ የተደረገ ሲሆን ይህም በከተማው የንግድ ማኅበር በኩል የተገኘ ድጋፍ ነው። በዓሉ ላይ በሰማያዊ ደመና የጥበብ ቡድን አምስት መሣሪያዎችን በመጠቀም ልዩ የሙዚቃ ትርኢት አቅርበዋል። በዓሉን ለመታሰቢያነት ለማድረግ በከተማው ውስጥ አሥራ ሁለት አዳዲስ የጥበብ ምስሎች ተስለዋል። በዓሉን ለመታደም የመጡት እንግዶች በሙሉ በነፃ የባህል ምግብና መጠጥ እንዲያገኙ ተደርጓል። በዓሉን ያዘጋጀው የዝሆን ከተማ የባህል ኮሚቴ በዓሉን በታላቅ ድምቀት ማጠናቀቁን ገልጿል። በዓሉን ለመከታተል የመጡት ወጣቶች በሙሉ በደስታና በጭብጨባ ትርኢቱን አጅበዋል። በዓሉን ለማድመቅ አምስት ታዋቂ የባህል ዘፋኞች በደመቀ ሁኔታ ተገኝተዋል። በዓሉን ለማሳለጥ የተደረገው ዝግጅት በከተማው ነዋሪዎች ዘንድ ከፍተኛ አድናቆትን አትርፏል።

ጥያቄ፡ በዝሆን ከተማ የባህል ኮሚቴ በዓሉን ለማዘጋጀት ምን ያህል ብር ወጪ አድርጓል?"
comprehension|291#0,comprehension,,history,"ጽሑፉን አንብበህ ጥያቄውን መልስ፡

ጽሑፍ፡ በአፍሪካ አህጉር ላይ የነበሩት የቅኝ አገዛዝ መንገዶች በሃያኛው ክፍለ ዘመን መጀመሪያ ላይ በጣም ከፍተኛ የነበሩ ነበሩ። ብዙ የአፍሪካ አገራት በባዕድ ኃይሎች ቁጥጥር ስር የነበሩ ሲሆን ይህም የሀገራቱን የራሱን እድገት በእጅጉ አግዶ ነበር። የነፃነት እንቅስቃሴዎች በየአህጉሪቱ በተለያዩ መንገዶች መታየት የጀመሩ ሲሆን ይህም በሰላማዊ ንግግር እና በታጠቀ ትግል የታጀበ ነበር። ብዙ የአገር ውስጥ መሪዎች የሕዝባቸውን መብት ለማስከበር ሲሉ በከፍተኛ መስዋዕትነት ለትግሉ መሪነት ተሰጥቷቸዋል። በወቅቱ የነበሩት የዓለም ኃይሎች የፖለቲካ ለውጥ መፈጠርን መፍቀድ የጀመሩበት ወቅት ነበር። የአፍሪካ ሕዝቦች በጋራ በመሆን የራሳቸውን ዕድል ለመወሰን የሚያስችላቸውን መብት ለማግኘት ከፍተኛ ጥረት አድርገዋል። በብዙ አገሮች ውስጥ የትምህርት እና የባህል ለውጦች ለነፃነት ፍላጎት መፈጠር ትልቅ ሚና ተጫውተዋል። የኢኮኖሚ ጥገኝነትን ለመቀነስ እና የራስን ሀብት ለመጠቀም የሚያስችሉ አዳዲስ አመለካከቶች በወቅቱ ተስፋ ሰጥተው ነበር። የነፃነት ተዋጊዎች በየገጠሩ እና በየከተማው የነበሩትን ተከታዮች በማስተባበር ትልቅ ለውጥ ማምጣት ችለዋል። በመጨረሻም የአፍሪካ አገራት በየአመቱ በከፍተኛ ቁጥር ነፃነታቸውን ማግኘት የጀመሩበት ታሪካዊ ወቅት ነበር። ይህ ሂደት የአህጉሪቱን ፖለቲካዊ ገጽታ ለዘላለም የቀየረ ትልቅ ክስተት ሆኖ ተመዝግቧል።

ጥያቄ፡ በአፍሪካ አገራት ውስጥ የነፃነት ፍላጎት እንዲፈጠር ትልቅ ሚና የተጫወቱት ነገሮች ምንድን ናቸው?"
comprehension|291#1,comprehension,,history,"ንባቡን መሠረት በማድረግ ጥያቄውን መልስ።

Context:
የአፍሪካ ነፃነት ትግል በታሪክ ውስጥ እጅግ በጣም ውስብስብ እና ብዙ ተግዳሮቶች የነበሩበት ሂደት ነበር። በወቅቱ የነበሩት የቅኝ ገዥዎች የሀገራቱን ተፈጥሯዊ ሀብት ለመጠቀም የሚያስችሉ ህጎችን በከፍተኛ ሁኔታ አውጥተው ነበር። የአፍሪካ መሪዎች እነዚህን ህጎች ለመቃወም እና የሕዝባቸውን ጥቅም ለማስጠበቅ የተለያዩ ስልቶችን ተጠቅመዋል። አንዳንድ እንቅስቃሴዎች በድርጅታዊ መዋቅር የታገዙ ሲሆኑ ሌሎች ደግሞ በግለሰቦች ጥረት የሚመሩ ነበሩ። የዓለም አቀፍ ማህበረሰቦች አቋም በነፃነት እንቅስቃሴዎቹ ላይ ከፍተኛ ተጽዕኖ ማሳደር መቻሉ ይታወቃል። በየአገሪቱ የነበሩት የትምህርት ተቋማት ለነፃነት አስተሳሰብ መፈጠር እንደ መነሻነት ያገለገሉ ነበር። የነፃነት ተዋጊዎች በየአካባቢው የነበሩትን የሀብት ምንጮች ለመቆጣጠር የሚያስችላቸውን አቅም ለመገንባት ጥረት አድርገዋል። በወቅቱ የነበረው የዓለም ፖለቲካ ለውጥ ለአፍሪካ አገራት የነፃነት መንገድ እንዲከፈት ረድቷቸዋል። ብዙ አገራት የራሳቸውን ሰንደቅ ዓላማ እና መመሪያ በማውጣት ሉዓላዊነታቸውን ማረጋገጥ ችለዋል። ይህ ታሪካዊ ጉዞ በብዙ ትውልዶች ዘንድ እንደ ትልቅ የድል ጉዞ ተደርጎ ይወሰዳል። የአፍሪካ አገራት በነፃነት ስርአታቸው ስር የራሳቸውን መዋቅር ለመዘርጋት ከፍተኛ ጥረት አድርገዋል።

የአፍሪካ መሪዎች የቅኝ ገዥዎችን ህጎች ለመቃወም የተጠቀሙባቸው መንገዶች ምን ይመስላሉ?"
comprehension|291#2,comprehension,,history,"ከዚህ በታች ያለውን ምንባብ አንብበህ ጥያቄውን መልስ።

Context:
በአፍሪካ አህጉር ውስጥ የነፃነት እንቅስቃሴዎች ሲካሄዱ የኢኮኖሚ እና የፖለቲካ ጉዳዮች ተያይዘው ይመጡ ነበር። የቅኝ አገዛዝ ሥርዓት የአፍሪካን የንግድ መስመሮች ለራሳቸው ጥቅም እንዲያገለግሉ አድርጎ ነበር። ይህንን ሁኔታ ለመቀየር የነበሩት እንቅስቃሴዎች የሀገር ውስጥ ምርትን ማበረታታት ላይ ትኩረት አድርገው ነበር። ብዙ የአፍሪካ አገራት በነፃነት ስርአታቸው ስር የራሳቸውን የገንዘብ ስርዓት ለመዘርጋት መነሳሳት አሳይተዋል። የነፃነት ትግሉ በሰላማዊ መንገድ የተከናወነባቸው አገሮች እና በጦርነት የተከናወኑ አገሮች ልዩነት ነበራቸው። በሰላማዊ መንገድ የነፃነትን መብት ያገኙ አገራት በድርድር እና በፖለቲካዊ ንግግር ላይ ተመስርተዋል። በሌላ በኩል ደግሞ በታጠቀ ትግል የነፃነትን መብት ያገኙ አገሮች ከፍተኛ መስዋዕትነት ከፍለው ነበር። የነፃነት እንቅስቃሴዎቹ በየአህጉሪቱ የነበሩትን ወጣቶች በከፍተኛ ሁኔታ ማሳተፍ ችለዋል። የአፍሪካ አገራት የራሳቸውን የውጭ ግንኙነት ለመመራት የሚያስችላቸውን አቅም ለመገንባት ጥረት አድርገዋል። ይህ ሂደት የአህጉሪቱን የኢኮኖሚ ሉዓላዊነት ለማረጋገጥ ትልቅ መሰረት ሆኖ ያገለግላል። በአጠቃላይ የአፍሪካ ነፃነት ጉዞ በብዙ ዘርፎች የተፈተነ እና ስኬታማ የሆነ ሂደት ነበር።

በሰላማዊ መንገድ እና በታጠቀ ትግል ነፃነት ያገኙ አገሮች በመካከላቸው ያለው ልዩነት ምንድን ነው?"
comprehension|295#0,comprehension,,health,"በሚከተለው ጽሑፍ መሠረት ጥያቄውን በአጭሩ መልስ።

Context:
በሰኔ 15 ቀን 2016 ዓ.ም በደስታ ከተማ በሚገኘው የአባይ ጤና ማዕከል በዶክተር አበበ በቀለ የሚመራ አዲስ የሥርዓተ ምግብ ትምህርት ፕሮግራም ተጀምሯል። ይህ ፕሮግራም በከተማዋ ውስጥ ለሚኖሩ 500 አዲስ እናቶች የተሟላ የተመጣጠነ ምግብ አስፈላጊነትን ለማስተማር በታላቅ ዝግጅት ተዘጋጅቷል። ማዕከሉ በየሳምንቱ ቅዳሜ ለሁለት ሰዓታት የሚቆይ የክፍል ትምህርት በመስጠት ስለ ፕሮቲን እና ቫይታሚን አስፈላጊነት ዝርዝር መረጃ ይሰጣል። በፕሮግራሙ ወቅት በየቀኑ የሚዘጋጁ ምግቦች ውስጥ እንደ አጃ እና ባቄላ ያሉ የአገር ውስጥ ምርቶች በብዛት እንዲካተቱ ተደርጓል። የጤና ባለሙያዎቹ በየቀኑ ለሚመገቡት ምግብ የጨው እና የስኳር መጠን ምን ያህል መሆን እንዳለበት በዝርዝር ያስረዳሉ። በፕሮግራሙ መጨረሻ ላይ ተሳታፊዎች የራሳቸውን የሳምንታዊ የምግብ ዝርዝር እንዲያዘጋጁ ልዩ ስልጠና ይሰጣቸዋል። የደስታ ከተማ የጤና ቢሮ በዚሁ ፕሮግራም አማካኝነት በከተማዋ ውስጥ ያለውን የሥርዓተ ምግብ ግንዛቤ ለማሳደግ ከፍተኛ ጥረት እያደረገ ነው። ፕሮግራሙ በየሦስት ወሩ አዳዲስ መረጃዎችን በማካተት ለተሳታፊዎች ተከታታይነት ያለው ድጋፍ እንዲያደርግ ታቅዷል። በዘንድሮው ዓመት በዚሁ ማዕከል ውስጥ በድምሩ 1200 ሰዎች የሥርዓተ ምግብ ትምህርቱን እንዲከታተሉ ተደርጓል።

በደስታ ከተማ የአባይ ጤና ማዕከል በየሳምንቱ ቅዳሜ ለምን ዓይነት ትምህርት ይሰጣል?"
comprehension|295#1,comprehension,,health,"የተሰጠውን ጽሑፍ በጥንቃቄ ካነበብክ በኋላ የቀረበውን ጥያቄ መልስ።

ጽሑፍ፡ በጥቅምት 22 ቀን 2015 ዓ.ም በወንጌል መንደር በሚገኘው የሰላም እርሻ ማኅበር በታላቅ ድምቀት የጤናማ ምርት ማሳያ ቀን ተከብሯል። ማኅበሩ በዘንድሮው የሰብል ምርት ወቅት በድምሩ 850 ኪሎ ግራም ኦርጋኒክ አትክልቶችን ለከተማው ነዋሪዎች ለማቅረብ አቅዶ ተዘጋጅቷል። የማኅበሩ ሥራ አስኪያጅ አቶ በቀለ ተስፋዬ እንደገለጹት አትክልቶቹ ምንም ዓይነት ኬሚካል ሳይጨመርባቸው በንጹህ ውሃ ብቻ እንዲበቅሉ ተደርገዋል። ይህ አዲስ አሠራር በነዋሪዎች ዘንድ የተሟላ የተመጣጠነ ምግብ እንዲኖር ለማድረግ ትልቅ አስተዋጽኦ ይኖረዋል። በዝግጅቱ ላይ የተሳተፉት 45 የጤና ባለሙያዎች የአትክልት አዘገጃጀት ዘዴዎችን ለገበሬዎች በዝርዝር አሳይተዋል። ማኅበሩ በየቀኑ ጠዋት ለገበያ የሚያቀርባቸው ምርቶች እንደ ቆስጣ እና ካሮት ያሉ ከፍተኛ ቫይታሚን ያላቸውን እፅዋት ያካትታሉ። በዝግጅቱ ወቅት የተሰበሰቡት 200 ገበሬዎች ምርቶቹን እንዴት በተሻለ ሁኔታ ለተጠቃሚዎች ማቅረብ እንደሚችሉ መመሪያ ተሰጥቷቸዋል። የሰላም እርሻ ማኅበር በቀጣይ ዓመት ምርቱን በሁለት እጥፍ ለማሳደግና ተጨማሪ 300 አዳዲስ አርሶ አደሮችን ለማሰልጠን አቅዷል። ይህ ተግባር በአካባቢው ያለውን የሥርዓተ ምግብ እጥረት ለመቅረፍ ትልቅ ተስፋ ሰጪ እርምጃ ሆኖ ተገኝቷል።

ጥያቄ፡ የሰላም እርሻ ማኅበር በዚህ ዓመት በድምሩ ስንት ኪሎ ግራም ኦርጋኒክ አትክልቶችን ለማቅረብ አቅዷል?"
comprehension|299#0,comprehension,,science,"ጽሑፉን በጥንቃቄ አንብባችሁ ጥያቄውን ከጽሑፉ በመነሳት መልሱ።

Context:
የውሃ ዑደት በምድር ላይ ያለውን የውሃ መጠን በቋሚነት ለመጠበቅ በጣም አስፈላጊ የሆነ ተፈጥሯታዊ ሂደት ነው። ፀሐይ የውሃ አካላትን በማሞቅ ውሃው ወደ ጋዝነት እንዲቀየር በማድረግ ወደ ላይ እንዲወጣ ታደርጋለች። ይህ ሂደት ትነት ይባላል እና በውቅያኖሶችና በወንዞች ላይ በከፍተኛ ሁኔታ ይከናወናል። ትነት ወደ ላይ ሲወጣ የአየር ሙቀት እየቀነሰ ስለሚሄድ ጋዙ ወደ ፈሳሽነት ይቀየራል። ይህ ሂደት ክመር ወይም ኮንዴንሴሽን በመባል ይታወቃል እና ደመናዎችን ለመፍጠር ይረዳል። ደመናዎች በጣም ከበድ ሲሉ በዝናብ ወይም በበረዶ መልክ ወደ መሬት ይወርዳሉ። ዝናብ መሬት ላይ ሲወድቅ አፈርን በማርጠብ ለተክሎችና ለእንስሳት አስፈላጊ የሆነ እርጥበት ይሰጣል። ውሃው መሬት ውስጥ ሰርጎ በመግባት ወደ መሬት ውስጥ ባሉ የውሃ ክምችቶች ውስጥ ይከማቻል። አንዳንድ ውሃዎች ደግሞ በወንዞችና በጅረቶች አማካኝነት ተመልሰው ወደ ውቅያኖሶች ይፈስሳሉ። ይህ አጠቃላይ ሂደት ያለማቋረጥ በመከናወን በምድር ላይ ያለውን የሕይወት ሚዛን ይጠብቃል። የውሃ ዑደት ለዓለም የአየር ንብረት መረጋጋት ትልቅ ድርሻ አለው።

በውሃ ዑደት ውስጥ ትነት ወደ ላይ ሲወጣ የሚፈጠረው ደመና በምን ዓይነት ሂደት ነው ወደ ፈሳሽነት የሚቀየረው?"
comprehension|299#2,comprehension,,science,"ከዚህ በታች የቀረበውን መረጃ በመጠቀም ለጥያቄው መልስ ስጥ።

Context:
የዝናብ መጣትን ለመረዳት የአየር ውስጥ እርጥበት መጠንን ማወቅ በጣም አስፈላጊ ተግባር ነው። እርጥበት ማለት በአየር ውስጥ የሚገኙ ጥቃቅን የውሃ ጠብታዎች ወይም የውሃ ጋዝ ነው። የአየር ሙቀት ሲጨምር አየሩ ብዙ የውሃ ትነት የመያዝ አቅም ይኖረዋል። ይህ ሁኔታ ደግሞ በከፍተኛ ሁኔታ የትነት መጠን እንዲኖርና ደመና እንዲፈጠር ያደርጋል። ደመናዎች በአየር ላይ ሲከማቹ የብርሃን መጠንን በመቀነስ የአየር ሙቀት እንዲቀንስ ያደርጋሉ። ዝናብ የሚጀምረው በአየር ውስጥ ያሉት የውሃ ጠብታዎች ከባድ ሆነው መሬት ላይ መውረድ ሲጀምሩ ነው። ዝናብ መሬት ላይ ሲወድቅ ለተክሎች እድገትና ለከርሰ ምድር ውሃ መሙላት ትልቅ ጥቅም አለው። በረዶ ወይም በረዶማ ዝናብ የሚከሰተው የአየር ሙቀት በጣም ዝቅተኛ በሚሆንበት ጊዜ ነው። የዝናብ መጠንና የዝናብ ዓይነት በአካባቢው የአየር ንብረት ላይ ተመስርቶ ይለያያል። ዝናብ በወቅቱ ካልመጣ ድርቅ ሊከሰትና ለተክሎች መድረቅ ምክንያት ሊሆን ይችላል። የዝናብ ሁኔታን መከታተል ለግብርና ምርታማነትና ለውሃ አጠቃቀም እቅድ በጣም ወሳኝ ነው።

በአየር ውስጥ ያሉት የውሃ ጠብታዎች ከባድ ሆነው መሬት ላይ መውረድ ሲጀምሩ ምን ዓይነት ክስተት ይከሰታል?"
comprehension|303#0,comprehension,,science,"ከዚህ በታች የቀረበውን መረጃ በመጠቀም ለጥያቄው መልስ ስጥ።

Context:
ፀሐይ በሥርዓተ ሰማይ ውስጥ በጣም ትልቅ እና ብርሃን የሚሰጥ ኮከብ በመሆኗ ለምድር ሕይወት አስፈላጊ የሆነውን ሙቀት እና ብርሃን በየቀኑ ታቀርባለች። ምድር በፀሐይ ዙሪያ በራሷ የራሷ መስመር ላይ በየዓመቱ አንድ ጊዜ ሙሉ በሙሉ ትዞራለች። ይህ የፕላኔት እንቅስቃሴ በዓለም ላይ ያሉትን ወቅቶች ማለትም በጋ እና በክረምት እንዲቀያየሩ በማድረግ ረገድ ትልቅ ሚና ይጫወታል። በምድር ዙሪያ የሚሽከረከረው ጨረቃ በየሌሊቱ ብርሃን በመስጠት ለሌሊት ውበት እና ለባሕር ሞገድ መፈጠር ምክንያት ትሆናለች። በጠፈር ውስጥ ያሉ ሌሎች ፕላኔቶች እንደ ምድር ሁሉ የራሳቸው የሆነ የራሳቸው የሆነ የክብደት መጠን እና መጠን አላቸው። የጠፈር አካላት ሁሉ በራሳቸው የራሳቸው የሆነ የስበት ኃይል ስላላቸው ወደ እርስ በርሳቸው እንዲሳቡ ያደርጋሉ። የፀሐይ ብርሃን ወደ ምድር ለመድረስ ረጅም ርቀት ስለሚጓዝ ብርሃኑ ለመድረስ ብዙ ሰዓታትን ይፈጅበታል። በጠፈር ውስጥ ያለው ባዶ ቦታ ምንም ዓይነት አየር ወይም ኦክስጅን የሌለበት በጣም ሰፊ እና ጥልቅ አካባቢ ነው። የከዋክብት ብርሃን በሩቅ ሆነው የሚታዩት በራሳቸው ብርሃን አማካኝነት በመሆኑ ነው እንጂ ከሌላ አካል አይመጣም። ምድር በፀሐይ እና በጨረቃ መካከል ያለችው የሕይወት መገኛ ፕላኔት መሆኗን በሳይንሳዊ መንገድ ማረጋገጥ ይቻላል። የጠፈር ምርምር በሰው ልጅ እውቀት እንዲጨምር እና ስለ ዓለም አቀፋዊ ሁኔታዎች የበለጠ ለመረዳት ይረዳል።

ምድር በፀሐይ ዙሪያ የምታደርገው ጉዞ በዓለም ላይ ባሉ ወቅቶች ላይ ምን ዓይነት ተጽዕኖ ያሳድራል?"
comprehension|303#1,comprehension,,science,"ምንባቡን ካነበብሽ በኋላ ለጥያቄው መልስ ስጪ።

Context:
የመሬት ንጣፍ በውስጡ የተለያዩ ወቅቶች እና ትናንሽ የድንጋይ ክፍሎች የያዘ በጣም ውስብስብ እና ጥልቅ የሆነ መዋቅር አለው። በምድር ውስጥ ስር ያሉ የላቫ ፍሰቶች በጣም ከፍተኛ ሙቀት ያላቸው እና እጅግ በጣም አደገኛ የሆኑ የጋዝ ውጤቶች ናቸው። የእናቴል ድንጋዮች በውስጣቸው የያዙት ማዕድናት ለተለያዩ የሳይንስ ምርምሮች እና ለተፈጥሮ ጥናት በጣም ጠቃሚ መረጃዎችን ይሰጣሉ። በየጊዜው የሚከሰቱ የመሬት መንቀጥቀጦች በምድር ውስጥ ባሉ የቴክቶኒክ ሰሌዳዎች እንቅስቃሴ ምክንያት የሚፈጠሩ ተፈጥሯዊ ክስተቶች ናቸው። የባሕር ውስጥ ተራራዎች በውቅያኖስ ጥልቀት ውስጥ የሚገኙ እና ከምድር ላይ ካሉ ተራራዎች ጋር ተመሳሳይነት ያላቸው ናቸው። የአየር ንብረት ለምድር ላይ ባሉ ሕይወት ያላቸው ነገሮች እድገት እና ለተፈጥሮ ሚዛን መጠበቅ ወሳኝ የሆነ ሚና አለው። በምድር ላይ የሚገኙ የውሃ አካላት ማለትም ውቅያኖሶች እና ወንዞች ለሕይወት አስፈላጊ የሆነውን እርጥበት በየጊዜው ያቀርባሉ። የደመና መፈጠር ሂደት በውሃ ትነት እና በሙቀት ለውጥ ምክንያት የሚከሰት ተፈጥሯዊ የሳይንስ ሂደት ነው። በምድር ውስጥ የሚገኙ የድንጋይ አይነቶች በየዘመኑ በሚፈጠሩ የተፈጥሮ ለውጦች ምክንያት ቅርጻቸውን እና ይዘታቸውን ይለውጣሉ። የአፈር ጥራት ለግብርና ስራዎች እና ለተክሎች እድገት በጣም ወሳኝ የሆነ መሠረታዊ ነገር መሆኑን መረዳት ያስፈልጋል። የፕላኔታችን የውስጥ ክፍል ሙቀት ለተፈጥሮ ክስተቶች መፈጠር ዋነኛው ምክንያት መሆኑን ሳይንቲስቶች በምርምር አረጋግጠዋል።

በምድር ውስጥ የሚከሰቱ የመሬት መንቀጥቀጦች በምን ምክንያት ይፈጠራሉ?"
comprehension|323#0,comprehension,,daily_life,"ከዚህ በታች የቀረበውን መረጃ በመጠቀም ለጥያቄው መልስ ስጥ።

Context:
በኢትዮጵያ የባህል ምግብ ዝግጅት ውስጥ ሽሮ ዋነኛውና በጣም ተወዳጅ የሆነው የዕለት ተዕለት ምግብ ተደርጎ ይቆጠራል። ይህ ምግብ ከጥራጥሬ ዝርያዎች በተለይም ከበቆሎ ወይም ከሽምብራ ዱቄት አማካኝነት በጥንቃቄ ተዘጋጅቶ ለቤተሰቦች ይቀርባል። ለሽሮ ዝግጅት መጀመሪያ ቀይ ሽንኩርት በትንሽ ዘይት ውስጥ እስኪለሰልስ ድረስ በዝግታ መጥበስ የመጀመሪያውና ወሳኙ እርምጃ ነው። ከዚያም በቅመማ ቅመሞች ማለትም በበርበሬና በነጭ ሽንኩርት የታጀበውን ድብልቅ በደንብ ማዋሃድ ለጣዕሙ መለስለስ በጣም አስፈላጊ ነው። በሽንኩርቱ ላይ በቂ የውሃ መጠን መጨመርና ድብልቁ እስኪፈላ ድረስ መጠበቅ ለሽሮው ወጥነት ትልቅ ሚና አለው። ሽሮው ሲበስል በላዩ ላይ የሚታየው የቅመማ ቅመሞች ቀለማት ለዓይን ማራኪና ለሆድ የሚስብ መሆን ይኖርበታል። ብዙ ጊዜ ሽሮ ከእንጀራ ጋር ተቀናጅቶ የሚቀርብ ሲሆን ይህም የኢትዮጵያን የምግብ ባህል በደንብ ያሳያል። በቤተሰቦች መካከል የሚደረግ የጋራ ምግብ ወቅት በሽሮ መታጀብ የፍቅርና የአንድነት መገለጫ ተደርጎ ይወሰዳል። በገጠር አካባቢዎች ሽሮ ከቅቤና ከጥሬ ማር ጋር ተቀላቅሎ ለተጨማሪ ጣዕም እንዲኖረው ተደርጎ ሊዘጋጅ ይችላል። ይህ ምግብ በኢትዮጵያ ውስጥ ለረጅም ጊዜ የቆየና ለሁሉም የኅብረተሰብ ክፍል ተደራሽ የሆነ የምግብ ዓይነት ነው።

ለሽሮ ምግብ ጣዕም እንዲለሰልስ መጀመሪያ መደረግ ያለበት ተግባር ምንድን ነው?"
comprehension|323#1,comprehension,,daily_life,"በሚከተለው ጽሑፍ መሠረት ጥያቄውን በአጭሩ መልስ።

Context:
የቡና ሥነ ሥርዓት በኢትዮጵያ የቤት ውስጥ ሕይወት ውስጥ እጅግ በጣም ትልቅና ማኅበራዊ ትርጉም ያለው ተግባር ነው። ይህ ሥነ ሥርዓት በሦስት የተለያዩ ደረጃዎች ማለትም በጀበና መቁላትና ማቅረብ ላይ የተመሠረተ ነው። መጀመሪያ ቡናው በደንብ እንዲታጠብና እንዲጸዳ በንጹህ ውሃ መታጠብ ይኖርበታል። ቡናው በጀበና ውስጥ ተቀቅሎ ሲደርስ መዓዛው በቤቱ ውስጥ በሙሉ እንዲሰራጭ ማድረግ የሥነ ሥርዓቱ አካል ነው። ቡናው በሚፈላበት ወቅት በቅርብ ርቀት ላይ የሚቀረብ ማዕድ ለተሳታፊዎች መገኘት ለውይይት ምቹ ሁኔታን ይፈጥራል። ከቡናው ጋር አብሮ የሚቀርቡ እንደ ቆሎ፣ Popcorn እና ሌሎች ቀላል መክሰሶች ለሥርዓቱ ተጨማሪ ደስታን ይሰጣሉ። ቡናው ሲቀርብ በሦስት ዙር ማለትም በአረቦ፣ በቶና በባላ መቅረብ የባህል እሴቱን ይበልጥ ያጎላል። በእያንዳንዱ ዙር ላይ የሚደረጉት ጨዋታዎችና ወሬዎች በሰዎች መካከል ያለውን ትስስር ይበልጥ ያጠናክራሉ። ይህ ሥነ ሥርዓት ከምግብ መብላት ባለፈ የሰላምና የእረፍት ጊዜ መገኛ ተደርጎ ይታሰባል። በኢትዮጵያዊያን ዘንድ ቡና ማቅረብ ለእንግዳ ተቀባይነት ትልቅ ቦታ መስጠትን የሚያሳይ ክብር ነው።

የቡና ሥነ ሥርዓት በስንት ዙር ተከፋፍሎ ይቀርባል?"
comprehension|327#0,comprehension,,daily_life,"በሚከተለው ጽሑፍ መሠረት ጥያቄውን በአጭሩ መልስ።

Context:
በአዲስ አበባ ከተማ ውስጥ በሚገኝ ትልቅ ትምህርት ቤት ውስጥ ተማሪዎች በየቀኑ ጠዋት በሰዓቱ ተሰባስበው ለትምህርት ዝግጁ ይሆናሉ። ትምህርት ቤቱ ሰፊ ሜዳ እና ዘመናዊ የላብራቶሪ ክፍሎች ስላሉት ተማሪዎች በተለያዩ የሳይንስ ትምህርቶች ላይ ሰፊ ልምምድ የማድረግ ዕድል ያገኛሉ። መምህራን በየክፍሉ ገብተው ትምህርታቸውን ከመስጠታቸው በፊት ተማሪዎች የትምህርት መጽሐፍቶቻቸውን እና ደብተሮቻቸውን በሥርዓት እንዲያዘጋጁ ያሳስባሉ። በሰዓት መለዋወጫ ወቅት ተማሪዎች በሜዳው ላይ የተለያዩ የስፖርት እንቅስቃሴዎችን በማድረግ አካላዊ ብቃታቸውን ለማሳደግ ይጥራሉ። በትምህርት ቤቱ ውስጥ የሚገኙ የቤተመጽሐፍት ክፍሎች ተማሪዎች በነጻ እንዲያነቡ እና አዳዲስ እውቀቶችን እንዲቀስሙ ትልቅ ድጋፍ ያደርጋሉ። በምሳ ሰዓት ተማሪዎች ከጓደኞቻቸው ጋር በመሆን በጣራው ስር ተቀምጠው ምግብ እየበሉ ስለ ትምህርታቸው እና ስለ መዝናኛዎች ይወያያሉ። በትምህርት ቤቱ አስተዳደር ሰብሳቢዎች የትምህርት ቤቱን ደንብ እና ሥርዓት ተማሪዎች እንዲከተሉ በየቀኑ ክትትል ያደርጋሉ። ተማሪዎች በየሳምንቱ በሚካሄዱ የንጽህና ዘመቻዎች አማካኝነት የትምህርት ቤቱን ግቢ ንጹህ እና ማራኪ ለማድረግ በጋራ ይሠራሉ። በትምህርት ቤቱ የሙዚቃ ክፍል ውስጥ የሚገኙ የባንጆ እና የክራር መሣሪያዎች ተማሪዎች የጥበብ ክህሎታቸውን እንዲያሳድጉ ይረዳሉ። የትምህርት ቤቱ መምህራን ለተማሪዎች ውጤታማነት ሲሉ ከትምህርት ውጭ በሆኑ የክለብ እንቅስቃሴዎች ላይም ትኩረት ይሰጣሉ። ተማሪዎች በየዓመቱ በሚካሄደው የዕውቀት ውድድር ላይ በመሳተፍ የተሻለ ውጤት ለማምጣት ከፍተኛ ጥረት ያደርጋሉ።

ተማሪዎች የትምህርት ቤቱን ግቢ ንጹህ ለማድረግ በምን ዓይነት ተግባር ላይ ይሳተፋሉ?"
comprehension|327#1,comprehension,,daily_life,"ከዚህ በታች የቀረበውን መረጃ በመጠቀም ለጥያቄው መልስ ስጥ።

Context:
በአንድ ትንሽ የገጠር ትምህርት ቤት ውስጥ የሚገኙ ተማሪዎች በየቀኑ ረጅም መንገድ በእግራቸው እየተጓዙ ትምህርት ለመማር ይደርሳሉ። ትምህርት ቤቱ ምንም እንኳን ጥቂት ክፍሎች ቢኖሩትም መምህራን በትጋት በመሥራት የተሻለ የትምህርት ሁኔታ እንዲፈጠር ያደርጋሉ። ተማሪዎች የትምህርት ቁሳቁሶችን ለብቻቸው ከማዘጋጀት ይልቅ እርስ በእርሳቸው በመረዳዳት እና በመጋራት መማርን ይመርጣሉ። በትምህርት ቤቱ ውስጥ የሚደረጉ የቡድን ውይይቶች ተማሪዎች በሃሳብ እንዲመካከሩ እና በራስ መተማመናቸው እንዲጨምር ያደርጋሉ። መምህራን ለተማሪዎች ትምህርት ሲሰጡ በምሳሌዎች በመታገዝ ትምህርቱ በቀላሉ እንዲረዳቸው ለማድረግ ከፍተኛ ጥረት ያደርጋሉ። በትምህርት ቤቱ ቅዳሜ ዕለት የሚካሄዱ የጽዳት ስራዎች ተማሪዎች ስለ አካባቢ ጥበቃ ትምህርት እንዲማሩ ዕድል ይሰጣሉ። ተማሪዎች በየቀኑ ከትምህርት በፊት በጋራ በመሆን የአካል ብቃት እንቅስቃሴ በማድረግ ለቀን ስራው ዝግጁ ይሆናሉ። በትምህርት ቤቱ ውስጥ የሚገኙ የዛፎች ጥላ ተማሪዎች በረንዳ ላይ ተቀምጠው እንዲያነቡ ምቹ ሁኔታን ይፈጥራል። መምህራን ተማሪዎች በፈተና ወቅት የነበረባቸውን ውጤት በመገምገም ለቀጣይ ትምህርት የሚያስፈልጋቸውን ምክር ይሰጣሉ። ተማሪዎች በየክፍላቸው ውስጥ የሚገኙ የሥዕል ስራዎችን በመስራት የፈጠራ ችሎታቸውን በየጊዜው ያሳድጋሉ። በትምህርት ቤቱ ውስጥ የሚከናወኑ የባህል ትርኢቶች ተማሪዎች ስለ ሀገራቸው ባህል እና እሴት እንዲያውቁ ያደርጋሉ።

ተማሪዎች በትምህርት ቤቱ ውስጥ የፈጠራ ችሎታቸውን ለማሳደግ ምን ዓይነት ተግባር ያከናውናሉ?"
comprehension|327#2,comprehension,,daily_life,"ከዚህ በታች የቀረበውን መረጃ በመጠቀም ለጥያቄው መልስ ስጥ።

Context:
በከተማው መሃል በሚገኝ ትምህርት ቤት ውስጥ ተማሪዎች በቴክኖሎጂ የታገዘ ትምህርት ለመከታተል ልዩ ትኩረት ይሰጣቸዋል። በትምህርት ቤቱ ውስጥ የተገጠሙ የኮምፒውተር ክፍሎች ተማሪዎች ስለ ዲጂታል ዓለም ግንዛቤ እንዲኖራቸው ትልቅ ሚና ይጫወታሉ። መምህራን የቴክኖሎጂ ውጤቶችን በመጠቀም ትምህርቱን ይበልጥ ሳቢ እና ዘመናዊ ለማድረግ በየቀኑ ይጥራሉ። ተማሪዎች በየሳምንቱ በሚደረጉ የሳይንስ ትርኢቶች አማካኝነት በተግባር የታገዘ እውቀት እንዲያገኙ ይደረጋል። በትምህርት ቤቱ ውስጥ የሚገኙ የኢንተርኔት አገልግሎቶች ተማሪዎች ለጥናት የሚያስፈልጋቸውን መረጃ በፍጥነት እንዲያገኙ ይረዳሉ። ተማሪዎች በየቀኑ ትምህርት ከመጀመራቸው በፊት የዲሲፕሊን ስርአትን ለመጠበቅ በጋራ ይቆማሉ። በትምህርት ቤቱ ውስጥ የሚገኙ የክለብ አባላት በየወሩ የሚዘጋጁ የውይይት መድረኮችን በማዘጋጀት ተማሪዎችን ያሳትፋሉ። መምህራን ተማሪዎች በቴክኖሎጂ አጠቃቀም ላይ የነበራቸውን ችግር ለመፍታት ልዩ ድጋፍ እና ስልጠና ይሰጣሉ። ተማሪዎች በየዓመቱ በሚካሄደው የቴክኖሎጂ ኤግዚቢሽን ላይ የራሳቸውን የፈጠራ ውጤቶች ለሌሎች ያሳያሉ። በትምህርት ቤቱ ውስጥ የሚገኙ የዲጂታል ቤተመጽሐፍት ተማሪዎች በዓለም ዙሪያ ያሉ መጽሐፍትን እንዲያነቡ ያስችላቸዋል። ተማሪዎች በቴክኖሎጂ የታገዘ ትምህርት መማራቸው ለወደፊት የሥራ ሕይወታቸው መሰረት እንዲሆን ይደረጋል።

በትምህርት ቤቱ ውስጥ የሚገኙ የኮምፒውተር ክፍሎች ለተማሪዎች ምን ዓይነት ጥቅም ይሰጣሉ?"
comprehension|335#0,comprehension,,health,"ጽሑፉን አንብበህ ጥያቄውን መልስ፡

ጽሑፍ፡ ወባ በሽታን ለመከላከል በቤት ውስጥ የሚደረጉ ጥንቃቄዎች በጣም አስፈላጊና ወሳኝ የሆኑ የጤና ጥበቃ እርምጃዎች ናቸው። በቤት ውስጥ የሚገኙ የውሃ ማቆሚያዎችን በሙሉ መሸፈን የወባ ትንኝ እንዳይራባ ለማድረግ ትልቅ ሚና ይጫወታል። የቆሙ ውሃዎች በትንኞች መራቢያነት ስለሚሰሩ በረንዳ ላይ ወይም በጓሮ ውስጥ ያሉ የቆሙ ውሃዎችን ማስወገድ ያስፈልጋል። ሰዎች በሌሊት በሚተኙበት ወቅት በሙሉ ሰውነት ላይ የሚሸፍኑ የረጅም እጅ ልብሶችን መልበስ በሽታውን ለመከላከል ይረዳል። በቤት ውስጥ የሚተከሉ የትንኝ መከላከያ አውታሮች በንጹህ አየር እንዲያልፉ በማድረግ ትንኞች ወደ ውስጥ እንዳይገቡ ይከላከላሉ። በየቀኑ በቤት ውስጥ የሚደረጉ የጽዳት ስራዎች የወባ ትንኞች መራቢያ ቦታዎችን ለማጥፋት ከፍተኛ አስተዋጽኦ ያደርጋሉ። በቤት ውስጥ የሚገኙ የቆሻሻ መከማቻዎችን በአግባቡ ማስወገድ የትንኞችን መራቢያ ሁኔታ ለመቀነስ በጣም አስፈላጊ ተግባር ነው። በየጊዜው የሚደረጉ የቤት ውስጥ የጽዳት ዘመቻዎች የጤና ሁኔታን ለማሻሻልና በሽታን ለመከላከል ይረዳሉ። በቤት ውስጥ የሚገኙ የውሃ ማቆሚያዎች በሙሉ መሸፈናቸው የወባ ትንኞች እንዳይራቡ ለማድረግ ትልቅ ሚና ይጫወታል። በረንዳ ላይ ወይም በጓሮ ውስጥ ያሉ የቆሙ ውሃዎችን ማስወገድ የወባ ትንኞችን ቁጥር ለመቀነስ ይረዳል። በሌሊት የሚተከሉ የትንኝ መከላከያ አውታሮች ንጹህ አየር እንዲያልፉ በማድረግ ትንኞች ወደ ቤት እንዳይገቡ ይከላከላሉ።

ጥያቄ፡ በቤት ውስጥ የወባ ትንኞች እንዳይራቡ ለማድረግ መደረግ ያለባቸው ዋና ዋና የጽዳት እርምጃዎች ምንድን ናቸው?"
comprehension|335#1,comprehension,,health,"ጽሑፉን አንብበህ ጥያቄውን መልስ፡

ጽሑፍ፡ የወባ መከላከያ መረቦች አጠቃቀም በዓለም አቀፍ ደረጃ የጤና ባለሙያዎች በከፍተኛ ሁኔታ የሚመክሩት በጣም አስፈላጊ የጤና ጥበቃ ዘዴ ነው። እነዚህ መረቦች በውስጣቸው የኬሚካል ቅባት ስላላቸው ትንኞች መረቡ ላይ ሲያርፉ እንዲሞቱ ያደርጋሉ። በየሌሊቱ መረብ መጠቀም በሰውነት ላይ የሚፈጸሙ የትንኝ ንክኪዎችን በከፍተኛ ሁኔታ ለመቀነስ ይረዳል። መረቦችን በትክክል መዘርጋትና በቤት ውስጥ በቋሚነት መጠቀም ለጤና መረጋጋት ትልቅ ፋይዳ አለው። መረቦች በልጆችና በእርግዝና ላይ ባሉ ሴቶች ላይ የሚከሰተውን የወባ ስጋት ለመቀነስ በጣም ውጤታማ ናቸው። መረቦችን በየጊዜው ማጽዳትና በጥንቃቄ መጠቀም የመረቡን የመከላከያ አቅም ለረጅም ጊዜ እንዲቆይ ያደርጋል። መረቦች በውስጣቸው የኬሚካል ቅባት ስላላቸው ትንኞች መረቡ ላይ ሲያርፉ እንዲሞቱ ያደርጋሉ። በየሌሊት መረብ መጠቀም በሰውነት ላይ የሚፈጸሙ የትንኝ ንክኪዎችን በከፍተኛ ሁኔታ ለመቀነስ ይረዳል። መረቦችን በትክክል መዘርጋትና በቤት ውስጥ በቋሚነት መጠቀም ለጤና መረጋጋት ትልቅ ፋይዳ አለው። መረቦች በልጆችና በእርግዝና ላይ ባሉ ሴቶች ላይ የሚከሰተውን የወባ ስጋት ለመቀነስ በጣም ውጤታማ ናቸው። መረቦችን በየጊዜው ማጽዳትና በጥንቃቄ መጠቀም የመረቡን የመከላከያ አቅም ለረጅም ጊዜ እንዲቆይ ያደርጋል።

ጥያቄ፡ የወባ መከላከያ መረቦች ትንኞችን ለመግደል የሚጠቀሙበት ዘዴ ምንድን ነው?"
comprehension|335#2,comprehension,,health,"የተሰጠውን ጽሑፍ በጥንቃቄ ካነበብክ በኋላ የቀረበውን ጥያቄ መልስ።

ጽሑፍ፡ የወባ በሽታን ለመከላከል በየአካባቢው የሚከናወኑ የጤና ግንዛቤ ማስጨበጫ ስራዎች በህብረተሰቡ ዘንድ ትልቅ ለውጥ ያመጣሉ። ሰዎች ስለ በሽታው ምልክቶችና ስለ መከላከያ መንገዶች በቂ እውቀት እንዲኖራቸው ማድረግ በጣም አስፈላጊ ነው። በጤና ባለሙያዎች የሚሰጡ ትምህርቶች ሰዎች በቤት ውስጥ የሚደረጉ ጥንቃቄዎችን እንዲተገብሩ ያበረታታሉ። የወባ መከላከያ ዘዴዎችን በተመለከተ የሚሰጡ መረጃዎች የህብረተሰቡን የጤና ግንዛቤ ለማሳደግ ትልቅ ሚና ይጫወታሉ። በየአካባቢው የሚከናወኑ የጤና ግንዛቤ ማስጨበጫ ስራዎች በህብረተሰቡ ዘንድ ትልቅ ለውጥ ያመጣሉ። ሰዎች ስለ በሽታው ምልክቶችና ስለ መከላከያ መንገዶች በቂ እውቀት እንዲኖራቸው ማድረግ በጣም አስፈላጊ ነው። በጤና ባለሙያዎች የሚሰጡ ትምህርቶች ሰዎች በቤት ውስጥ የሚደረጉ ጥንቃቄዎችን እንዲተገብሩ ያበረታታሉ። የወባ መከላከያ ዘዴዎችን በተመለከተ የሚሰጡ መረጃዎች የህብረተሰቡን የጤና ግንዛቤ ለማሳደግ ትልቅ ሚና ይጫወታሉ። የጤና ግንዛቤ ማስጨበጫ ስራዎች ሰዎች በሽታውን አስቀድመው እንዲያውቁና ጥንቃቄ እንዲያደርጉ ይረዳሉ። በየአካባቢው የሚከናወኑ የጤና ግንዛቤ ማስጨበጫ ስራዎች በህብረተሰቡ ዘንድ ትልቅ ለውጥ ያመጣሉ። ሰዎች ስለ በሽታው ምልክቶችና ስለ መከላከያ መንገዶች በቂ እውቀት እንዲኖራቸው ማድረግ በጣም አስፈላጊ ነው። በጤና ባለሙያዎች የሚሰጡ ትምህርቶች ሰዎች በቤት ውስጥ የሚደረጉ ጥንቃቄዎችን እንዲተገብሩ ያበረታታሉ።

ጥያቄ፡ የወባ መከላከያ ዘዴዎችን በተመለከተ የሚሰጡ መረጃዎች ለህብረተሰቡ ምን ጥቅም ይሰጣሉ?"
comprehension|355#0,comprehension,,news,"ከዚህ በታች ያለውን ምንባብ አንብበህ ጥያቄውን መልስ።

Context:
በሰኔ ፲፪ ቀን በወንጌል አቀራረብ ማህበር የተሰጠ መግለጫ መሰረት በደቡብ ምዕራብ የሀገሪቱ ክፍል በሚገኘው በዝቅተኛው የአባይ ተፋሰስ አካባቢ ከፍተኛ የድርቅ አደጋ ተከስቷል። በዚያ አካባቢ የሚገኙት የዝቅታ ተስፋዬ እና የሰላም ከተማ ነዋሪዎች በከፍተኛ ሁኔታ እየተቸገሩ መሆኑን የክልሉ የአየር ንብረት ተመራማሪዎች በሰጡት መረጃ አረጋግጠዋል። ባለፉት አምስት ወራት ውስጥ የዘነበው ዝናብ ከመደበኛው በሰማንያ በመቶ የቀነሰ በመሆኑ በአካባቢው የሚገኙት የሰብል ምርቶች በሙሉ እንዲጠፉ አድርጓል። የዝቅታ ተስፋዬ የተባለው የአካባቢው የግብርና ባለሙያ በሰጠው መግለጫ መሰረት በዘንድሮው የክረምት ወቅት የሚጠበቀው ዝናብ ካለፈው ዓመት ጋር ሲነጻጸር በጣም አነስተኛ ነው። በአካባቢው የሚገኙት የጎጃም አረንጓዴ ተስፋ ድርጅት ሰራተኞች ለተጎዱት አምስት መንደሮች የድንጋይ እና የጭቃ ድጋፍ ለማድረስ አዲስ እቅድ አውጥተዋል። ይህ ድርጅት ለተጎዱት ሰዎች በየሳምንቱ ሁለት ቶን የጥራጥሬ እህል እና መሠረታዊ የቤት ውስጥ ቁሳቁሶችን ለማከፋፈል ዝግጅቱን አጠናቋል። በአካባቢው የሚገኙት የውሃ ጉድጓዶች በሙሉ ደርቀው በመቅረት ለእንስሳት መኖሪያ የሚሆኑ የግጦሽ መሬቶችም ከፍተኛ ጉዳት ደርሶባቸዋል። የአየር ንብረት ለውጡ በክልሉ ላይ የሚያሳድረው ተጽዕኖ እጅግ አሳሳቢ ደረጃ ላይ መድረሱን የአካባቢ ጥበቃ ባለሙያዎች በጽኑ አስጠንቅቀዋል። በመሆኑም መንግስት እና መንግስታዊ ያልሆኑ ድርጅቶች በአስቸኳይ የረድኤት ስራዎችን መጀመር እንዳለባቸው በጋራ አሳስበዋል።

በዝቅታ ተስፋዬ መግለጫ መሰረት በዘንድሮው የክረምት ወቅት የሚጠበቀው ዝናብ ከባለፈው ዓመት ጋር ሲነጻጸር ምን ይመስላል?"
comprehension|355#1,comprehension,,news,"የተሰጠውን ጽሑፍ በጥንቃቄ ካነበብክ በኋላ የቀረበውን ጥያቄ መልስ።

ጽሑፍ፡ በታላቁ የሰማያዊ ተራራ ክልል ውስጥ በሚገኘው በዘመናዊው የብሉ ሸለቆ ከተማ ውስጥ አዲስ የአረንጓዴ ከተማ ፕሮጀክት በሰኔ ፭ ቀን ተጀምሯል። ይህ ፕሮጀክት በታዋቂው የኢትዮ ፕላኔት ድርጅት አማካኝነት የተመራ ሲሆን በፕሮጀክቱ ውስጥ አምስት መቶ አዳዲስ የጥላ ሰንሰለት ዛፎች ተተክለዋል። የፕሮጀክቱ አስተባባሪ የሆኑት አቶ በቀለ ተስፋዬ እንደገለጹት ይህ ተግባር በከተማዋ ውስጥ ያለውን የሙቀት መጠን በሁለት ዲግሪ ሴልሺየስ ለመቀነስ ያለመ ነው። ፕሮጀክቱ ለመተግበር በአጠቃላይ አምስት ሚሊዮን ብር በጀት የተመደበለት ሲሆን ይህም ከከተማዋ የልማት ፈንድ የተገኘ ነው። በከተማዋ ውስጥ የሚገኙት የከተማ ነዋሪዎች በፕሮጀክቱ ስራ ላይ እንዲሳተፉ የከተማው አስተዳደር ጥሪ አቅርቧል። የብሉ ሸለቆ ከተማ የከተማ ውበት ኮሚቴ በየቀኑ የዛፎቹን እድገት ለመከታተል ልዩ የክትትል ቡድን ማቋቋሙን አስታውቋል። ፕሮጀክቱ በሚቀጥሉት ሁለት ዓመታት ውስጥ በከተማዋ ውስጥ ያሉትን ክፍት ቦታዎች በሙሉ አረንጓዴ ለማድረግ ታቅዶ የተዘጋጀ ነው። የኢትዮ ፕላኔት ድርጅት ሰራተኞች በየቀኑ በመቶዎች የሚቆጠሩ ወጣቶችን በደን ጥበቃ ስልጠና ላይ እያሰለጠኑ ይገኛሉ። ይህ አዲስ ተነሳሽነት በከተማዋ ውስጥ ያለውን የአየር ጥራት ለማሻሻል ትልቅ አስተዋጽኦ ይኖረዋል ተብሎ ይታመናል።

ጥያቄ፡ የብሉ ሸለቆ ከተማ አረንጓዴ ፕሮጀክት የሙቀት መጠንን ምን ያህል ለመቀነስ ታቅዶ ተዘጋጀ?"
comprehension|355#2,comprehension,,news,"ከዚህ በታች የቀረበውን መረጃ በመጠቀም ለጥያቄው መልስ ስጥ።

Context:
በሰኔ ፳ ቀን በወንጌል አቀራረብ ማህበር በሰጠው መግለጫ መሰረት በምስራቅ የሀገሪቱ ክፍል በሚገኘው በወርቃማው ሜዳ አካባቢ ከፍተኛ የጎርፍ አደጋ ተከስቷል። በወርቃማው ሜዳ የሚገኙት የሰላም ተስፋዬ እና የንጋት ከተማ ነዋሪዎች በጎርፉ ምክንያት ቤታቸው እንዲፈርስ ተደርጓል። የጎርፉ መጠን ከወትሮው በሶስት እጥፍ የጨመረ መሆኑን የአካባቢው የአየር ንብረት ተመራማሪው አቶ ታደሰ አረጋግጠዋል። በአካባቢው የሚገኙት የሰማያዊ ወንዝ ጥበቃ ማህበር ሰራተኞች ለተጎዱት ስምንት ቤተሰቦች የድንጋይ እና የጭቃ ድጋፍ ለማድረስ እየሰሩ ነው። ይህ ማህበር ለተጎዱት ሰዎች በየሳምንቱ ሁለት ቶን የጥራጥሬ እህል እና መሠረታዊ ቁሳቁሶችን ለማከፋፈል ዝግጅቱን አጠናቋል። በአካባቢው የሚገኙት የውሃ ጉድጓዶች በሙሉ ተዘፍዘው በመቅረት ለእንስሳት መኖሪያ የሚሆኑ የግጦሽ መሬቶችም ከፍተኛ ጉዳት ደርሶባቸዋል። የአየር ንብረት ለውጡ በክልሉ ላይ የሚያሳድረው ተጽዕኖ እጅግ አሳሳቢ ደረጃ ላይ መድረሱን የአካባቢ ጥበቃ ባለሙያዎች በጽኑ አስጠንቅቀዋል። በመሆኑም መንግስት እና መንግስታዊ ያልሆኑ ድርጅቶች በአስቸኳይ የረድኤት ስራዎችን መጀመር እንዳለባቸው በጋራ አሳስበዋል። የጎርፉ መከሰት ምክንያት በድንገት የደረሰ ከባድ ዝናብ መሆኑን የክልሉ የአየር ንብረት መምሪያ መረጃ አረጋግጧል።

በወርቃማው ሜዳ አካባቢ የጎርፍ አደጋው ምክንያት ለጉዳት የተዳረጉት ስንት ቤተሰቦች ናቸው?"
comprehension|359#0,comprehension,,technology,"ምንባቡን ካነበብሽ በኋላ ለጥያቄው መልስ ስጪ።

Context:
የኢንተርኔት አጠቃቀም በዓለም ዙሪያ በከፍተኛ ሁኔታ እየጨመረ መምጣቱ የሰዎችን የዕለት ተዕለት የኑሮ ዘይቤ እና የመረጃ ልውውጥ ሂደት በከፍተኛ ደረጃ እየቀየረው ይገኛል። ሰዎች መረጃዎችን በፍጥነት ለማግኘት እና ከሩቅ ያሉ ዘመዶቻቸው ጋር ለመገናኘት የዲጂታል መገናኛ ዘዴዎችን በሰፊው መጠቀም ይጀምራሉ። ማኅበራዊ ሚዲያዎች በተለይም አዳዲስ መረጃዎችን በፍጥነት ለማሰራጨት እና ሰዎችን በአንድ የጋራ ዓላማ ለመሰብሰብ ትልቅ ሚና እየተጫወቱ ነው። ሆኖም ግን የኢንተርኔት አጠቃቀም መጨመር አንዳንድ አዳዲስ የደህንነት ስጋቶችን እና የግል መረጃዎችን የመስረቅ አደጋዎችንም አብሮ ይዞ መጥቷል። ተጠቃሚዎች በድረ-ገጾች ላይ የሚያሳልፉትን ጊዜ በጥንቃቄ መቆጣጠር እና የግል መረጃዎቻቸውን ለማያውቁት አካል አለመስጠት በጣም አስፈላጊ ነው። የሳይበር ጥቃቶች በየጊዜው እየጨመሩ በመምጣታቸው የዲጂታል መከላከያ ዘዴዎችን መጠቀም ለሁሉም ተጠቃሚዎች የግድ አስፈላጊ ሆኗል። የኢንተርኔት አገልግሎት ተደራሽነት በገጠሪት አካባቢዎች እንዲሻሻል ማድረግ የዲጂታል ክፍተቱን ለመቀነስ ትልቅ እርምጃ ይሆናል። የቴክኖሎጂ ውጤቶች በየቀኑ እየተሻሻሉ በመምጣታቸው አዳዲስ የኢንተርኔት አገልግሎቶች ለሰዎች ምቹ ሁኔታን እየፈጠሩ ነው። የኢንተርኔት ዓለም ሰፊ ዕድሎችን ቢዞርም ጥንቃቄ የተሞላበት አጠቃቀም ግን ለደህንነት ወሳኝ ነው።

ማኅበራዊ ሚዲያዎች ለምን ጥቅም ላይ ይውላሉ?"
comprehension|363#0,comprehension,,technology,"ምንባቡን ካነበብሽ በኋላ ለጥያቄው መልስ ስጪ።

Context:
በዲጂታል ዓለም ውስጥ የግል መረጃን መጠበቅ እጅግ አስፈላጊ የሆነ ተግባር በመሆኑ እያንዳንዱ ተጠቃሚ ጥንቃቄ ማድረግ ይኖርበታል። የይለፍ ቃል ሲፈጠር በቀላሉ የማይገመቱ ቁምፊዎችን እና ምልክቶችን ማካተት ለደህንነት ከፍተኛ አስተዋጽኦ ያበረክታል። የማህበራዊ ሚዲያ አካውንቶችን ሲጠቀሙ ለሌሎች ሰዎች የማይታወቁ አዳዲስ ሰዎችን በቀላሉ መቀበል ለሳይበር ጥቃት ሊዳርግ ይችላል። በኢሜይል መልዕክቶች ውስጥ የሚመጡ አጠራጣሪ ሊንኮችን አለመንካት የቫይረስ ስርጭትን ለመከላከል በጣም ወሳኝ የሆነ እርምጃ ነው። የሁለት ደረጃ ማረጋገጫ ዘዴን መጠቀም የሂሳብ መረጃዎችን ከሌሎች ሰዎች እጅ ለመጠበቅ ትልቅ ዋጋ አለው። በየጊዜው የሶፍትዌር ማሻሻያዎችን ማድረግ ሲስተሙን ከታወቁ የደህንነት ስጋቶች ለመከላከል ይረዳል። የሕዝብ መረጃዎችን ለተለያዩ ድረ ገጾች ሲሰጡ የድር ጣቢያዎቹን ታማኝነት መመርመር የግድ ይላል። የሕዝብ መረጃዎችን ለንግድ ማስታወቂያዎች የሚሰጡ ሰዎች ለተለያዩ የማጭበርበሪያ ዘዴዎች ተጋላጭ ሊሆኑ ይችላሉ። በኢንተርኔት ላይ የምናደርጋቸውን እንቅስቃሴዎች በየጊዜው መከታተል ለዲጂታል ደህንነት መረጋገጥ መሰረታዊ ነው። የዲጂታል መታወቂያዎችን እና የባንክ መረጃዎችን በደህንነታቸው ያልተጠበቁ መሣሪያዎች ላይ አለመጠቀም ይመከራል። የዲጂታል ደህንነት ግንዛቤን ማሳደግ በቴክኖሎጂ ዘመን ውስጥ ያለውን ስጋት ለመቀነስ ይረዳል።

የሁለት ደረጃ ማረጋገጫ ዘዴን መጠቀም ለምን ጠቃሚ እንደሆነ በጽሁፉ ላይ ተገልጿል?"
comprehension|363#1,comprehension,,technology,"ምንባቡን ካነበብሽ በኋላ ለጥያቄው መልስ ስጪ።

Context:
በኢንተርኔት አጠቃቀም ወቅት የሚከሰቱ የማጭበርበሪያ ድርጊቶችን ለመከላከል መሠረታዊ የሆኑ ጥንቃቄዎችን ማድረግ አስፈላጊ ነው። አጠራጣሪ የሆኑ የኢሜይል መልዕክቶች ሲደርሱ በውስጣቸው ያሉትን ሊንኮች አለመንካት ለደህንነት መረጋገጥ ወሳኝ ነው። የይለፍ ቃላትን ሲመርጡ ከቀን እና ከወር ስም ውጭ የሆኑ ውስብስብ ቁምፊዎችን መጠቀም ይገባል። በየጊዜው የሶፍትዌር ማሻሻያዎችን ማድረግ ሲስተሙን ከታወቁ የሳይበር ጥቃቶች ለመከላከል ትልቅ ሚና ይጫወታል። የማህበራዊ ሚዲያ ተጠቃሚዎች የማያውቁትን ሰው ጥያቄ መቀበል ለግል መረጃ ስርቆት ምክንያት ሊሆን ይችላል። የባንክ መረጃዎችን እና የግል መታወቂያዎችን በኢንተርኔት ላይ ለማጋራት ከፍተኛ ጥንቃቄ ማድረግ ያስፈልጋል። የድረ ገጾችን የደህንነት ምልክቶች መመርመር ተጠቃሚዎች ከማጭበርበሪያ ድረ ገጾች እንዲርቁ ይረዳቸዋል። በዲጂታል መሣሪያዎች ላይ ጠንካራ የይለፍ ቃል መጠቀም ለግል መረጃ ጥበቃ መሠረት ነው። የሕዝብ መረጃዎችን ለተለያዩ ድርጅቶች ሲሰጡ የድርጅቶቹን ታማኝነት ማረጋገጥ የግድ ይላል። በየጊዜው የዲጂታል መሣሪያዎችን የደህንነት ሁኔታ መፈተሽ ለረጅም ጊዜ ደህንነት ይረዳል። የሳይበር ደህንነት ግንዛቤን ማሳደግ ተጠቃሚዎችን ከተለያዩ አደጋዎች ለመጠበቅ ይረዳል።

በጽሁፉ መሠረት የሶፍትዌር ማሻሻያዎችን በየጊዜው ማድረግ ምን ዓይነት ጥቅም ይሰጣል?"
comprehension|367#0,comprehension,,daily_life,"ጽሑፉን አንብበህ ጥያቄውን መልስ፡

ጽሑፍ፡ አዲስ አበባ ውስጥ የሚገኙት የሕዝብ ትራንስፖርት አገልግሎቶች በየቀኑ በብዙ ሚሊዮን የሚቆጠሩ ተጓዦችን ወደ ተለያዩ የከተማዋ ክፍሎች ለማድረስ ከፍተኛ ጥረት ያደርጋሉ። አዲሱ የራይድ አገልግሎት በሞባይል ስልክ አማካኝነት በቀላሉ ተጠቃሚ ለመሆን እንዲቻል የተገነባ ሲሆን ይህም የሰዎችን የጉዞ ጊዜ በእጅጉ ይቀንሳል። በከተማዋ ውስጥ የሚገኙት አውቶቡሶች በየሰዓቱ በየመቆሚያዎቹ ላይ እንዲገኙ ተደርገው የተዘጋጁ ሲሆን ይህም ተጓዦች ሳይጠበቅ እንዲጓዙ ይረዳቸዋል። የታክሲ አገልግሎትም በየቀኑ በከፍተኛ ፍጥነት በመንቀሳቀስ ሰራተኞችንና ተማሪዎችን ወደ ስራና ትምህርት ቤታቸው በሰዓቱ ለማድረስ ይረዳል። የባቡር መስመር ግንባታ ከተጠናቀቀ በኋላ የከተማዋ የትራንስፖርት ችግር በከፍተኛ ደረጃ እንዲቀንስ ትልቅ ተስፋ ተጥሎበታል። አሽከርካሪዎች የትራፊክ ህጎችን በጥብቅ እንዲከተሉና ለተጓዦች ደህንነት ቅድሚያ እንዲሰጡ በየጊዜው ስልጠና ይሰጣቸዋል። የትራንስፖርት መቆጣጠሪያ አካላትም በመንገዶች ላይ የሚታዩትን የትራፊክ መጨናነቅ ለመቀነስ የተለያዩ መፍትሄዎችን እየተገበሩ ይገኛሉ። አዳዲስ የኤሌክትሪክ ተሽከርካሪዎች ወደ ከተማዋ እየገቡ መሆናቸው የአየር ብክለትን ለመቀነስ ትልቅ አስተዋጽኦ ይኖራቸዋል። መንግስትም ለትራንስፖርት መሰረተ ልማት ግንባታ በየዓመቱ ከፍተኛ በጀት በመመደብ የከተማዋን እንቅስቃሴ ለማሳለጥ እየሰራ ነው። ሁሉም የትራንስፖርት አቅራቢዎች ጥራት ያለውና አስተማማኝ አገልግሎት እንዲሰጡ ጥብቅ ክትትል ይደረግባቸዋል።

ጥያቄ፡ በከተማዋ ውስጥ የአየር ብክለትን ለመቀነስ የሚረዱት አዳዲስ ተሽከርካሪዎች ምን ዓይነት ናቸው?"
comprehension|367#1,comprehension,,daily_life,"ይህን ምንባብ መሠረት በማድረግ ለጥያቄው መልስ ስጥ።

ምንባብ፡ ከአዲስ አበባ ወደ ባህር ዳር ለመጓዝ የሚጠቀሙት ተጓዦች በተለያዩ አማራጮች መሠረት ጉዞአቸውን ማቀድ ይችላሉ። በየቀኑ በየሰዓቱ የሚነሱ አውቶቡሶች በዝቅተኛ ዋጋ ለረጅም ርቀት ተጓዦች ምቹ አገልግሎት ይሰጣሉ። በታክሲዎች አማካኝነት ደግሞ በቀጥታ ወደሚፈለገው ቦታ መድረስ የሚቻል ሲሆን ይህም ለግል ጉዞዎች ተመራጭ ነው። የባቡር ጉዞ በጣም ፈጣንና ምቹ መሆኑ የተነሳ ብዙ ሰዎች ይህንን አማራጭ መምረጥ ይጀምራሉ። የጉዞ ትኬቶችን አስቀድሞ በኦንላይን መግዛት ጊዜን ለመቆጠብና መጨናነቅን ለማስወገድ በጣም ጠቃሚ ዘዴ ነው። መንገዱ ላይ የሚገኙ የትራንስፖርት ማቆሚያዎች በቂ መረጃና መጠበቂያ እንዲኖራቸው ተደርገው ተገንብተዋል። ተጓዦች ከመነሻቸው ከመውጣታቸው በፊት የአየር ሁኔታውንና የመንገድ ሁኔታውን ማረጋገጥ ይኖርባቸዋል። የጉዞ ሰነዶችንና አስፈላጊ ቁሳቁሶችን በቦርሳ ውስጥ በአግባቡ ማደራጀት ለጉዞው ስኬታማነት ወሳኝ ነው። አሽከርካሪዎችም መንገዱ ላይ ያሉትን አደገኛ ቦታዎችና መታጠቂያዎች በሚገባ ማወቅ ይኖርባቸዋል። በጉዞ ወቅት የሚታዩትን የትራፊክ መጨናነቆች ለመቀነስ የተለያዩ የትራፊክ መቆጣጠሪያ ዘዴዎች በየመንገዱ ላይ ተቀምጠዋል። የትራንስፖርት ድርጅቶችም ለተጓዦች ደህንነት ሲሉ ዘመናዊ የመገናኛ ዘዴዎችን እየተጠቀሙ ይገኛሉ።

ጥያቄ፡ ተጓዦች የጉዞ ትኬቶችን አስቀድመው በኦንላይን መግዛታቸው ምን ዓይነት ጥቅም ይሰጣቸዋል?"
comprehension|367#2,comprehension,,daily_life,"ንባቡን መሠረት በማድረግ ጥያቄውን መልስ።

Context:
በኢትዮጵያ ውስጥ የሚገኙት የገጠር መንገዶች ለግብርና ምርቶችና ለሰዎች እንቅስቃሴ መሰረታዊ ጠቀሜታ አላቸው። በወቅቱ በገጠር አካባቢዎች የሚገኙት አነስተኛ ተሽከርካሪዎች ምርቶችን ወደ ገበያ ለማድረስ ትልቅ ሚና ይጫወታሉ። መንገዶችን በማስፋትና በማሻሻል የገጠር ነዋሪዎችን ከከተማ ከተሞች ጋር ማገናኘት ትልቅ ግብ ነው። በዝናብ ወቅት መንገዶች እንዲበላሹ የማይችሉ ዘመናዊ የኮንክሪት መንገዶች እንዲገነቡ ጥረት እየተደረገ ነው። የጭነት መኪና አሽከርካሪዎች ምርቶችን በወቅቱ ለማድረስ ከፍተኛ ጥንቃቄና ትጋት አድርገው ይሰራሉ። የትራንስፖርት አገልግሎት ማሻሻል የገበያ ዋጋ እንዲረጋጋና ምርቶች እንዳይበላሹ ይረዳል። በአንዳንድ አካባቢዎች የትራንስፖርት እጥረት መኖሩ ለነዋሪዎች የጤናና የትምህርት አገልግሎት እንዳያገኙ እንቅፋት ሆኗል። በመሆኑም መንግስት በየዓመቱ አዳዲስ መንገዶችን ለመገንባትና የነባሮቹን ለመጠገን ሰፊ እቅድ አውጥቷል። የትራንስፖርት መሠረተ ልማት መዘርጋት የሀገሪቱን ኢኮኖሚ ለማሳደግ ቁልፍ ተግባር መሆኑ ይታወቃል። የገጠር ነዋሪዎችም አዳዲስ መንገዶች ሲገነቡ ለንግድና ለሌሎች እንቅስቃሴዎች ምቹ ሁኔታ ይፈጠራል። የትራንስፖርት አገልግሎት አቅራቢዎችም ጥራት ያለው አገልግሎት በመስጠት ለሀገሪቱ እድገት የበኩላቸውን አስተዋጽኦ ያደርጋሉ።

የገጠር መንገዶችን በማሻሻልና በማስፋት ዋናው ዓላማ ምንድን ነው?"
comprehension|371#0,comprehension,,history,"በሚከተለው ጽሑፍ መሠረት ጥያቄውን በአጭሩ መልስ።

Context:
በአንድ ዘመን የነበረው የአድዋ የጦርነት ትውስታ በታሪክ መዝገብ ውስጥ በዝርዝር ተጽፎ ይገኛል። በዚያ ወቅት በሰሜናዊው የአባይ ሸለቆ ውስጥ የነበረው የዘንባባ ጦር መሪ አቶ በቀለ ተከታዮቹን በመሪነት እየመራ ነበር። የሰሜን ኮከብ የተባለው የጦር ቡድን በሰኔ አሥራ አምስት ቀን በታላቁ ተራራ ስር ተሰባስቦ ነበር። በወቅቱ የነበረው የጠላት ኃይል በሰማያዊ ደመና የተሰየመ ሲሆን ቁጥራቸውም በሁለት ሺህ አምስት መቶ ሰው ይገመት ነበር። የአባይ ሸለቆው የጦር ሜዳ በወቅቱ በከፍተኛ ዝናብ ምክንያት በጣም አሸዋማና ለመራመድ አስቸጋሪ ነበር። የዘንባባ ጦር አባላት በጠላት ላይ ያደረጉት ድንገተኛ ጥቃት በጠዋት አምስት ሰዓት ላይ ተጀምሮ ነበር። የጠላት መሪ አቶ ቴዎድሮስ በድንገተኛው ጥቃት ምክንያት በሰባት ሰዓት ላይ ተሸንፈው ወደ ኋላ ማፈግፈግ ተገደዋል። የጦርነቱ ውጤት ለሰሜኑ ክልል ሰላምንና ነፃነትን ያስገኘ ታላቅ ድል ነበር። በጦርነቱ ወቅት የተሰባሰቡት የሰላም አምባሳደሮች በቁጥር አሥራ ሁለት ሰው ብቻ ነበሩ። ይህ ታሪካዊ ክስተት እስከ ዛሬ ድረስ በታሪክ መጽሐፍት ውስጥ በኩራት ይነገራል።

የሰማያዊ ደመና የጦር ቡድን አባላት በቁጥር ስንት ነበሩ?"
comprehension|379#0,comprehension,,health,"ከዚህ በታች ያለውን ምንባብ አንብበህ ጥያቄውን መልስ።

Context:
ክትባት በሽታ አምጪ ተህዋሲያን በሰውነት ውስጥ እንዳይራቡና የሰውነት መከላከያ ሥርዓት እንዲዘጋጅ በማድረግ ለጤናማ ሕይወት ትልቅ አስተዋጽኦ ያደርጋል። የሕፃናት ክትባቶች ከባድ የሆኑ ተላላፊ በሽታዎችን ለመከላከል በመታገዝ የሕፃናትን የሕይወት ዕድሜ በከፍተኛ ሁኔታ እንዲጨምሩ ይረዳሉ። በዓለም ዙሪያ የሚገኙ የጤና ባለሙያዎች ለሁሉም የኅብረተሰብ ክፍሎች ተደራሽ የሆነ የክትባት አገልግሎት እንዲኖር በየጊዜው ጥረት ያደርጋሉ። ክትባት ከመውሰዱ በፊት ስለሚሰጡት ጥቅሞችና ሊከተሉ የሚችሉ ቀላል የጎንዮሽ ጉዳቶች በቂ ግንዛቤ መኖር ለሰዎች አስፈላጊ ነው። በክትባት አማካኝነት የሚከላከሏቸው በሽታዎች በከፍተኛ ሁኔታ እንዲቀንሱና የሕዝብ ጤና እንዲሻሻል ማድረግ ለሀገር ዕድገት ወሳኝ ነው። የክትባት መርሃ ግብሮች በየአካባቢው በሚገኙ የጤና ተቋማት አማካኝነት ለሕዝቡ በነፃ ወይም በዝቅተኛ ዋጋ እንዲቀርቡ ይደረጋል። የክትባት መርሃ ግብሩ ስኬታማ እንዲሆን ማኅበረሰቡ ስለ ክትባት አስፈላጊነት ትክክለኛ መረጃ እንዲያገኝ ማድረግ መሠረታዊ ተግባር ነው። የክትባት መርሃ ግብሮች በየወቅቱ የሚከናወኑ ሲሆን ይህም በሽታዎች ሳይስፋፉ ለመቆጣጠር ይረዳል። በክትባት አማካኝነት የሰውነት መከላከያ ሥርዓት እንዲጠናከር ማድረግ ለረጅም ጊዜ ጤናን ለመጠበቅ ይረዳል። የጤና ባለሙያዎች ለወላጆች ስለ ክትባት መርሃ ግብር ዝርዝር መረጃዎችን በየጊዜው ይሰጣሉ።

ክትባት ለሰውነት መከላከያ ሥርዓት ምን ዓይነት ሚና ይጫወታል?"
comprehension|379#1,comprehension,,health,"በሚከተለው ጽሑፍ መሠረት ጥያቄውን በአጭሩ መልስ።

Context:
በዓለም አቀፍ ደረጃ የሚከናወኑ የክትባት ዘመቻዎች ለተላላፊ በሽታዎች መቆጣጠርና መከላከል እጅግ በጣም አስፈላጊ የሆኑ የጤና ተግባራት ናቸው። እነዚህ ዘመቻዎች በተለይ በሕፃናትና በደካማ የጤና ሁኔታ ባላቸው ሰዎች ላይ ትኩረት በማድረግ በሽታዎችን ለመቀነስ ይሠራሉ። የክትባት አገልግሎት በየአካባቢው ባሉ የጤና ጣቢያዎችና በሕዝብ አገልግሎት መስጫ ቦታዎች በሰፊው እንዲቀርብ ይደረጋል። ክትባት መውሰድ በሽታ ሳይመጣ አስቀድሞ ለመከላከል የሚረዳ ውጤታማና አስተማማኝ የሕክምና ዘዴ ተደርጎ ይወሰዳል። የክትባት መርሃ ግብሮች በየአካባቢው ባሉ ማኅበረሰቦች ዘንድ ግንዛቤ እንዲፈጠር ለማድረግ የተለያዩ የማስተማር ሥራዎችን ያከናውናሉ። በክትባት አማካኝነት የሚከላከሏቸው በሽታዎች በሕዝብ ዘንድ ከፍተኛ ጉዳት እንዳያደርሱ አስቀድሞ መከላከል ይቻላል። የጤና ባለሙያዎች ስለ ክትባት አስፈላጊነትና ስለሚሰጡት የክትባት ዓይነቶች ለሕዝቡ በየጊዜው መረጃዎችን ያቀርባሉ። የክትባት መርሃ ግብሮች ስኬታማ እንዲሆኑ ማኅበረሰቡ በክትባት ሂደት ላይ ንቁ ተሳትፎ ማድረግ ይኖርበታል። በክትባት አማካኝነት የሕፃናት ሞት እንዲቀንስና የሕዝብ ጤና እንዲሻሻል ማድረግ ለዓለም የጤና ዕድገት ወሳኝ ነው። የክትባት አገልግሎት ተደራሽነትን ለማሳደግ መንግስታትና ዓለም አቀፍ ድርጅቶች በጋራ በመሥራት የተለያዩ ጥረቶችን ያደርጋሉ።

የክትባት ዘመቻዎች በዋናነት በየትኞቹ የኅብረተሰብ ክፍሎች ላይ ትኩረት ያደርጋሉ?"
comprehension|379#2,comprehension,,health,"ከዚህ በታች ያለውን ምንባብ አንብበህ ጥያቄውን መልስ።

Context:
የክትባት አገልግሎት በጤና ሥርዓት ውስጥ ያለውን ከፍተኛ ጠቀሜታ ለመረዳት ስለ ክትባት ዓይነቶችና ጥቅሞች ማወቅ በጣም አስፈላጊ ነው። ክትባቶች በሽታ አምጪ ተህዋሲያን በሰውነት ውስጥ ሲገቡ መከላከያ እንዲፈጥሩ በማድረግ በሽታ እንዳይከሰት ያደርጋሉ። በዓለም ዙሪያ የሚገኙ የጤና ተቋማት የክትባት መርሃ ግብሮችን በየጊዜው በማከናወን የሕዝብን ጤና ለመጠበቅ ይጥራሉ። ክትባት ከመውሰዱ በፊት ስለሚኖሩት ጥቅሞችና ሊከሰቱ ስለሚችሉ ቀላል የጎንዮሽ ጉዳቶች መረዳት ለሰዎች አስፈላጊ ነው። የክትባት መርሃ ግብሮች በየአካባቢው ባሉ የጤና ተቋማት አማካኝነት ለሕዝቡ እንዲቀርቡ በየጊዜው ጥረት ይደረጋል። በክትባት አማካኝነት በሽታዎች ሳይስፋፉ ለመቆጣጠርና የሕዝብ ጤና እንዲሻሻል ማድረግ ለሀገር ዕድገት ወሳኝ ነው። የክትባት መርሃ ግብሩ ስኬታማ እንዲሆን ማኅበረሰቡ ስለ ክትባት አስፈላጊነት ትክክለኛ መረጃ እንዲያገኝ ማድረግ መሠረታዊ ተግባር ነው። የክትባት መርሃ ግብሮች በየወቅቱ የሚከናወኑ ሲሆን ይህም በሽታዎች ሳይስፋፉ ለመቆጣጠር ይረዳል። የክትባት አገልግሎት ተደራሽነትን ለማሳደግ የተለያዩ የጤና ድርጅቶች በጋራ በመሥራት የተለያዩ ጥረቶችን ያደርጋሉ። በክትባት አማካኝነት የሰውነት መከላከያ ሥርዓት እንዲጠናከር ማድረግ ለረጅም ጊዜ ጤናን ለመጠበቅ ይረዳል። የጤና ባለሙያዎች ለወላጆች ስለ ክትባት መርሃ ግብር ዝርዝር መረጃዎችን በየጊዜው ይሰጣሉ።

በክትባት አማካኝነት የሰውነት መከላከያ ሥርዓት እንዲጠናከር ማድረግ ለምን ይጠቅማል?"
comprehension|383#1,comprehension,,science,"ንባቡን መሠረት በማድረግ ጥያቄውን መልስ።

Context:
የሰው ልጅ የምግብ መፈጨት ሥርዓት ምግብ ወደ ጠቃሚ ንጥረ ነገሮች በመቀየር ለሰውነት ጉልበት እንዲሰጥ ያደርጋል። ሂደቱ በአፍ ውስጥ በሚከናወን ማኘክ እና ምራቅ መጨመር አማካኝነት መጀመር ይጀምራል። ከዛም ምግብ ወደ ጉሮሮ በመሄድ በምግብ ቧንቧ አማካኝነት ወደ ጨጓራ ይጓዛል። ጨጓራ ምግብ ከሚራጩ አሲዶች እና ኢንዛይሞች ጋር ተቀላቅሎ ወደ ፈሳሽነት እንዲቀየር ያደርጋል። ከዚያም የቀረበው ፈሳሽ ወደ ትናንሽ አንጀት በመሄድ አስፈላጊ ንጥረ ነገሮች ወደ ደም እንዲገቡ ይደረጋል። ትናንሽ አንጀት ምግብን ለመስባበብ በጣም ረጅም እና ውስብስብ የሆነ መዋቅር አለው። ትልቁ አንጀት ደግሞ ከትንሹ አንጀት የተረፈውን ፈሳሽ በመምጠጥ ቆሻሻን ለማዘጋጀት ይሠራል። የምግብ መፈጨት ሂደት በሰውነታችን ውስጥ ያለውን የኃይል ፍላጎት ለማሟላት ወሳኝ ነው። በምግብ መፈጨት ወቅት የሚፈጠሩ ጋዞች እና ተረፈ ምርቶች በሰውነት ውስጥ መወገድ አለባቸው። የሰውነት ክፍሎች በሙሉ እንዲሠሩ የሚያስፈልጋቸውን ኃይል የሚያገኙት ከዚህ ሂደት ነው። የምግብ መፈጨት ሥርዓት በትክክል ካልሠራ ሰውነታችን አስፈላጊውን ንጥረ ነገር ማግኘት አይችልም።

ምግብ ወደ ፈሳሽነት እንዲቀየር በጨጓራ ውስጥ ምን ዓይነት ነገሮች ይጨመሩበታል?"
comprehension|391#0,comprehension,,agriculture,"ምንባቡን ካነበብሽ በኋላ ለጥያቄው መልስ ስጪ።

Context:
በዘመናዊ ግብርና ውስጥ የውሃ አጠቃቀም በጣም ወሳኝ የሆነ ተግባር ሲሆን ይህም ለሰብል ምርታማነት ከፍተኛ አስተዋጽኦ ያደርጋል። የጠብታ መስኖ ዘዴ በውሃ ፍጆታ ላይ ከፍተኛ ቁጥጥር በማድረግ ለተክሎች አስፈላጊውን እርጥበት በቀጥታ ስር ድረስ እንዲደርስ ያደርጋል። ይህ ዘዴ በከፊል ደረቃማ በሆኑ አካባቢዎች ውስጥ ያለውን የውሃ እጥረት ለመቀነስና የአፈር እርጥበትን ለመጠበቅ በጣም ጠቃሚ ነው። አርሶ አደሮች የውሃ ብክነትን ለመቀነስና የሰብል እድገትን ለማፋጠን የተለያዩ የቴክኖሎጂ ውጤቶችን መጠቀም ይጀምራሉ። በውሃ አጠቃቀም ወቅት የአፈር ጥራትና የውሃ ፍሰት መጠንን በትክክል ማወቅ ለስኬታማ ምርት መሰረት ነው። የውሃ መጋቢዎችና የመስኖ ቦዮች ጥገና በየጊዜው መደረግ ያለበት ሲሆን ይህም የውሃ ፍሰት እንዳይስተጓጎል ይረዳል። በቂ ውሃ ማግኘት ብቻ ሳይሆን ውሃው በተገቢው ሰዓት መድረሱ ለሰብሉ ጤናማ እድገት ወሳኝ ነው። የውሃ ኃይልን በመጠቀም የሚሰሩ ፓምፖች ከነባር ዘዴዎች በተሻለ ሁኔታ ውሃን ወደ እርሻ ማድረስ ይችላሉ። አነስተኛ የውሃ መጠንን በመጠቀም ከፍተኛ ምርት ማምጣት የአሁኑ ዘመን ግብርና ትልቅ ግብ ነው። በአጠቃላይ የተሳለጠ የመስኖ አያያዝ የአለም አቀፍ የምግብ ዋስትናን ለማረጋገጥ ትልቅ ሚና ይጫወታል።

የጠብታ መስኖ ዘዴ ለተክሎች አስፈላጊውን እርጥበት እንዴት ያደርሳል?"
comprehension|391#1,comprehension,,agriculture,"ጽሑፉን በጥንቃቄ አንብባችሁ ጥያቄውን ከጽሑፉ በመነሳት መልሱ።

Context:
የከርሰ ምድር ውሃን ለግብርና አገልግሎት መጠቀም በአለም አቀፍ ደረጃ በስፋት የሚታይና አስፈላጊ የሆነ የውሃ ምንጭ ነው። ይህ የውሃ ምንጭ በከርሰ ምድር ውስጥ ባሉ ድንጋዮችና አሸዋዎች መካከል ተከማችቶ የሚገኝ ሲሆን ለመጠቀም ፓምፖች ያስፈልጋሉ። የከርሰ ምድር ውሃን በአግባቡ አለመጠቀም የአፈርን ጥራት ሊቀንስና የከርሰ ምድር ውሃ መጠንን ሊያሳጣ ይችላል። አርሶ አደሮች የከርሰ ምድር ውሃን ሲጠቀሙ የውሃውን መጠንና የጥራቱን ሁኔታ በየጊዜው መከታተል ይኖርባቸዋል። የውሃ መሳቢያ ፓምፖች በኤሌክትሪክ ወይም በፀሐይ ብርሃን አማካኝነት ሊሰሩ ይችላሉና ይህም ለተለያዩ አካባቢዎች ምቹ ነው። በከርሰ ምድር ውሃ ላይ ጥገኛ የሆኑ እርሻዎች በድርቅ ወቅት ለሰብል ምርት ዋስትና ይሰጣሉ። ነገር ግን ከመጠን በላይ ውሃ መሳብ የከርሰ ምድር ውሃን ደረጃ ዝቅ እንዲል ሊያደርግ ይችላል። የውሃ አጠቃቀምን ለማሻሻል ዘመናዊ የቁጥጥር መሳሪያዎችን መጠቀም ለረጅም ጊዜ አገልግሎት ወሳኝ ነው። የከርሰ ምድር ውሃን በአግባቡ መጠቀም የአካባቢውን ስነ ህይወትና የአፈርን መዋቅር ለመጠበቅ ይረዳል። በዘላቂነት ለመጠቀም የውሃውን መመለስና አጠቃቀምን ማመጣጠን የግድ አስፈላጊ የሆነ ተግባር ነው።

የከርሰ ምድር ውሃን ከመጠን በላይ መሳብ የሚያስከትለው ጉዳት ምንድን ነው?"
comprehension|395#0,comprehension,,news,"ከሚከተለው ጽሑፍ በመነሳት ጥያቄውን መልስ።

በሰኔ ፲፪ ቀን ሁለት ሺህ አሥራ ዘጠኝ ዓመተ ምሕረት በዝቅተኛው አውሮፓዊ ክፍል በሚገኘው የሰንት ሉካስ ከተማ ውስጥ ትልቅ የትምህርት ለውጥ ተመዝግቧል። የሰንት ሉካስ የትምህርት ሚኒስቴር በከተማዋ ውስጥ ለሚገኙ አሥር አዳዲስ ትምህርት ቤቶች በድምሩ አምስት ሚሊዮን ክሬዲት በጀት መድቧል። ይህ አዲስ በጀት በዋናነት ለዘመናዊ የኮምፒውተር ላብራቶሪዎች ግንባታ እና ለዲጂታል መማሪያ መሣሪያዎች ግዥ እንዲውል ተወስኗል። የትምህርት ሚኒስትሯ ማዳም ኤሌና ቬጋ በሰጡት መግለጫ መሠረት ይህ ፕሮጀክት በከተማዋ ያለውን የቴክኖሎጂ እውቀት በከፍተኛ ደረጃ ያሳድጋል። ፕሮጀክቱ በሚቀጥሉት ሁለት ዓመታት ውስጥ ሙሉ በሙሉ ተጠናቆ ለተማሪዎች አገልግሎት እንዲሰጥ ታቅዷል። በፕሮጀክቱ ውስጥ የሚሳተፉት የቴክኒክ ባለሙያዎች በሙሉ ከታወቀው የኖቫ ቴክኖሎጂ ተቋም የተመረጡ ሰራተኞች ናቸው። ከተማዋ ውስጥ የሚገኙ ወላጆች ለዚህ አዲስ የትምህርት ለውጥ ያላቸውን ከፍተኛ ድጋፍ በጽሁፍ ገልጸዋል። አዲሶቹ ትምህርት ቤቶች በየቀኑ እስከ አምስት መቶ ተማሪዎችን ማስተናገድ እንደሚችሉ በዝርዝር ተብራርቷል። ይህ የትምህርት ማሻሻያ በከተማዋ የወጣቶችን የሥራ ዕድል ለማሳደግ ትልቅ ሚና እንደሚጫወት ተገምቷል። በመጨረሻም የትምህርት ሚኒስቴሩ በየሦስት ወሩ የሥራውን ሂደት ለሕዝቡ በዝርዝር ማሳወቅ እንደሚጀምር ቃል ገብቷል።

ጥያቄ፡ የሰንት ሉካስ የትምህርት ሚኒስቴር ለአሥር አዳዲስ ትምህርት ቤቶች መድቦ ያወጣው ጠቅላላ በጀት ምን ያህል ነው?"
comprehension|395#1,comprehension,,news,"ምንባቡን ካነበብሽ በኋላ ለጥያቄው መልስ ስጪ።

Context:
በአፍሪካ አህጉር ውስጥ በሚገኘው የዞራ ሪፐብሊክ ውስጥ የከፍተኛ ትምህርት ተቋማት አዲስ የጥናት ሥርዓት መጀመራቸውን የዞራ የትምህርት ማኅበር አስታውቋል። ይህ አዲስ ሥርዓት በዋናነት በግብርና ሳይንስ እና በአካባቢ ጥበቃ ላይ ትኩረት አድርጎ የተዘጋጀ ነው። በዘንድሮው የትምህርት ዘመን በሀገሪቱ ውስጥ የሚገኙ ሰማንያ አምስት ዩኒቨርሲቲዎች ይህንን አዲስ ሥርዓት ተግባራዊ ያደርጋሉ። የዩኒቨርሲቲዎቹ ተመራማሪዎች በጋራ በመሆን ለሦስት ዓመታት ያህል ጥልቅ ጥናት ሲያደርጉበት የቆዩ መሆኑ ተገልጿል። የዞራ የትምህርት ማኅበር ፕሬዝዳንት አቶ ካሚል ዮናን በሰጡት መግለጫ መሠረት ተማሪዎች በተግባር ላይ የተመሠረተ ትምህርት እንዲያገኙ ተደርጓል። በዚህም ምክንያት ተማሪዎች በየዓመቱ በየገጠሩ አካባቢዎች በመሄድ የተግባር ልምምድ እንዲያደርጉ ይደረጋል። አዲሱ የትምህርት ዘርፍ ለሀገሪቱ የምግብ ዋስትና መረጋገጥ ትልቅ አስተዋጽኦ ይኖረዋል ተብሎ ይታመናል። በዘንድሮው ዓመት በዚህ ሥርዓት ስር የሚማሩ ተማሪዎች ቁጥር ከአንድ መቶ ሺህ በላይ እንደሚሆን ተተንብዮአል። የትምህርት ተቋማቱ አስፈላጊውን የመማሪያ መጽሐፍ እና የላብራቶሪ ቁሳቁስ በበቂ ሁኔታ ማሟላታቸውን ማኅበሩ አረጋግጧል። ይህ ለውጥ በሀገሪቱ ውስጥ ያለውን የሳይንስ ምርምር ደረጃ ወደ ላቀ ምዕራፍ እንደሚያሸጋግረው ተገልጿል።

በዞራ ሪፐብሊክ ውስጥ አዲሱን የጥናት ሥርዓት ተግባራዊ የሚያደርጉት የዩኒቨርሲቲዎች ብዛት ስንት ነው?"
comprehension|395#2,comprehension,,news,"ከዚህ በታች የቀረበውን መረጃ በመጠቀም ለጥያቄው መልስ ስጥ።

Context:
በሰሜን አሜሪካ በሚገኘው የብሉ ሪቨር ግዛት ውስጥ የልጆች ትምህርት ጥራትን ለማሻሻል አዲስ መመሪያ ተዘጋጅቷል። የብሉ ሪቨር የትምህርት ቦርድ ባወጣው መመሪያ መሠረት ከቀዳሚ ትምህርት ቤት እስከ መጀመሪያ ደረጃ ትምህርት ቤት ድረስ ያለው ሥርዓት ይለወጣል። ይህ ለውጥ በዋናነት በልጆች የፈጠራ ችሎታ እና በሥነ-ጥበብ ትምህርት ላይ ትኩረት ያደርጋል። በቦርዱ ሰብሳቢ ማዳም ሳራ ጄንስ የተባለች ሴት እንደገለጸችው ይህ መመሪያ በሦስት ዓመት ውስጥ ተግባራዊ ይሆናል። በክልሉ ውስጥ የሚገኙ ሁለት መቶ አርባ አምስት ትምህርት ቤቶች በመጀመሪያ ደረጃ ይህንን መመሪያ መተግበር ይጀምራሉ። አዲሱ መመሪያ ተማሪዎች በየሳምንቱ አምስት ሰዓታት የሥነ-ጥበብ እና የሙዚቃ ትምህርት እንዲወስዱ ያዝዛል። በትምህርት ቤቶች ውስጥ አዳዲስ የኪነ-ጥበብ ክፍሎች እንዲከፈቱ እና የጥበብ መሣሪያዎች እንዲገዙ ይደረጋል። ይህ እርምጃ በልጆች የአእምሮ እድገት ላይ የሚኖረውን አዎንታዊ ተጽዕኖ ለመለካት ጥናት ይደረግበታል። የክልሉ ወላጆች ይህንን ውሳኔ በከፍተኛ ደስታ መቀበላቸው በዜና ተዘግቧል። በትምህርት ቤቶቹ ውስጥ የሚሰጡት የሥነ-ጥበብ ትምህርቶች በባለሙያዎች እንዲሰጡ ተወስኗል። ይህ ፕሮግራም በክልሉ ውስጥ ያለውን የትምህርት ደረጃ በዓለም አቀፍ ደረጃ ተወዳዳሪ ለማድረግ ያለመ ነው።

በብሉ ሪቨር ግዛት አዲሱ መመሪያ ተማሪዎች በየሳምንቱ ስንት ሰዓታት የሥነ-ጥበብ ትምህርት እንዲወስዱ ያዝዛል?"
comprehension|399#0,comprehension,,technology,"ከዚህ በታች ያለውን ምንባብ አንብበህ ጥያቄውን መልስ።

Context:
ዘመናዊ የሞባይል ስልኮች በየቀኑ እየተሻሻሉ ሲመጡ የሰዎችን የዕለት ተዕለት የኑሮ ዘይቤ በከፍተኛ ሁኔታ እየቀየሩ ይገኛሉ። እነዚህ መሣሪያዎች ከቀላል የድምፅ ግንኙነት ባለፈ ለኢንተርኔት አገልግሎት እና ለተለያዩ መተግበሪያዎች ዋነኛ መገኛ ሆነዋል። በአሁኑ ጊዜ በዓለም ዙሪያ በሚገኙ አገሮች ውስጥ የሞባይል ገንዘብ አገልግሎት በሰፊው እየተዋቀሰ ለብዙ ሰዎች ምቹ ሆኗል። ሰዎች በባንክ ሳይሄዱ በስልካቸው አማካኝነት ክፍያዎችን መፈጸም እና ገንዘብ መላክ እንዲችሉ የሚያስችላቸው ሥርዓት ነው። ይህ የዲጂታል የገንዘብ ሥርዓት በተለይ የባንክ አገልግሎት ለማግኘት አስቸጋሪ ለሆኑ የገጠር አካባቢዎች ነዋሪዎች ትልቅ ዕድል ፈጥሯል። የሞባይል ስልኮች የባትሪ ዕድሜ እና የካሜራ ጥራት በየጊዜው እየተሻሻሉ መምጣታቸው ተጠቃሚዎችን ይበልጥ እየሳቡ ነው። ብዙ ተጠቃሚዎች ስልካቸውን ለሥራ እና ለትምህርት ዓላማዎች በከፍተኛ ጥንቃቄ እና በብቃት እየተጠቀሙበት ይገኛሉ። የዲጂታል ክፍያ ሥርዓቶች ደህንነትን ለመጠበቅ የተለያዩ የቴክኖሎጂ መከላከያዎች በየጊዜው እየተገነቡ መሆናቸውን ማወቅ ያስፈልጋል። የሞባይል ገንዘብ አገልግሎት ተጠቃሚዎች የራሳቸውን ሚስጥራዊ ቁጥር በጥንቃቄ የመያዝ ግዴታ አለባቸው። የቴክኖሎጂ እድገቱ በዓለም አቀፍ ደረጃ የንግድ ልውውጥን ፍጥነት እና ቅልጥፍና በእጅጉ አሳድጎታል። በአጠቃላይ የሞባይል ስልኮች እና የዲጂታል ገንዘብ ውህደት የሰው ልጅን የኢኮኖሚ እንቅስቃሴ አቅጣጫ እየቀየረ ይገኛል።

የሞባይል ገንዘብ አገልግሎት በተለይ ለማን ትልቅ ዕድል ፈጥሯል?"
comprehension|399#1,comprehension,,technology,"ጽሑፉን በጥንቃቄ አንብባችሁ ጥያቄውን ከጽሑፉ በመነሳት መልሱ።

Context:
በዲጂታል ዘመን የሞባይል ስልኮች ለንግድ እንቅስቃሴዎች መፋጠን ትልቅ ሚና እየተጫወቱ ይገኛሉ። የሞባይል ገንዘብ መተግበሪያዎች በሰዎች መካከል ያለውን የገንዘብ ዝውውር በጣም ቀላል እና ፈጣን አድርገውታል። አንድ ሰው በስልኩ ብቻ ዕቃዎችን መግዛት እና ለተለያዩ አገልግሎቶች ክፍያ መፈጸም ይችላል። ይህ ሥርዓት በአካል ተገኝቶ መክፈል ለሚፈልጉ ሰዎች የሚያስፈልገውን ጊዜ እና ጉልበት ይቆጥባል። የዲጂታል ክፍያ መሣሪያዎች በሰፊው ጥቅም ላይ መዋል የካፒታል ፍሰትን በከፍተኛ ሁኔታ ያፋጥናል። የሞባይል ስልኮች የኢንተርኔት ግንኙነት ያላቸው መሆኑ ተጠቃሚዎች በማንኛውም ቦታ እንዲሰሩ ያስችላቸዋል። የዲጂታል ባንክ አገልግሎቶች በሞባይል ስልኮች አማካኝነት መመቻቸታቸው የፋይናንስ ተደራሽነትን በእጅጉ አሳድጎታል። የገንዘብ ዝውውር ደህንነትን ለማረጋገጥ የባዮሜትሪክ መለያዎች ማለትም የጣት አሻራ እና የፊት መታወቂያ ጥቅም ላይ ይውላሉ። እነዚህ የቴክኖሎጂ መፍትሔዎች በሰዎች ዘንድ ያለውን የዲጂታል መተማመን ደረጃ ከፍ አድርገውታል። የሞባይል ገንዘብ አገልግሎት ተጠቃሚዎች የዲጂታል መተግበሪያዎችን በመጠቀም የፋይናንስ መረጃዎቻቸውን በቀላሉ መቆጣጠር ይችላሉ። የቴክኖሎጂው መስፋፋት በንግድ ዓለም ውስጥ አዳዲስ የሥራ ዕድሎችን እና የገበያ አማራጮችን እየፈጠረ ነው። የዲጂታል ክፍያ ሥርዓቶች የወደፊቱን የኢኮኖሚ መዋቅር ሙሉ በሙሉ እንደሚቀይሩ ይታመናል።

የዲጂታል ክፍያ ሥርዓቶች የሰዎችን ደህንነት ለመጠበቅ ምን ዓይነት መለያዎችን ይጠቀማሉ?"
comprehension|399#2,comprehension,,technology,"ምንባቡን ካነበብሽ በኋላ ለጥያቄው መልስ ስጪ።

Context:
የሞባይል ስልኮች የቴክኖሎጂ እድገት በዓለም አቀፍ ደረጃ የፋይናንስ ተቋማትን አሠራር እየቀየረው ነው። የሞባይል ገንዘብ አገልግሎት መፈጠር ሰዎች ገንዘብን በቀላሉ እንዲያስተላልፉ የሚያስችል ትልቅ ለውጥ ነው። ይህ የቴክኖሎጂ ውጤት በባንክ ሂሳብ የሌላቸው ሰዎች የፋይናንስ አገልግሎት እንዲያገኙ አድርጓል። በሞባይል ስልኮች አማካኝነት የሚከናወኑ የገንዘብ ዝውውሮች በጣም ፈጣን እና አስተማማኝ ናቸው። የዲጂታል መተግበሪያዎች ተጠቃሚዎች የገንዘብ እንቅስቃሴያቸውን በየሰከንዱ እንዲከታተሉ ያስችላቸዋል። የሞባይል ስልኮች የባትሪ ኃይል እና የዳታ ፍጆታን ለመቆጠብ የሚያስችሉ አዳዲስ ዘዴዎች እየተፈጠሩ ነው። የሞባይል ገንዘብ አገልግሎት ተጠቃሚዎች በኢንተርኔት አማካኝነት የንግድ ዕቃዎችን በቀላሉ መግዛት ይችላሉ። የቴክኖሎጂው መሻሻል የንግድ ድርጅቶች ደንበኞቻቸውን በዲጂታል መንገድ እንዲያገለግሉ ዕድል ሰጥቷቸዋል። የዲጂታል ክፍያ ሥርዓቶች በሰዎች የዕለት ተዕለት የገንዘብ አያያዝ ላይ ትልቅ ተጽዕኖ አሳድረዋል። የሞባይል ስልኮች የደህንነት መቆለፊያ ዘዴዎች እየተሻሻሉ መምጣታቸው ተጠቃሚዎችን ከሌቦች ይጠብቃቸዋል። የዲጂታል ፋይናንስ አገልግሎቶች በዓለም ዙሪያ ያሉ የኢኮኖሚ ክፍተቶችን ለመሙላት እየሰሩ ነው። የሞባይል ስልኮች እና የዲጂታል ገንዘብ ውህደት ለዘመናዊው ዓለም ወሳኝ መሣሪያዎች ናቸው።

የሞባይል ገንዘብ አገልግሎት በባንክ ሂሳብ የሌላቸው ሰዎች ላይ ምን ዓይነት ለውጥ አምጥቷል?"
comprehension|403#0,comprehension,,technology,"ንባቡን መሠረት በማድረግ ጥያቄውን መልስ።

Context:
በሰኔ ፲፪ ቀን በዝቅተኛ የቴክኖሎጂ ማዕከል ውስጥ በታዋቂው የኮምፒውተር ባለሙያ አቶ በቀለ ተስፋዬ የቀረበ አዲስ ትምህርት ተጀምሯል። ይህ ትምህርት በዋናነት ስለ ኮምፒውተር መሰረታዊ ክፍሎች ለሰማያዊ ኮሌጅ ተማሪዎች በነጻ እንዲሰጥ ተደርጎ በታላቁ የቴክኖሎጂ ድርጅት ተቀጥሮ ተዘጋጅቷል። ተማሪዎቹ ስለ ማዘንበቢያ መሣሪያዎች እና ስለ መረጃ ማከማቻ መሣሪያዎች በዝርዝር እንዲማሩ በሰፊው ተነግሯቸዋል። በአዲሱ የትምህርት መርሃ ግብር ውስጥ ስለ ማዘንበቢያ መሣሪያዎች አሠራር እና ስለ መረጃ ማከማቻ መሣሪያዎች አጠቃቀም ጥልቅ ግንዛቤ እንዲያገኙ ተደርጓል። አቶ በቀለ ተስፋዬ በስልጠናው ወቅት ስለ ማዘንበቢያ መሣሪያዎች ፍጥነት እና ስለ መረጃ ማከማቻ መሣሪያዎች መጠን በዝርዝር አብራርተዋል። ተማሪዎቹ በስልጠናው ወቅት በስራ ላይ እንዲውሉ አዳዲስ የኮምፒውተር መሣሪያዎች በሁለት መቶ ብዛት ለክፍሉ ተሰጥተዋል። በሰማያዊ ኮሌጅ ውስጥ የሚገኙ ተማሪዎች ይህንን ዕውቀት በመጠቀም የራሳቸውን የኮምፒውተር ፕሮግራም ለመሥራት ተስፋ አድርገዋል። የቴክኖሎጂው ማዕከል በየሳምንቱ ቅዳሜ እና እሁድ ተጨማሪ ተግባራዊ ልምምዶችን ለተማሪዎቹ እንዲሰጥ በውሳኔ ተወስኗል። ይህ ስልጠና ለተማሪዎቹ የቴክኖሎጂ እውቀታቸውን እንዲያሳድጉ ትልቅ ዕድል እንደሚፈጥር በድርጅቱ ተወካዮች ተገልጿል። በስልጠናው መጨረሻ ላይ ተማሪዎቹ የፈተና ውጤታቸውን መሠረት በማድረግ የምስክር ወረቀት እንዲያገኙ ተደርጓል።

በሰማያዊ ኮሌጅ ተማሪዎች እንዲማሩ የተዘጋጀው አዲስ ትምህርት በምን ዓይነት መሣሪያዎች አጠቃቀም ላይ ትኩረት አድርጎ ተዘጋጅቷል?"
comprehension|403#1,comprehension,,technology,"ንባቡን መሠረት በማድረግ ጥያቄውን መልስ።

Context:
በአቢሲኒያ የቴክኖሎጂ ከተማ ውስጥ በሚገኘው የዘመናዊ መረጃ ማዕከል ውስጥ ትልቅ የኮምፒውተር መሠረተ ልማት ግንባታ ተጠናቅቋል። ይህ ግንባታ በታዋቂው የኢንጂነሪንግ ድርጅት በወይዘሪት ሰላም አበበ መሪነት በሰኔ ፭ ቀን ተጠናቆ ለሥራ ዝግጁ ሆኗል። አዲሱ ማዕከል በውስጡ አምስት መቶ አዳዲስ የኮምፒውተር ማቀነባበሪያዎችን እና አንድ ሺህ የዳታ ማከማቻ መሣሪያዎችን ይዟል። እነዚህ መሣሪያዎች በከተማዋ ውስጥ ያለውን የመረጃ ፍላጎት ለማሟላት እንዲችሉ በከፍተኛ ጥራት ተገዝተው ተተክለዋል። የከተማዋ አስተዳደር በዚሁ ግንባታ ምክንያት የኢንተርኔት አገልግሎት ፍጥነት በሃያ በመቶ እንደሚጨምር ገልጿል። የኢንጂነሪንግ ድርጅቱ በግንባታው ወቅት ለሥራ የነበራቸውን የሰባት መቶ ሰራተኞች በሙሉ በሙሉ አሰማርቷል። የማዕከሉ ዋና ዓላማ በከተማዋ ውስጥ የሚገኙ ተቋማትን የዲጂታል መረጃ አያያዝ ሥርዓት ማዘመን መሆኑ ተገልጿል። በግንባታው ወቅት የተገኙት መሣሪያዎች ሁሉ ከውጭ አገር በከፍተኛ ዋጋ ወደ ከተማዋ የገቡ መሆናቸው ታውቋል። የከተማዋ ነዋሪዎች ይህ አዲስ ማዕከል ለቴክኖሎጂ እድገት ትልቅ አስተዋጽኦ እንደሚያበረክት በጉጉት ይጠብቃሉ። ማዕከሉ በየቀኑ ለአሥር የተለያዩ የቴክኖሎጂ ተቋማት አገልግሎት ለመስጠት ዝግጁ ሆኗል።

በአቢሲኒያ የቴክኖሎጂ ከተማ ውስጥ የተገነባው አዲስ መረጃ ማዕከል በውስጡ ስንት አዳዲስ የኮምፒውተር ማቀነባበሪያዎችን ይዟል?"
comprehension|407#0,comprehension,,daily_life,"ንባቡን መሠረት በማድረግ ጥያቄውን መልስ።

Context:
ባለፈው ሰኞ በፋኖስ ከተማ በሚገኘው ትልቅ የገበያ ማዕከል ውስጥ በአዲሱ የንግድ ማህበር የተዘጋጀ ታላቅ የዕቃ ሽያጭ መርሃ ግብር ተካሂዷል። በዚህ ዝግጅት ላይ የንግድ ማህበሩ ሰብሳብ አቶ በቀለ ተገኝተው ለደንበኞች ልዩ ቅናሾችን ማድረጋቸውን በይፋ አስታውቀዋል። በገበያው ወቅት በድምሩ ሰባት መቶ አምሳ አዳዲስ የቤት ውስጥ ቁሳቁሶች በጣም በዝቅተኛ ዋጋ ለተጠቃሚዎች እንዲቀርቡ ተደርጓል። አብዛኞቹ የቤት ዕቃዎች ከታዋቂው የዝሆን አምራች ድርጅት የመጡ ሲሆን ጥራታቸውም በጣም ከፍተኛ መሆኑ ተገልጿል። በሽያጩ ወቅት በሰዓት በአማካይ መቶ አምሳ ሰዎች ወደ ማዕከሉ እየመጡ መሆኑን የገበያ አስተዳዳሪዋ ወይዘሮ አልማዝ ገልጻለች። የገበያ ማዕከሉ በየሳምንቱ ቅዳሜ እና እሁድ ተመሳሳይ የሽያጭ መርሃ ግብር እንደሚኖረው ለህዝቡ በሰፊው አሳውቋል። ብዙ ደንበኞች በዝቅተኛ ዋጋ ዕቃዎችን ለማግኘት ሲሉ ከጠዋት ጀምሮ ረጅም ሰልፍ በመፍጠር በመገኘት ላይ ነበሩ። የንግድ ማህበሩ በቀጣይ ወር ተጨማሪ የኤሌክትሮኒክስ ዕቃዎችን ለማቅረብ አቅዶ መሆኑን በዜናው ላይ አክሎ ገልጿል። በዚህ የሽያጭ መርሃ ግብር ወቅት ምንም አይነት የፀጥታ ችግር አለመፈጠሩን የከተማው ፖሊስ በሪፖርቱ ጠቅሷል።

በፋኖስ ከተማ ትልቅ የገበያ ማዕከል ውስጥ በሰዓት በአማካይ ስንት ሰዎች ወደ ማዕከሉ እየመጡ ነበር?"
comprehension|411#0,comprehension,,history,"ይህን ምንባብ መሠረት በማድረግ ለጥያቄው መልስ ስጥ።

ምንባብ፡ በአክሱም ስልጣኔ ዘመን የነበረው የዘርማን ከተማ የንግድ ማዕከል በታላቁ የዘንበላ ወንዝ ዳርቻ ላይ በታላቅ ድንጋይ ተገንብቶ ይገኝ ነበር። በ፪፻፶፪ ዓመተ ምህረት የነበረው የሰለሞን ዘመን የንግድ ጉዞ በታላቁ የኩማ ማህበር አማካኝነት በከፍተኛ ሁኔታ ተጠናክሮ ነበር። የኩማ ማህበር በየዓመቱ ከ፪፻፶፪ እስከ ፪፻፶፭ ዓመታት ድረስ ከሩቅ የሰሜን አቅጣጫ የሚመጡ ፳፭ የንግድ መርከቦችን ወደ ከተማዋ ያስገባ ነበር። በወቅቱ የነበሩት የከተማው አስተዳዳሪዎች በየሦስት ወሩ የንግድ ቀረጥ በ፪፳ በመቶ መጠን በመሰብሰብ ለከተማዋ ግንባታ ይጠቀሙበት ነበር። የከተማዋ ዋና መጋዘን በ፪፻፶፫ ዓመት በታላቁ የዘርማን ግንባታ ኮሚቴ አማካኝነት በ፪፻፳ አዳዲስ የድንጋይ ምሰሶዎች ተገንብቶ ነበር። በዚያ ዘመን የነበሩት የንግድ ነጋዴዎች በየቀኑ ፭ መቶ የወርቅ ሳንቲሞችን ለከተማዋ ገበያ ያቀርቡ ነበር። የከተማዋ የንግድ መመሪያ በ፪፻፶፬ ዓመት በታላቁ የዘርማን መዝገበ አያት አማካኝነት በ፪፻፳ አዳዲስ ሕጎች ተሻሽሎ ነበር። በከተማዋ ውስጥ የሚገኙት የንግድ ማዕከላት በየሳምንቱ ፯ ቀን ሙሉ ለሙሉ ክፍት ሆነው ለንግድ አገልግሎት ይሰጡ ነበር። የንግድ መርከቦቹ ከ፪፻፶፪ ዓመት ጀምሮ በየ፪ ዓመቱ በአንድ ጊዜ ወደ ከተማዋ መድረስ ይጀምሩ ነበር። የከተማዋ የንግድ እንቅስቃሴ በ፪፻፶፭ ዓመት መጨረሻ ላይ በ፪፻፳ አዳዲስ የንግድ መስመሮች ተጠናክሮ ነበር።

ጥያቄ፡ በ፪፻፶፪ ዓመተ ምህረት የነበረው የሰለሞን ዘመን የንግድ ጉዞ በየትኛው ማህበር አማካኝነት ነበር የተጠናከረው?"
comprehension|411#1,comprehension,,history,"ይህን ምንባብ መሠረት በማድረግ ለጥያቄው መልስ ስጥ።

ምንባብ፡ በአክሱም ግዛት ውስጥ በነበረው የቆላ ማረያ ግዛት ውስጥ በ፪፻፶፯ ዓመተ ምህረት የነበረው የግብርና ምርት በታላቁ የቆላ ማረያ የግብርና ማህበር አማካኝነት ተመዝግቦ ነበር። በዚያ ዓመት በከተማዋ ውስጥ በ፪፻፶፯ ዓመት የተመረቱት የጥራጥሬ ምርቶች በ፪፻፳ አዳዲስ የጎተራ መጋዘኖች ውስጥ ተከማችተው ነበር። የግብርና ማህበሩ በየዓመቱ ፪ መቶ የሰብል አይነቶችን ለገበሬዎች በነጻ በማከፋፈል የግብርናውን ዘርፍ በከፍተኛ ሁኔታ ያጠናክር ነበር። በ፪፻፶፰ ዓመት በነበረው ታላቅ የድርቅ ወቅት በ፪፻፳ አዳዲስ የውሃ ጉድጓዶች በመቆፈር የግብርናው ስራ እንዳይቋረጥ ተደርጓል። በወቅቱ የነበሩት የቆላ ማረያ ገበሬዎች በየሳምንቱ ፪ መቶ ኩንታል ስንዴ ለከተማዋ ነዋሪዎች ያቀርቡ ነበር። የግብርና ማህበሩ በ፪፻፶፱ ዓመት በ፪፻፳ አዳዲስ የዘር ምርመራ ዘዴዎችን በመጠቀም ምርታማነትን በ፳ በመቶ እንዲጨምር አድርጓል። በከተማዋ ውስጥ የሚገኙት የግብርና መጋዘኖች በየ፪ ዓመቱ በ፪፻፳ አዳዲስ የድንጋይ ግንባታዎች እንዲታደሱ ተደርጓል። የግብርናው ስራ በ፪፻፶፯ ዓመት ከነበረው መነሻ በ፪፻፶፱ ዓመት ላይ በ፪፳ በመቶ እድገት አሳይቷል። በከተማዋ ውስጥ የሚገኙት የግብርና ባለሙያዎች በየ፪ ወሩ ፪ መቶ አዳዲስ የዘር አይነቶችን ለገበሬዎች ያስተምሩ ነበር። የቆላ ማረያ ግዛት በ፪፻፶፰ ዓመት በነበረው የግብርና ስራ ምክንያት በታላቅ ክብር ይታወቅ ነበር።

ጥያቄ፡ በ፪፻፶፰ ዓመት በነበረው የድርቅ ወቅት የግብርናው ስራ እንዳይቋረጥ ምን ተደረገ?"
comprehension|411#2,comprehension,,history,"የተሰጠውን ጽሑፍ በጥንቃቄ ካነበብክ በኋላ የቀረበውን ጥያቄ መልስ።

ጽሑፍ፡ በአክሱም ስልጣኔ ዘመን በነበረው የሰማይ መመልከቻ ማዕከል በ፪፻፶፩ ዓመተ ምህረት በታላቁ የሰማይ መመልከቻ ማህበር አማካኝነት አዳዲስ ኮከቦች ተገኝተዋል። በዚያ ዓመት በ፪፻፶፩ ዓመት የተገኘው የሰማይ መመልከቻ መሣሪያ በ፪፻፳ አዳዲስ የነሐስ ክፍሎች ተገንብቶ ነበር። የሰማይ መመልከቻ ማህበሩ በየ፪ ዓመቱ ፪ መቶ አዳዲስ የከዋክብት ካርታዎችን ለነጋዴዎች እና ለባህርተኞች ያዘጋጅ ነበር። በ፪፻፶፪ ዓመት በነበረው የከዋክብት ጥናት ወቅት በ፪፻፳ አዳዲስ የከዋክብት ስሞች ተሰጥተው ነበር። የሰማይ መመልከቻ ማዕከሉ በ፪፻፶፫ ዓመት በ፪፻፳ አዳዲስ የድንጋይ ግንባታዎች እንዲታደስ በታላቁ የሰማይ መመልከቻ ኮሚቴ ተወስኖ ነበር። በዚያ ዘመን የነበሩት የሰማይ መመልከቻ ባለሙያዎች በየ፪ ወሩ ፪ መቶ አዳዲስ የከዋክብት እንቅስቃሴዎችን ይመዘግባሉ። የከዋክብት ካርታዎቹ በ፪፻፶፬ ዓመት በ፪፻፳ አዳዲስ የጂኦግራፊ መረጃዎች ተሻሽለው ለዓለም ተሰራጭተዋል። በሰማይ መመልከቻ ማዕከሉ ውስጥ የሚገኙት የጥናት ክፍሎች በ፪፻፶፭ ዓመት በ፪፻፳ አዳዲስ የጥናት መሣሪያዎች ተሟልተው ነበር። የከዋክብት ጥናቱ በ፪፻፶፯ ዓመት ላይ በ፪፳ በመቶ የዕውቀት እድገት ማሳየት ችሏል። በከተማዋ ውስጥ የሚገኙት የከዋክብት ተመራማሪዎች በየ፪ ዓመቱ ፪ መቶ አዳዲስ የጥናት ጽሁፎችን ያሳትማሉ። የሰማይ መመልከቻ ማዕከሉ በ፪፻፶፰ ዓመት በታላቅ የሳይንስ ስኬት ተመዝግቧል።

ጥያቄ፡ በ፪፻፶፩ ዓመተ ምህረት የተገኘው የሰማይ መመልከቻ መሣሪያ ከምን የተሠራ ነበር?"
comprehension|415#0,comprehension,,history,"በሚከተለው ጽሑፍ መሠረት ጥያቄውን በአጭሩ መልስ።

Context:
በአይረንቲያ የጥንት ከተማ ውስጥ በታሪክ ለመጀመሪያ ጊዜ በታላቁ የዞርቫን መድረክ ላይ በሰኔ ፲፪ ቀን በ፪፻፶ ዓመተ ምህረት ታላቅ ስነስርዓት ተካሂዷል። የዞርቫን የጥንት ጥበቃ ሰራዊት በዝግጅት ላይ የነበረው የብረት ጋሻ ተሸካሚ ወታደሮች በቁጥር አምስት መቶ የሚሆኑት በከተማዋ መሃል በታላቁ አደባባይ ተሰልፈው ቆመዋል። የከተማዋ መሪ የሆኑት አቶ ዘልማ በንግግር ወቅት በከተማዋ ውስጥ የሚገኙትን አምስት ትላልቅ የድንጋይ ግንቦች በሙሉ እንዲጠገኑ ትዕዛዝ ሰጥተዋል። በዚህ ስነ ስርዓት ላይ የተገኙት የጥበብ ሊቃውንት በድምፅ የታገዘውን የሙዚቃ ትርኢት በሰላማዊ ሁኔታ ለሰዓታት ያህል በከተማዋ መሃል አቅርበዋል። የከተማዋ ነዋሪዎች በሙሉ በዝግጅቱ ላይ ለመሳተፍ በቁጥር ሁለት መቶ ሺህ የሚሆኑ ሰዎች በከተማዋ ዋና መንገድ ላይ ተሰባስበዋል። የዞርቫን የንግድ ማህበር አባላት በዝግጅቱ ላይ የነበራቸውን የብር ጌጣጌጦች ለታላቁ መሪው በስጦታነት አበርክተዋል። በከተማዋ ውስጥ የሚገኙት ሰባት የጥንት ቤተ መቅደሶች በሙሉ በዚያ ቀን ለታላቁ ስነስርዓት ሲባል በሙሉ ተከፍተው ነበር። የከተማዋ የጥበቃ ክፍል በሰላማዊ ሁኔታ እንዲቆይ በቁጥር አርባ አዳዲስ ወታደሮችን በከተማዋ መሃል አሰማርቷል። በዚያ ቀን የተከናወነው ትልቅ የንግድ ልውውጥ በከተማዋ ውስጥ የነበሩትን አምስት የንግድ ማዕከላት በሙሉ አሳትፏል። የዞርቫን ከተማ በዚያ ወቅት በዓለም ላይ ካሉ ታላላቅ ከተማዎች አንዷ መሆኗን በታላቁ መሪ ዘልማ ንግግር ተገልጿል።

በአይረንቲያ ከተማ ውስጥ በሰኔ ፲፪ ቀን የተከናወነው ስነ ስርዓት በስንት የድንጋይ ግንቦች ላይ እንዲከናወን መሪው ዘልማ ትዕዛዝ ሰጥቷል?"
comprehension|415#1,comprehension,,history,"ከዚህ በታች የቀረበውን መረጃ በመጠቀም ለጥያቄው መልስ ስጥ።

Context:
በአርካዲያ የጥንት ግዛት ውስጥ በታሪክ ለመጀመሪያ ጊዜ በታላቁ የሰማይ መመልከቻ ማዕከል በጥር ፭ ቀን በ፪፻፶ ዓመተ ምህረት ትልቅ ምርምር ተካሂዷል። የሰማይ መመልከቻ ማዕከሉ መሪ የሆኑት አቶ ቶልማ በሰላሳ አምስት ሳይንቲስቶች ታጅበው ወደ ሰማይ አዳዲስ ኮከቦችን ለመፈለግ ጉዞ አድርገዋል። በምርምሩ ወቅት የተገኙት አምስት አዳዲስ ኮከቦች በሰማይ ላይ በግልጽ እንዲታዩ በቁጥር አሥር ትላልቅ መስታወቶች ተዘጋጅተው ነበር። የጥንቱ የአርካዲያ የጥበብ ማህበር በምርምሩ ውጤት ላይ ተመስርቶ አዲስ የካላን መጽሐፍ እንዲታተም በቁጥር ሰባት ወራት ውስጥ እንዲያጠናቀቅ አዟል። በምርምሩ ወቅት የተገኙት የኮከብ መረጃዎች በቁጥር አምስት የተለያዩ መጽሐፍት ውስጥ በዝርዝር ተመዝግበው ለነዋሪዎች እንዲቀርቡ ተደርጓል። የከተማዋ የንግድ ማህበር በምርምሩ ምክንያት በከተማዋ ውስጥ የሚገኙትን አምስት የንግድ መስመሮች በሙሉ እንዲያሰፋ ውሳኔ አሳልፏል። በምርምሩ ወቅት የተሳተፉት አምስት መሪዎች በከተማዋ ውስጥ የሚገኙትን አሥር የጥበብ ቤቶች በሙሉ እንዲደግፉ ተስማምተዋል። የአርካዲያ የጥንት መዝገበኞች በምርምሩ ወቅት የተገኙትን መረጃዎች በቁጥር ስምንት የተለያዩ የሸክላ ሰሌዳዎች ላይ በዝርዝር አስፍረው አጽድተዋል። በዚያ ወቅት በከተማዋ ውስጥ የነበሩት አምስት ዋና ዋና የጥበብ መምህራን በምርምሩ ውጤት ላይ ትልቅ አስተያየት ሰጥተዋል። የአርካዲያ ግዛት በዚያ ወቅት በሳይንስ ምርምር ረገድ በዓለም ላይ በቁጥር አንድ ደረጃ ላይ እንደነበረች ተገልጿል።

በአርካዲያ የጥንት ግዛት ውስጥ የተካሄደው የኮከብ ምርምር ውጤት በስንት የተለያዩ መጽሐፍት ውስጥ ተመዝግቦ እንዲቀመጥ ተደርጓል?"
comprehension|415#2,comprehension,,history,"ጽሑፉን አንብበህ ጥያቄውን መልስ፡

ጽሑፍ፡ በሉሚና የጥንት መንደር ውስጥ በታላቁ የውሃ መስመር ግንባታ ፕሮጀክት ምክንያት በሰኔ ፳ ቀን በ፪፻፶ ዓመተ ምህረት ትልቅ ለውጥ ታይቷል። የሉሚና የውሃ ማቀናጃ ድርጅት በቁጥር አምስት መሃንዲሶች አማካኝነት አዲስ የውሃ መስመር ለመገንባት ስራውን በሰላማዊ ሁኔታ ጀምሯል። በግንባታው ወቅት የተሳተፉት አምስት መሃንዲሶች በቁጥር መቶ የሚሆኑ ሰራተኞችን በየቀኑ በስራ ላይ እንዲሰማሩ አድርገዋል። የሉሚና መንደር መሪ የሆኑት አቶ ኬላ በግንባታው ወቅት በቁጥር አሥር አዳዲስ የውሃ ማጠራቀሚያዎች እንዲሰሩ ትዕዛዝ ሰጥተዋል። በግንባታው ሂደት ውስጥ የተገኙት አምስት ትላልቅ ድንጋዮች ለውሃው መስመር ጥንካሬ እንዲሆኑ በቁጥር ሃያ ሰራተኞች ተጭነው ተወስደዋል። የሉሚና የግብርና ማህበር በግንባታው ምክንያት በከተማዋ ውስጥ የሚገኙትን አምስት የግብርና ማሳዎች በሙሉ እንዲያሰፋ አድርጓል። በግንባታው ወቅት የተፈጠረው የውሃ አቅርቦት በቁጥር ሰባት የገጠር መንደሮችን በሙሉ እንዲያገለግል ተደርጎ ተሰልፏል። የሉሚና የጥበቃ ሰራዊት በግንባታው ቦታ ላይ በሰላማዊ ሁኔታ እንዲቆዩ በቁጥር ሃያ አዳዲስ ወታደሮችን አሰማርተዋል። በግንባታው ሂደት ውስጥ የተገኙት አምስት አዳዲስ የውሃ ምንጮች ለከተማዋ ነዋሪዎች በቂ ውሃ እንዲያቀርቡ ተደርጓል። የሉሚና መንደር መሪዎች በግንባታው ውጤት ምክንያት በከተማዋ ውስጥ የሚገኙትን አምስት ትላልቅ ገበያዎችን በሙሉ ለማስፋፋት አቅደዋል።

ጥያቄ፡ በሉሚና መንደር ውስጥ የተጀመረው የውሃ መስመር ግንባታ ፕሮጀክት በስንት አዳዲስ የውሃ ማጠራቀሚያዎች እንዲገነባ መሪው ኬላ ትዕዛዝ ሰጥተዋል?"
comprehension|419#0,comprehension,,health,"የተሰጠውን ጽሑፍ በጥንቃቄ ካነበብክ በኋላ የቀረበውን ጥያቄ መልስ።

ጽሑፍ፡ በሰኔ ፲፪ ቀን በወንጌል ከተማ በሚገኘው የሰላም ማዕከል ውስጥ የጤና ጥበቃ ባለሙያዎች ትልቅ ስልጠና ሰጥተዋል። የሰላም ከተማ የጤና መምሪያ ተቆጣጣሪ አቶ በቀለ አሰፋ በዝግጅቱ ላይ በመገኘት የአመጋገብ ስርዓትን አስፈላጊነት በሰፊው አብራርተዋል። በስልጠናው ወቅት በከተማዋ የሚገኙ ሰባት ትላልቅ የጤና ተቋማት ተወካዮች በሙሉ ተገኝተው ተሳትፈዋል። ስልጠናው በዋናነት ትኩረት ያደረገው በጤናማ ምግቦች እና በተመጣጣኝ የአመጋገብ ዘዴዎች ላይ መሆኑን መረጃው ያመለክታል። በዝግጅቱ ላይ የተሳተፉት ፵ አምስት የጤና ባለሙያዎች ስለ ቫይታሚኖች እና ስለ ማዕድናት አስፈላጊነት ዝርዝር ማብራሪያ ሰጥተዋል። የከተማዋ ነዋሪዎች በብዛት የሚጠቀሙባቸውን ምግቦች እንዴት ማመጣጠን እንደሚችሉ በምሳሌዎች ተብራርቷል። በስልጠናው ማጠቃለያ ላይ የተሰጡ ሰነዶች ለሁሉም ተሳታፊዎች በነጻ ተከፋፍለዋል። የጤና ባለሙያዎቹ በየቀኑ በቂ ውሃ መጠጣት እና አትክልትና ፍራፍሬ መመገብ ለጤና ወሳኝ መሆኑን አሳስበዋል። በወንጌል ከተማ የሚገኙ የጤና ጣቢያዎች ይህንን ስልጠና ለህብረተሰቡ ለማድረስ አዲስ እቅድ አውጥተዋል። ይህ ፕሮግራም እስከ ነሐሴ ወር ድረስ በየሳምንቱ ቅዳሜ እንዲቀጥል ተወስኗል።

ጥያቄ፡ በሰላም ማዕከል በተሰጠው ስልጠና ላይ የተሳተፉ የጤና ባለሙያዎች ብዛት ስንት ነው?"
comprehension|419#1,comprehension,,health,"ጽሑፉን አንብበህ ጥያቄውን መልስ፡

ጽሑፍ፡ በጥቅምት ፭ ቀን በዝቅተኛ ተራራ አካባቢ በሚገኘው የደስታ ገጠር ውስጥ አዲስ የግብርና ማህበር ተመሰረተ። የደስታ ገጠር የግብርና ማህበር አባላት በጠቅላላው ፳ ሁለት ቤተሰቦች ሲሆኑ ሁሉም አዲስ የጤና አጠባበቅ መመሪያ ተቀብለዋል። የማህበሩ መሪ ወይዘሮ አልማዝ ተስፋዬ በሰጡት መግለጫ መሰረት አባላቱ በየቀኑ የተለያዩ ጥራታቸውን የጠበቁ ምግቦችን ማምረት አለባቸው። ማህበሩ በየሳምንቱ ፭ ኪሎ ግራም የአትክልት ምርት ለጤና ጣቢያው እንዲያቀርብ ውል ተፈራርሟል። ይህ ውል የተፈረመው በደስታ ገጠር የጤና ጣቢያ እና በማህበሩ መካከል በነበረው ስምምነት መሰረት ነው። በገጠሩ የሚገኙ ህጻናት በቂ ፕሮቲን እንዲያገኙ ለማድረግ በየቀኑ ወተት እንዲጠጡ ይመከራሉ። የማህበሩ አባላት በየቀኑ ከጠዋት እስከ ከሰዓት ድረስ በሜዳ ላይ ስራቸውን ይሰራሉ። በየሳምንቱ ቅዳሜ ማህበሩ አዳዲስ የግብርና ዘዴዎችን እና የአመጋገብ ጥበቦችን ለሴቶች ያስተምራል። ይህ አዲስ ተነሳሽነት በገጠሩ ውስጥ ያለውን የጤና ሁኔታ ለማሻሻል ትልቅ ተስፋ ሰጥቷል። ማህበሩ በቀጣይ አመት ተጨማሪ ፲ ቤተሰቦችን ለማቀላቀል አቅዶ እየሰራ ይገኛል።

ጥያቄ፡ የደስታ ገጠር የግብርና ማህበር በየሳምንት ለጤና ጣቢያው የሚያቀርበው የአትክልት ምርት መጠን ስንት ነው?"
comprehension|427#1,comprehension,,science,"ይህን ምንባብ መሠረት በማድረግ ለጥያቄው መልስ ስጥ።

ምንባብ፡ የምግብ ዝግጅት ሂደት ውስጥ በኬሚካላዊ ለውጥ አማካኝነት የሚከናወኑ በርካታ ሂደቶች በየቀኑ ይከሰታሉ። ለምሳሌ ስኳር በሙቀት ሲጋለጥ ወደ ቡናማ ቀለምና ልዩ ጣዕም እንዲቀየር የሚያደርገው የካራሜላይዜሽን ሂደት ነው። ይህ ሂደት በምግብ ላይ የሚታይ ለውጥ ብቻ ሳይሆን አዲስ መዓዛና ጣዕም የሚፈጥር ኬሚካላዊ ተግባር ነው። ሌላው ትልቅ ለውጥ በዳቦ ዝግጅት ወቅት በኢስት (yeast) አማካኝነት የሚፈጠረው የጋዝ መፈጠር ነው። ኢስት በውስጡ ያለውን ስኳር በመመገብ ካርቦን ዳይኦክሳይድ ጋዝ እንዲለቅ ያደርጋል። ይህ ጋዝ በዳቦ ውስጥ ትናንሽ አየር ቀዳዳዎችን በመፍጠር ዳቦው እንዲነፋና እንዲለሰልስ ያደርገዋል። በተጨማሪም ስጋ ሲበስል ፕሮቲኖች ተለዋውጠው ጠንካራና ጣፋጭ እንዲሆኑ የሚያደርገው የሙቀት ተጽዕኖ ነው። እነዚህ ሁሉ ለውጦች በሳይንስ ደረጃ የኬሚካላዊ ምላሾች ተብለው የሚጠሩና በምግብ ጥራት ላይ ተጽዕኖ የሚያሳድሩ ናቸው። የምግብ ዝግጅትን በኬሚስትሪ እይታ መመልከት የምግብን ጣዕምና ጥራት ለመቆጣጠር ይረዳል። በቤት ውስጥ የምናደርጋቸው ትናንሽ ሙከራዎች ስለ ሳይንስ ያለንን እውቀት ለማሳደግ ትልቅ ዕድል ይሰጡናል።

ጥያቄ፡ ኢስት በዳቦ ዝግጅት ወቅት በምን ዓይነት መንገድ ዳቦው እንዲነፋና እንዲለሰልስ ያደርጋል?"
comprehension|431#0,comprehension,,agriculture,"ጽሑፉን አንብበህ ጥያቄውን መልስ፡

ጽሑፍ፡ ከብቶች ጤናማ እንዲሆኑ ለማድረግ በየቀኑ ንጹህ ውሃ ማቅረብ እና የተመጣጠነ ምግብ መስጠት በጣም አስፈላጊ የሆነ ተግባር ነው። የእንስሳት አርቢዎች ለከብቶቻቸው የሚሰጡት መኖ በቂ ፕሮቲን እና ማዕድናት እንዲይዝ ማድረግ የሥጋ እና የወተት ምርታማነትን በእጅጉ ይጨምራል። በቤት ውስጥ የሚገኙ የከብት መኖዎች ጥራት ሲቀንስ የእንስሳቱ በሽታ የመከላከል አቅም ስለሚቀንስ ጥንቃቄ ማድረግ ያስፈልጋል። ከብቶች የሚኖሩበት መጠለያ በቂ ብርሃን እና አየር እንዲያገኝ ተደርጎ መገንባት ለጤናማ እድገታቸው ትልቅ አስተዋጽኦ ያደርጋል። በወቅታዊ ሁኔታዎች ላይ በመመስረት ለከብቶች የሚሰጡ መድኃኒቶች እና የክትባት ጊዜያት በወቅቱ መከታተል ለእንስሳት ህይወት አስፈላጊ ነው። የከብት መኖ ማከማቻ ቦታ እርጥበት እና ተባይ እንዳይኖርበት በጥንቃቄ መጠበቅ የመኖውን ጥራት ለመጠበቅ ይረዳል። በየጊዜው የሚደረጉ የጤና ምርመራዎች በሽታዎች ሳይስፋፉ ቀድሞ ለመከላከል እና ወጪን ለመቀነስ ከፍተኛ እገዛ ያደርጋሉ። የእንስሳት አርቢዎች ስለ ከብቶቻቸው አመጋገብ እና ስለ ንጽህና አጠባበቅ ያላቸው ግንዛቤ ለተሻለ ምርት መሰረት ነው። በከብቶች መኖ ላይ የሚታዩ ለውጦችን በየቀኑ መከታተል ያልተጠበቁ የጤና ችግሮችን ለመለየት ይረዳል። የከብት እርባታ ስራ ውጤታማ እንዲሆን የሰው ኃይል እና የቴክኖሎጂ አጠቃቀምን ማቀናጀት አስፈላጊ ነው።

ጥያቄ፡ የከብት መኖ ማከማቻ ቦታ ላይ ምን ዓይነት ሁኔታዎች እንዳይኖሩ መጠበቅ ያስፈልጋል?"
comprehension|431#1,comprehension,,agriculture,"እባክዎን ከታች ያለውን ጽሑፍ አንብበው ለሚከተለው ጥያቄ መልስ ይስጡ።

Context:
በአሳማዎች እና በበሬዎች ላይ የሚከሰቱ የጤና ችግሮችን ለመከላከል መደበኛ የክትባት ፕሮግራም መከተል በጣም ወሳኝ ነው። የእንስሳት አርቢዎች በየጊዜው የሚደረጉ የክትባት ስራዎችን በአግባቡ ካከናወኑ በከብቶች ላይ የሚከሰቱ ተላላፊ በሽታዎችን መቀነስ ይችላሉ። ከብቶች የሚመገቡት ሳር እና ሌሎች ተፈጥሯዊ መኖዎች ከኬሚካል እና ከመርዛማ ነገሮች የጸዱ መሆናቸውን ማረጋገጥ ይገባል። በከብቶች መጠለያ አካባቢ የሚገኙ የቆሻሻ ክምችቶች ለተለያዩ ትል እና ባክቴሪያዎች መራቢያ ስለሚሆኑ በየቀኑ መጽዳት አለባቸው። የከብቶች የሰውነት ሙቀት እና የምግብ ፍላጎት ለውጥ መታዘብ ለድንገተኛ የጤና ችግሮች መፍትሄ ለመፈለግ ይረዳል። በቂ የአየር ዝውውር በከብቶች መኖሪያ ውስጥ መኖሩ የእንስሳቱን የመተንፈስ ችግር ለመቀነስ እና ንጽህናን ለመጠበቅ ይረዳል። የእንስሳት ጤናን ለመጠበቅ የሚደረጉ ጥረቶች የአርቢውን የኢኮኖሚ አቅም ለማሳደግ እና ለቤተሰብ ገቢ ትልቅ ሚና አላቸው። በከብቶች ላይ የሚታዩ የቆዳ ለውጦች ወይም የቁስል ምልክቶች ሲታዩ ወዲያውኑ ወደ እንስሳት ሐኪም መሄድ ያስፈልጋል። በቂ ውሃ እና አነስተኛ መጠን ያለው ጨው ለከብቶች መመገብ ለሰውነት ንጥረ ነገሮች መመጣጠን አስፈላጊ ነው። የከብቶች አመጋገብ ስርዓት በወቅቱ መቀየር የጤና መታወክ ሊያስከትል ስለሚችል ጥንቃቄ ማድረግ ያስፈልጋል።

በከብቶች መጠለያ አካባቢ የሚገኙ የቆሻሻ ክምችቶች ምን ዓይነት ችግር ሊያስከትሉ ይችላሉ?"
comprehension|431#2,comprehension,,agriculture,"ከዚህ በታች ያለውን ምንባብ አንብበህ ጥያቄውን መልስ።

Context:
ለዶሮ እርባታ ስኬታማነት የመኖሪያ ቦታው ንጽህና እና የሙቀት መጠን ቁጥጥር በጣም ወሳኝ የሆኑ ጉዳዮች ናቸው። በዶሮዎች መኖሪያ ውስጥ የሚታዩ የቆሻሻ ክምችቶች በሽታ አምጪ ተህዋሲያን እንዲራቡ ስለሚያደርጉ በየጊዜው መጽዳት አለባቸው። ዶሮዎች የሚመገቡት መኖ ጥራት ያለው እና በቂ ቫይታሚን የያዘ መሆኑ ለእንቁላል ምርታማነት ወሳኝ ነው። በዶሮዎች መኖሪያ ውስጥ የአየር ዝውውር መኖሩ ለጤናማ እድገት እና ለበሽታ መከላከል ከፍተኛ እገዛ ያደርጋል። የዶሮዎች የሰውነት ሙቀት ከልክ በላይ ከፍ ካለ ወይም በጣም ዝቅ ካለ ምርታማነታቸው ላይ ተጽዕኖ ያሳድራል። በየቀኑ የሚደረጉ የክትባት ስራዎች በዶሮዎች ላይ የሚከሰቱ ተላላፊ በሽታዎችን ለመከላከል ዋነኛ መፍትሄ ናቸው። የዶሮዎች መጠለያ ከዝናብ እና ከብርድ ለመከላከል ተደርጎ መገንባት ለእንስሳቱ ምቾት እና ጤና አስፈላጊ ነው። በዶሮዎች አመጋገብ ላይ የሚታዩ ለውጦች እና የምግብ ፍላጎት መቀነስ የጤና ችግር መኖሩን ሊያሳዩ ይችላሉ። በዶሮ እርባታ ወቅት የሚገኙ የውሃ እና የመኖ ብክነትን መቀነስ ለአርቢው ትርፋማነት ትልቅ አስተዋጽኦ ያደርጋል። የዶሮዎችን የጤና ሁኔታ በየቀኑ መከታተል እና ችግሮች ሳይባባሱ ቀድሞ እርምጃ ለመውሰድ ይረዳል።

የዶሮዎች አመጋገብ ስርዓት ላይ የሚታዩ ለውጦች ምን ሊያመለክቱ ይችላሉ?"
comprehension|435#0,comprehension,,news,"ምንባቡን ካነበብሽ በኋላ ለጥያቄው መልስ ስጪ።

Context:
በሰኔ ፲፪ ቀን በታላቁ አባይ ተፋሰስ አካባቢ በሚገኘው የዘርቅ ከተማ የንግድ ማዕከል ውስጥ ትልቅ የኢኮኖሚ ለውጥ ተመዝግቧል። የሰማይ ሰላም የግብርና ምርቶች ማከፋፈያ ድርጅት በዘንድሮው ዓመት የጥራዝ እህል ምርቱን በሁለት እጥፍ ማሳደጉን በይፋ አስታውቋል። ድርጅቱ በዘንድሮው የገበያ ወቅት በድምሩ ሰባት ሚሊዮን ቶን ምርት ማቅረብ እንደሚችል ለሚመለከታቸው አካላት በዝርዝር ገልጿል። የከተማዋ የንግድ ምክር ቤት ሰብሳቢ አቶ በቀለ ተስፋዬ በሰጡት መግለጫ መሰረት ይህ ስኬት በአካባቢው የሥራ ዕድል ለመፍጠር ትልቅ አስተዋጽኦ ይኖረዋል። አዲሱ የግብርና ማቀነባበሪያ ፋብሪካ በታላቁ አባይ ዳርቻ ላይ በ፲፭ ቢሊዮን ብር ወጪ ተገንብቶ ለአገልግሎት መዋሉ ተረጋግጧል። ፋብሪካው በቀን ውስጥ አምስት መቶ ቶን ምርትን በማቀነባበር ለሀገር ውስጥና ለውጭ ገበያ ለማቅረብ ታቅዶ የተጀመረ ነው። የገበያ ጥናቱ እንደሚያመለክተው በዘርቅ ከተማ የሚገኙ አነስተኛ ነጋዴዎች በምርቱ ምክንያት የገቢ መጠናቸው በሰላሳ በመቶ እንዲጨምር ተደርጓል። የንግድ ማዕከሉ አስተዳደር በየሳምንቱ የሚካሄደውን የዋጋ መቆጣጠሪያ ስብሰባ በማጠናከር የሸማቾችን መብት ለመጠበቅ እየሰራ መሆኑን ገልጿል። ይህ የኢኮኖሚ እድገት በቀጣይ ዓመታት በክልሉ ውስጥ ለሚታዩ ሌሎች የኢንዱስትሪ ኢንቨስትመንቶች መሰረት እንደሚጥል ተገልጿል።

የሰማይ ሰላም የግብርና ምርቶች ማከፋፈያ ድርጅት በዚህ ዓመት ምን ያህል ምርት ለማቅረብ አቅም እንዳለው ገልጿል?"
comprehension|435#1,comprehension,,news,"በሚከተለው ጽሑፍ መሠረት ጥያቄውን በአጭሩ መልስ።

Context:
በአባይ ሸለቆ ውስጥ በሚገኘው የንጋት ከተማ የፋይናንስ ተቋማት ማህበር በቅርቡ አዲስ የብድር አሰጣጥ መመሪያ መቅረጹን አስታውቋል። የንጋት የልማት ባንክ ዋና ስራ አስፈፃሚ ወይዘሪት ሳራ አሰፋ እንደገለጹት አዲሱ መመሪያ አነስተኛ የንግድ ድርጅቶችን ለማበረታታት ታስቦ የተዘጋጀ ነው። ባንኩ በዘንድሮው የሩብ ዓመት ውስጥ ለወጣት ስራ ፈጣሪዎች በድምሩ አራት መቶ ሚሊዮን ብር ብድር ለመስጠት መወሰኑ ታውቋል። ይህ የፋይናንስ ድጋፍ በተለይ በቴክኖሎጂ እና በንግድ ዘርፍ ላይ ለሚሰማሩ ድርጅቶች ቅድሚያ ይሰጣል ተብሏል። የከተማዋ የንግድ ማህበረሰብ አባላት አዲሱ መመሪያ የገበያውን እንቅስቃሴ በማነቃቃት ለኢኮኖሚው እድገት ወሳኝ መሆኑን በጋራ ገልጸዋል። የብድር መጠኑን ለመወሰን የሚያገለግለው መስፈርት የድርጅቶቹን የዓመት ውስጥ ትርፍ እና የሥራ ልምድ መሰረት ያደረገ መሆኑ ተብራርቷል። በቅርቡ በተካሄደው የንግድ ጉባኤ ላይ የባንኩ ተወካዮች ከአምስት መቶ በላይ ነጋዴዎች መሳተፋቸውንና መረጃ ማቅረባቸውን አረጋግጠዋል። የንጋት ከተማ የንግድ ምክር ቤት ይህ የብድር አሰጣጥ ሂደት በግልጽነት እና በፍትሃዊነት እንዲከናወን ክትትል እንደሚያደርግ ቃል ገብቷል። አዲሱ መመሪያ ከታህሳስ ወር ጀምሮ በሙሉ አቅም ተግባራዊ መሆን እንደሚጀምርም ተገልጿል።

አዲሱ የብድር አሰጣጥ መመሪያ በዋናነት ለማበረታታት የታለመው የትኛውን የንግድ ዘርፍ ነው?"
comprehension|435#2,comprehension,,news,"ምንባቡን ካነበብሽ በኋላ ለጥያቄው መልስ ስጪ።

Context:
በደቡብ አቅጣጫ በሚገኘው የጥቁር አባይ የንግድ ቀጠና ውስጥ አዲስ የሸቀጦች መለዋወጫ ማዕከል መከፈቱ ተረጋግጧል። የጥቁር አባይ የንግድ ማህበር ሰብሳቢ አቶ ዮናስ ታደሰ ማዕከሉ በ፲፪ ሚሊዮን ብር ወጪ ለአገልግሎት መዋሉን በሰጡት መግለጫ አረጋግጠዋል። ይህ ማዕከል በየቀኑ እስከ ሁለት መቶ የተለያዩ የንግድ ምርቶችን ለማቀላጠፍ የሚያስችል ሰፊ የመጋዘን አቅም አለው። የማዕከሉ ግንባታ በታህሳስ ወር ተጠናቆ በጥር ወር መጀመሪያ ላይ በታላቅ ስነ-ስርዓት መከፈቱ ይታወሳል። በዘርፉ የተሰማሩ አምሳ አዲስ ድርጅቶች በማዕከሉ ውስጥ የንግድ ቦታ ለመከራየት በረጅም ሰልፍ መቆማቸው ተገልጿል። የንግድ ቀጠናው አስተዳደር በማዕከሉ ውስጥ የሚከናወኑ የገንዘብ ዝውውሮች በዲጂታል መንገድ እንዲከናወኑ አዲስ ስርዓት መዘርጋቱን አስታውቋል። ይህ አሰራር የንግድ ሂደቱን ፍጥነት ከመጨመሩም በላይ የሰነድ መጥፋትን እና የሙስና እድሎችን ለመቀነስ ይረዳል። የማዕከሉ የጥናት ቡድን እንደሚያመለክተው በአካባቢው ያለውን የሸቀጦች አቅርቦት በሃያ በመቶ ማሳደግ እንደሚቻል ተገምቷል። የንግድ ማዕከሉ ለክልሉ የኢኮኖሚ መረጋጋት እና ለገበያ እድገት ትልቅ ፋይዳ ይኖረዋል ተብሎ ይጠበቃል።

የጥቁር አባይ የንግድ ማህበር አዲስ የሸቀጦች መለዋወጫ ማዕከል ለመገንባት የጠቀሰው የገንዘብ መጠን ስንት ነው?"
summarisation|19#0,summarisation,,agriculture,"የሚከተለውን ጽሑፍ ዋና ዋና ነጥቦች በመያዝ በ2-3 ዓረፍተ ነገሮች አጠቃልል።

ጽሑፍ፡ በኢትዮጵያ የቡና ምርት ለሀገሪቱ ኢኮኖሚ ትልቅ ድጋፍ የሚሰጥ ሲሆን በአብዛኛው በገበሬዎች የእጅ ስራ ላይ የተመሰረተ ነው። የቡና ተክል አቀበትና አቀበት የሌላቸው መሬቶች ላይ በተለያዩ የአየር ንብረት ሁኔታዎች ውስጥ ሊበቅል የሚችል ተክል ነው። በኢትዮጵያ ውስጥ የሚገኙ የቡና አቀባበል ስልቶች በባህላዊ መንገድና በዘመናዊ የግብርና ዘዴዎች መካከል ልዩነት ይታያል። የቡና ፍሬዎች በጥሩ ሁኔታ እንዲደርሱና ጥራታቸው እንዲጠበቅ በፀሐይ ብርሃን ስር በንጹህ ቦታዎች ላይ መዘርጋት በጣም አስፈላጊ ነው። ምርቱን ከማንሳት ጀምሮ እስከ ማቀነባበር ድረስ ያሉ ሂደቶች በቡና አምራች ገበሬዎች ላይ ከፍተኛ ጥረት ይጠይቃሉ። በየዓመቱ የሚታየው የቡና ምርት መጠን እንደ የአየር ንብረት ለውጥና እንደ በሽታዎች መከሰት ሊለያይ ይችላል። የቡና ተክሎችን ከበሽታ ለመከላከል በቂ የጥበቃ ስራዎችንና የተሻሉ የአፈር ማዳበሪያዎችን መጠቀም ለምርታማነት ወሳኝ ነው። የቡና ምርት ለብዙ የገጠር ማህበረሰቦች የገቢ ምንጭ በመሆኑ የገበሬውን የኑሮ ደረጃ ለመለወጥ ትልቅ ሚና ይጫወታል። በቡና ምርት ሂደት ውስጥ የሚገኙ የቴክኖሎጂ እድገቶች ምርቱን ለዓለም ገበያ ለማቅረብ ትልቅ እገዛ ያደርጋሉ። የቡና ፍሬዎችን በመለየትና በጥራት በመመዘን ረገድ ጥብቅ ቁጥጥር ማድረግ ለገበያ ተወዳዳሪነት በጣም አስፈላጊ ነው። የቡና እርሻዎች በኢትዮጵያ ውስጥ በተለያዩ ክልሎች ውስጥ በሰፊው ተከስተው የሚገኙ የግብርና ዘርፎች ናቸው። የቡና ምርት ሰንሰለቱን ለማሻሻል መንግስታትና የግል ባለሀብቶች በጋራ መስራት እንዳለባቸው ብዙ ጊዜ ይነገራል። የቡና ተክሎችን በመንከባከብ ረገድ የውሃ አቅርቦትና የአፈር እርጥበት መጠን ላይ ትኩረት ማድረግ ለተክሉ እድገት መሰረት ነው። የቡና ምርት ጥራትን ለመጠበቅ ምርቱን ከማንሳት ጀምሮ እስከ ማሸግ ድረስ ያለውን ሂደት በጥንቃቄ መከታተል ያስፈልጋል።"
summarisation|19#1,summarisation,,agriculture,"እባክዎን ይህን ጽሑፍ በአጭሩ ያጠቃልሉ።

Context:
በኢትዮጵያ የቡና ልማት ዘርፍ ውስጥ የጥራት ቁጥጥርና የአመራረት ሂደት ላይ ትኩረት ማድረግ ለረጅም ጊዜ ስኬት መሰረት ነው። የቡና ተክሎች በደን ውስጥ ወይም በተከታተሉ እርሻዎች ውስጥ ሊበቅሉ ቢችሉም ጥራታቸውን ለመጠበቅ ልዩ እንክብካቤ ያስፈልጋቸዋል። የቡና ፍሬዎች ሲደርቁና ሲቀነባበሩ የሚከተሉት ስልቶች በቡናው ጣዕምና መዓዛ ላይ ከፍተኛ ተጽዕኖ ያሳድራሉ። በኢትዮጵያ የቡና ምርት በብዛት የሚከናወነው በገበሬዎች አማካኝነት በመሆኑ የገበሬውን እውቀት ማሳደግ ለዘርፉ እድገት ወሳኝ ነው። የቡና ምርት ወቅት ሲደርስ ገበሬዎች ምርታቸውን በፍጥነት ወደ ማቀነባበሪያ ጣቢያዎች ማድረስ ይኖርባቸዋል። የአፈር ለምነትን ለመጠበቅና ለተክሉ እድገት ተስማሚ ሁኔታ ለመፍጠር ተፈጥሯዊ ማዳበሪያዎችን መጠቀም ይመከራል። የቡና በሽታዎች እንደ ቡና ዝገት ያሉ ተክሎችን ሊጎዱ ስለሚችሉ ቀድሞ መከላከልና መቆጣጠር በጣም አስፈላጊ ነው። የቡና ምርት ሰንሰለቱ ውስጥ ያሉ የንግድ ተዋናዮች በሙሉ ለምርቱ ጥራትና ለገበያ መድረስ ትልቅ ሃላፊነት አለባቸው። በኢትዮጵያ ውስጥ የሚመረተው ቡና በዓለም አቀፍ ደረጃ በጣዕሙና በልዩነቱ ይታወቃል። የቡና እርሻዎችን ለማስፋፋትና ምርታማነትን ለመጨመር አዳዲስ የዘር አይነቶችንና የቴክኖሎጂ ውጤቶችን መጠቀም ያስፈልጋል። የቡና ምርት በኢትዮጵያ የውጭ ምንዛሬ ለማግኘት ትልቅ አስተዋጽኦ የሚያደርግ የግብርና ዘርፍ ነው። የቡና ምርት ሂደቱን ለማዘመንና ወጪን ለመቀነስ የግብርና መሣሪያዎችን መጠቀም አስፈላጊ ሆኖ ተገኝቷል። የቡና ተክሎችን በመንከባከብ ረገድ የፀሐይ ብርሃንና የዝናብ መጠን ሚዛናዊ መሆን ለምርቱ ጥራት ወሳኝ ነው። የቡና ምርት ጥራት እንዲጠበቅ ምርቱን ከማንሳት ጀምሮ እስከ ማሸግ ድረስ ያለውን ሂደት በጥንቃቄ መከታተል ያስፈልጋል።"
summarisation|67#0,summarisation,,news,"የሚከተለውን ጽሑፍ አጠቃልል።

Context:
በሰኔ ፲፪ ቀን በታላቁ የዘርባ ቴክኖሎጂ ማዕከል ውስጥ የተካሄደው ዓለም አቀፍ የትምህርት ኮንፈረንስ አዳዲስ የዲጂታል መማሪያ ዘዴዎችን ለዓለም አቀፍ ተማሪዎች ለማስተዋወቅ ሰፊ ስኬት አስመዝግቧል። የኮንፈረንሱ መሪ የሆኑት ዶክተር አበበ በቀለ በንግግራቸው ወቅት የቴክኖሎጂ አጠቃቀም ለወደፊቱ ትውልድ እውቀት ማሰባሰብ ወሳኝ መሆኑን በዝርዝር አስረድተዋል። በዝግጅቱ ላይ የተሳተፉት ፭፻ ፳፭ ምሁራን በየአህጉሪቱ ያሉትን የትምህርት ክፍተቶች ለመሙላት የሚያስችሉ አዳዲስ የሶፍትዌር መተግበሪያዎችን ለተማሪዎች አቅርበዋል። የዘርባ የቴክኖሎጂ ተቋም በዓመታዊ በጀቱ ላይ ፲ ሚሊዮን ዶላር በመጨመር ለሁሉም የገጠብ አካባቢዎች የኢንተርኔት አገልግሎት ለማድረስ አዲስ እቅድ አውጥቷል። በዝግጅቱ ወቅት የቀረበው ጥናት እንደሚያሳየው የዲጂታል መማሪያ መሳሪያዎች መጠቀም የተማሪዎችን ውጤት በ፵ በመቶ ከፍ ያደርጋል። የትምህርት ሚኒስቴር ተወካዮች በዝግጅቱ ላይ በመገኘት አዳዲስ የትምህርት መርጃ መሳሪያዎች በሀገሪቱ ውስጥ እንዲተገበሩ አስፈላጊውን ድጋፍ እንደሚሰጡ ገልጸዋል። በኮንፈረንሱ ማብቂያ ላይ የተሰጠው ሽልማት ለታላቁ የዲጂታል ትምህርት ፈጠራ ለሰጠው አስተዋጽኦ ለወይዘሪት ሳራ ሊን ተሰጥቷል። ሳራ ሊን የፈጠረችው አዲስ መተግበሪያ በ፲፭ የተለያዩ ቋንቋዎች የሚሰራና ለተማሪዎች የሂሳብ ትምህርትን ቀላል የሚያደርግ መሆኑ ተገልጿል። በዝግጅቱ ላይ የተሳተፉት ወላጆችም አዳዲስ የቴክኖሎጂ መርጃዎች ለልጆቻቸው ትምህርት ትልቅ ለውጥ እንደሚያመጡ ያላቸውን እምነት ገልጸዋል። የትምህርት ተቋማት በቴክኖሎጂ የታገዙ የመማሪያ ክፍሎችን ለመገንባት በጋራ መስራት እንዳለባቸው በዝግጅቱ ላይ የተነሳ ዋና ነጥብ ነው። በዝግጅቱ ወቅት የቀረቡት የቪዲዮ ምስሎች የወደፊቱን የትምህርት አሰጣጥ ሂደት በግልጽ የሚያሳዩና አነቃቂ መሆናቸው ተገልጿል። የዓለም አቀፍ የትምህርት ጥምረት ተወካዮች በዝግጅቱ ላይ በመገኘት አዳዲስ የትምህርት ስልቶችን በጋራ ለመተግበር ስምምነት ላይ ደርሰዋል። በዝግጅቱ ማጠቃለያ ላይ የቀረበው የጥናት ውጤት በቴክኖሎጂ የታገዘ ትምህርት ለሁሉም ፍትሃዊ እድል እንደሚፈጥር ያሳያል። በመጨረሻም በኮንፈረንሱ ላይ የተነሱት ሃሳቦች ለሚቀጥለው ዓመት የትምህርት ፖሊሲ ዝግጅት እንደ መሰረት ያገለግላሉ ተብሏል።"
summarisation|67#1,summarisation,,news,"የሚከተለውን ጽሑፍ ዋና ዋና ነጥቦች ብቻ በመያዝ አጭር አድርገህ ግለጽ።

Context:
በአዲሱ የብሉ ሪቨር ከተማ የትምህርት ማዕከል ውስጥ በነሐሴ ፭ ቀን የተጀመረው የሳይንስና የቴክኖሎጂ ስልጠና ለ፪ ሺህ ወጣት ተማሪዎች ትልቅ ዕድል ፈጥሯል። የከተማው የትምህርት ኮሚቴ ሰብሳቢ የሆኑት አቶ ካሳሁን በቀለ ስልጠናው በሳይበር ደህንነትና በሮቦቲክስ ላይ ትኩረት እንደሚያደርግ ገልጸዋል። በስልጠናው ለመሳተፍ የተመዘገቡት ተማሪዎች ከ፲፭ በላይ የተለያዩ አካባቢዎች የመጡና ከፍተኛ ብቃት ያላቸው መሆናቸው ተገልጿል። የብሉ ሪቨር ሳይንስ ተቋም ለዚህ ስልጠና ፭ ሚሊዮን ብር በጀት መድቦ ለተማሪዎች አስፈላጊ የሆኑ መሣሪያዎችን አሟልቶ አቅርቧል። በስልጠናው ወቅት ተማሪዎቹ የራሳቸውን የሮቦት ሞዴሎች እንዲሰሩና የኮምፒውተር ፕሮግራሞችን እንዲጽፉ ልዩ ትኩረት ተሰጥቷቸዋል። የፕሮግራሙ አስተባባሪ የሆኑት ወይዘሪት መላክቱ በስልጠናው ሂደት ውስጥ ተማሪዎች በከፍተኛ ፍጥነት እውቀት እያገኙ መሆኑን ገልጻለች። በስልጠናው ላይ የተሳተፉት የኢንዱስትሪ ባለሙያዎች ለተማሪዎቹ ተግባራዊ ልምምድ እንዲያደርጉ ልዩ የላብራቶሪ ክፍሎችን ከፍተዋል። በስልጠናው ማጠናቀቂያ ላይ የሚሰጠው የምስክር ወረቀት ተማሪዎቹ ወደ ሥራ ዓለም በቀላሉ እንዲገቡ የሚያግዝ መሆኑ ተገልጿል። የከተማው አስተዳደር ለወጣቶች የቴክኖሎጂ ስልጠና መስጠት ለከተማው የኢኮኖሚ እድገት ወሳኝ መሆኑን በይፋ አረጋግጧል። በስልጠናው ወቅት የተገኘው ውጤት እንደሚያሳየው ተማሪዎቹ በሶስት ወራት ውስጥ ከፍተኛ የቴክኒክ ክህሎት ማዳበር ችለዋል። የሳይንስ ተቋሙ በቀጣይ ዓመትም የስልጠናውን አድማስ በማስፋት ለ፲ ሺህ ተማሪዎች ለማድረስ አዲስ እቅድ አውጥቷል። በስልጠናው ላይ የተሳተፉ ወላጆች ልጆቻቸው በቴክኖሎጂ ዘርፍ እንዲሰማሩ ያላቸውን ከፍተኛ ፍላጎት ገልጸዋል። በስልጠናው ሂደት ውስጥ የተፈጠሩ አዳዲስ የፈጠራ ውጤቶች ለከተማው የቴክኖሎጂ ዘርፍ ትልቅ አቅም እንደሚሆኑ ተገምቷል። በመጨረሻም ስልጠናው ለወጣቶች የፈጠራ አቅምን ለማሳደግና ለሀገራዊ እድገት የበኩሉን አስተዋጽኦ የሚያደርግ መሆኑ ተመልክቷል።"
summarisation|67#2,summarisation,,news,"የሚከተለውን ጽሑፍ አጠቃልል።

Context:
በሰኔ ፳፬ ቀን በታላቁ የሰማያዊ ተራራ አካዳሚ ውስጥ የተካሄደው የዓለም አቀፍ የሥነ-ጥበብና የሥነ-ጽሑፍ ኮንፈረንስ ለትምህርት ዘርፉ አዲስ አቅጣጫ አሳይቷል። በኮንፈረንሱ ላይ የተሳተፉት ፬፻ ፹ቱ ምሁራን የሥነ-ጥበብ ትምህርት በዘመናዊ መማሪያ ዘዴዎች እንዴት ሊሰጥ እንደሚችል ተወያይተዋል። የኮንፈረንሱ አስተባባሪ የሆኑት ፕሮፌሰር ታደሰ በቀለ የሥነ-ጥበብ ትምህርት ለተማሪዎች የፈጠራ አቅም ግንባታ ወሳኝ መሆኑን አብራርተዋል። በዝግጅቱ ወቅት የቀረበው አዲስ የትምህርት ሥርዓት በሥነ-ጥበብና በሥነ-ጽሑፍ መካከል ያለውን ትስስር በጠበቀ መልኩ የተዘጋጀ ነው። የሰማያዊ ተራራ አካዳሚ በዘንድሮው የትምህርት ዘመን ለሥነ-ጥበብ ትምህርት ፪ ሚሊዮን ብር ተጨማሪ በጀት መድቧል። በኮንፈረንሱ ላይ የቀረቡት ጥናቶች እንደሚያሳዩት የሥነ-ጥበብ ትምህርት ተማሪዎች የማሰብ ችሎታቸውን በከፍተኛ ደረጃ ያሳድጋል። በዝግጅቱ ላይ የተሳተፉት ተማሪዎች የራሳቸውን የሥነ-ጥበብ ሥራዎች በማሳየት ከፍተኛ አድናቆትና ምስጋና አግኝተዋል። የዓለም አቀፍ የሥነ-ጥበብ ማኅበር ተወካዮች በኮንፈረንሱ ላይ በመገኘት አዳዲስ የሥነ-ጥበብ ትምህርት መርጃዎችን ለዓለም አቀፍ ማኅበረሰብ አቅርበዋል። በኮንፈረንሱ ማብቂያ ላይ ለተሻለ የሥነ-ጥበብ ትምህርት ስልት ለሰጠችው አስተዋጽኦ ለዶክተር ኤልሳቤጥ ተሰጥቷል። በዝግጅቱ ወቅት የተነሳው ዋና ነጥብ የሥነ-ጥበብ ትምህርት በዲጂታል መድረኮች አማካኝነት ለተማሪዎች እንዲደርስ ማድረግ ነው። የትምህርት ተቋማት የሥነ-ጥበብ ክፍሎችን በማዘመን ለተማሪዎች የተሟላ የመማሪያ አካባቢ መፍጠር እንዳለባቸው ተመክሯል። በኮንፈረንሱ ላይ የተሳተፉት ወላጆች ልጆቻቸው በሥነ-ጥበብ ዘርፍ እንዲሰማሩ ያላቸውን ከፍተኛ ፍላጎት ገልጸዋል። በዝግጅቱ ወቅት የቀረቡት የሥነ-ጥበብ ስራዎች ለተማሪዎች አዳዲስ የፈጠራ መንገዶችን እንዲያገኙ ያነቃቃሉ። በመጨረሻም የኮንፈረንሱ ውጤት ለዓለም አቀፍ የሥነ-ጥበብ ትምህርት ዘርፍ አዲስ መነሻ እንደሚሆን ተገልጿል።"
summarisation|79#0,summarisation,,daily_life,"ከዚህ በታች ያለውን ጽሑፍ በ2-3 ዓረፍተ ነገሮች አጠቃልለው።

Context:
በሰኔ 15 ቀን 2016 ዓ.ም በታላቁ የዘንባባ ገበያ ውስጥ በድንገት የተከሰተው የዋጋ ንረት በከተማዋ ነዋሪዎች ላይ ከፍተኛ ተጽዕኖ ማሳደር ጀምሯል። የገበያውን ሁኔታ በቅርብ እየተከታተሉ ያሉ የንግድ ማኅበሩ አባላት እንደገለጹት የጥራጥሬ ምርቶች ዋጋ በአንድ ሳምንት ውስጥ ብቻ በሃያ አምስት በመቶ ጭማሪ አሳይቷል። የገበያውን መሪ የሆኑት አቶ በቀለ ተስፋዬ በሰጡት መግለጫ መሰረት ይህ የዋጋ ለውጥ የመጣው በክልሉ ለሚገኙ አምስት ዋና ዋና አምራች እርሻዎች በደረሰው የዝናብ እጥረት ምክንያት ነው። በገበያው ውስጥ የሚገኙ የሸማቾች አብዛኛው ክፍል የዕለት ተዕለት ፍላጎታቸውን ለማሟላት ከፍተኛ ትግል እያደረጉ መሆኑን የንግድ ተወካዮቹ አረጋግጠዋል። የሸቀጦች አቅርቦት መቀነስ በገበያው ውስጥ ከፍተኛ ትርቅ እንዲፈጠር ማድረጉን የንግድ መረጃ ሰብሳቢዎች በዝርዝር አሳውቀዋል። የከተማዋ የንግድ ኮሚሽን ተቆጣጣሪዎች በገበያው ውስጥ ያለውን የዋጋ መዋቅር ለመቆጣጠር አዳዲስ መመሪያዎችን ማውጣት መጀመራቸውን በይፋ አስታውቀዋል። በገበያው ውስጥ የሚገኙ የችርቻሮ ነጋዴዎች ደግሞ የትራንስፖርት ወጪ መጨመር ለዋጋው መናር ሌላኛው ምክንያት መሆኑን በጽኑ ይከራከራሉ። የንግድ ማኅበሩ ሰብሳብ አቶ አበበ ካሳ የሸማቾችን መብት ለማስከበር አስፈላጊ የሆኑ እርምጃዎችን ለመውሰድ ዝግጁ መሆናቸውን ለሕዝቡ ገልጸዋል። በገበያው ውስጥ የሚገኙ አነስተኛ ነጋዴዎች በከፍተኛ ሁኔታ እየከሰሩ መምጣታቸው ለከተማዋ ኢኮኖሚ ስጋት መሆኑን የኢኮኖሚ ባለሙያዎች አስጠንቅቀዋል። የገበያውን ሁኔታ ለማረጋጋት መንግሥት የጥራጥሬ ክምችት እንዲለቀቅ ማድረግ እንዳለበት የንግድ ማኅበሩ አባላት በድጋሚ ጠይቀዋል። በገበያው ውስጥ የሚገኙ ወጣቶች በዘመናዊ የክፍያ ሥርዓት ምርቶችን ለማቅረብ ጥረት እያደረጉ መሆኑን የገበያ አስተዳደሩ ገልጿል። የገበያው መጋዘኖች ውስጥ የሚገኙት የጥራጥሬ ክምችቶች ለሚቀጥሉት ሁለት ወራት ብቻ የሚበቁ መሆናቸውን የቁጥጥር አካላት አረጋግጠዋል። የሸማቾች ማኅበር ተወካዮች በገበያው ውስጥ የሚታየውን የዋጋ መዋዠቅ ለመቆጣጠር የሕዝብ ንቅናቄ መፍጠር እንደሚገባ አሳስበዋል። በገበያው ውስጥ የሚገኙ አዳዲስ የንግድ ሕጎች መተግበራቸው ለገበያው መረጋጋት ትልቅ አስተዋጽኦ እንደሚኖረው ተገምቷል።"
summarisation|79#2,summarisation,,daily_life,"የሚከተለውን ጽሑፍ ዋና ዋና ነጥቦች ብቻ በመያዝ አጭር አድርገህ ግለጽ።

Context:
በአዳማ የገበያ መንደር ውስጥ በሚገኘው የጥበብ የሸቀጦች ገበያ ውስጥ በቅርቡ የተከሰተው የንግድ ውዝግብ በሰላማዊ መንገድ ተፈታለች። በገበያው ውስጥ የሚገኙ የጥበብ ውጤቶች አምራቾች እና አከፋፋዮች መካከል የዋጋ ክፍፍል ጉዳይ ላይ አለመግባባት ተፈጥሮ ነበር። ይህ አለመግባባት በሰኔ 10 ቀን 2016 ዓ.ም በገበያው መሃል በሚገኘው ትልቅ ዛፍ ስር በተደረገ ስብሰባ ላይ ተፈታለች። የገበያው አስተዳዳሪ አቶ ዮናስ ታደሰ በስብሰባው ላይ በመገኘት በሁለቱ ወገኖች መካከል የሽምግልና ሚና መጫወታቸውን ገልጸዋል። የአምራቾቹ ወገን የጥበብ ውጤቶች ዋጋ እንዲጨምር የጠየቀ ሲሆን አከፋፋዮቹ ግን የሸማቾችን አቅም ግምት ውስጥ ማስገባት እንዳለባቸው ተከራክረዋል። በስብሰባው ላይ የተደረሰው ስምምነት መሰረት የዋጋ ጭማሪው በአስራ አምስት በመቶ ብቻ እንዲሆን ተወስኗል። ይህ ውሳኔ በገበያው ውስጥ ያለውን ሰላም ለማስፈን እና የንግድ እንቅስቃሴው እንዳይቋረጥ ለማድረግ እንደሆነ ተገልጿል። በውዝግቡ ወቅት የገበያው የገቢ ምንጭ ለተወሰነ ጊዜ መቋረጥ የነበረ ቢሆንም አሁን ግን ሁኔታዎች መረጋጋታቸውን የገበያ መረጃዎች አመልክተዋል። የገበያው የጥበብ ውጤቶች ማህበር ሰብሳብ አቶ ካሳሁን በቀለ በስምምነቱ ላይ ያላቸውን እርካታ በይፋ ገልጸዋል። በገበያው ውስጥ የሚገኙ የሸማቾች ማህበር ተወካዮችም በዋጋው ላይ የተደረገው ማሻሻያ ተገቢ መሆኑን ገልጸዋል። የገበያው አስተዳደር ለወደፊቱ መሰል አለመግባባቶች እንዳይከሰቱ የቅሬታ ማቅረቢያ ሥርዓት መዘርጋቱን አረጋግጧል። በገበያው ውስጥ የሚገኙ አነስተኛ የጥበብ ውጤቶች አምራቾች በስምምነቱ ምክንያት የተሻለ የገበያ ዕድል እንደሚኖራቸው ተስፋ አድርገዋል። የገበያው የጸጥታ አካላት በገበያው ውስጥ ሰላማዊ የንግድ እንቅስቃሴ መኖሩን በየቀኑ እየተከታተሉ መሆናቸውን ገልጸዋል። በገበያው ውስጥ የሚገኙ የውጭ ሀገር ጎብኚዎችም በገበያው ሰላም እና መረጋጋት ላይ ያላቸው እርካታ ከፍተኛ መሆኑን ተናግረዋል። የገበያው መሪዎች በቀጣይ የንግድ ትስስርን ለማጠናከር አዳዲስ የንግድ ትርኢቶችን ለማዘጋጀት ማቀዳቸውን አሳውቀዋል።"
summarisation|103#0,summarisation,,agriculture,"ይህን ጽሑፍ በአጭሩ አጠቃልልልኝ።

በሰሜን ወሎ በምትገኘው የዝንጅብል ተራራ አካባቢ በሚገኘው የሰማያዊ ሰማይ የእንስሳት እርባታ ማዕከል ውስጥ ባለፈው ሰኔ ወር በታየው መረጃ መሰረት አዳዲስ የጤና መመሪያዎች ተዘጋጅተዋል። የዚህ ማዕከል ዋና ስራ አስኪያጅ የሆኑት አቶ በቀለ ተሰማ እንደገለጹት በቅርቡ በደረሰባቸው የከብት በሽታ ምክንያት በክልሉ ውስጥ ያሉ አርሶ አደሮች ከፍተኛ ስጋት ላይ ይገኛሉ። ማዕከሉ በሰኔ 12 ቀን 2016 ዓ.ም በጀመረው አዲስ ፕሮግራም መሰረት ለ500 አርሶ አደሮች ስለ እንስሳት ንፅህና አጠባበቅ ሰፊ ስልጠና ሰጥቷል። በስልጠናው ወቅት በዋናነት ትኩረት የተሰጠው በከብቶች መኖ አዘገጃጀት እና በጤና መከታተያ ዘዴዎች ላይ መሆኑን የድርጅቱ የጤና ባለሙያዎች አረጋግጠዋል። በክልሉ የሚገኙ የቤት እንስሳት በብዛት የሚታመሙት በንፅህና ጉድለት እና በቂ የአየር ዝውውር በሌለባቸው መጠለያዎች ውስጥ በመኖራቸው መሆኑን ጥናቱ ያሳያል። አቶ በቀለ አክለውም አርሶ አደሮች በየሳምንቱ የከብቶቻቸውን የሰውነት ሙቀት እና የዓይን ቀለም መከታተል እንዳለባቸው አሳስበዋል። በክልሉ የሚገኙ 300 የሚሆኑ የቤት እንስሳት በወር ውስጥ ብቻ በበሽታ ምክንያት መሞታቸው በቅርቡ የወጣው የሪፖርት መረጃ በዝርዝር ያሳያል። የሰማያዊ ሰማይ ማዕከል አርሶ አደሮች የክትባት ጊዜያቸውን በወቅቱ እንዲያከብሩ እና የጤና ባለሙያዎችን ምክር እንዲሰሙ ጥሪ አቅርቧል። በክልሉ ውስጥ የሚገኙ የጎሳ መሪዎችም ይህንን የጤና መመሪያ ተግባራዊ ለማድረግ ከማዕከሉ ጋር በቅንጅት ለመስራት ቃል ገብተዋል። አዳዲስ የክትባት መድኃኒቶች ከባህር ዳር ከተማ በኩል በከፍተኛ የትራንስፖርት ወጪ ወደ ተራራማው አካባቢ እየተላኩ መሆኑን የድርጅቱ የሎጂስቲክስ ክፍል አስታውቋል። አርሶ አደሮች በየቀኑ ለከብቶቻቸው የሚሰጡትን ውሃ ንፁህ እና ለብ ያለ መሆኑን ማረጋገጥ እንዳለባቸው በስልጠናው ላይ ተገልጿል። በክልሉ ውስጥ የሚገኙ የቤት እንስሳት ቁጥር በየዓመቱ እየቀነሰ መምጣቱ በአካባቢው ኢኮኖሚ ላይ ከፍተኛ ጉዳት እያደረሰ መሆኑን ባለሙያዎች ገልጸዋል። ማዕከሉ በቀጣይ በነሐሴ ወር ውስጥ ለተጨማሪ 1000 አርሶ አደሮች የክትባት አገልግሎት ለመስጠት አቅዷል። ይህ አዲስ የጤና መመሪያ ተግባራዊ ከሆነ በክልሉ ያለውን የከብት ሞት በ40 በመቶ መቀነስ እንደሚቻል ተገምቷል።"
summarisation|103#1,summarisation,,agriculture,"ይህን ጽሑፍ በአጭሩ አጠቃልልልኝ።

በደቡብ ኢትዮጵያ በምትገኘው የጥቁር ድንጋይ ከተማ ውስጥ በሚገኘው የጎጃም የእንስሳት ጥበቃ ማህበር በቅርቡ አዲስ የክትባት ዘመቻ መጀመሩ ተገልጿል። የማህበሩ ሰብሳቢ የሆኑት ወይዘሮ አልማዝ አበበ እንደገለጹት ይህ ዘመቻ በነሐሴ ወር ውስጥ ለሚገኙ 2500 በጎች እና ላሞች ተብሎ የተዘጋጀ ነው። በዘመቻው ወቅት በክልሉ ውስጥ የሚገኙ የቤት እንስሳት በብዛት የሚጠቃቸው የሳንባ ኢንፌክሽንን ለመከላከል የሚያስችሉ መድኃኒቶች ጥቅም ላይ ይውላሉ። የማህበሩ የጤና ቡድን አባላት በየቀኑ ወደ ገጠር መንደሮች በመሄድ የከብቶችን ሁኔታ በቅርብ ለመከታተል ከፍተኛ ጥረት እያደረጉ ይገኛሉ። በዘመቻው መጀመሪያ ላይ በክልሉ ውስጥ የነበረው የከብቶች ቁጥር በከፍተኛ ሁኔታ መቀነሱን የዘመቻው አስተባባሪ አረጋግጠዋል። ወይዘሮ አልማዝ አክለውም አርሶ አደሮች ለከብቶቻቸው የሚሰጡትን የግጦሽ ቦታዎች ንፁህ ማድረግ እንዳለባቸው አሳስበዋል። በክልሉ የሚገኙ አርሶ አደሮች በቂ መኖ እና ንፁህ ውሃ ባለማቅረባቸው ምክንያት እንስሳቱ ለበሽታ የመጋለጥ እድላቸው ከፍተኛ መሆኑን ጥናቱ ያሳያል። የማህበሩ የባለሙያዎች ቡድን በየሳምንቱ 50 አዳዲስ መንደሮችን በመጎብኘት የክትባት ስራውን እያከናወኑ መሆኑን በሪፖርት አቅርበዋል። በዘመቻው ወቅት የተገኘው መረጃ እንደሚያሳየው በክልሉ ውስጥ የሚገኙ 15 በመቶ ከብቶች በምግብ እጥረት ምክንያት ለከፍተኛ ድካም ተጋልጠዋል። የማህበሩ የፋይናንስ ክፍል በዘመቻው ስኬት ላይ ለመድረስ ከክልሉ መንግስት ጋር በጋራ እየሰራ መሆኑን ገልጿል። አርሶ አደሮች የክትባት ጊዜያቸውን እንዳያመልጣቸው በየቀኑ በሬዲዮ አማካኝነት መረጃዎችን እያስተላለፉ መሆኑን የክልሉ የሬዲዮ ጣቢያ አስታውቋል። በክልሉ ውስጥ የሚገኙ የቤት እንስሳት መጠለያዎች አየር እንዲዘዋወርባቸው ማድረግ ለጤናቸው ወሳኝ መሆኑን ባለሙያዎች አሳስበዋል። የማህበሩ ሰብሳቢ ወይዘሮ አልማዝ አክለውም በዘመቻው መጨረሻ ላይ ለተሳታፊ አርሶ አደሮች ልዩ የድጋፍ ስጦታ እንደሚሰጥ ገልጸዋል። ይህ የክትባት ዘመቻ በክልሉ ያለውን የእንስሳት ሀብት ለማሳደግ ትልቅ ሚና እንደሚኖረው ተገምቷል።"
summarisation|199#0,summarisation,,technology,"ይህ ጽሑፍ ምን እንደሚናገር በአጭሩ አስረዳ።

Context:
በሰኔ ፲፪ ቀን በታላቁ የዝዋይ ከተማ የቴክኖሎጂ ማዕከል ውስጥ የዲጂታል ደህንነት ጥበቃ ስልጠና በታላቁ የኤክስ ዋይ ቴክኖሎጂ ተቋም አማካኝነት ተሰጥቷል። በዚህ ስልጠና ላይ ከ፭፻ በላይ የሶፍትዌር ባለሙያዎች እና የኢንተርኔት ደህንነት ተሟጋቾች በታላቁ አዳራሽ ውስጥ ተሰባስበው ተሳትፈዋል። የድርጅቱ ዋና መሪ አቶ በቀለ አበበ በንግግራቸው ወቅት የሳይበር ጥቃቶች በየዓመቱ በ፳ በመቶ እየጨመሩ መምጣታቸውን በዝርዝር አስረድተዋል። በቅርቡ በታላቁ የዘርባ ኔትወርክ ላይ የተፈጸመው የዳታ ስርቆት በ፪ ቢሊዮን የሀገር ውስጥ ገንዘብ ጉዳት ማድረሱን መረጃው አመልክቷል። የሳይበር ወንጀለኞች አዳዲስ የኮምፒውተር ቫይረሶችን በመጠቀም የሰዎችን የግል መረጃ በቀላሉ ሊሰርቁ እንደሚችሉ ባለሙያዎች አስጠንቅቀዋል። በስልጠናው ወቅት የተሰጡት መመሪያዎች ተጠቃሚዎች የሁለትዮሽ ማረጋገጫ ዘዴን በየቀኑ መጠቀም እንዳለባቸው በጽኑ ያሳስባሉ። የኤክስ ዋይ ቴክኖሎጂ ተቋም በዓመት ፭ ሚሊዮን ብር ለዲጂታል ደህንነት ግንዛቤ ማስጨበጫ ስራዎች እንደሚመድብ ገልጿል። የከተማዋ የቴክኖሎጂ ኮሚሽነር ወይዘሪት ሳራ ኃይሌ በዝግጅቱ ላይ በመገኘት የዲጂታል ደህንነት ጉዳይ የሁላችንም የጋራ ኃላፊነት መሆኑን ገልጻለች። ተሳታፊዎች ስለ መረጃ ምስጠራ እና ስለ ጠንካራ የይለፍ ቃል አጠቃቀም ሰፋ ያለ ግንዛቤ ማግኘታቸውን ገልጸዋል። በዝግጅቱ ማጠቃለያ ላይ የዲጂታል ደህንነት መመሪያ መጽሐፍ ለሁሉም ተሳታፊዎች በነጻ እንዲከፋፈል ተደርጓል። በቀጣይ አመት በ፳፳፯ ዓ.ም በታላቁ የዝዋይ ከተማ በድጋሚ ተመሳሳይ ስልጠና ለመስጠት ታቅዷል። የኢንተርኔት ደህንነትን ለማሻሻል የግንዛቤ ስራዎችን በየሰፈሩ ማድረስ አስፈላጊ መሆኑም በስብሰባው ላይ ተነስተዋል። የቴክኖሎጂ ባለሙያዎች በየጊዜው አዳዲስ የደህንነት መተግበሪያዎችን ማዘጋጀት እንዳለባቸው ለተሳታፊዎች ምክር ሰጥተዋል። ይህ ስልጠና በከተማዋ የቴክኖሎጂ እድገት ላይ ትልቅ አሻራ እንደሚያሳርፍ ተገምቷል።"
summarisation|199#1,summarisation,,technology,"ለዚህ ጽሑፍ አጭር ማጠቃለያ ጻፍ።

Context:
በጥቅምት ፭ ቀን በታላቁ የብሉ ሪቨር የቴክኖሎጂ ፓርክ ውስጥ የዲጂታል መረጃ ደህንነት ጥበቃ ላይ ያተኮረ አዲስ ጥናት ተለቀቀ። ይህ ጥናት በታላቁ የሰማይ ሰማያዊ ምርምር ማዕከል አማካኝነት ለሦስት ዓመታት ያህል የተካሄደ ጥልቅ ምርምር ነው። በምርምሩ መሠረት በዓለም ዙሪያ ያሉ የዲጂታል መረጃዎች በየወሩ በ፲፭ በመቶ እየተሰረቁ መሆኑን መረጃው ያሳያል። የጥናቱ መሪ የሆኑት ዶክተር አበበ ኪዳኔ በሰጡት መግለጫ መሰረት የዲጂታል መረጃዎች ደህንነት በከፍተኛ ደረጃ አሳሳቢ ሆኗል። በቅርቡ በታላቁ የነጭ ተራራ ባንክ ላይ የተፈጸመው የዲጂታል ጥቃት በ፪ ሚሊዮን ተጠቃሚዎች ላይ ተጽዕኖ ማሳደሩ ተገልጿል። የጥናቱ ውጤት እንደሚያሳየው አብዛኛው ሰው የኢንተርኔት መለያዎችን ለመፍጠር በጣም ቀላል የሆኑ ቁጥሮችን እንደሚጠቀም ተገልጿል። የጥናቱ ቡድን በ፳፪ የተለያዩ አገራት ውስጥ ፲ ሺህ ሰዎችን በማነጋገር መረጃውን ማሰባሰቡን አረጋግጧል። በምርምሩ ማጠቃለያ ላይ ተጠቃሚዎች በየሦስት ወሩ የይለፍ ቃላቸውን መቀየር እንዳለባቸው ምክረ ሃሳብ ቀርቧል። የዲጂታል ደህንነትን ለማሻሻል መንግስታት የሳይበር መከላከያ ህጎችን በጠንካራ ሁኔታ ማውጣት እንዳለባቸው ጥናቱ አሳስቧል። በታላቁ የብሉ ሪቨር ፓርክ ውስጥ የሚገኙ የቴክኖሎጂ ኩባንያዎች ለደህንነት መተግበሪያዎች ከፍተኛ በጀት መመደብ እንዳለባቸው ተጠቁሟል። የጥናቱ ውጤት በታላቁ የቴክኖሎጂ መጽሔት ላይ በዝርዝር እንዲታተም ተደርጓል። የሳይበር ወንጀለኞች አዳዲስ የዲጂታል መሣሪያዎችን በመጠቀም የሰዎችን የባንክ መረጃ ሊሰርቁ እንደሚችሉ ጥናቱ አሳስቧል። በምርምሩ ወቅት የተገኙት መረጃዎች ለወደፊቱ የዲጂታል መከላከያ ስልቶች እንደ መነሻ ያገለግላሉ። የቴክኖሎጂ ባለሙያዎች በየቀኑ አዳዲስ የደህንነት ስጋቶችን መከታተል እንዳለባቸው ጥናቱ አሳስቧል።"
summarisation|207#0,summarisation,,history,"የጽሑፉን ዋና ሐሳብ በአጭሩ ግለጽ።

Context:
የአድዋ ጦርነት በኢትዮጵያ ታሪክ ውስጥ እጅግ በጣም ትልቅ እና የማይረሳ ድል ተደርጎ በታላቅ ኩራት ሁልጊዜም ይታሰባል። ይህ ታላቅ ውጊያ የተካሄደው በኢትዮጵያ እና በጣሊያን መካከል ለነበረው የቅኝ አገዛዝ ፍላጎት እና የሉዓላዊነት ጥያቄ ምክንያት ነው። የኢትዮጵያ መሪዎች እና ወታደሮች አገራቸውን ለመከላከል ሲሉ በከፍተኛ ቁርጠኝነት እና በፅናት ለረጅም ጊዜ ተዘጋጅተዋል። በወቅቱ የነበረው የኢትዮጵያ ጦር የተለያየ የጦር መሳሪያ እና የትግል ስልት በመጠቀም ጠላትን ለመመከት ተዘጋጅቶ ነበር። የጣሊያን ወታደሮች በብዛት እና በዘመናዊ መሳሪያ የታጠቁ ቢሆንም የኢትዮጵያውያን አንድነት ግን አሸናፊ አደረጋቸው። በጦር ሜዳው ላይ የታየው የኢትዮጵያውያን የጀግንነት እና የሀገር ፍቅር መንፈስ ለዓለም ሁሉ ትልቅ ትምህርት ሰጥቷል። የኢትዮጵያ ጦር በከፍተኛ ብልሃት እና በስትራቴጂካዊ መንገድ በመንቀሳቀስ የጣሊያንን ሰራዊት ሙሉ በሙሉ ድል አደረገ። ይህ ድል ኢትዮጵያ በቅኝ አገዛዝ ስር እንዳትወድቅ በማድረግ የሀገሪቱን ነፃነት እና ክብር ለዘላለም አረጋግጧል። የአድዋ ድል በአፍሪካ አገሮች ዘንድ የነፃነት ተምሳሌት እና የጥንካሬ ምንጭ ሆኖ እንዲቀጥል አድርጎታል። የጦርነቱ ውጤት በዓለም አቀፍ ደረጃ የኢትዮጵያን ተሰሚነት እና የሉዓላዊነት መብትን በከፍተኛ ሁኔታ ከፍ አድርጓል። የኢትዮጵያ ሕዝብ በወቅቱ የነበረውን አንድነት በመጠቀም ጠላትን ማሸነፍ እንደሚችል በተግባር አሳይቷል። ይህ ታሪካዊ ክስተት ለትውልድ ተሻጋሪ ትልቅ የጀግንነት እና የድል ትርክት ሆኖ እንዲኖር ተደርጓል። የአድዋ ጦርነት በኢትዮጵያዊነት ስሜት እና በሀገር ፍቅር ላይ የተመሰረተ ትልቅ የድል ጉዞ ነው። የኢትዮጵያ ነፃነት በዚያ ታላቅ ውጊያ እና በጀግኖች መስዋዕትነት ላይ የተመሰረተ መሆኑን ማንም አይክድም።"
summarisation|211#0,summarisation,,health,"የሚከተለውን ምንባብ በአጭሩ አጠቃልል፡

በሰኔ ፲፪ ቀን ሁለት ሺህ አሥራ ስድስት ዓመተ ምሕረት በዝቅተኛው የዞን መሬት ላይ በሚገኘው አባይ ሸለቆ ውስጥ በታላቁ የጤና ተቋም የበላይ ተቆጣጣሪ አቶ በቀለ ተስፋዬ መሪነት አዲስ የጤና ዘመቻ ተጀምሯል። ይህ ዘመቻ በዞኑ ውስጥ የሚገኙ አምስት ዋና ዋና መንደሮችን ለመድረስና በወባ በሽታ የመከላከል ስልቶችን ለማስተማር በታቀደ መልኩ በከፍተኛ ዝግጅት ተጀምሯል። በዘመቻው ወቅት በክልሉ ውስጥ የሚገኙ ሁለት መቶ አምሳ አዳዲስ የጤና ባለሙያዎች ለሕዝቡ አስፈላጊ የሆኑ መረጃዎችን በየቤቱ በመዞር እንዲያስተላልፉ ተመድበዋል። የጤና ባለሙያዎቹ በዋናነት ሰዎች በቤት ውስጥ የሚጠቀሙባቸውን የትንፋሽ መከላከያ አውታሮችና የፀረባክቴሪያ መጋረጃዎችን አጠቃቀም ላይ ትኩረት አድርገው ትምህርት ይሰጣሉ። በዘመቻው መጀመሪያ ላይ በዞኑ ውስጥ የሚገኙ ሰባት መቶ አዳዲስ የፀረ ወባ መጋረጃዎች ለተቸገሩ ቤተሰቦች በነጻ እንዲከፋፈሉ ተደርጓል። የጤና ተቋሙ ኃላፊ አቶ በቀለ ተስፋዬ እንደገለጹት ይህ ተግባር በክልሉ ውስጥ ያለውን የወባ ተጋላጭነት በሰማንያ በመቶ ለመቀነስ ያለመ ነው። በዘመቻው ወቅት በየቀኑ በአምስት መቶ ሰዎች ላይ የጤና ምርመራ ተደርጎ ውጤቱ በየሰዓቱ ለሚመለከተው ክፍል እንዲደርስ ተደርጓል። በዞኑ ውስጥ የሚገኙ አሥራ ሁለት የጤና ጣቢያዎች ለዘመቻው የሚያስፈልጉ ቁሳቁሶችንና መድኃኒቶችን በሙሉ አሟልተው እንዲገኙ ተደርጓል። የጤና ባለሙያዎቹ በየመንደሩ ውስጥ ለሚገኙ ሴቶችና ለሕፃናት ልዩ ትኩረት በመስጠት ስለ ንጽህና አጠባበቅ ሰፊ ግንዛቤ እንዲኖራቸው ያደርጋሉ። በዘመቻው ወቅት የተገኙ አዳዲስ መረጃዎች እንደሚያሳዩት በዞኑ ውስጥ ያለው የውሃ መከማቸት ለወባ ትንኝ መራቢያነት ምክንያት እየሆነ መሆኑን አረጋግጠዋል። ስለዚህም የጤና ባለሙያዎቹ የቆሙ ውሃዎችን በማድረቅና የቆሻሻ ማስወገጃ ዘዴዎችን በማሻሻል ረገድ ለሕዝቡ ተግባራዊ ምክሮችን ይሰጣሉ። በዘመቻው ማጠናቀቂያ ላይ በዞኑ ውስጥ ያለውን የወባ ስርጭት ደረጃ በዝርዝር የሚያሳይ ሪፖርት ለክልሉ የጤና ቢሮ እንዲቀርብ ተወስኗል። ይህ ታላቅ የጤና ዘመቻ በክልሉ ውስጥ ያለውን የሕዝብ ጤና ለመጠበቅና የወባ በሽታን ለማጥፋት ትልቅ ተስፋ እንደሚሰጥ ተገልጿል።"
summarisation|211#1,summarisation,,health,"ለዚህ ጽሑፍ አጭር ማጠቃለያ ጻፍ።

Context:
በታላቁ የሰሜን ኮረብታ ከተማ በሚገኘው የሰላም ተስፋ ማዕከል ውስጥ በኅዳር ፭ ቀን ሁለት ሺህ አሥራ አምስት ዓመተ ምሕረት አዲስ የጤና መመሪያ ታውጇል። ይህ መመሪያ በከተማው ውስጥ የሚገኙ አምሳ አዳዲስ የጤና ተቋማት ወባን ለመከላከል እንዲችሉ ተብሎ በጤና ጥበቃ ኮሚቴው በኩል የወጣ ነው። የኮሚቴው ሰብሳቢ ወይዘሮ አልማዝ አበበ እንደገለጹት በከተማው ውስጥ የሚገኙ አምስት መቶ ቤተሰቦች በወባ በሽታ ተጠቂ መሆናቸውን መረጃዎች ያሳያሉ። በመሆኑም ከተማዋን ከወባ በሽታ ለመጠበቅ በአስር አዳዲስ የጤና መርጃ መሣሪያዎች የታገዙ የጤና ጣቢያዎች እንዲመሰረቱ ተወስኗል። እነዚህ የጤና ጣቢያዎች በየቀኑ ለሁለት መቶ ሕፃናትና ለሦስት መቶ አዋቂዎች የቅድመ መከላከል ሕክምና እንዲሰጡ ታቅዷል። በከተማው ውስጥ የሚገኙ አምስት መቶ አዳዲስ የፀረ ወባ መድኃኒቶች ለሕዝቡ በነጻ እንዲከፋፈሉ በከተማው አስተዳደር በኩል ትዕዛዝ ተሰጥቷል። የጤና ባለሙያዎች በየሰፈሩ ውስጥ በመዞር ስለ ቆሻሻ አወጋገድና ስለ የቤት ውስጥ ንጽህና አጠባበቅ ለሰባት መቶ ነዋሪዎች ስልጠና ሰጥተዋል። በከተማው ውስጥ የሚገኙ አሥራ አምስት ትምህርት ቤቶች ተማሪዎች ስለ ወባ መከላከያ ዘዴዎች እንዲያውቁ ልዩ የጤና ፕሮግራም ተጀምሯል። የጤና ባለሙያዎቹ በየቤት ውስጥ የሚገኙ የውሃ ማጠራቀሚያዎች በትንኝ እንዳይባዙ ጥንቃቄ እንዲደረግ ለሁለት መቶ ነዋሪዎች ማሳሰቢያ ሰጥተዋል። በከተማው ውስጥ የሚገኙ አምስት መቶ አዳዲስ የጤና መረጃ ሰብሳቢዎች በየቀኑ የወባ ስርጭቱን ሁኔታ ለጤና ኮሚቴው ሪፖርት ያደርጋሉ። የከተማዋ ነዋሪዎች በሙሉ በየሳምንቱ አንድ ጊዜ የቤታቸውን አካባቢ እንዲያጸዱና የቆሙ ውሃዎችን እንዲያስወግዱ ጥብቅ መመሪያ ተሰጥቷል። በከተማው ውስጥ የሚገኙ አሥራ ሁለት የጤና ባለሙያዎች በየቀኑ ለአምስት መቶ ሰዎች የጤና ምክር እንዲሰጡ ተመድበዋል። ይህ አዲስ የጤና መመሪያ በከተማዋ ውስጥ ያለውን የወባ ስርጭት በሰማንያ አምስት በመቶ ለመቀነስ ከፍተኛ ሚና እንደሚኖረው ተገምቷል። በመጨረሻም የከተማዋ ነዋሪዎች በሙሉ ለዚህ የጤና ዘመቻ አስፈላጊውን ትብብር እንዲያደርጉ የከተማው አስተዳደር ጥሪ አቅርቧል።"
summarisation|211#2,summarisation,,health,"ለዚህ ጽሑፍ አጭር ማጠቃለያ ጻፍ።

Context:
በጥቅምት ፳ ቀን ሁለት ሺህ አሥራ ሁለት ዓመተ ምሕረት በምስራቅ ተራራማ አካባቢ በሚገኘው የብርሃን መንደር ውስጥ አዲስ የጤና ጥበቃ ፕሮጀክት ተጀምሯል። ይህ ፕሮጀክት በታዋቂው የጤና ተቋም መሪ አቶ ዮናስ ካሳ ተመርቶ በክልሉ ውስጥ ያለውን የወባ ስርጭት ለመቀነስ ያለመ ነው። ፕሮጀክቱ በክልሉ ውስጥ የሚገኙ አምስት መቶ አዳዲስ የጤና መርጃ መሣሪያዎችን ለተለያዩ መንደሮች ለማድረስ በታቀደ መልኩ ተጀምሯል። በፕሮጀክቱ መጀመሪያ ላይ በምስራቅ ተራራማ አካባቢ የሚገኙ አምሳ አዳዲስ የጤና ጣቢያዎች እንዲገነቡ በጀት ተመድጓል። እነዚህ የጤና ጣቢያዎች በየቀኑ ለሦስት መቶ ሕፃናትና ለአምስት መቶ አዋቂዎች የጤና ምርመራ እንዲያደርጉ ታስቧል። የጤና ባለሙያዎቹ በየቤቱ በመዞር ለአንድ መቶ አዳዲስ ቤተሰቦች የፀረ ወባ መጋረጃዎችን በነጻ ማከፋፈል ጀምረዋል። በፕሮጀክቱ መሪ አቶ ዮናስ ካሳ እንደገለጹት በክልሉ ውስጥ የሚገኙ አምስት መቶ አዳዲስ የጤና ባለሙያዎች ለዚህ ሥራ ተሰማርተዋል። እነዚህ ባለሙያዎች በየቀኑ ለሁለት መቶ ሰዎች ስለ ወባ መከላከያ ዘዴዎችና ስለ ንጽህና አጠባበቅ ትምህርት ይሰጣሉ። በክልሉ ውስጥ የሚገኙ አሥር አዳዲስ የጤና መረጃ ማዕከላት የወባ ስርጭቱን ሁኔታ በየቀኑ እንዲከታተሉ ተደርጓል። በፕሮጀክቱ አማካኝነት በየሳምንቱ አምስት መቶ አዳዲስ የጤና መረጃዎች ለክልሉ የጤና ቢሮ እንዲደርሱ ተደርጓል። የጤና ባለሙያዎቹ በየመንደሩ ውስጥ የሚገኙ የቆሻሻ ክምችቶችን በማስወገድና የውሃ መከማቸትን በመቀነስ ረገድ ትልቅ ሥራ እየሠሩ ነው። በክልሉ ውስጥ የሚገኙ አምስት መቶ አዳዲስ የጤና መርጃ መሣሪያዎች ለሕዝቡ በነጻ እንዲከፋፈሉ ተደርጓል። ይህ ፕሮጀክት በክልሉ ውስጥ ያለውን የወባ በሽታ ተጋላጭነት በሰማንያ አምስት በመቶ ለመቀነስ ትልቅ ዓላማ አለው። በመጨረሻም የክልሉ ነዋሪዎች በሙሉ ለዚህ ታላቅ የጤና ፕሮጀክት አስፈላጊውን ድጋፍ እንዲያደርጉ ተጠይቀዋል።"
summarisation|215#0,summarisation,,health,"ይህ ጽሑፍ ምን እንደሚናገር በአጭሩ አስረዳ።

Context:
ክትባት ለሰው ልጅ ጤናማ ሕይወት እንዲኖረው ለማድረግ እጅግ አስፈላጊ የሆነ የሕክምና ዘዴ በመሆኑ በዓለም ዙሪያ ትልቅ ትኩረት እየተሰጠው ይገኛል። የተለያዩ ተላላፊ በሽታዎችን ለመከላከል የሚረዱ ክትባቶች በሰውነታችን ውስጥ ያለውን በሽታ የመከላከል አቅም በማጠናከር በሽታ አምጪ ተህዋሲያን እንዳይሰሩት ያደርጋሉ። በሕፃናት ላይ የሚከሰቱ አደገኛ በሽታዎችን ለመከላከል የሚሰጡ ክትባቶች የሕፃናትን ዕድሜ ለማራዘም እና የሞት መጠንን ለመቀነስ ትልቅ ሚና ይጫወታሉ። አዋቂዎችም ቢሆኑ በተለያዩ ምክንያቶች ለሚመጡ የጤና ችግሮች መከላከያ እንዲሆንላቸው መደበኛ የክትባት ፕሮግራሞችን መከተል ይኖርባቸዋል። ክትባቶች በሳይንሳዊ ምርምር እና በከፍተኛ ጥንቃቄ የተደረጉ ሙከራዎች ከተከናወኑ በኋላ ለሕዝብ አገልግሎት እንዲውሉ ይፈቀዳሉ። በአንድ ማህበረሰብ ውስጥ አብዛኛው ሰው ክትባት ሲወስድ በሽታው በቀላሉ እንዳይሰራጭ በማድረግ ለሌሎች ሰዎችም ጥበቃ ይደረጋል። ይህ ሂደት በሕክምናው ዓለም ውስጥ በሽታን ከመታከም ይልቅ መከላከል የተሻለ መሆኑን በተደጋጋሚ የሚያረጋግጥ ትልቅ ስኬት ነው። የክትባት አቅርቦት በሁሉም የዓለም ክፍሎች እኩል እንዲደርስ ማድረግ ለዓለም አቀፍ የጤና ደኅንነት ወሳኝ ተግባር ነው። የጤና ባለሙያዎች ስለ ክትባቱ ጥቅም እና ስለሚኖሩት የጎንዮሽ ጉዳቶች ትክክለኛ መረጃ ለሕዝቡ እንዲሰጡ ይደረጋል። በክትባት አማካኝነት ብዙ ተላላፊ በሽታዎች ከዓለም መዝገብ እንዲወገዱ ተደርጎ በታሪክ ተመዝግቧል። የክትባት ፕሮግራሞች በሀገራት ደረጃ በሥርዓት መመራት እና በቂ በጀት እንዲመደብላቸው ማድረግ ለሕዝብ ደኅንነት አስፈላጊ ነው። በክትባት አማካኝነት የሚገኙትን ጥቅሞች በሚገባ መረዳት እና በወቅቱ መከተል ለተሻለ ጤናማ ሕይወት መሰረት ነው። የጤና ተቋማት የክትባት ስርጭትን ለማቀላጠፍ የተለያዩ ዘመናዊ አሰራሮችን በመጠቀም በየመሬቱ እየተንቀሳቀሱ ይገኛሉ። በመጨረሻም ክትባት የሰው ልጅን ዕድሜ እና ጥራት ለማሻሻል የሚደረግ ትልቁ የሕክምና ስኬት ተደርጎ ይወሰዳል።"
summarisation|215#1,summarisation,,health,"ይህ ጽሑፍ ምን እንደሚናገር በአጭሩ አስረዳ።

Context:
በዓለም አቀፍ ደረጃ የሚታዩ ተላላፊ በሽታዎችን ለመቆጣጠር እና ለመከላከል የክትባት አገልግሎት መሰረታዊ የጤና መሠረተ ልማት አካል ነው። ክትባት ማለት የሰውነትን የመከላከል ሥርዓት በማነቃቃት በሽታ አምጪ ተህዋሲያንን የመቋቋም አቅምን የመገንባት ሂደት ነው። በሕክምናው ዘርፍ ክትባቶች በሰዎች መካከል የሚከሰቱ የጤና ችግሮችን በከፍተኛ ሁኔታ ለመቀነስ እንደ ትልቅ መሣሪያ ያገለግላሉ። የክትባት ስርጭት ሥርዓት ውጤታማ እንዲሆን የጤና ባለሙያዎች በየደረጃው አስፈላጊውን ድጋፍ እና ክትትል ማድረግ ይኖርባቸዋል። በሕፃናት ላይ የሚታዩ የጤና እክሎችን ለመቀነስ የሚሰጡ መደበኛ ክትባቶች የሕፃናትን እድገት ለማፋጠን ትልቅ አስተዋጽኦ አላቸው። አዋቂዎችም በተለያዩ የጤና ሁኔታዎች ምክንያት ለሚመጡ በሽታዎች መከላከያ ክትባቶችን መውሰድ ለራሳቸው እና ለቤተሰባቸው ደኅንነት ይጠቅማል። ክትባቶች ከመሰረቱ በሳይንሳዊ ጥናት እና በሙከራዎች ላይ የተመሰረቱ በመሆናቸው ለሰዎች ደኅንነት ከፍተኛ ጥበቃ ያደርጋሉ። በክትባት አማካኝነት የሕመምተኞችን ቁጥር መቀነስ የጤና ተቋማት ላይ የሚፈጠረውን የሥራ ጫና እና ወጪ በእጅጉ ይቀንሳል። የክትባት አቅርቦት በየአካባቢው እንዲኖር ማድረግ እና ለሕዝቡ ተደራሽ ማድረግ የጤና መሥሪያ ቤቶች ዋነኛ ተግባር ነው። የክትባት ጥቅሞችን በተመለከተ የሚነሱ የተሳሳቱ መረጃዎችን በማረም ትክክለኛውን እውቀት ለሕዝቡ ማድረስ አስፈላጊ ነው። በክትባት አማካኝነት ብዙ በሽታዎች እንዲጠፉ ማድረግ የዓለምን የጤና ሁኔታ ለማሻሻል ትልቅ ዕድል ይሰጣል። የክትባት ፕሮግራሞች በየሀገሩ እንደየሁኔታው ቢለያዩም ዓላማቸው ግን የሰዎችን ሕይወት ማዳን ነው። በክትባት አማካኝነት የሚገኙትን የጤና ጥቅሞች ማወቅ እና መተግበር ለተሻለ ማህበራዊ እና ኢኮኖሚያዊ ዕድገት ይረዳል። የክትባት ስርጭት በሁሉም የኅብረተሰብ ክፍል ዘንድ እኩል እንዲደርስ ማድረግ የዓለም አቀፍ የጤና ግብ ነው። በመሆኑም ክትባት መውሰድ ለግል ጤና እና ለሕዝብ ደኅንነት የማይታለፍ ግዴታ እና መብት ነው።"
summarisation|215#2,summarisation,,health,"የሚከተለውን ጽሑፍ ዋና ዋና ነጥቦች ብቻ በመያዝ አጭር አድርገህ ግለጽ።

Context:
የክትባት አገልግሎት በዓለም ዙሪያ ለሚገኙ የጤና ችግሮች መፍትሄ ለመስጠት የሚደረገው ዋነኛ የሕክምና ጥረት ነው። ክትባቶች በሽታ አምጪ ተህዋሲያን በሰውነት ውስጥ ሲገቡ የሚፈጠረውን ጉዳት ለመከላከል የሚያስችሉ መከላከያዎችን ይፈጥራሉ። በሕፃናት ላይ የሚከሰቱ አደገኛ የጤና እክሎችን ለመቀነስ የሚሰጡ ክትባቶች የሕፃናትን ሕይወት ለመታደግ ትልቅ ሚና አላቸው። የክትባት ስርጭት በየሀገሩ በሥርዓት መመራት እና በቂ የሰው ኃይል እና ቁሳቁስ መኖሩን ማረጋገጥ ያስፈልጋል። ክትባቶች በሰውነታችን ውስጥ ያለውን የመከላከል አቅም በማሳደግ በሽታዎች እንዳይከሰቱ አስቀድሞ መከላከል ይቻላል። በሕክምናው ዓለም ክትባቶች በሽታን ከመታከም ይልቅ መከላከል እንደሚሻል በተግባር አሳይተዋል። የክትባት ጥቅሞችን በተመለከተ ለሕዝቡ ትክክለኛ መረጃ መስጠት እና ግንዛቤ መፍጠር ለስኬታማነት ወሳኝ ነው። የክትባት አቅርቦት በሁሉም የዓለም ክፍሎች እኩል እንዲደርስ ማድረግ የዓለም አቀፍ የጤና ተቋማት ትኩረት ነው። በክትባት አማካኝነት ብዙ ተላላፊ በሽታዎች እንዲወገዱ በማድረግ የሰዎችን ዕድሜ እና የጤና ጥራት ማሻሻል ተችሏል። የክትባት ፕሮግራሞች ውጤታማ እንዲሆኑ የጤና ባለሙያዎች በየአካባቢው አስፈላጊውን ክትትል እና ድጋፍ ማድረግ አለባቸው። ክትባቶች በሳይንሳዊ ምርምሮች ላይ ተመስርተው የሚዘጋጁ በመሆናቸው ለሰዎች ደኅንነት ከፍተኛ ዋስትና ይሰጣሉ። በክትባት አማካኝነት የሚገኙትን የጤና ጥቅሞች ማወቅ እና መተግበር ለተሻለ ማህበራዊ ሕይወት መሰረት ነው። የክትባት ስርጭትን ለማቀላጠፍ እና የሕዝቡን ተሳትፎ ለማሳደግ የተለያዩ የማስተማር ሥራዎች መከናወን አለባቸው። በክትባት አማካኝነት የሚከሰቱ የጤና መሻሻሎች ለዓለም አቀፍ የጤና ዕድገት ትልቅ አስተዋጽኦ አላቸው። በመሆኑም ክትባት መውሰድ ለግል ጤና እና ለሕዝብ ደኅንነት እጅግ አስፈላጊ የሆነ ተግባር ነው።"
summarisation|219#0,summarisation,,science,"የሚከተለውን ጽሑፍ አጠቃልል።

Context:
በሰሜን ኢትዮጵያ በሚገኘው የዝንጅብል ከተማ ውስጥ በታዋቂው የሀገር ውስጥ የሕክምና ተቋም በዶክተር አበበ በቀለ መሪነት አዲስ ጥናት ተካሂዷል። ይህ ጥናት በሰውነታችን ውስጥ ስላለው የደም ዝውውር ሥርዓት እና ስለ ልብ ሥራ በዝርዝር የሚያብራራ መረጃዎችን ለሕዝቡ አቅርቧል። በጥናቱ መሠረት በከተማዋ የሚገኙ 450 ሰዎች በየቀኑ ለሦስት ወራት ያህል ልዩ የአካል ብቃት እንቅስቃሴ ሲያደርጉ ተመዝግበዋል። የልብ ምት መጠንን እና የደም ግፊትን ለመለካት ዘመናዊ የኤሌክትሮኒክስ መሣሪያዎችን በመጠቀም ትክክለኛ መረጃዎችን ሰብስበዋል። የደም ሥር መጥበብን ለመከላከል በየቀኑ 5 ሊትር ንጹሕ ውሃ መጠጣት እንደሚያስፈልግ ጥናቱ በጽኑ ይመክራል። በሕክምና ቡድኑ አባል የሆኑት የሳይንስ ተመራማሪዎች የደም ሴሎች እንዴት ኦክስጅንን ወደ ሙሉ አካል እንደሚያደርሱ አብራርተዋል። የልብ ጡንቻዎች ጥንካሬን ለመጨመር በየሳምንቱ ሁለት ጊዜ የሩጫ ልምምድ ማድረግ እንደሚገባ በሪፖርቱ ተገልጿል። በጥናቱ ወቅት የተገኙት ውጤቶች በሰውነታችን ውስጥ ያለው የደም ፍሰት ለጤናማ ሕይወት ወሳኝ መሆኑን ያሳያሉ። በከተማዋ የሚገኙ 12 የጤና ጣቢያዎች ይህንን አዲስ የሕክምና መመሪያ ለሕዝቡ ለማድረስ ሥራ ጀምረዋል። የደም ዝውውር ሥርዓት ሲታወክ በሰውነት ውስጥ ከፍተኛ የጉልበት መቀነስ እንደሚከሰት ጥናቱ አሳስቧል። በሕክምናው ሂደት ውስጥ የተሳተፉት 85 ወጣቶች በጣም ከፍተኛ የልብ ጥንካሬ እንዳላቸው ተረጋግጧል። ይህ ጥናት በኢትዮጵያ ውስጥ ለሚገኙ የሕክምና ተመራማሪዎች አዲስ የሥራ ዕድል እንደሚፈጥር ይጠበቃል። የከተማዋ የጤና ባለሙያዎች በየወሩ በአዳዲስ የደም ምርመራ ዘዴዎች ላይ ሥልጠና ለመስጠት አቅደዋል። በመጨረሻም የልብ ጤናን ለመጠበቅ አመጋገብን ማስተካከል እና በቂ እንቅልፍ መተኛት ወሳኝ መሆኑ ተመዝግቧል።"
summarisation|219#1,summarisation,,science,"ለዚህ ጽሑፍ አጭር ማጠቃለያ ጻፍ።

Context:
በደቡብ ኢትዮጵያ በሚገኘው የጥቁር አባይ ተፋሰስ አካባቢ በታዋቂው የሳይንስ ማኅበር በዶክተር ማርታ ተስፋዬ መሪነት አዲስ ምርምር ተካሂዷል። ይህ ምርምር በሰውነታችን ውስጥ ስላለው የአጥንት እና የጡንቻ ሥርዓት ግንኙነት በሰፊው መረጃዎችን ለዓለም አቀፍ ማኅበረሰብ አቅርቧል። በምርምሩ ወቅት በክልሉ ውስጥ የሚገኙ 600 ገበሬዎች በየቀኑ ከባድ ሥራ ሲሠሩ በቅርብ ተከታተለ። የአጥንቶች ጥንካሬን ለመለካት በልዩ የኤክስሬይ መሣሪያዎች በመታገዝ የካልሲየም መጠንን በዝርዝር መርምረዋል። የአጥንት መሳሳትን ለመከላከል በየቀኑ የቫይታሚን ዲ መጠንን ማሳደግ አስፈላጊ መሆኑን ጥናቱ አረጋግጧል። የጡንቻዎች መለጠጥ እና ጥንካሬ ለሰውነት እንቅስቃሴ ምን ያህል ወሳኝ እንደሆነ በዝርዝር ተብራርቷል። በምርምሩ መሠረት በየቀኑ 30 ደቂቃ የእግር ጉዞ ማድረግ የአጥንት መዋቅርን ለማጠናከር ይረዳል። የሳይንስ ተመራማሪዎቹ በሰውነታችን ውስጥ ያሉ የጅማቶች ሚና በሰውነት ሚዛን ላይ ያለውን ተጽዕኖ አብራርተዋል። በምርምሩ ወቅት የተገኙት መረጃዎች የአጥንት መዋቅር ለሰውነት መቆሚያ መሆኑን በግልጽ ያሳያሉ። በክልሉ የሚገኙ 5 ትልልቅ ሆስፒታሎች ይህንን የጤና መረጃ ለሕዝቡ ለማዳረስ ዝግጁ ናቸው። የጡንቻ መኮማተርን ለመከላከል በቂ ፈሳሽ መውሰድ እና የአካል ብቃት እንቅስቃሴ ማድረግ እንደሚገባ ተገልጿል። በጥናቱ የተሳተፉት 200 አዛውንቶች የአጥንት ጥንካሬያቸው ከዚህ ቀደም ከነበረው በከፍተኛ ሁኔታ መሻሻሉ ታይቷል። ይህ የምርምር ውጤት በኢትዮጵያ የጤና ዘርፍ ውስጥ ትልቅ ለውጥ እንደሚያመጣ ተስፋ ተጥሎበታል። የሳይንስ ማኅበሩ በቀጣይ ዓመት ተጨማሪ ጥናቶችን በሌሎች የሰውነት ክፍሎች ላይ ለማድረግ አቅዷል። የአጥንት እና የጡንቻ ጤናን ለመጠበቅ አመጋገብን ማስተካከል እና መጥፎ ልምዶችን ማስወገድ አስፈላጊ ነው።"
summarisation|219#2,summarisation,,science,"ይህን ጽሑፍ በአጭሩ አጠቃልልልኝ።

በምስራቅ ኢትዮጵያ በሚገኘው የሰሜን ተራሮች አካባቢ በታዋቂው የሕክምና ተቋም በዶክተር ዮናስ ካሳ መሪነት አዲስ ጥናት ተካሂዷል። ይህ ጥናት በሰውነታችን ውስጥ ስላለው የምግብ መፈጨት ሥርዓት እና ስለ ሆድ ጤና በዝርዝር መረጃዎችን አቅርቧል። በጥናቱ መሠረት በከተማዋ የሚገኙ 550 ተማሪዎች በየቀኑ የሚመገቡትን ምግብ ዓይነት እና መጠን ተመዝግቧል። የምግብ መፈጨት ሂደትን ለማፋጠን በየቀኑ አትክልትና ፍራፍሬ መመገብ አስፈላጊ መሆኑን ጥናቱ አሳስቧል። በሆድ ውስጥ ያሉ ባክቴሪያዎች ለሰውነት በሽታ መከላከል አቅም ምን ያህል ወሳኝ እንደሆኑ ተብራርቷል። የሆድ ዕቃ ሕመምን ለመቀነስ በቂ ውሃ መጠጣት እና በሰዓት መመገብ እንደሚገባ ጥናቱ ይመክራል። በምርምር ቡድኑ አባላት የተገኙት ውጤቶች የምግብ መፈጨት ሥርዓት ለጠቅላላ ጤና መሰረት መሆኑን ያሳያሉ። በከተማዋ የሚገኙ 8 የጤና ጣቢያዎች ይህንን አዲስ መረጃ ለሕዝቡ ለማድረስ ከፍተኛ ጥረት እያደረጉ ነው። የሆድ ውስጥ የፋይበር መጠን ማነስ ለብዙ የጤና ችግሮች መንስኤ መሆኑን ጥናቱ አረጋግጧል። በምርምሩ ወቅት የተሳተፉት 300 ወጣቶች የተሻሻለ የምግብ መፈጨት ሥርዓት እንዳላቸው ተመዝግቧል። ይህ ጥናት በኢትዮጵያ ውስጥ ለሚገኙ የሥነ-ምግብ ባለሙያዎች አዲስ ዕውቀት እንደሚሰጥ ይጠበቃል። የጤና ባለሙያዎች በየሳምንቱ ስለ ጤናማ አመጋገብ ለሕዝቡ ግንዛቤ ለመፍጠር ሥልጠና ይሰጣሉ። በሰውነታችን ውስጥ ያለው የምግብ መፈጨት ሂደት ለንጥረ ነገሮች ስርጭት ወሳኝ መሆኑ ተገልጿል። በምርምሩ ወቅት የተገኙት መረጃዎች በየቀኑ ጤናማ ምግብ መመገብ ለረጅም ዕድሜ እንደሚረዳ ያሳያሉ። በመጨረሻም የምግብ መፈጨት ሥርዓትን ለመጠበቅ ከመጠን በላይ ቅባት ያላቸውን ምግቦች መቀነስ እንደሚገባ ተመዝግቧል።"
summarisation|223#0,summarisation,,agriculture,"ለዚህ ጽሑፍ አጭር ማጠቃለያ ጻፍ።

Context:
ጤፍ በኢትዮጵያ እና በሌሎች የአፍሪካ አገራት ውስጥ በጣም አስፈላጊ የሆነ የሰብል ዓይነት በመሆኑ ለምግብ ዋስትና ትልቅ ሚና ይጫወታል። ይህ ጥቃቅን ዘሮች በጣም ለየት ያለ የአመራረት ሂደት የሚጠይቁ ሲሆን ለተሻለ ምርት የአፈር ለምነትን መጠበቅ በጣም አስፈላጊ ነው። ገበሬዎች በየዓመቱ የሚዘሩትን ዘር በጥንቃቄ መምረጥ አለባቸው ምክንያቱም ጥራት ያለው ዘር ለከፍተኛ ምርታማነት መሰረት ነው። የጤፍ እርሻዎች በቂ የፀሐይ ብርሃን እና ተገቢ የሆነ የዝናብ መጠን በሚኖርባቸው አካባቢዎች ላይ መከናወን ይኖርባቸዋል። የአየር ንብረት ለውጥ በጤፍ ምርታማነት ላይ ከፍተኛ ተጽዕኖ ስለሚያሳድር ገበሬዎች አዳዲስ የአመራረት ዘዴዎችን መጠቀም ይኖርባቸዋል። የጤፍ ምርት በዓለም አቀፍ ገበያ ላይ ከፍተኛ ፍላጎት እያገኘ በመሆኑ ለሀገራዊ ገቢ ምንጭ ሆኖ ያገለግላል። ዘርፉን ለማዘመን ዘመናዊ የግብርና መሣሪያዎችን መጠቀም ምርትን ለመጨመር እና የሰው ጉልበትን ለመቀነስ ይረዳል። በጤፍ እርሻ ወቅት የሚታዩ ተባዮችን ለመከላከል ተገቢውን ጥንቃቄ ማድረግ ለሰብሉ ጤናማ እድገት ወሳኝ ነው። የጤፍ ዘሮች በውስጣቸው ከፍተኛ የሆነ የብረት እና የካልሲየም ንጥረ ነገሮችን ስለሚይዙ ለሰው ልጅ ጤና ጠቃሚ ናቸው። ምርቱን ከሰበሰቡ በኋላ በትክክል ማድረቅ እና ማከማቸት ለረጅም ጊዜ እንዲቆይ ለማድረግ በጣም አስፈላጊ ነው። በጤፍ ምርት ላይ የሚታዩ ችግሮችን ለመቅረፍ በቂ የጥናት እና ምርምር ስራዎች መከናወን ይኖርባቸዋል። አነስተኛ ገበሬዎች የገበያ መረጃ እንዲያገኙ ማድረግ የጤፍ ምርትን በገበያ ላይ ተወዳዳሪ ያደርገዋል። የጤፍ እርሻ ስራ በብዙ ቤተሰቦች ላይ የተመሰረተ የኑሮ መሠረት በመሆኑ የዘርፉ መሻሻል ለሁሉም ጠቃሚ ነው። በአጠቃላይ የጤፍ ምርታማነትን ማሳደግ የአገሪቱን የምግብ ዋስትና ለማረጋገጥ ትልቅ እርምጃ ነው።"
summarisation|227#0,summarisation,,agriculture,"የሚከተለውን ጽሑፍ አጠቃልል።

Context:
በሰኔ ፲፪ ቀን ሁለት ሺህ አሥራ ስድስት ዓመተ ምሕረት በዝቅተኛው አባይ ተፋሰስ አካባቢ የሚገኘው የዘር ሸለቆ የእርባታ ማዕከል አዲስ የውሃ አጠቃቀም ዘዴን ተግባራዊ ማድረጉን በይፋ አስታውቋል። የዞኑ የግብርና ባለሙያ የሆኑት አቶ በቀለ ተሰማ እንደገለጹት ይህ አዲስ የጠብታ መስኖ ሥርዓት በየቀኑ ፭ ሚሊዮን ሊትር ውሃን በቁጥጥር ስር በማዋል የአፈር እርጥበትን ለመጠበቅ ይረዳል። የዞኑ የግብርና ሚኒስቴር ተወካዮች በዘር ሸለቆ ውስጥ የሚገኙ ፪ መቶ አርሶ አደሮች በዚህ ዘመናዊ ቴክኖሎጂ ተጠቃሚ መሆናቸውን በዝርዝር አብራርተዋል። የፕሮጀክቱ ዋና መሐንዲስ የሆኑት ወይዘሪት ሳራ አበበ ይህ ሥርዓት በየሰዓቱ ተለዋዋጭ የሆኑ የውሃ መጠን መለኪያዎችን በመጠቀም ብክነትን በ፸ በመቶ እንደሚቀንስ ገልጸዋል። በአካባቢው የሚገኙት የውሃ አጠቃቀም ማኅበራት በየሳምንቱ የውሃ አጠቃቀም ሪፖርትን ለሚመለከተው የክልሉ የግብርና ቢሮ በወቅቱ እንዲያቀርቡ መመሪያ ሰጥተዋል። በቅርቡ በተከናወነው የሙከራ ሂደት ውስጥ በ፲ አምስት ሄክታር መሬት ላይ የተከናወነው ሥራ ከፍተኛ የሰብል ምርት ማምጣት እንደሚችል ተረጋግጧል። የውሃው ምንጭ የሆነው የሰማይ ወንዝ ፍሰት በየወቅቱ የሚለካ ሲሆን ይህም ለተጨማሪ የውሃ ፍላጎት ዝግጅት እንዲረዳ ተደርጎ ተቀርጿል። የግብርናው ማኅበረሰብ አባላት በየቀኑ ጠዋት በሰላምታ ወቅት ስለ ውሃ አጠቃቀም ሥነ-ሥርዓት አጫጭር ስልጠናዎችን እንዲወስዱ ተደርጓል። በዘር ሸለቆ የሚገኙት የቡና እና የቅባተ ተክሎች በዚህ አዲስ የውሃ አቅርቦት ምክንያት በከፍተኛ ሁኔታ ማደግ መጀመራቸውን የባለሙያዎች ቡድን አመልክቷል። የፕሮጀክቱ የበጀት ምንጭ ከዓለም አቀፍ የግብርና ልማት ድርጅት የተገኘ ሲሆን ይህም ለ፭ ዓመታት የሚቆይ የረጅም ጊዜ ዕቅድ አካል ነው። አርሶ አደሩ በየቀኑ የሚጠቀመውን የውሃ መጠን በሞባይል መተግበሪያ አማካኝነት እንዲቆጣጠር የሚያስችል ሥርዓትም ተዘርግቷል። ይህ የቴክኖሎጂ ሽግግር በአካባቢው ያለውን የውሃ እጥረት ለመቅረፍ ትልቅ ፋይዳ እንዳለው የባለሙያዎች ምክር ቤት ገልጿል። በቀጣይ ዓመት የፕሮጀክቱ ተጠቃሚዎች ቁጥር ወደ ፭ መቶ አርሶ አደሮች እንዲያድግ ታቅዶ እየተሠራ መሆኑን የፕሮጀክቱ አስተባባሪው አረጋግጠዋል። በመጨረሻም የውሃ አጠቃቀም ሥርዓቱ በክልሉ ውስጥ ለሌሎች አካባቢዎች እንደ አርአያ ሊያገለግል እንደሚችል ተገልጿል።"
summarisation|227#1,summarisation,,agriculture,"የሚከተለውን ምንባብ በአጭሩ አጠቃልል፡

በሰሜን ኮረብታማው የንጋት ተራራ አካባቢ የሚገኘው የሰማያዊ ተስፋ የግብርና ማኅበር በዘመናዊ የመስኖ ልማት ፕሮጀክት አማካኝነት የውሃ አጠቃቀምን ለማሻሻል ትልቅ እርምጃ ወስዷል። የማኅበሩ ሰብሳቢ የሆኑት አቶ ታደሰ ከበደ እንደገለጹት ይህ ፕሮጀክት በ፪ ሺህ አሥራ አምስት ዓመት የተጀመረውን የውሃ እጥረት ችግር ለመፍታት ታስቦ የተዘጋጀ ነው። በፕሮጀክቱ መሠረት ከታላቁ የሰማያዊ ተራራ ወንዝ የሚገኘው ውሃ በቱቦዎች አማካኝነት ወደ ፳ አምስት የገበሬ ማኅበራት እንዲደርስ ተደርጓል። የፕሮጀክቱ ዋና የገንዘብ ምንጭ ከክልሉ የልማት ባንክ የተገኘ ሲሆን ይህም ለ፯ ዓመታት የሚቆይ ብድርና ድጋፍን ያካትታል። በየወሩ የሚከናወነው የውሃ ክፍያ ሥርዓት በዲጂታል መንገድ እንዲመራ በማድረግ ግልጽነት እንዲኖር ተደርጓል። የግብርና መሐንዲሶች በየሳምንቱ የአፈርን እርጥበት መጠን በመለካት ለተክሎች የሚያስፈልገውን የውሃ መጠን በትክክል እንዲወስኑ ያደርጋሉ። በቅርቡ በተከናወነው የክትትል ጉብኝት ወቅት በ፲ ሁለት የሰብል ዓይነቶች ላይ የታየው ለውጥ እጅግ አስደሳች መሆኑን የባለሙያዎች ቡድን ገልጿል። የውሃ አጠቃቀም ማኅበሩ አባላት በየቀኑ ጠዋት በቡድን በመሰባሰብ የውሃ መስመሮችንና የቧንቧዎችን ሁኔታ እንዲፈትሹ ተደርጓል። የፕሮጀክቱ ተጠቃሚ የሆኑት አርሶ አደሮች በዓመት ውስጥ የሚያገኙትን የሰብል ምርት በ፵ በመቶ ማሳደግ እንደሚችሉ ተስፋ አድርገዋል። በዘርፉ የተሰማሩ ወጣቶች የውሃ መቆጣጠሪያ መሣሪያዎችን ለመጠቀም ልዩ ሥልጠና እንዲወስዱ ተደርጓል። የፕሮጀክቱ የቴክኒክ ክፍል በየሦስት ወሩ የአፈሩን ጥራትና የውሃውን ይዘት መመርመር እንደሚገባው አሳስቧል። በአካባቢው የሚገኙት የውሃ መቆጣጠሪያ ጣቢያዎች በፀሐይ ኃይል የሚሰሩ በመሆናቸው የኤሌክትሪክ ወጪን በእጅጉ እንደሚቀንሱ ተገልጿል። ይህ የውሃ ልማት ፕሮጀክት የአካባቢውን ሥነ-ምህዳር ሳይጎዳ ዘላቂነት ያለው መሆኑን የባለሙያዎች ጥናት ያረጋግጣል። በቀጣይ የውሃ መስመቶቹን ወደ ተራራማው የሰሜን ክፍል ለማስፋፋት የሚያስችል ዕቅድ መኖሩን የማኅበሩ አመራሮች ገልጸዋል።"
summarisation|227#2,summarisation,,agriculture,"ጽሑፉን አንብበሽ ማጠቃለያውን ጻፊ።

Context:
በምስራቅ አረንጓዴ ሜዳ የሚገኘው የሰላም ተስፋ የግብርና ማዕከል በዘመናዊ የውሃ ማጠራቀሚያና የመስኖ ቴክኖሎጂ አጠቃቀም ረገድ አዲስ ስኬት መመዝገቡን አስታውቋል። የዘርፉ ተመራማሪ የሆኑት ወይዘሮ መዓት አሰፋ እንደገለጹት ይህ አዲስ ዘዴ በየዓመቱ የሚባክነውን የውሃ መጠን በ፶ በመቶ ይቀንሳል። በፕሮጀክቱ መሠረት በ፪ ሺህ አሥራ ሁለት ዓመት የተገነቡት ግዙፍ የውሃ ማጠራቀሚያዎች ለ፪ መቶ ሄክታር መሬት አገልግሎት እየሰጡ ይገኛሉ። የፕሮጀክቱ መሪ የሆኑት አቶ ዮናስ በቀለ የውሃ አጠቃቀሙን ለመቆጣጠር የሚያስችል የኮምፒውተር ሥርዓት መዘርጋቱን በዝርዝር አብራርተዋል። በየቀኑ ጠዋት የሚከናወነው የውሃ ስርጭት ሥርዓት በሰዓት ተከፋፍሎ ለአርሶ አደሮች እንዲደርስ ተደርጓል። የግብርናው ማኅበረሰብ አባላት በየሳምንቱ በሚካሄደው የውሃ አጠቃቀም ስብሰባ ላይ ተገኝተው አዳዲስ መረጃዎችን እንዲቀበሉ ተደርጓል። በቅርቡ በተከናወነው የሙከራ ወቅት በ፭ ዓይነት የጥራጥሬ ሰብሎች ላይ የታየው የውሃ አጠቃቀም ውጤታማነት እጅግ ከፍተኛ መሆኑ ተመዝግቧል። የውሃው ምንጭ የሆነው የጥቁር ድንጋይ ወንዝ በየወቅቱ የሚለካ ሲሆን ይህም ለተጨማሪ የውሃ ፍላጎት ዝግጅት እንዲረዳ ተደርጎ ተቀርጿል። የፕሮጀክቱ የበጀት አጠቃቀም በየሦስት ወሩ ለሚመለከተው የክልሉ የግብርና ኮሚሽን ሪፖርት እንዲደረግ ተደንግጓል። አርሶ አደሩ በየቀኑ የሚጠቀመውን የውሃ መጠን በልዩ መሣሪያዎች በመለካት የአፈርን ጤናማነት እንዲጠብቅ ተደርጓል። ይህ የቴክኖሎጂ ሽግግር በአካባቢው ያለውን የውሃ እጥረት ለመቅረፍ ትልቅ ፋይዳ እንዳለው የባለሙያዎች ምክር ቤት ገልጿል። በዘርፉ የተሰማሩ ወጣቶች የውሃ መቆጣጠሪያ መሣሪያዎችን ለመጠቀም ልዩ ሥልጠና እንዲወስዱ ተደርጓል። በአካባቢው የሚገኙት የውሃ መቆጣጠሪያ ጣቢያዎች በፀሐይ ኃይል የሚሰሩ በመሆናቸው የኤሌክትሪክ ወጪን በእጅጉ እንደሚቀንሱ ተገልጿል። በቀጣይ የውሃ መስመቶቹን ወደ ተራራማው የሰሜን ክፍል ለማስፋፋት የሚያስችል ዕቅድ መኖሩን የማኅበሩ አመራሮች ገልጸዋል።"
summarisation|231#0,summarisation,,news,"ጽሑፉን አንብበህ ዋናውን ሐሳብ በሁለት ወይም ሦስት ዓረፍተ ነገሮች ግለጽ።

ጽሑፍ፡ በሰሜን የሀገራችን ክፍል በሚገኘው አዳማ ሸገር ከተማ ውስጥ በታላቁ አቢሲኒያ የትምህርት መርሃ ግብር ስር አዲስ የቴክኖሎጂ ማዕከል ተከፍቷል። ይህ ማዕከል በታዋቂው የዘመናዊ ትምህርት ተሟጋች ድርጅት በገንዘብ ድጋፍ የተገነባ ሲሆን ለዘጠኝ መሠረታዊ የትምህርት ደረጃዎች ተማሪዎች አገልግሎት ይሰጣል። የፕሮጀክቱ መሪ የሆኑት አቶ በቀለ ተክሌ እንደገለጹት ይህ ማዕከል በየዓመቱ አምስት መቶ አዳዲስ ተማሪዎችን በነፃ ለማሰልጠን ታቅዶ የተዘጋጀ ነው። ማዕከሉ ውስጥ ዘመናዊ የኮምፒውተር ክፍሎች እና የሳይንስ ሙከራ ላብራቶሪዎች በከፍተኛ ጥራት ተገንብተው ለተማሪዎች ክፍት እንዲሆኑ ተደርገዋል። በቅርቡ በተካሄደው የምረቃ ሥነ ሥርዓት ላይ የከተማዋ አስተዳዳሪ ወይዘሪት ሳራ አበበ በመገኘት ለተማሪዎቹ የድጋፍ መልዕክት አስተላልፈዋል። ማዕከሉ በጀት ለማሰባሰብ በየሦስት ወሩ ልዩ የገቢ ማሰባሰቢያ ዝግጅቶችን በማዘጋጀት ለተማሪዎች ቁሳቁስ መግዣነት ይጠቀማል። የትምህርት ክፍለ ጊዜው በየቀኑ ከጠዋት ሁለት ሰዓት ጀምሮ እስከ ምሽት ሁለት ሰዓት ድረስ እንዲቀጥል ተደርጓል። ተማሪዎች በሳይበር ደህንነት እና በሶፍትዌር ግንባታ ዙሪያ ሰፊ እውቀት እንዲያገኙ ልዩ ትኩረት ተሰጥቷል። የትምህርት ክፍሉ አስተባባሪ የሆኑት ወይዘሮ መዓት ኃይሌ ማዕከሉ ለከተማዋ ወጣቶች ትልቅ ተስፋ እንደሚሆን አረጋግጠዋል። በአዲሱ ማዕከል ውስጥ የሚሰጡት ትምህርቶች በሙሉ በዘመናዊ የዲጂታል መሣሪያዎች የታገዙ መሆናቸው ተገልጿል። የትምህርት መርጃ መሣሪያዎች በየሳምንቱ ከአዲስ አበባ በሚገኘው የቴክኖሎጂ አቅራቢ ድርጅት በኩል በቋሚነት እንዲቀርቡ ስምምነት ተደርጓል። ተማሪዎች በየፈተናው ከፍተኛ ውጤት የሚያመጡ ሲ ሆነ በየዓመቱ ምርጥ ተማሪዎች የትምህርት ዕድል ይሰጣቸዋል። ይህ የትምህርት ተቋም በክልሉ ውስጥ ያለውን የዲጂታል እውቀት ክፍተት ለመሙላት ትልቅ ሚና ይጫወታል። በአጠቃላይ ማዕከሉ ለወጣቶች የሥራ ዕድል ፈጠራ እና ለሀገራዊ ዕድገት ከፍተኛ አስተዋጽኦ ይኖረዋል።"
summarisation|231#1,summarisation,,news,"የሚከተለውን ምንባብ በአጭሩ አጠቃልል፡

በደቡብ ኢትዮጵያ በምትገኘው የዝንብ ሸለቆ አካባቢ የአርብት የትምህርት ማኅበር አዲስ የቤተ መጻሕፍት ፕሮጀክት በከፍተኛ ስኬት አጠናቅቋል። ይህ ፕሮጀክት በጠቅላላው ሰባት ሚሊዮን ብር ወጪ የተከናወነ ሲሆን በአካባቢው ለሚገኙ አሥር ትምህርት ቤቶች አገልግሎት ይሰጣል። የቤተ መጻሕፍቱ ዋና መሪ የሆኑት ዶክተር ታደሰ ማሞ እንደገለጹት መጽሐፍቱ በሁሉም የትምህርት ደረጃዎች ለሚገኙ ተማሪዎች ተስማሚ ናቸው። ቤተ መጻሕፍቱ ውስጥ ከሃያ ሺህ በላይ የተለያዩ የትምህርት መጽሐፍት እና የታሪክ መዛግብት ተቀምጠዋል። በአካባቢው የሚገኙ መምህራን በቤተ መጻሕፍቱ ውስጥ የሚገኙ አዳዲስ የትምህርት መርጃ መሣሪያዎችን እንዲጠቀሙ ጥሪ ተደርጓል። የፕሮጀክቱ ተሳታፊ የሆኑት የሰላም ኮሚቴ አባላት ቤተ መጻሕፍቱ ለሰላማዊ ትውልድ ግንባታ ያለውን ፋይዳ አጽንኦት ሰጥተውታል። ቤተ መጻሕፍቱ በየቀኑ ከጠዋት ስድስት ሰዓት ጀምሮ እስከ ምሽት አሥር ሰዓት ድረስ ለተማሪዎች ክፍት ነው። ተማሪዎች በነፃ መጽሐፍትን ማበደር እና በቤተ መጻሕፍቱ ውስጥ ተቀምጠው ማጥናት ይችላሉ። የቤተ መጻሕፍቱ ግንባታ ወቅት በበጎ ፈቃደኛ ወጣቶች የጉልበት ሥራ የታገዘ መሆኑ ተገልጿል። በአካባቢው የሚገኙ ወላጆችም ለቤተ መጻሕፍቱ አስፈላጊ የሆኑ የቤት ውስጥ መገልገያዎችን በማበርከት ረገድ ትልቅ ድጋፍ አድርገዋል። የቤተ መጻሕፍቱ አስተዳዳሪ የሆኑት ወይዘሮ ሄለን አሰፋ መጽሐፍቱን ለመጠበቅ የሚያስችል ጥብቅ የደህንነት ሥርዓት መዘርጋቱን ገልጸዋል። በየዓመቱ በቤተ መጻሕፍቱ ስር የንባብ ውድድር እንዲካሄድ እና አሸናፊዎች እንዲሸለሙ ታቅዷል። ይህ አዲስ ተቋም በአካባቢው ያለውን የንባብ ባህል ለማሳደግ ትልቅ አቅም ይኖረዋል። በአጠቃላይ የቤተ መጻሕፍቱ መከፈት ለክልሉ የትምህርት ጥራት መሻሻል ወሳኝ እርምጃ ነው።"
summarisation|235#0,summarisation,,technology,"እባክዎን ይህን ጽሑፍ በአጭሩ ያጠቃልሉ።

Context:
በአሁኑ ጊዜ በኢትዮጵያ ውስጥ የሞባይል ስልኮች አጠቃቀም በከፍተኛ ሁኔታ እየጨመረ በመምጣቱ የቴክኖሎጂ ለውጥ በሰፊው እየታየ ነው። ብዙ ሰዎች ስልኮችን ለተራ የንግግር አገልግሎት ብቻ ሳይሆን ለተለያዩ የዲጂታል ተግባራት መጠቀም ጀምረዋል። በተለይም የሞባይል ገንዘብ አገልግሎቶች በከተሞችና በገጠር አካባቢዎች ለሚገኙ ነዋሪዎች የፋይናንስ ተደራሽነትን ለማስፋት ትልቅ ሚና እየተጫወቱ ነው። ሰዎች በየቀኑ የሚያደርጉትን የገንዘብ ዝውውር በስልካቸው አማካኝነት በቀላሉና በፍጥነት ማከናወን እንዲችሉ ተደርገው ተዘጋጅተዋል። ይህ አዲስ የክፍያ ሥርዓት በንግድ እንቅስቃሴዎች ላይ ከፍተኛ ቅልጥፍናንና ግልጽነትን በማምጣት ረገድ ትልቅ አስተዋጽኦ እያበረከተ ይገኛል። የባንክ አገልግሎት በማይደርስባቸው ራቅ ያሉ አካባቢዎች ውስጥ የሞባይል ገንዘብ መኖር ለነዋሪዎች የዕለት ተዕለት ሕይወት በጣም አስፈላጊ ሆኗል። የዲጂታል ክፍያዎችን መጠቀም ደንበኞች ረጅም ሰልፍ ውስጥ እንዳይቆዩና ጊዜያቸውን እንዲቆጥቡ ትልቅ ዕድል ይሰጣቸዋል። የቴክኖሎጂው እድገት በኢትዮጵያ የኢኮኖሚ ሥርዓት ውስጥ አዳዲስ የክፍያ አማራጮችን በማቅረብ ረገድ ጉልህ ሚና እየተጫወተ ነው። የሞባይል ስልኮች የኢንተርኔት አገልግሎት ማዳረስም ከገንዘብ ዝውውር በተጨማሪ ሌሎች የዲጂታል አገልግሎቶችን ለማግኘት ምቹ ሁኔታን ፈጥሯል። ብዙ ወጣቶች ስልካቸውን በመጠቀም የተለያዩ የንግድ ሥራዎችንና የዲጂታል አገልግሎቶችን በማቅረብ ራሳቸውን እየቻሉ ይገኛሉ። የሞባይል ገንዘብ አገልግሎቶች ደህንነታቸው የተጠበቀ እንዲሆን የሚደረጉ ጥረቶችም በየጊዜው እየተጠናከሩ መጥተዋል። ይህ የቴክኖሎጂ ሽግግር በሀገሪቱ ውስጥ ያለውን የፋይናንስ ተጠቃሚነት ለማሳደግ ትልቅ ተስፋን እየሰጠ ነው። በየአካባቢው የሚገኙ የሞባይል አገልግሎት ሰጪዎችም የቴክኖሎጂውን ጥቅም ለሕዝቡ ለማድረስ ከፍተኛ ጥረት እያደረጉ ነው። በመሆኑም የሞባይል ስልኮችና የዲጂታል ክፍያ ሥርዓቶች ለሀገሪቱ የቴክኖሎጂ እድገት መሰረት ሆነዋል።"
summarisation|239#0,summarisation,,technology,"የሚከተለውን ጽሑፍ አጠቃልል።

Context:
በሰኔ ፲፪ ቀን በታላቁ የዝቅተኛ ኮምፒውተር ማዕከል ውስጥ በታዋቂው የቴክኖሎጂ ባለሙያ አቶ በቀለ ተስፋዬ አማካኝነት አዲስ የኮምፒውተር መሠረታዊ ትምህርት ፕሮግራም ተጀመረ። ይህ ፕሮግራም በዋናነት በዘመናዊ የኮምፒውተር አካላት አጠቃቀም እና በሶፍትዌር መሠረታዊ ዕውቀት ላይ ትኩረት በማድረግ ለ፲፭ ዓመት ዕድሜ ላላቸው ወጣቶች የተዘጋጀ ነው። በፕሮግራሙ መጀመሪያ ላይ ተማሪዎቹ ስለ ማይክሮ ፕሮሰሰር እና ስለ ሲፒዩ ተግባር በዝርዝር መረጃዎችን እንዲያገኙ ተደርጓል። በዝቅተኛው የቴክኖሎጂ ማዕከል ውስጥ የሚገኙ ፳፭ አዳዲስ ኮምፒውተሮች ለተማሪዎቹ ትምህርት እንዲመች ተደርገው በዝግጅት ተቀምጠዋል። የፕሮግራሙ አስተባባሪ የሆነችው ወይዘሪት ሳራ አበበ እንደገለጸችው ተማሪዎቹ ስለ መረጃ ማከማቻ ማለትም ስለ ሃርድ ዲስክ አስፈላጊነት ትልቅ ትምህርት ያገኛሉ። በታላቁ ማዕከል ውስጥ የሚሰጠው ስልጠና በየሳምንቱ አምስት ቀናት ለሦስት ሰዓታት የሚቆይ ሲሆን ተማሪዎቹ በንድፈ ሃሳብ እና በተግባር እንዲማሩ ተደርጓል። በስልጠናው ወቅት ተማሪዎቹ ስለ ሲፒዩ እና ስለ ራም ልዩነት በዝርዝር እንዲረዱ ልዩ ትኩረት ተሰጥቷቸዋል። አቶ በቀለ ተስፋዬ ተማሪዎቹ የኮምፒውተር ቁልፎችን እና የአይኮን አጠቃቀምን በሚገባ እንዲያውቁ አስፈላጊ መመሪያዎችን ሰጥተዋል። በዝግጅቱ ላይ የተሳተፉት ፵ ተማሪዎች ስለ ኮምፒውተር መሠረታዊ ክፍሎች ማለትም ስለ ማዘር ቦርድ አስፈላጊነት ሰምተዋል። የቴክኖሎጂው ማዕከል በዓመት ፭ ሚሊዮን ብር ወጪ በማድረግ ይህንን ዘመናዊ የትምህርት መሣሪያ አሟልቷል። ተማሪዎቹ ስለ ኦፕሬቲንግ ሲስተም መሠረታዊ ተግባራት እና ስለ ፋይል አያያዝ ዘዴዎች ሰፊ ግንዛቤ እንዲያገኙ ተደርጓል። በታላቁ ማዕከል ውስጥ የሚሰጠው ስልጠና ለወደፊት የቴክኖሎጂ ባለሙያዎች መሠረት እንደሚሆን ተገልጿል። በስልጠናው ማጠናቀቂያ ላይ ተማሪዎቹ የኮምፒውተር መሠረታዊ ዕውቀት ፈተና እንዲወስዱ ተደርጓል። ይህ አዲስ ፕሮግራም በከተማዋ ውስጥ ያለውን የቴክኖሎጂ ክፍተት ለመሙላት ትልቅ ተስፋ ሰጪ እርምጃ ነው።"
summarisation|239#1,summarisation,,technology,"የሚከተለውን ጽሑፍ ዋና ዋና ነጥቦች በመያዝ በ2-3 ዓረፍተ ነገሮች አጠቃልል።

ጽሑፍ፡ በሐምሌ ፭ ቀን በታዋቂው የቴክኖሎጂ ተቋም የሆነው አቢሲኒያ ዲጂታል ማዕከል ውስጥ አዲስ የኮምፒውተር መሠረታዊ ዕውቀት ኮርስ በይፋ ተከፈተ። የዚህ ኮርስ ዋና ዓላማ በዘመናዊው ዓለም ውስጥ ኮምፒውተርን እንዴት መጠቀም እንደሚቻል ለ፳ ተማሪዎች በቂ ግንዛቤ መስጠት ነው። በኮርሱ መጀመሪያ ላይ ተማሪዎቹ ስለ ኮምፒውተር አካላት ማለትም ስለ ማይክሮ ፕሮሰሰር እና ስለ ሲፒዩ ተግባር ትልቅ ትምህርት ተሰጥቷቸዋል። የትምህርት ክፍለ ጊዜው በየቀኑ ለሁለት ሰዓታት የሚቆይ ሲሆን ተማሪዎቹ በንድፈ ሃሳብ እና በተግባር እንዲማሩ ተደርጓል። በዲጂታል ማዕከሉ ውስጥ የሚገኙ ፳፪ አዳዲስ ኮምፒውተሮች ለተማሪዎቹ ትምህርት እንዲመች ተደርገው በዝግጅት ተቀምጠዋል። የኮርሱ መሪ የሆነው አቶ ዮናስ ታደሰ ተማሪዎቹ ስለ መረጃ ማከማቻ ማለትም ስለ ሃርድ ዲስክ አስፈላጊነት ትልቅ ትምህርት እንዲያገኙ አድርጓል። በስልጠናው ወቅት ተማሪዎቹ ስለ ሲፒዩ እና ስለ ራም ልዩነት በዝርዝር መረጃዎችን እንዲያገኙ ልዩ ትኩረት ተሰጥቷቸዋል። አቶ ዮናስ ታደሰ ተማሪዎቹ የኮምፒውተር ቁልፎችን እና የአይኮን አጠቃቀምን በሚገባ እንዲያውቁ አስፈላጊ መመሪያዎችን ሰጥተዋል። በኮርሱ ላይ የተሳተፉት ተማሪዎች ስለ ኮምፒውተር መሠረታዊ ክፍሎች ማለትም ስለ ማዘር ቦርድ አስፈላጊነት ሰምተዋል። የቴክኖሎጂው ማዕከል በዓመት ፪ ሚሊዮን ብር ወጪ በማድረግ ይህንን ዘመናዊ የትምህርት መሣሪያ አሟልቷል። ተማሪዎቹ ስለ ኦፕሬቲንግ ሲስተም መሠረታዊ ተግባራት እና ስለ ፋይል አያያዝ ዘዴዎች ሰፊ ግንዛቤ እንዲያገኙ ተደርጓል። በዲጂታል ማዕከሉ ውስጥ የሚሰጠው ስልጠና ለወደፊት የቴክኖሎጂ ባለሙያዎች መሠረት እንደሚሆን ተገልጿል። በኮርሱ ማጠናቀቂያ ላይ ተማሪዎቹ የኮምፒውተር መሠረታዊ ዕውቀት ፈተና እንዲወስዱ ተደርጓል። ይህ አዲስ ፕሮግራም በከተማዋ ውስጥ ያለውን የቴክኖሎጂ ክፍተት ለመሙላት ትልቅ ተስፋ ሰጪ እርምጃ ነው።"
summarisation|239#2,summarisation,,technology,"የጽሑፉን ዋና ሐሳብ በአጭሩ ግለጽ።

Context:
በነሐሴ ፳ ቀን በታዋቂው የቴክኖሎጂ ማሰልጠኛ ማዕከል የሆነው አድማስ ዲጂታል አካዳሚ ውስጥ አዲስ የኮምፒውተር መሠረታዊ ዕውቀት ስልጠና ተጀምሯል። ይህ ስልጠና በዋናነት ስለ ኮምፒውተር አካላት እና ስለ ሶፍትዌር መሠረታዊ አጠቃቀም ለ፲፭ ተማሪዎች እንዲሰጥ ተደርጎ ተዘጋጅቷል። በስልጠናው መጀመሪያ ላይ ተማሪዎቹ ስለ ማይክሮ ፕሮሰሰር እና ስለ ሲፒዩ ተግባር በዝርዝር መረጃዎችን እንዲያገኙ ተደርጓል። በአካዳሚው ውስጥ የሚገኙ ፴ አዳዲስ ኮምፒውተሮች ለተማሪዎቹ ትምህርት እንዲመች ተደርገው በዝግጅት ተቀምጠዋል። የስልጠናው አስተባባሪ የሆነችው ወይዘሮ አልማዝ በቀለ እንደገለጸችው ተማሪዎቹ ስለ መረጃ ማከማቻ ማለትም ስለ ሃርድ ዲስክ አስፈላጊነት ትልቅ ትምህርት ያገኛሉ። በስልጠናው ወቅት ተማሪዎቹ ስለ ሲፒዩ እና ስለ ራም ልዩነት በዝርዝር እንዲረዱ ልዩ ትኩረት ተሰጥቷቸዋል። ወይዘሮ አልማዝ በቀለ ተማሪዎቹ የኮምፒውተር ቁልፎችን እና የአይኮን አጠቃቀምን በሚገባ እንዲያውቁ አስፈላጊ መመሪያዎችን ሰጥተዋል። በስልጠናው ላይ የተሳተፉት ተማሪዎች ስለ ኮምፒውተር መሠረታዊ ክፍሎች ማለትም ስለ ማዘር ቦርድ አስፈላጊነት ሰምተዋል። የአካዳሚው መሥራች የሆነው አቶ ዳዊት ተማሪዎቹ ስለ ኦፕሬቲንግ ሲስተም መሠረታዊ ተግባራት እና ስለ ፋይል አያያዝ ዘዴዎች ሰፊ ግንዛቤ እንዲያገኙ አድርጓል። አካዳሚው በዓመት ፬ ሚሊዮን ብር ወጪ በማድረግ ይህንን ዘመናዊ የትምህርት መሣሪያ አሟልቷል። በስልጠናው ወቅት ተማሪዎቹ ስለ ኮምፒውተር መሠረታዊ ክፍሎች ማለትም ስለ ማዘር ቦርድ አስፈላጊነት ሰምተዋል። በስልጠናው ማጠናቀቂያ ላይ ተማሪዎቹ የኮምፒውተር መሠረታዊ ዕውቀት ፈተና እንዲወስዱ ተደርጓል። ይህ አዲስ ፕሮግራም በከተማዋ ውስጥ ያለውን የቴክኖሎጂ ክፍተት ለመሙላት ትልቅ ተስፋ ሰጪ እርምጃ ነው። በስልጠናው ማጠናቀቂያ ላይ ተማሪዎቹ የኮምፒውተር መሠረታዊ ዕውቀት ፈተና እንዲወስዱ ተደርጓል።"
summarisation|243#0,summarisation,,daily_life,"የጽሑፉን ዋና ሐሳብ በአጭሩ ግለጽ።

Context:
በሰኔ ፲፪ ቀን በታላቁ የአባይ ተፋሰስ አካባቢ በሚገኘው አዲስ ሰንበት ገበያ ውስጥ በዛሬው ዕለት ከፍተኛ የሸቀጣሸቀጥ እንቅስቃሴ ታይቷል። በገበያው ውስጥ የሚገኙ ነጋዴዎች በጠቅላላው አምስት ሚሊዮን ብር የሚያወጡ የተለያዩ የግብርና ምርቶችን ለደንበኞች አቅርበው መሸጣቸውን የገበያ ማዕከሉ አስተዳዳሪ አቶ በቀለ አረጋቴ ገልጸዋል። በገበያው ውስጥ በብዛት የተሸጡት ምርቶች እንደ ድንቅ ጤና ተብለው የሚጠሩ የአትክልትና ፍራፍሬ አይነቶች ሲሆኑ በነጋዴዎች ዘንድ ከፍተኛ ፍላጎት አሳይተዋል። የገበያው አስተዳደር በሰኔ ፲፫ ቀን የሚካሄደውን ትልቅ የዓመት በዓል ዝግጅት ለማጠናቀቅ በቅርብ ቀን ተጨማሪ የንግድ ቦታዎችን እንደሚከፍት አስታውቋል። በገበያው ውስጥ የሚገኙ የንግድ ድርጅቶች እንደ አቢሲኒያ የግብርና ምርቶች ማከፋፈያ ያሉ ትላልቅ ተቋማት በከፍተኛ ሁኔታ እየሰሩ ይገኛሉ። የገበያው ደንበኞች በዋናነት ከራቅ ካሉ መንደሮች የመጡ ሲሆን በየቀኑ ከአንድ ሺህ በላይ ሰዎች ወደ ገበያው እንደሚመጡ ተገልጿል። በገበያው ውስጥ የሚገኙ የደህንነት አባላት በሰላማዊ ሁኔታ ንግዱ እንዲከናወን አስፈላጊውን ጥበቃ እያደረጉ መሆናቸውን የፖሊስ መኮንን አቶ ታደሰ ተናግረዋል። የገበያው ዋጋ መዋቅር በየቀኑ እንደሚለዋወጥ ነገር ግን አሁንም ለተጠቃሚዎች ተመጣጣኝ መሆኑን የንግድ ምክር ቤት ተወካዮች ገልጸዋል። በገበያው ውስጥ የሚገኙ አዳዲስ የንግድ መመሪያዎች ለነጋዴዎች ግልጽ መሆናቸውን የገበያ ኮሚቴው አረጋግጧል። በገበያው ውስጥ የሚገኙ የንግድ ድርጅቶች የጥራት ቁጥጥር ስርዓትን በጥብቅ እየተገበሩ መሆናቸውን የጤና ባለሙያዎች ገልጸዋል። በገበያው ውስጥ የሚገኙ የንግድ ድርጅቶች የደንበኞችን እርካታ ለማረጋገጥ አዳዲስ የአገልግሎት አሰጣጥ ዘዴዎችን እየተጠቀሙ መሆኑ ተመልክቷል። በገበያው ውስጥ የሚገኙ የንግድ ድርጅቶች የገበያውን እንቅስቃሴ ለማሳደግ የተለያዩ የማስታወቂያ ስራዎችን እያከናወኑ መሆኑ ተገልጿል። በገበያው ውስጥ የሚገኙ የንግድ ድርጅቶች የገበያውን ወቅታዊ ሁኔታ ለመከታተል የዲጂታል መረጃ አሰባሰብ ዘዴዎችን እየተጠቀሙ መሆኑ ታውቋል። በገበያው ውስጥ የሚገኙ የንግድ ድርጅቶች የገበያውን እድገት ለማፋጠን ከክልሉ መንግስት ጋር በቅንጅት እየሰሩ መሆኑ ተገልጿል።"
summarisation|243#1,summarisation,,daily_life,"የጽሑፉን ዋና ሐሳብ በአጭሩ ግለጽ።

Context:
በአባይ ከተማ በሚገኘው የብሉ ስካይ የንግድ ማዕከል ውስጥ ትላንት ሰኔ ፲ አምስት ቀን በአዲስ መልክ የተከፈተውን የፋሽን መሸጫ ሱቅ በታላቅ ድምቀት ተከፍቷል። የሱቁ ባለቤት ወይዘሮ አልማዝ አሰፋ በዝግጅቱ ላይ ተገኝተው አዳዲስ የጥበብ ውጤቶች ለገበያ መቅረባቸውን በደስታ ገልጸዋል። በዝግጅቱ ላይ ከሁለት መቶ በላይ ደንበኞች የተገኙ ሲሆን በሱቁ ውስጥ የሚገኙ አልባሳት በከፍተኛ ፍጥነት ለገዢዎች ተሽጠዋል። የሱቁ የፋሽን ዲዛይነሮች በዓመቱ ውስጥ ለሚመጡት አዳዲስ ምርቶች ዝግጅት እያደረጉ መሆናቸውን በዝግጅቱ ላይ ተናግረዋል። በሱቁ ውስጥ የሚሸጡት አልባሳት በሙሉ በሀገር ውስጥ በሚገኙ ጥበብ ሰራተኞች የተሰሩ መሆናቸውን የሱቁ ስራ አስኪያጅ አቶ ዮናስ ተናግረዋል። የፋሽን ማዕከሉ በየሳምንቱ መጨረሻ ልዩ የቅናሽ ፕሮግራሞች እንደሚኖሩት ለደንበኞች ማስታወቂያ አውጥቷል። በሱቁ ውስጥ የሚገኙ የፋሽን ባለሙያዎች ለደንበኞች የተሻለ የአለባበስ ምክር ለመስጠት በቂ ስልጠና ወስደዋል ተብሏል። የሱቁ የገቢ መጠን በመጀመሪያው ቀን ብቻ ከሰላሳ ሺህ ብር በላይ መድረሱን የሂሳብ ክፍል አረጋግጧል። በሱቁ ውስጥ የሚገኙ የፋሽን ዲዛይነሮች ከአዳዲስ የጨርቅ አይነቶች ጋር በመተዋወቅ ለደንበኞች አዳዲስ አማራጮችን እያቀረቡ ነው። በሱቁ ውስጥ የሚገኙ የፋሽን ዲዛይነሮች የደንበኞችን ምርጫ መሰረት በማድረግ አዳዲስ ስብስቦችን እያዘጋጁ መሆናቸውን ገልጸዋል። የሱቁ የፋሽን ዲዛይነሮች የሱቁን ስም ለማሳደግ በሶሻል ሚዲያ ላይ ሰፊ የማስታወቂያ ስራ እየሰሩ መሆኑ ታውቋል። በሱቁ ውስጥ የሚገኙ የፋሽን ዲዛይነሮች የደንበኞችን ፍላጎት ለማወቅ የጥናት ስራዎችን እያደረጉ መሆኑ ተገልጿል። በሱቁ ውስጥ የሚገኙ የፋሽን ዲዛይነሮች የሱቁን የንግድ እንቅስቃሴ ለማሳደግ የተለያዩ የሽያጭ ስልቶችን እየተጠቀሙ መሆኑ ተመልክቷል። በሱቁ ውስጥ የሚገኙ የፋሽን ዲዛይነሮች የደንበኞችን እርካታ ለማረጋገጥ ከፍተኛ ጥረት እያደረጉ መሆናቸውን የሱቁ ሰራተኞች ገልጸዋል።"
summarisation|243#2,summarisation,,daily_life,"የሚከተለውን ጽሑፍ አጠቃልል።

Context:
በሰኔ ፲፰ ቀን በሰላም ከተማ በሚገኘው የብሩህ ተስፋ የግብርና ምርቶች ማከፋፈያ መጋዘን ውስጥ ትልቅ የንብረት ዝውውር ተካሂዷል። በዝውውሩ ወቅት በጠቅላላው ስምንት መቶ ቶን የእህል ምርት ከገበሬዎች ወደ ማከፋፈያ ማዕከሉ መግባቱን የድርጅቱ ስራ አስኪያጅ አቶ ካሳሁን ገልጸዋል። ማከፋፈያው በየሳምንቱ ለሚገኙ አምስት መቶ ገደማ አነስተኛ ገበሬዎች ምርቶቻቸውን እንዲሸጡ ምቹ ሁኔታዎችን ይፈጥራል ተብሏል። በዝውውሩ ወቅት የተሳተፉት የጭነት ተሽከርካሪዎች በሙሉ በድርጅቱ የትራንስፖርት ክፍል የሚመሩ መሆናቸው ተገልጿል። በዝውውሩ ወቅት የተሳተፉት የጭነት ተሽከርካሪዎች በሰላማዊ ሁኔታ ምርቱን ወደ ተለያዩ የከተማ አካባቢዎች እያደረሱ መሆኑ ታውቋል። የማከፋፈያው ድርጅት እንደ ሰላም ግብርና ማህበር ያሉ ትልልቅ ተቋማት በየጊዜው ምርቶችን እንዲያቀርቡ ውል መፈራረሙ ተገልጿል። በዝውውሩ ወቅት የተሳተፉት የጭነት ተሽከርካሪዎች በወቅታዊ የነዳጅ ዋጋ ምክንያት መጠነኛ የዋጋ ለውጥ አሳይተዋል ተብሏል። የማከፋፈያው ድርጅት ምርቶቹ ለደንበኞች በቅናሽ ዋጋ እንዲቀርቡ የሚያደርግ አዲስ መመሪያ ማውጣቱን አረጋግጧል። በዝውውሩ ወቅት የተሳተፉት የጭነት ተሽከርካሪዎች በቂ የደህንነት ጥበቃ እየተደረገላቸው መጓዝ መቻላቸው ተገልጿል። የማከፋፈያው ድርጅት ምርቶቹን በዲጂታል መንገድ ለመመዝገብ አዲስ የኮምፒውተር ስርዓት መዘርጋቱን ገልጿል። በዝውውሩ ወቅት የተሳተፉት የጭነት ተሽከርካሪዎች በየቀኑ የሚከናወኑትን የጭነት መጠን በሪፖርት የሚያሳውቁ መሆናቸው ተገልጿል። የማከፋፈያው ድርጅት ምርቶቹን ለተጠቃሚዎች በፍትሃዊነት ለማከፋፈል ከፍተኛ ጥረት እያደረገ መሆኑ ታውቋል። በዝውውሩ ወቅት የተሳተፉት የጭነት ተሽከርካሪዎች በየቀኑ የሚከናወኑትን የጭነት መጠን በሪፖርት የሚያሳውቁ መሆናቸው ተገልጿል። የማከፋፈያው ድርጅት ምርቶቹን ለተጠቃሚዎች በፍትሃዊነት ለማከፋፈል ከፍተኛ ጥረት እያደረገ መሆኑ ታውቋል።"
summarisation|247#0,summarisation,,history,"የሚከተለውን ምንባብ በአጭሩ አጠቃልል፡

በአክሱም ስልጣኔ ዘመን የነበረው የዘንበላ ከተማ የንግድ ማዕከል በታላቁ አበበ ጌታቸው መሪነት በታላቅ ድምቀት ላይ እንደነበረ አዲስ ጥናት ያሳያል። በ፪፻፵፭ ዓመተ ምህረት የተገኘው ይህ ሰነድ በወቅቱ የነበረውን የንግድ እንቅስቃሴ በዝርዝር የሚያስረዳ ሲሆን በከተማዋ ውስጥ የነበሩትን የንግድ ድርጅቶችም ይዘረዝራል። የዘንበላ የንግድ ማኅበር በወቅቱ ከሚገኝበት የሰባት ወር የንግድ መስመር ጋር በመገናኘት በዓመት ፭፻ ሺህ ወርቅ ብር ይገበያይ እንደነበር መረጃው ያሳያል። በከተማዋ ውስጥ የሚገኙት የድንጋይ ግንባታ ባለሙያዎች በሰለሞን ተክሌ መሪነት የሰፉና ጠንካራ የሆኑ የመንግሥት ሕንፃዎችን በታላቅ ጥንካሬ ሲገነቡ ነበር። በወቅቱ የነበረው የንግድ መዝገብ እንደሚያሳየው በከተማዋ ውስጥ ከ፲፬ ሺህ በላይ የንግድ ነጋዴዎች በየቀኑ በሰፊው ይገበያዩ ነበር። የዘንበላ ከተማ የንግድ ማዕከል በወቅቱ በነበረው የባሕር ንግድ ምክንያት በዓለም አቀፍ ደረጃ ትልቅ ተቀባይነትን አግኝቶ ነበር። በከተማዋ ውስጥ የሚገኙት የጥበብ ሰዎች በሰለሞን ተክሌ መሪነት የተለያዩ የጌጣጌጥ ውጤቶችን በከፍተኛ ጥራትና ውበት ይሠሩ ነበር። በ፪፻፵፭ ዓመተ ምህረት የተገኘው ይህ አዲስ መረጃ ስለ አክሱም የንግድ ሥርዓት ያለንን እውቀት በከፍተኛ ደረጃ ያሳድገዋል። የዘንበላ የንግድ ማኅበር በወቅቱ የነበረውን የገንዘብ ዝውውር ለመቆጣጠር የሚያስችል ጠንካራ የሕግ ሥርዓት በከተማዋ ውስጥ ነበረው። በከተማዋ ውስጥ የሚገኙት የግብር ሰብሳቢዎች በታላቁ አበበ ጌታቸው መሪነት በታማኝነትና በሥርዓት ሥራቸውን ሲያከናውኑ ነበር። የዘንበላ ከተማ የንግድ እንቅስቃሴ በወቅቱ በነበረው የባሕር ንግድ ምክንያት በዓለም አቀፍ ደረጃ ትልቅ ተቀባይነትን አግኝቶ ነበር። በከተማዋ ውስጥ የሚገኙት የጥበብ ሰዎች በሰለሞን ተክሌ መሪነት የተለያዩ የጌጣጌጥ ውጤቶችን በከፍተኛ ጥራትና ውበት ይሠሩ ነበር። በ፪፻፵፭ ዓመተ ምህረት የተገኘው ይህ አዲስ መረጃ ስለ አክሱም የንግድ ሥርዓት ያለንን እውቀት በከፍተኛ ደረጃ ያሳድገዋል። የዘንበላ የንግድ ማኅበር በወቅቱ የነበረውን የገንዘብ ዝውውር ለመቆጣጠር የሚያስችል ጠንካራ የሕግ ሥርዓት በከተማዋ ውስጥ ነበረው።"
summarisation|247#1,summarisation,,history,"የሚከተለውን ጽሑፍ አጠቃልል።

Context:
በአክሱም ግዛት ውስጥ የነበረው የሰለሞን ተክሌ የግብርና ማኅበር በ፪፻፵፭ ዓመተ ምህረት በታላቅ ስኬት የግብርና ምርትን ማሳደግ ችሏል። በወቅቱ በነበረው የሰባት ወር የዝናብ ወቅት አማካኝነት በከተማዋ አካባቢ የሚገኙት የእርሻ ማሳዎች በከፍተኛ ሁኔታ አዝመራ አፍርተዋል። በሰለሞን ተክሌ መሪነት የተመሠረተው ይህ ማኅበር በዓመት ፪ ሚሊዮን ኪሎ ግራም እህል ለሕዝቡ እንዲደርስ ከፍተኛ ጥረት አድርጓል። በወቅቱ የነበረው የግብርና ባለሙያ ቡድን በታላቁ አበበ ጌታቸው መሪነት አዳዲስ የውሃ ማቆያ ዘዴዎችን በከተማዋ አካባቢ ተግባራዊ አድርጓል። በከተማዋ ውስጥ የሚገኙት የእርሻ አራሾች በወቅቱ በነበረው የግብርና ሥርዓት አማካኝነት በከፍተኛ ሁኔታ ምርታማ መሆን ችለዋል። በ፪፻፵፭ ዓመተ ምህረት የተገኘው መረጃ እንደሚያሳየው በወቅቱ የነበረው የሰብል ምርት ከቀደሙት ዓመታት በ፪ እጥፍ ይበልጥ ነበር። የሰለሞን ተክሌ ማኅበር በወቅቱ የነበረውን የግብርና መሣሪያዎች አቅርቦት በታላቅ ሥርዓትና ጥራት ሲያስተዳድር ነበር። በከተማዋ ውስጥ የሚገኙት የግብርና ባለሙያዎች በሰለሞን ተክሌ መሪነት አዳዲስ የዘር ዓይነቶችን ለገበሬዎች በማቅረብ ረገድ ትልቅ ሚና ተጫውተዋል። በወቅቱ የነበረው የግብርና ምርት በከተማዋ ውስጥ ለሚገኙት ነጋዴዎች ትልቅ የንግድ ዕድል ፈጥሮላቸዋል። በከተማዋ ውስጥ የሚገኙት የእርሻ አራሾች በታላቁ አበበ ጌታቸው መሪነት በሥርዓትና በታማኝነት ሥራቸውን ሲያከናውኑ ነበር። የሰለሞን ተክሌ ማኅበር በወቅቱ የነበረውን የግብርና ምርት ለማከማቸት የሚያስችል ትልቅ መጋዘን በከተማዋ ውስጥ ገንብቷል። በ፪፻፵፭ ዓመተ ምህረት የተገኘው ይህ መረጃ ስለ አክሱም የግብርና ሥርዓት ያለንን እውቀት በከፍተኛ ደረጃ ያሳድገዋል። በከተማዋ ውስጥ የሚገኙት የግብርና ባለሙያዎች በሰለሞን ተክሌ መሪነት አዳዲስ የውሃ ማቆያ ዘዴዎችን በከተማዋ አካባቢ ተግባራዊ አድርገዋል። በወቅቱ የነበረው የሰብል ምርት በከተማዋ ውስጥ ለሚገኙት ነጋዴዎች ትልቅ የንግድ ዕድል ፈጥሮላቸዋል። በከተማዋ ውስጥ የሚገኙት የእርሻ አራሾች በታላቁ አበበ ጌታቸው መሪነት በሥርዓትና በታማኝነት ሥራቸውን ሲያከናውኑ ነበር።"
summarisation|247#2,summarisation,,history,"ጽሑፉን አንብበሽ ማጠቃለያውን ጻፊ።

Context:
በአክሱም ሥልጣኔ ዘመን የነበረው የሰለሞን ተክሌ የጥበብ ማዕከል በ፪፻፵፭ ዓመተ ምህረት በታላቅ ክብርና ድምቀት ተመዝግቧል። በከተማዋ ውስጥ የሚገኙት የጥበብ ሰዎች በሰለሞን ተክሌ መሪነት የተለያዩ የሥዕልና የቅርጻ ቅርጽ ሥራዎችን በከፍተኛ ጥራት ይሠሩ ነበር። በወቅቱ የነበረው የጥበብ ማኅበር በዓመት ፪፻ ሺህ የጥበብ ውጤቶችን ለንግድና ለጌጣጌጥ አገልግሎት እንዲውሉ አዘጋጅቷል። በከተማዋ ውስጥ የሚገኙት የጥበብ ባለሙያዎች በታላቁ አበበ ጌታቸው መሪነት የተለያዩ የድንጋይ ቅርጻ ቅርጽ ሥራዎችን በከፍተኛ ጥንካሬ ይሠሩ ነበር። በ፪፻፵፭ ዓመተ ምህረት የተገኘው መረጃ እንደሚያሳየው በወቅቱ የነበረው የጥበብ እንቅስቃሴ በዓለም አቀፍ ደረጃ ትልቅ እውቅና አግኝቶ ነበር። የሰለሞን ተክሌ ማዕከል በወቅቱ የነበረውን የጥበብ ውጤቶች ለማከማቸት የሚያስችል ትልቅ የጥበብ ሙዚየም በከተማዋ ውስጥ ገንብቷል። በከተማዋ ውስጥ የሚገኙት የጥበብ ባለሙያዎች በሰለሞን ተክሌ መሪነት የተለያዩ የጌጣጌጥ ውጤቶችን በከፍተኛ ጥራትና ውበት ይሠሩ ነበር። በወቅቱ የነበረው የጥበብ ማኅበር በታላቁ አበበ ጌታቸው መሪነት የጥበብ ውጤቶችን ለንግድ ዓላማ እንዲውሉ በሥርዓት ያቀናጅ ነበር። በከተማዋ ውስጥ የሚገኙት የጥበብ ሰዎች በ፪፻፵፭ ዓመተ ምህረት በታላቅ ድምቀት የጥበብ ትርኢት አቅርበው ነበር። የሰለሞን ተክሌ ማዕከል በወቅቱ የነበረውን የጥበብ ውጤቶች ለማከማቸት የሚያስችል ትልቅ የጥበብ ሙዚየም በከተማዋ ውስጥ ገንብቷል። በከተማዋ ውስጥ የሚገኙት የጥበብ ባለሙያዎች በሰለሞን ተክሌ መሪነት የተለያዩ የድንጋይ ቅርጻ ቅርጽ ሥራዎችን በከፍተኛ ጥንካሬ ይሠሩ ነበር። በወቅቱ የነበረው የጥበብ እንቅስቃሴ በዓለም አቀፍ ደረጃ ትልቅ እውቅና አግኝቶ ነበር። በ፪፻፵፭ ዓመተ ምህረት የተገኘው መረጃ እንደሚያሳየው በወቅቱ የነበረው የጥበብ እንቅስቃሴ በዓለም አቀፍ ደረጃ ትልቅ እውቅና አግኝቶ ነበር። በከተማዋ ውስጥ የሚገኙት የጥበብ ሰዎች በሰለሞን ተክሌ መሪነት የተለያዩ የጌጣጌጥ ውጤቶችን በከፍተኛ ጥራትና ውበት ይሠሩ ነበር። በወቅቱ የነበረው የጥበብ ማኅበር በታላቁ አበበ ጌታቸው መሪነት የጥበብ ውጤቶችን ለንግድ ዓላማ እንዲውሉ በሥርዓት ያቀናጅ ነበር።"
summarisation|255#0,summarisation,,health,"እባክዎን ይህን ጽሑፍ በአጭሩ ያጠቃልሉ።

Context:
በሰኔ ፲፪ ቀን በታላቁ አባይ ሸለቆ ውስጥ በሚገኘው ዞማ ከተማ ውስጥ በድንገት በደረሰ የውሃ መበከል ምክንያት በ፲፭ ሰዎች ላይ ከፍተኛ የጤና ችግር ተከስቷል። የዞማ የጤና መምሪያ ዶክተር አበበ በቀለ እንደገለጹት በከተማዋ ውስጥ የሚገኙት የውሃ ማጠራቀሚያዎች በቆሻሻ መበከል ምክንያት ለህብረተሰቡ አደገኛ ደረጃ ላይ ደርሰዋል። የከተማዋ ነዋሪዎች በየቀኑ የሚጠቀሙባቸው የውሃ ጉድጓዶች ከፍሳሽ ማስወገጃ መስመሮች ጋር በጣም ተቀራርበው መገኘታቸው ለችግሩ ዋነኛ መንስኤ መሆኑን ተነግሯል። የዞማ የንፅህና ጥበቃ ድርጅት በከተማዋ ውስጥ ለሚገኙ ፪፻ ሰዎች የንፅህና መጠበቂያ ቁሳቁሶችን በነፃ ማከፋፈል መጀመሩን በይፋ አስታውቋል። በከተማዋ ውስጥ የሚገኙ የጤና ጣቢያዎች በቁሳቁስ እጥረት ምክንያት ለሚመጡ ታካሚዎች ተገቢውን እንክብካቤ ለመስጠት እየታገሉ መሆኑንም የጤና ባለሙያዎች ገልጸዋል። የከተማዋ አስተዳደር በነገው ቀን ከሰዓት በኋላ በከተማው መሃል ላይ ለሚገኘው ህዝብ የንፅህና ግንዛቤ ማስጨበጫ ትልቅ ስልጠና ለመስጠት አቅዷል። በስልጠናው ላይ ስለ እጅ መታጠብ እና ስለ ውሃ አፍልቶ መጠቀም አስፈላጊነት ለ፶፬ ሰዓታት የሚቆይ ዝርዝር ትምህርት ይሰጣል። የዞማ የጤና መምሪያ በከተማዋ ውስጥ ያሉ የፍሳሽ ማስወገጃ ቦዮች በሙሉ እንዲታረሙና እንዲጸዱ ትልቅ ትዕዛዝ ሰጥቷል። የከተማዋ ነዋሪዎች በየቤታቸው ውስጥ የሚገኙ የቆሻሻ መጣያዎችን በየቀኑ እንዲያስወግዱና አካባቢያቸውን እንዲጠብቁ ጥብቅ ጥሪ ተደርጓል። በቅርቡ በሚከናወነው የጤና ምርመራ መሰረት በከተማዋ ውስጥ የሆድ ህመም ተጋላጭነት በ፲፪ በመቶ መጨመሩ ተረጋግጧል። የዞማ የጤና ባለሙያዎች በየሰፈሩ እየዞሩ ለቤተሰቦች ስለ ንፅህና አጠባበቅ አስፈላጊ መመሪያዎችን በየቀኑ እየሰጡ ይገኛሉ። የከተማዋ የውሃ አቅርቦት ተቋም የውሃ ማጣሪያ ማሽኖቹን በሙሉ እንዲያርሙና እንዲጠግኑ ትልቅ በጀት መድቧል። በሰኔ ፲፭ ቀን የሚካሄደው የንፅህና ዘመቻ በከተማዋ ውስጥ ያሉ ሁሉንም የህዝብ ተቋማት እንዲያካትት ተደርጓል። የዞማ ከተማ ነዋሪዎች በጋራ በመሆን አካባቢያቸውን ንፁህ በማድረግ ለጤናማ ህይወት መሰረት መጣል እንዳለባቸው ተመክሯል።"
summarisation|255#1,summarisation,,health,"የሚከተለውን ጽሑፍ ዋና ዋና ነጥቦች ብቻ በመያዝ አጭር አድርገህ ግለጽ።

Context:
በአባይ ሸለቆ አቅራቢያ በሚገኘው የብሉ ሸለቆ መንደር ውስጥ በሰኔ ፭ ቀን በደረሰ የጽዳት ጉድለት ምክንያት የቆዳ በሽታ ተጋላጭነት ጨምሯል። የብሉ ሸለቆ የጤና ማዕከል ኃላፊ ወይዘሮ ማርታ በቀለ እንደገለጹት በሰፈሩ ውስጥ የሚገኙት የቆሻሻ መጣያ ቦታዎች በአግባቡ አለመያዛቸው ለችግሩ ምክንያት ሆኗል። መንደሩ ውስጥ የሚገኙ ፪፻ ፶ አባወራዎች በየቤታቸው ውስጥ የቆሻሻ አወጋገድ ስርዓትን እንዲዘረጉ የጤና ባለሙያዎች መመሪያ ሰጥተዋል። በሰፈሩ ውስጥ የሚገኙ የህፃናት ማቆያ ተቋማት በንፅህና አጠባበቅ ረገድ ከፍተኛ ክፍተት እንዳለባቸው የጤና ባለሙያዎች በሪፖርት አቅርበዋል። የብሉ ሸለቆ የልማት ኮሚቴ በሰኔ ፰ ቀን ከሰዓት በኋላ በሰፈሩ ውስጥ የጅምላ የጽዳት ዘመቻ ለመጀመር ወስኗል። በዚህ ዘመቻ ላይ ፻፳ ወጣት በበጎ ፈቃደኝነት በመሳተፍ መንደሩን በሙሉ እንዲያጸዱ ተዘጋጅተዋል። የጤና ባለሙያዎች ለነዋሪዎች ስለ ቆዳ ጤንነት እና ስለ ልብስ አጠባበቅ አስፈላጊነት በየቤቱ እየዞሩ ትምህርት እየሰጡ ነው። በሰፈሩ ውስጥ የሚገኙ የውሃ ጉድጓዶች በየሳምንቱ በኬሚካል እንዲጸዱ የጤና ማዕከሉ አዲስ መመሪያ አውጥቷል። የብሉ ሸለቆ ነዋሪዎች በየቀኑ እጃቸውን በሳሙና መታጠብ እንዳለባቸው እና ንፁህ ልብስ መልበስ እንዳለባቸው ተመክረዋል። በቅርቡ በተደረገ ጥናት መሰረት በሰፈሩ ውስጥ የቆዳ በሽታ ተጋላጭነት በ፪፬ በመቶ መጨመሩ ተረጋግጧል። የጤና ማዕከሉ በሰኔ ፲ ቀን ለሚካሄደው የጤና ምርመራ በቂ መድኃኒት እና የቆዳ ቅባቶችን ማቅረቡን አረጋግጧል። የሰፈሩ አስተዳደር በቆሻሻ አወጋገድ ላይ ጥብቅ ቁጥጥር ለማድረግ የ፲ ሰራተኞችን ቡድን መድቧል። የብሉ ሸለቆ ነዋሪዎች በጋራ በመስራት መንደራቸውን ከበሽታ ለመጠበቅ ጥረት ማድረግ እንዳለባቸው ተገልጿል። የጤና ባለሙያዎች በየሳምንቱ መጨረሻ የንፅህና ሁኔታውን ለመገምገም ወደ መንደሩ እንደሚመለሱ ገልጸዋል።"
summarisation|259#0,summarisation,,science,"ጽሑፉን አንብበሽ ማጠቃለያውን ጻፊ።

Context:
በኢትዮጵያ ከፍተኛ የዝናብ መጠን በሚገኝባቸው ደቡባዊ አካባቢዎች የሚገኙ ጥቅጥቅ ያሉ ደኖች ለተፈጥሮ ሚዛን መጠበቅ ትልቅ ሚና ይጫወታሉ። እነዚህ ተክሎች ከፀሐይ ብርሃን የሚገኘውን ኃይል በመጠቀም በውስጣቸው ምግብ የማዘጋጀት ሂደት በሳይንሳዊ መንገድ ፎቶሲንተሲስ ይባላል። የፎቶሲንተሲስ ሂደት እንዲከናወን ተክሎች ከአየር ውስጥ ካርቦን ዳይኦክሳይድን እና ከሥር በኩል ከማንኛውም አፈር ውስጥ ውኃን መሳብ አለባቸው። በቅጠሎች ውስጥ የሚገኘው አረንጓዴ ቀለም ወይም ክሎሮፊል የፀሐይ ብርሃንን ለመ absorbs ለማድረግ በጣም አስፈላጊ የሆነ ተፈጥሯዊ አካል ነው። ይህ ሂደት ተክሎች ለዕድገታቸው የሚያስፈልጋቸውን ግሉኮዝ የተባለውን ስኳር እንዲያመርቱ በማድረግ ረገድ ወሳኝ የሆነ ተግባር ነው። በሂደቱ ወቅት ተክሎች ወደ አየር ውስጥ ኦክስጅንን በመልቀቅ ለሰው ልጆች እና ለሌሎች እንስሳት መተንፈሻ እንዲሆን ያደርጋሉ። በኢትዮጵያ ውስጥ የሚገኙ የቡና እና የጤፍ ተክሎች ይህንን የፎቶሲንተሲስ ሂደት በከፍተኛ ሁኔታ በመጠቀም እንዲያድጉ ይረዳቸዋል። የፀሐይ ብርሃን መጠን ሲቀንስ ወይም ደመና ሲበዛ የፎቶሲንተሲስ ፍጥነት መቀነሱን ሳይንቲስቶች በተደጋጋሚ ያረጋግጣሉ። ተክሎች የሚሰሩት ምግብ ለሌሎች በሕይወት ያሉ ፍጥረታት ሁሉ መሰረታዊ የሆነ የኃይል ምንጭ ሆኖ ያገለግላል። የአፈር እርጥበት እና የአየር ንብረት ሁኔታዎች በፎቶሲንተሲስ ሂደት ላይ ቀጥተኛ ተጽዕኖ የሚያሳድሩ ተፈጥሯዊ ሁኔታዎች ናቸው። በፎቶሲንተሲስ አማካኝነት የሚመረተው ኦክስጅን በኢትዮጵያ ውስጥ ባሉ ደኖች ውስጥ በብዛት ይገኛል። ተክሎች ካርቦን ዳይኦክሳይድን በመ absorbs በማድረግ የአየር ንብረቱ መዛባትን ለመቀነስ ትልቅ አስተዋጽኦ ያደርጋሉ። የፎቶሲንተሲስ ሂደት ሳይሳካ ከተረፈ በምድር ላይ ያለ ማንኛውም ሕይወት በቀላሉ ሊጠፋ እንደሚችል መረዳት ይቻላል። ስለዚህ ተክሎችን መንከባከብ እና ደኖችን መጠበቅ ለሰው ልጅ ህልውና እጅግ አስፈላጊ የሆነ ተግባር ነው።"
summarisation|259#1,summarisation,,science,"ይህን ጽሑፍ በአጭሩ አጠቃልልልኝ።

በኢትዮጵያ ከፍተኛ ቦታዎች ላይ የሚገኙ የእንጨት ተክሎች ለተለያዩ የሥነ-ሕይወት ሂደቶች መሠረት በመሆናቸው ትልቅ ትኩረት ሊሰጣቸው ይገባል። እነዚህ ተክሎች በፎቶሲንተሲስ ሂደት አማካኝነት ከፀሐይ ብርሃን የሚገኘውን ኃይል ወደ ኬሚካላዊ ኃይል የመቀየር ልዩ ችሎታ አላቸው። በቅጠላቸው ውስጥ የሚገኘው ክሎሮፊል የተባለው ንጥረ ነገር የፀሐይ ጨረሮችን በመ absorbs በማድረግ ሂደቱን ይጀምራል። ካርቦን ዳይኦክሳይድ ከከባቢ አየር ውስጥ ወደ ቅጠሉ ውስጥ ሲገባ ከውኃ ጋር በመቀላቀል ስኳር እንዲፈጠር ያደርጋል። ይህ የተፈጠረው ስኳር ለተክሉ አካል እድገት እና ለተለያዩ የሕይወት ተግባራት መሰረታዊ ምግብ ሆኖ ያገለግላል። በሂደቱ መጨረሻ ላይ የሚፈጠረው ኦክስጅን በኢትዮጵያ ደኖች ውስጥ ለሚኖሩ እንስሳት መተንፈሻ እንዲሆን ይለቀቃል። የፎቶሲንተሲስ ፍጥነት እንደ አካባቢው ሙቀት እና እንደ ብርሃን መጠን ሊለያይ እንደሚችል ተመራማሪዎች ይናገራሉ። በኢትዮጵያ ውስጥ የሚገኙ የጥላማ ተክሎች በከፍተኛ የፀሐይ ብርሃን ወቅት ራሳቸውን ለመጠበቅ የተለያዩ ዘዴዎችን ይጠቀማሉ። ተክሎች ውኃን ከሥራቸው ወደ ቅጠላቸው የሚያደርሱት በውስጣቸው ባሉ ጥቃቅን የውኃ መሸኛ ቱቦዎች አማካኝነት ነው። የፎቶሲንተሲስ ሂደት የአፈርን ለምነት እና የአየርን ጥራት ለመጠበቅ ከፍተኛ የሆነ ተፈጥሯዊ ሚና ይጫወታል። በፎቶሲንተሲስ አማካኝነት የሚመረተው ኃይል በምግብ ሰንሰለት ውስጥ ወደ ሁሉም ፍጥረታት እንዲሸጋገር ይደረጋል። ተክሎች ካርቦን ዳይኦክሳይድን በመ absorbs በማድረግ የአየር ንብረቱ እንዲረጋጋ ትልቅ ድጋፍ ያደርጋሉ። የፎቶሲንተሲስ ሂደትን በትክክል ለመረዳት የፀሐይ ብርሃን እና የውኃ አስፈላጊነትን ማወቅ በጣም አስፈላጊ ነው። ተክሎች ለምግብ ምንጭ ብቻ ሳይሆኑ ለኦክስጅን ምንጭ መሆናቸው ለሰው ልጅ ህልውና ወሳኝ ነው።"
summarisation|263#0,summarisation,,science,"ይህ ጽሑፍ ምን እንደሚናገር በአጭሩ አስረዳ።

Context:
በሰኔ ፲፪ ቀን በሰሜን ኢትዮጵያ በሚገኘው አዲሱ ዘመናዊ የጥናት ማዕከል ውስጥ በኬሚስት አበበ በቀለ የተመራ ቡድን አዲስ ግኝት አገኘ። ይህ ቡድን በባህላዊ መንገድ የምንጠቀምባቸውን የጥጥ ማጽጃ አሲዶች እንዴት በቤታችን ውስጥ በደህንነት መጠቀም እንደምንችል በጥልቀት አጥንቷል። በምርምር ውጤቱ መሰረት በቤት ውስጥ የሚገኙ እንደ ሎሚ እና ኮምጣጤ ያሉ ነገሮች ለተወሰኑ የጨርቅ እድገቶች በጣም ጠቃሚ መሆናቸውን አረጋግጠዋል። የጥናቱ ተሳታፊ የነበረችው ወጣት ተማሪ ሰላም ተሰማ የነበረው የኬሚስትሪ ውጤት ለወደፊቱ የቤት ውስጥ ጽዳት አሰራር ትልቅ ለውጥ እንደሚያመጣ ገልጻለች። በምርምሩ ወቅት በሰባት የተለያዩ የቤት ውስጥ ንጥረ ነገሮች ላይ ለሁለት ወራት ያህል ተከታታይነት ያለው ሙከራ ተካሂዷል። የጥናቱ ውጤት እንደሚያሳየው እነዚህ ንጥረ ነገሮች በከፍተኛ መጠን ባልተጠበቀ ሁኔታ ሲቀላቀሉ ለቆዳ መቆጣት ምክንያት ሊሆኑ ይችላሉ። ስለዚህ ማንኛውም ሰው እነዚህን ነገሮች ሲጠቀም በቂ የአየር ዝውውር ባለበት ቦታ መሆን እንዳለበት የጥናቱ መሪ አበበ አሳስበዋል። በምርምር ማዕከሉ የላብራቶሪ ኃላፊ የሆኑት ዶክተር ታደሰ ከለላ በዝርዝር ሲያስረዱ የኬሚካል ውህዶች በሰውነታችን ላይ ያላቸውን ተጽዕኖ ማወቅ አስፈላጊ መሆኑን ገልጸዋል። በዝግጅቱ ላይ የተሳተፉ ፵ አምስት ሳይንቲስቶች በጋራ በመሆን የኬሚካል ሚዛንን ለመጠበቅ የሚያስችሉ አዳዲስ መመሪያዎችን አዘጋጅተዋል። ይህ አዲስ መመሪያ በቤታችን ውስጥ ያሉትን አደገኛ የጽዳት ውህዶች እንዴት መለየት እንደምንችል በዝርዝር ያሳያል። በክልሉ የሚገኙ የቤት ውስጥ እመቤቶች ይህንን መረጃ ተረድተው በንቃት እንዲጠቀሙበት የጤና ባለሙያዎች ጥሪ አቅርበዋል። በቅርቡ በከተማዋ በሚገኘው ትልቅ አዳራሽ ውስጥ ለህዝቡ በሰፊው ለማስተዋወቅ ታቅዶ የነበረ ቢሆንም አሁን ግን በሬዲዮ በኩል መተላለፍ ተጀምሯል። የኬሚስትሪ እውቀት በዕለት ተዕለት ሕይወታችን ውስጥ ያለውን አደጋ ለመቀነስ ትልቅ ሚና እንደሚጫወት ተገልጿል። በመጨረሻም የጥናቱ ውጤት በሁሉም የቤተሰብ አባላት ዘንድ እንዲደርስ ልዩ ጥረት እንደሚደረግ ተነግሯል።"
summarisation|263#1,summarisation,,science,"የሚከተለውን ጽሑፍ አጠቃልል።

Context:
በጥቅምት ፭ ቀን በደቡብ ኢትዮጵያ በሚገኘው የዘመናዊ ግብርና ማዕከል ውስጥ በኬሚስት ርዕሰ መምህር ማሚሬት አሰፋ የተመራ ቡድን አዲስ ግኝት አገኘ። ይህ ቡድን በቤት ውስጥ ለምግብ ዝግጅት የምንጠቀምባቸውን ጨው እና ስኳር አጠቃቀም በኬሚስትሪ እይታ በጥልቀት አጥንቷል። በምርምሩ ወቅት በ፳ አምስት የተለያዩ የቤት ውስጥ ምግቦች ላይ ለሦስት ወራት ያህል ተከታታይነት ያለው ሙከራ ተካሂዷል። በምርምር ውጤቱ መሰረት በከፍተኛ መጠን የሚወሰዱ ጨው እና ስኳር ውህዶች በሰውነታችን ውስጥ ያለውን የውሃ መጠን እንዴት እንደሚቀንሱ አረጋግጠዋል። የጥናቱ ተሳታፊ የነበረችው ወጣት ተማሪ ሄለን በቀለ የኬሚስትሪው ውጤት ለጤናማ አመጋገብ አሰራር ትልቅ ለውጥ እንደሚያመጣ ገልጻለች። በምርምሩ ወቅት በ፲ አምስት የተለያዩ የኬሚካል ንጥረ ነገሮች ላይ ለረጅም ጊዜ ያህል ተከታታይነት ያለው ሙከራ ተካሂዷል። የጥናቱ ውጤት እንደሚያሳየው እነዚህ ንጥረ ነገሮች በከፍተኛ መጠን ባልተጠበቀ ሁኔታ ሲቀላቀሉ ለጤና መታወክ ምክንያት ሊሆኑ ይችላሉ። ስለዚህ ማንኛውም ሰው እነዚህን ነገሮች ሲጠቀም በቂ የአየር ዝውውር ባለበት ቦታ መሆን እንዳለበት የጥናቱ መሪ አሰፋ አሳስበዋል። በምርምር ማዕከሉ የላብራቶሪ ኃላፊ የሆኑት ዶክተር ዮናስ ከለላ በዝርዝር ሲያስረዱ የኬሚካል ውህዶች በሰውነታችን ላይ ያላቸውን ተጽዕኖ ማወቅ አስፈላጊ መሆኑን ገልጸዋል። በዝግጅቱ ላይ የተሳተፉ ፳ ሳይንቲስቶች በጋራ በመሆን የኬሚካል ሚዛንን ለመጠበቅ የሚያስችሉ አዳዲስ መመሪያዎችን አዘጋጅተዋል። ይህ አዲስ መመሪያ በቤታችን ውስጥ ያሉትን አደገኛ የኬሚካል ውህዶች እንዴት መለየት እንደምንችል በዝርዝር ያሳያል። በክልሉ የሚገኙ የጤና ባለሙያዎች ይህንን መረጃ ተረድተው በንቃት እንዲጠቀሙበት ጥሪ አቅርበዋል። በቅርቡ በከተማዋ በሚገኘው ትልቅ አዳራሽ ውስጥ ለህዝቡ በሰፊው ለማስተዋወቅ ታቅዶ የነበረ ቢሆንም አሁን ግን በቴሌቪዥን መተላለፍ ተጀምሯል። የኬሚስትሪ እውቀት በዕለት ተዕለት ሕይወታችን ውስጥ ያለውን አደጋ ለመቀነስ ትልቅ ሚና እንደሚጫወት ተገልጿል። በመጨረሻም የጥናቱ ውጤት በሁሉም የቤተሰብ አባላት ዘንድ እንዲደርስ ልዩ ጥረት እንደሚደረግ ተነግሯል።"
summarisation|263#2,summarisation,,science,"ይህ ጽሑፍ ምን እንደሚናገር በአጭሩ አስረዳ።

Context:
በጥር ፳ ቀን በምስራቅ ኢትዮጵያ በሚገኘው የሳይንስ ማዕከል ውስጥ በኬሚስት ዶክተር ቴዲ አሰፋ የተመራ ቡድን አዲስ ግኝት አገኘ። ይህ ቡድን በቤት ውስጥ ለጽዳት የምንጠቀምባቸውን የተለያዩ ፈሳሾች እና አቧራ ያላቸውን ንጥረ ነገሮች በጥልቀት አጥንቷል። በምርምር ውጤቱ መሰረት በቤት ውስጥ የሚገኙ እንደ ሶፕ እና ሎሽን ያሉ ነገሮች እንዴት እንደሚቀላቀሉ በጥልቀት አረጋግጠዋል። የጥናቱ ተሳታፊ የነበረችው ወጣት ተማሪ ሳራ መለሰ የኬሚስትሪው ውጤት ለደህንነቱ የተጠበቀ ቤት አሰራር ትልቅ ለውጥ እንደሚያመጣ ገልጻለች። በምርምሩ ወቅት በ፲ ሁለት የተለያዩ የቤት ውስጥ ንጥረ ነገሮች ላይ ለአራት ወራት ያህል ተከታታይነት ያለው ሙከራ ተካሂዷል። የጥናቱ ውጤት እንደሚያሳየው እነዚህ ንጥረ ነገሮች በከፍተኛ መጠን ባልተጠበቀ ሁኔታ ሲቀላቀሉ ለከፍተኛ ጋዝ መፈጠር ምክንያት ሊሆኑ ይችላሉ። ስለዚህ ማንኛውም ሰው እነዚህን ነገሮች ሲጠቀም በቂ የአየር ዝውውር ባለበት ቦታ መሆን እንዳለበት የጥናቱ መሪ አሰፋ አሳስበዋል። በምርምር ማዕከሉ የላብራቶሪ ኃላፊ የሆኑት ዶክተር ጌታቸው ከለላ በዝርዝር ሲያስረዱ የኬሚካል ውህዶች በሰውነታችን ላይ ያላቸውን ተጽዕኖ ማወቅ አስፈላጊ መሆኑን ገልጸዋል። በዝግጅቱ ላይ የተሳተፉ ፴ አምስት ሳይንቲስቶች በጋራ በመሆን የኬሚካል ሚዛንን ለመጠበቅ የሚያስችሉ አዳዲስ መመሪያዎችን አዘጋጅተዋል። ይህ አዲስ መመሪያ በቤታችን ውስጥ ያሉትን አደገኛ የጽዳት ውህዶች እንዴት መለየት እንደምንችል በዝርዝር ያሳያል። በክልሉ የሚገኙ የቤት ውስጥ እመቤቶች ይህንን መረጃ ተረድተው በንቃት እንዲጠቀሙበት የጤና ባለሙያዎች ጥሪ አቅርበዋል። በቅርቡ በከተማዋ በሚገኘው ትልቅ አዳራሽ ውስጥ ለህዝቡ በሰፊው ለማስተዋወቅ ታቅዶ የነበረ ቢሆንም አሁን ግን በጋዜጣ መተላለፍ ተጀምሯል። የኬሚስትሪ እውቀት በዕለት ተዕለት ሕይወታችን ውስጥ ያለውን አደጋ ለመቀነስ ትልቅ ሚና እንደሚጫወት ተገልጿል። በመጨረሻም የጥናቱ ውጤት በሁሉም የቤተሰብ አባላት ዘንድ እንዲደርስ ልዩ ጥረት እንደሚደረግ ተነግሯል።"
summarisation|267#0,summarisation,,agriculture,"ይህ ጽሑፍ ምን እንደሚናገር በአጭሩ አስረዳ።

Context:
በኢትዮጵያ ገጠር ለሚገኙ አርሶ አደሮች ከእንስሳት እርባታ የሚገኘው ገቢ ለቤተሰብ መሰረታዊ ፍላጎቶች መሟላት እጅግ አስፈላጊ የሆነ የኢኮኖሚ ምንጭ ነው። ከብቶች በሰፊው የሚገኙ ሲሆን የእነዚህ እንስሳት ጤናማነት በቤተሰቡ የኑሮ ደረጃ ላይ ቀጥተኛ ተጽዕኖ ስለሚያሳድር ጥንቃቄ የተሞላበት እንክብካቤ ያስፈልጋቸዋል። የእንስሳትን አመጋገብ በተመለከተ ጥራታቸው የተጠበቀ አረንጓዴ መኖ እና በቂ ውሃ በየቀኑ ማቅረብ ለጤናማ እድገታቸው መሰረት ነው። በደረቅ ወቅት የሚከሰተውን የመኖ እጥረት ለመከላከል የተለያዩ የደረቅ መኖ አዘገጃጀት ዘዴዎችን መጠቀም ለእንስሳት ጥንካሬ ይረዳል። የእንስሳት መኖሪያ አካባቢ ንጽህናን መጠበቅ ለበሽታዎች መከላከያነት ከፍተኛ ሚና ስለሚጫወት በየቀኑ ማጽዳትና ማደስ ይገባል። በቤት ውስጥ የሚገኙ የእንስሳት መኖሪያዎች በቂ አየር እንዲያገኙና ከእርጥበት እንዲጠበቁ ተደርገው መገንባት አለባቸው። ለበሽታ መከላከያነት የእንስሳትን ክትባት በወቅቱ መስጠትና የጤና ባለሙያዎችን ምክር መከተል በጣም አስፈላጊ ነው። በወቅታዊ ክትባቶች አማካኝነት ተላላፊ በሽታዎችን በመከላከል የከብቶችን ሞት በከፍተኛ ሁኔታ መቀነስ ይቻላል። እንስሳት ለሚታዩባቸው ምልክቶች ማለትም ለምግብ ፍላጎት መቀነስ ወይም ለዝግታ ትኩረት መስጠት ለፈጣን ህክምና ይረዳል። የፓራሳይት ወይም የትል በሽታን ለመከላከል በየጊዜው የትል መድኃኒት መስጠት ለእንስሳቱ እድገት ወሳኝ ነው። የጎመን እና የጥራጥሬ ውጤቶችን ማጣመር ለከብቶች የፕሮቲን ፍላጎት መሟላት ትልቅ አስተዋጽኦ ያደርጋል። የእንስሳትን የሰውነት ሙቀት እና የትንፋሽ ሁኔታ መከታተል ለድንገተኛ ህክምና መዘጋጃነት ያገለግላል። በየወቅቱ የሚደረጉ የጤና ምርመራዎች እንስሳቱ በሙሉ ጤና እንዲቆዩ በማድረግ የገቢ ምንጭ እንዳይቀንስ ያደርጋሉ። በአጠቃላይ የእንስሳት እንክብካቤ ጥበብንና ሳይንስን በማጣመር መተግበር ለገበሬው ስኬት ዋስትና ነው።"
summarisation|267#1,summarisation,,agriculture,"ከዚህ በታች ያለውን ጽሑፍ በ2-3 ዓረፍተ ነገሮች አጠቃልለው።

Context:
በአሳማ እርባታ ወቅት የሚታዩ ተግዳሮቶችን ለመቀነስ እና ምርታማነትን ለመጨመር የተለያዩ የአመራር ዘዴዎችን መከተል እጅግ አስፈላጊ ነው። አሳማዎች በተፈጥሮ ጠንካራ ቢሆኑም ለተወሰኑ የጤና እክሎች ተጋላጭ መሆናቸውን መዘንጋት የለብንም። የእንስሳቱን አመጋገብ በተመለከተ የተለያዩ የቅጠላቅጠል አይነቶችን እና የተመጣጠነ መኖ ማቅረብ ለሰውነት ጥንካሬያቸው ይረዳል። በየቀኑ ንጹህ ውሃ ማቅረብ ለአሳማዎች የሰውነት ፈሳሽ መጠን እንዲጠበቅ እና ለጤናማ ስራ እንዲበቁ ያደርጋቸዋል። የእንስሳቱ መኖሪያ በቂ ብርሃንና አየር እንዲኖረው በማድረግ ለተለያዩ የቆዳ በሽታዎች እንዳይጋለጡ ማድረግ ይቻላል። መኖሪያው ሁልጊዜ ደረቅ እና ንጹህ መሆኑን ማረጋገጥ ለእንስሳቱ ምቾት እና ለጤናቸው ትልቅ ፋይዳ አለው። አሳማዎች ለተለያዩ የውስጥ አካላት ህመም ሊጋለጡ ስለሚችሉ የባህሪያቸውን ለውጥ በንቃት መከታተል ያስፈልጋል። ለምሳሌ ምግብ የመመገብ ፍላጎት መቀነስ ወይም ለብቻ መገለል የጤና እክን ምልክት ሊሆን ይችላል። የትል በሽታን ለመከላከል በየጊዜው የሚሰጡ መድኃኒቶች የአሳማዎችን እድገት እና የመራባት አቅም ያሻሽላሉ። በወቅቱ የሚደረጉ የክትባት ስራዎች ተላላፊ በሽታዎች በቡድን ደረጃ እንዳይሰራጩ ከፍተኛ ጥበቃ ያደርጋሉ። የእንስሳቱን የሰውነት ክብደት እና የቆዳ ሁኔታ መከታተል ለጤናማነታቸው መኖራቸውን ለማረጋገጥ ይረዳል። በዝናብ ወቅት የእንስሳቱ መኖሪያ ከእርጥበት እና ከጭቃ መከላከል ለጤናቸው ወሳኝ የሆነ ተግባር ነው። የአሳማዎችን የመራባት አቅም ለማሳደግ በቂ አመጋገብ እና የጤና ክትትል ማድረግ የግድ ይላል። በእንስሳት እንክብካቤ ላይ መሰረት ያደረገ ስልጠና ለገበሬዎች መስጠት ግንዛቤን ለማሳደግ ይረዳል። በአጠቃላይ አሳማዎችን በአግባቡ መንከባከብ ለገበሬው ተጨማሪ የገቢ ምንጭ እና የኑሮ መሻሻልን ያመጣል።"
summarisation|271#0,summarisation,,news,"ይህ ጽሑፍ ምን እንደሚናገር በአጭሩ አስረዳ።

Context:
በሰሜን ኢትዮጵያ በሚገኘው የዝቅተኛ ኮረብታማ አካባቢ በምትገኘው አባይ ሸለቆ የንግድ ማዕከል ውስጥ ትልቅ የገበያ ለውጥ መከሰቱን የንግድ ማኅበሩ ቃል አትራፊ አቶ በቀለ ተማሰኝ ሰኞ ዕለት በሰጠው መግለጫ ገልጿል። ይህ ድንገተኛ የዋጋ መናር በዋናነት በባህላዊ የሸቀጣሸቀጥ ትስስር ላይ የተመሰረቱ አዳዲስ የንግድ ድርጅቶች በከተማዋ ውስጥ በብዛት መታየታቸውንና ይህም የገበያውን ሚዛን መዛባቱን ያሳያል። የከተማዋ የንግድ ምክር ቤት ሰብሳቢ የሆኑት ወይዘሮ አልማዝ አሰፋ እንደገለጹት ባለፈው ሳምንት ብቻ የጥራጥሬ ምርቶች ዋጋ በአማካይ በሃያ አምስት በመቶ መጨመሩ ለተጠቃሚዎች ትልቅ ችግር ፈጥሯል። በከተማዋ የሚገኙ አዳዲስ የፋብሪካ ባለቤቶች በከፍተኛ የካፒታል ፍሰት ምክንያት የቤትና የመሬት ኪራይ ዋጋ እንዲጨምር ማድረጋቸውም በንግድ እንቅስቃሴው ላይ ከፍተኛ ተጽዕኖ እያሳደረ ይገኛል። የንግድ ማኅበሩ የፋይናንስ አማካሪ የሆኑት አቶ ታደሰ ከበደ በሰጡት ትንታኔ መሰረት በከተማዋ ያለው የገንዘብ ዝውውር መጠን ካለፈው ዓመት ተመሳሳይ ወቅት ጋር ሲነጻጸር በሰላሳ በመቶ ጭማሪ አሳይቷል። ይህ ከፍተኛ የገንዘብ እንቅስቃሴ በከተማዋ የንግድ መሠረተ ልማት ላይ ከፍተኛ ጫና እየፈጠረ መሆኑንና መንግሥት አፋጣኝ መፍትሔ እንዲያገኝ ጥሪ ያቀርባሉ። በከተማዋ የሚገኙ የባንክ ተቋማት ለንግድ ድርጅቶች የሚሰጡትን ብድር መጠን በከፍተኛ ሁኔታ ማሳደጋቸውም አዳዲስ ኢንቨስትመንቶች እንዲፈጠሩ በር ከፍቷል። ሆኖም ግን የዋጋ መናሩ በሸማቾች የመግዛት አቅም ላይ ከፍተኛ ጉዳት እያደረሰ መሆኑን የንግድ ማኅበሩ አባላት በጋራ በሰጡት መግለጫ አሳስበዋል። የከተማዋ የንግድ ማዕከል አስተዳደር በበኩሉ የዋጋ ቁጥጥር ሥርዓቱን ለማጠናከርና የገበያውን መረጋጋት ለመመለስ አዳዲስ መመሪያዎችን ማውጣቱን ለሕዝቡ አስታውቋል። በቅርቡ በሚካሄደው የንግድ ኤክስፖዚሽን ላይ አዳዲስ የንግድ ስምምነቶች እንደሚደረጉና ይህም ለከተማዋ ኢኮኖሚ አዲስ ተስፋ እንደሚሰጥ ተገልጿል። የንግድ ማኅበሩ አባላት በጋራ በመሆን የገበያውን ሁኔታ ለመከታተልና ለሚፈጠሩ ችግሮች መፍትሔ ለመፈለግ የጋራ ኮሚቴ ማቋቋማቸውን አረጋግጠዋል። በመጨረሻም የከተማዋ የንግድ ማኅበረሰብ በጋራ በመሥራት የኢኮኖሚ መረጋጋትን ለማምጣት ቁርጠኛ መሆኑን በሰፊው አሳውቀዋል።"
summarisation|271#1,summarisation,,news,"ይህ ጽሑፍ ምን እንደሚናገር በአጭሩ አስረዳ።

Context:
በምስራቅ ኢትዮጵያ በሚገኘው የዓባይ ሸለቆ ዳርቻ በሚገኘው የሰማይ ኮረብታ ከተማ ውስጥ አዲስ የኢንዱስትሪ ፓርክ መከፈቱን የኢንዱስትሪና ምርት ሚኒስቴር ተወካይ አቶ ዮናስ ተክሌ ዛሬ በሰጡት መግለጫ አረጋግጠዋል። ይህ አዲስ የኢንዱስትሪ ፓርክ በከተማዋ ውስጥ የሚገኙ ከሃምሳ በላይ አዳዲስ የፋብሪካ ድርጅቶች እንዲመሰረቱና በሺዎች የሚቆጠሩ የሥራ ዕድሎች እንዲፈጠሩ የሚያደርግ ትልቅ ፕሮጀክት ነው። የፓርኩ ግንባታ ለሦስት ዓመታት ሲከናወን የቆየ ሲሆን በአጠቃላይ በአራት መቶ ሚሊዮን ብር የሚገመት ኢንቨስትመንት በዘርፉ መዋከሩን የፕሮጀክቱ መሃንዲስ አቶ ዳዊት በቀለ ገልጸዋል። የፓርኩ ዋና ዓላማ በአካባቢው የሚገኙ የግብርና ምርቶችን ወደ ኢንዱስትሪ ውጤቶች በመቀየር ለሀገር ውስጥና ለውጭ ገበያ ማቅረብ መሆኑን የሥራ አስኪያጁ ወይዘሮ ሳባ ኃይሌ ገልጸዋል። በፓርኩ ውስጥ የሚሰሩ ድርጅቶች በየዓመቱ በአማካይ በሃምሳ ሚሊዮን ብር የሚገመት ምርት ለገበያ ማቅረብ እንደሚችሉ የኢኮኖሚ ባለሙያው አቶ አበበ ከበደ ተንብየዋል። ይህ አዲስ የኢንዱስትሪ እንቅስቃሴ በከተማዋ የኑሮ ውድነት ላይ የሚያሳድረውን ተጽዕኖ ለመገምገም የከተማዋ አስተዳደር የጥናት ቡድን ማቋቋሙን አስታውቋል። የከተማዋ ነዋሪ የሆኑት አቶ ጌታቸው ተስፋዬ በፓርኩ መከፈት ምክንያት ለቤተሰቦቻቸው አዲስ የሥራ ዕድል ስለመገኘቱ ያላቸውን ከፍተኛ ደስታ በሰፊው ገልጸዋል። ሆኖም ግን የፓርኩ መከፈት የአካባቢውን የመሬት ዋጋ በከፍተኛ ሁኔታ እንዲጨምር ማድረጉ በከተማዋ ነዋሪዎች ላይ የቤት ኪራይ ጫና እየፈጠረ መሆኑን ተጠቁሟል። የኢንዱስትሪ ፓርኩ አስተዳደር ለከተማዋ ነዋሪዎች ቅድሚያ የሚሰጣቸው የሥራ ዕድል እንዲኖርና የአካባቢውን ተፈጥሮአዊ ሚዛን ለመጠበቅ ጥረት እንደሚያደርጉ ቃል ገብቷል። በፓርኩ ውስጥ የሚገነቡት የመሠረተ ልማት ግንባታዎች ለከተማዋ የኤሌክትሪክና የውኃ አቅርቦት መሻሻል ትልቅ አስተዋጽኦ እንደሚኖራቸው ተገልጿል። የንግድ ምክር ቤቱ ተወካዮች አዳዲስ ኢንቨስተሮች ወደ ከተማዋ እንዲመጡ የሚያበረታታ የግብር ማበረታቻ ሥርዓት መዘርጋቱን አረጋግጠዋል። የፓርኩ መመረቅ ለከተማዋ የኢኮኖሚ ዕድገት አዲስ ምዕራፍ እንደሚከፍትና የንግድ እንቅስቃሴውን እንደሚያቀላጥፈው ተገምቷል። በመጨረሻም የፓርኩ መመረቅ በከተማዋ የንግድ እንቅስቃሴ ላይ የሚያመጣውን ለውጥ ለመከታተል የጋራ የክትትል ሥርዓት እንደሚዘረጋ ተገልጿል።"
summarisation|271#2,summarisation,,news,"ይህ ጽሑፍ ምን እንደሚናገር በአጭሩ አስረዳ።

Context:
በደቡብ ኢትዮጵያ በሚገኘው የጥቁር አባይ ተፋሰስ አካባቢ የሚገኙ የቡና አምራች ማኅበሩ አባላት የቡና ምርት ዋጋ በዓለም አቀፍ ገበያ ላይ መጨመሩን ተከትሎ ትልቅ የገቢ ዕድል ማግኘታቸውን ገለጹ። የቡና አምራቾች ማኅበር ፕሬዝዳንት የሆኑት አቶ ቴዎድሮስ ማሞን እንደገለጹት ባለፈው ወር ብቻ የቡና ሽያጭ ገቢያቸው በሰማንያ በመቶ ጭማሪ አሳይቷል። ይህ የዋጋ ጭማሪ በክልሉ ለሚገኙ በሺዎች የሚቆጠሩ አነስተኛ አምራቾች የኑሮ ደረጃ እንዲሻሻልና አዳዲስ የግብርና መሣሪያዎችን እንዲገዙ ዕድል ሰጥቷቸዋል። በክልሉ የሚገኙ የቡና ላኪዎች ማኅበር ተወካይ ወይዘሮ መዓት አሰፋ በሽያጭ ወቅት የታየው ከፍተኛ ፍላጎት ለክልሉ የውጭ ምንዛሬ ግኝት ትልቅ አስተዋጽኦ እያደረገ መሆኑን ገልጻለች። በዘንድሮው የቡና ምርት ወቅት በአካባቢው የተመረተው ምርት በሁለት መቶ ቶን ከሃምሳ ኪሎ ግራም ጭማሪ ማሳየቱን የግብርና ባለሙያው አቶ ካሳሁን በቀለ ተናግረዋል። ይህ የምርት ጭማሪ በዘመናዊ የግብርና ዘዴዎችና በተሻሻሉ የዘር ዓይነቶች ምክንያት የተገኘ መሆኑን የግብርና ባለሙያው አረጋግጠዋል። ሆኖም ግን የቡና ዋጋ መጨመር በአካባቢው የሸቀጣሸቀጥ ዋጋ ላይ ከፍተኛ የዋጋ ግሽበት እንዲፈጠር ምክንያት እየሆነ መሆኑን የኢኮኖሚ ባለሙያዎች አስጠንቅቀዋል። የከተማዋ ነዋሪ የሆኑት አቶ ዮናስ በቀለ የቡና ዋጋ መጨመር በገበያው ላይ ያሉ የሌሎች ምርቶች ዋጋ እንዲጨምር ማድረጉን በሰፊው ገልጸዋል። የክልሉ የግብርና ቢሮ የቡና አምራቾች ምርታቸውን በጥራት እንዲያቀርቡና ዓለም አቀፍ ደረጃውን የጠበቀ ምርት እንዲያመርቱ ሥልጠና እየሰጠ መሆኑን አስታውቋል። አዳዲስ የቡና ማቀነባበሪያ ፋብሪካዎች በክልሉ ውስጥ እንዲከፈቱና የሀገር ውስጥ እሴት መጨመር እንዲቻል ማበረታቻ እንደሚሰጥ ተገልጿል። የቡና አምራቾች ማኅበሩ አባላት ምርታቸውን ለውጭ ገበያ በሚያቀርቡበት ወቅት የሚገኘውን ትርፍ ለተሻሻለ የግብርና መሠረተ ልማት እንዲያውሉት ጥሪ ቀርቧል። በክልሉ የሚገኙ የፋይናንስ ተቋማት ለአምራቾቹ የሚሰጡትን የብድር መጠን በማሳደግ ምርታማነታቸውን እንዲጨምሩ ድጋፍ እያደረጉ መሆኑ ተገልጿል። በመጨረሻም የቡና ምርት ዘርፉ ለክልሉ ኢኮኖሚ መነቃቃት ወሳኝ ሚና መጫወቱንና ለወደፊቱም ትልቅ ተስፋ እንደሚሰጥ ተገልጿል።"
summarisation|279#0,summarisation,,technology,"የጽሑፉን ዋና ሐሳብ በአጭሩ ግለጽ።

Context:
በኢትዮጵያ ውስጥ ያለው የፀሐይ ብርሃን አቅም ለሀገሪቱ የኤሌክትሪክ ፍላጎት መሟላት እጅግ በጣም ከፍተኛ የሆነ ተስፋን የሚሰጥ ትልቅ የኢነርጂ ምንጭ ነው። በየዓመቱ የሚመጣው ከፍተኛ የፀሐይ ጨረር ለገበሬዎችና ለኢንዱስትሪዎች ዘላቂ የሆነ የኃይል አቅርቦት ለማቅረብ በቂ የሆነ አቅም እንዲኖረው ያደርጋል። አነስተኛ የፀሐይ ፓነሎችን በመጠቀም በገጠር አካባቢዎች ለሚገኙ ቤተሰቦች መሠረታዊ የኤሌክትሪክ አገልግሎት ማቅረብ በአሁኑ ወቅት ትልቅ ትኩረት እየተሰጠው ያለ ጉዳይ ነው። እነዚህ የፀሐይ ኃይል መሣሪያዎች በኤሌክትሪክ መስመር ያልደረሱ የ remote አካባቢዎችን ለማበልጸግና የኑሮ ደረጃን ለማሻሻል ትልቅ ሚና ይጫወታሉ። የፀሐይ ኃይል ቴክኖሎጂን መጠቀም በአየር ንብረት ለውጥ ምክንያት የሚመጡ ተጽዕኖዎችን ለመቀነስና የአካባቢ ብክለትን ለመከላከልም እጅግ በጣም አስፈላጊ ነው። መንግሥትና የግል ባለሀብቶች በዘርፉ ላይ ኢንቨስት በማድረግ የቴክኖሎጂ ሽግግር እንዲፋጠንና የዋጋ ተመጣጣኝነት እንዲኖር ከፍተኛ ጥረት እያደረጉ ነው። በፀሐይ ኃይል አማካኝነት የሚመነጨው ኤሌክትሪክ ለትምህርት ቤቶችና ለጤና ጣቢያዎች አስተማማኝ የኃይል ምንጭ በመሆን አገልግሎታቸውን እንዲያሻሽሉ ይረዳቸዋል። የፀሐይ ኃይል ማመንጫ ጣቢያዎችን መገንባት በሀገሪቱ ውስጥ ያለውን የኃይል እጥረት ለመቅረፍና የኢኮኖሚ ዕድገትን ለማፋጠን ወሳኝ እርምጃ ነው። የፀሐይ ብርሃንን ወደ ኤሌክትሪክ ለመቀየር የሚያገለግሉ የቴክኖሎጂ ውጤቶች በየጊዜው እየተሻሻሉና ዋጋቸውም እየቀነሰ መምጣቱ ለዘርፉ ዕድገት ይረዳል። በየክልሉ የሚገኙ የፀሐይ ብርሃን ተጠቃሚነትን ለማስፋት የሚያስችሉ የሥልጠና ፕሮግራሞች ለቴክኒክ ባለሙያዎች በስፋት እየተሰጡ ይገኛሉ። የፀሐይ ኃይል አጠቃቀም በኢትዮጵያ ውስጥ ለሚገኙ አነስተኛ የንግድ ተቋማት የሥራ ዕድል ፈጠራንና ምርታማነትን ለማሳደግ ከፍተኛ አስተዋጽኦ ይኖረዋል። የፀሐይ ኃይል መሠረተ ልማትን ማጠናከር ለቀጣይ ትውልድ የሚተርፍና ለአካባቢ ተስማሚ የሆነ የኃይል አቅርቦት ሥርዓት ለመገንባት ይረዳል። በአጠቃላይ የፀሐይ ኃይል አጠቃቀም በኢትዮጵያ የኢነርጂ ዘርፍ ውስጥ ያለውን ክፍተት ለመሙላትና ዘላቂ ልማድን ለማረጋገጥ ቁልፍ መሣሪያ ነው።"
summarisation|279#1,summarisation,,technology,"የጽሑፉን ዋና ሐሳብ በአጭሩ ግለጽ።

Context:
የፀሐይ ኃይል ቴክኖሎጂን በኢትዮጵያ የገጠር አካባቢዎች ውስጥ ተግባራዊ ማድረግ ለሀገሪቱ የልማት ስትራቴጂ ትልቅ ድጋፍ የሚሰጥ ተግባር ነው። በፀሐይ ብርሃን አማካኝነት የሚመነጨው ኃይል ለግብርና ምርታማነትን ለማሳደግና ዘመናዊ የመስኖ ዘዴዎችን ለመጠቀም ትልቅ ዕድል ይፈጥራል። የፀሐይ ፓነሎችና ባትሪዎች በኤሌክትሪክ መስመር የማይደርሱ ገጠራማ መንደሮችን ከጨለማ በማውጣት የሰዎችን የዕለት ተዕለት እንቅስቃሴ ያቀላጥፋሉ። የፀሐይ ኃይልን መጠቀም የአየር ብክለትን በመቀነስና የተፈጥሮ ሀብቶችን በመጠበቅ ረገድ ለሀገሪቱ የአካባቢ ጥበቃ ስራ ትልቅ አስተዋጽኦ ያደርጋል። በዘርፉ ላይ የሚሰሩ የቴክኒክ ባለሙያዎች የፀሐይ መሣሪያዎችን የመገጣጠም፣ የመጠገንና የመቆጣጠር ክህሎታቸውን በማሳደግ የሥራ ዕድል እየፈጠሩ ነው። የፀሐይ ኃይል ማመንጫዎች ለመገንባት የሚያስፈልገው ቦታና መሠረተ ልማት በኢትዮጵያ ውስጥ በብዛት የሚገኝ በመሆኑ ትርፋማነቱ ከፍተኛ ነው። የፀሐይ ኃይል አጠቃቀምን ለማስፋፋት የሚያስችሉ የፋይናንስ አቅርቦቶችና የብድር አማራጮች ለተጠቃሚዎች እንዲቀርቡ ማድረግ ያስፈልጋል። የፀሐይ ኃይል ቴክኖሎጂን መጠቀም ለትናንሽ የንግድ ሥራዎችና ለእንስሳት እርባታ መሣሪያዎች የኃይል አቅርቦት ለማግኘት በጣም አመቺ ነው። በፀሐይ ኃይል የሚሰሩ የብርሃን መሣሪያዎችና የቴሌቪዥን አገልግሎቶች በገጠር ለሚገኙ ተማሪዎች የትምህርት ዕድልን ያሰፋሉ። የፀሐይ ኃይል ማመንጫዎችን የመገንባት ሂደት በሀገር ውስጥ የቴክኖሎጂ አቅምን ለማሳደግና የውጭ ጥገኝነትን ለመቀነስ ይረዳል። የፀሐይ ኃይል መሠረተ ልማት ግንባታ በኢትዮጵያ ውስጥ ያለውን የኢነርጂ ዋስትና ለማረጋገጥና ለኢንዱስትሪዎች የኃይል አቅርቦትን ለመጠበቅ ይረዳል። የፀሐይ ኃይል አጠቃቀምን በተመለከተ ያሉ የቴክኒክና የሥራ ማስኬጃ ችግሮችን ለመፍታት የሥልጠና ስልቶች መዘርጋት እጅግ በጣም አስፈላጊ ነው። የፀሐይ ኃይልን እንደ ዋና የኃይል ምንጭ መጠቀም ለሀገሪቱ የኢኮኖሚ ነፃነትና ለዘላቂ ልማት ትልቅ መሠረት ነው።"
summarisation|283#0,summarisation,,daily_life,"የጽሑፉን ዋና ሐሳብ በአጭሩ ግለጽ።

Context:
አንድ ትልቅ ቤተሰብ በየቀኑ ጠዋት በጋራ ቁርስ እየተመገቡ ስለሚቀጥለው ቀን ስራቸውንና ትምህርታቸውን በዝርዝር ያቅዳሉ። እናትየው ለልጆቿ የተመጣጠነ ምግብ በማዘጋጀት ለቀኑ ስራ የሚያስፈልጋቸውን ጉልበት እንዲያገኙ ትልቅ ትኩረት ትሰጣለች። አባትየው ደግሞ በቤተሰቡ ውስጥ ያለውን ሰላምና መግባባት ለመጠበቅ እንዲሁም የልጆቹን የትምህርት ውጤት ለመከታተል ከፍተኛ ጥረት ያደርጋል። ወንድማማቾቹ በትምህርት ቤት ውስጥ የሚያጋጥሟቸውን ተግዳሮቶች በቤት ውስጥ በሚያደርጉት ውይይት አማካኝነት በጋራ ለመፍታት ይሞክራሉ። እህታቸው ደግሞ በቤተሰቡ ውስጥ ያለውን ፍቅርና መተሳሰብ ለማጠናከር የተለያዩ የቤት ውስጥ ስራዎችን በፈቃደኝነት ትወጣለች። በሳምንት መጨረሻ ቤተሰቡ አብሮ ጊዜ ለማሳለፍ ወደ ተፈጥሮ ቅርብ ወደሆኑ ቦታዎች በመሄድ የአየር ንብረቱን ለመደሰት ይሞክራሉ። እነዚህ የቤተሰብ አባላት እርስ በእርስ መረዳትና መከባበር ለቤታቸው ደስታ መሰረት መሆኑን በየቀኑ በተግባር ያሳያሉ። በቤቱ ውስጥ የሚታየው መተሳሰብ ልጆቹ ለወደፊት ማህበራዊ ህይወታቸው ጠንካራ መሰረት እንዲኖራቸው ትልቅ አስተዋጽኦ ያደርጋል። አባቶችና እናቶች ለልጆቻቸው የሚሰጡት ምክር በህይወታቸው ውስጥ የሚያጋጥሟቸውን መሰናክሎች እንዲያልፉ ብርታት ይሰጣቸዋል። የቤተሰቡ አባላት እርስ በእርስ የሚሰነዝሩት ቀልድና ሳቅ በቤቱ ውስጥ ዘወትር ደስ የሚል ድባብ እንዲኖር ያደርጋል። በቤተሰቡ ውስጥ የሚኖር ግልጽነትና እውነተኛነት አባላቱ ችግሮችን ሳይደብቁ በነፃነት እንዲወያዩ ትልቅ እድል ይሰጣቸዋል። እያንዳንዱ የቤተሰብ አባል የራሱ የሆነ ኃላፊነት እንዳለበትና ለቤተሰቡ ስኬት መስራት እንዳለበት በደንብ ይገነዘባል። በቤተሰቡ ውስጥ የሚኖር የገንዘብ አያያዝ ስርዓትም ለወደፊት መረጋጋት እንዲኖር በጋራ በመመካከር የሚወሰን ነው። ይህ የቤተሰብ አብሮነትና መተሳሰብ በህይወታቸው ውስጥ ካሉ ትልቁ ስኬቶች አንዱ ተደርጎ ይቆጠራል።"
summarisation|287#0,summarisation,,daily_life,"ለዚህ ጽሑፍ አጭር ማጠቃለያ ጻፍ።

Context:
በሰሜን አውራጃ ውስጥ በሚገኘው ታላቁ የዘንድሮው የብርሃን በዓል በታላቅ ድምቀትና በደስታ ተከብቦ ትላንት ከሰዓት በኋላ በታላቁ ማዕዘን አደባባይ ተጀምሯል። በበዓሉ ላይ ተገኝተው ንግግር ያደረጉት የከተማው አስተዳዳሪ አቶ በቀለ ተስፋዬ በበዓሉ መክፈቻ ላይ ለህዝቡ የሰጡት መልዕክት በጣም አነቃቂና ለወደፊት አንድነት የሚያበስር ነበር። በበዓሉ መርሃ ግብር ላይ ከሃምሳ በላይ የሚሆኑ የተለያዩ የባህል ቡድኖች በባህላዊ አልባሳቸው ተኳኩለው ለታላቁ ህዝብ ልዩ ልዩ የጭፈራ ትርኢቶችን አቅርበዋል። በበዓሉ ወቅት ለታዋቂው የሙዚቃ ተሰጥኦ አቶ አበበ ከበደ የተሰጠው የክብር ሽልማት በሁላችንም ዘንድ ከፍተኛ አድናቆትንና ትልቅ ደስታን ፈጥሯል። በበዓሉ ላይ የቀረቡት ልዩ ልዩ የባህል ምግቦች በከተማው ውስጥ በሚገኙ አሥራ ሁለት ትላልቅ ምግብ ቤቶች ውስጥ በልዩ ሁኔታ ተዘጋጅተው ለተሳታፊዎች ቀርበዋል። በበዓሉ መርሃ ግብር ላይ በሰዓት አምስት ሰዓት ላይ የተደረገው የብርሃን ትርኢት በከተማው ሰማይ ላይ በሚታዩ በሚያምሩ ቀለማት የተሞሉ መብራቶች የታጀበ ነበር። በበዓሉ ላይ የተሳተፉት የከተማው ነዋሪዎች በሙሉ በታላቁ የዘንድሮው በዓል ምክንያት በቤታቸው ውስጥ ልዩ ልዩ ስጦታዎችን ለልጆቻቸው አዘጋጅተዋል። በበዓሉ መርሃ ግብር ላይ የተካተቱት የልጆች የሥዕል ውድድር አሸናፊዎች በታላቁ ማዕዘን አደባባይ ላይ የሽልማታቸውን ሰርተፍኬት ከከተማው ከንቲባ ተቀብለዋል። በበዓሉ ምክንያት በከተማው ውስጥ ለተሳታፊዎች ምቹ እንዲሆን አሥራ አምስት አዳዲስ የትራንስፖርት መስመሮች በልዩ ሁኔታ ተዘጋጅተው አገልግሎት መስጠት ጀምረዋል። በበዓሉ ላይ የተሳተፉት የንግድ ማህበራት ለህዝቡ ልዩ የቅናሽ ሽያጮችን በማዘጋጀት በዓሉን ይበልጥ አስደሳች እንዲሆን አድርገውታል። በበዓሉ መርሃ ግብር ላይ የተካተቱት የባህል ትርኢቶች በከተማው ውስጥ ለሚገኙ የውጭ ሀገር ጎብኚዎችም ትልቅ ትኩረትና አድናቆት አግኝተዋል። በበዓሉ ማጠቃለያ ላይ የተደረገው የሰላም ጸሎት በከተማው ሰላምና አንድነት እንዲጠናከር ከፍተኛ ተስፋን የሰጠ ነበር። በበዓሉ ወቅት የተሸጡት የባህል ውጤቶች በሙሉ ለከተማው የጥበብ ተማሪዎች የትምህርት ቁሳቁስ እንዲገዛ በልዩ ሁኔታ ለልገሳ ተብለው ተዘጋጅተዋል። በበዓሉ መርሃ ግብር ላይ የተሳተፉት የከተማው ወጣቶች በሙሉ በበዓሉ መክፈቻ ላይ በጋራ በመዘመር ትልቅ ድምቀት ሰጥተዋል።"
summarisation|287#1,summarisation,,daily_life,"ይህን ጽሑፍ በአጭሩ አጠቃልልልኝ።

በአዲሱ የፋና ከተማ ውስጥ በየዓመቱ እንደሚከበረው ሁሉ ዘንድሮም የሰብል በዓል በታላቅ ድምቀትና በታላቅ ዝግጅት ተከብቦ ተጠናቋል። በበዓሉ መርሃ ግብር ላይ ተገኝተው ንግግር ያደረጉት የግብርና ሚኒስቴር ተወካይ አቶ ዮናስ ታምሩ ለገበሬው ማህበረሰብ የላቀ ምስጋናቸውን አቅርበዋል። በበዓሉ ላይ ከሰማንያ በላይ የሚሆኑ ምርጥ ምርቶች ለዕይታ የቀረቡ ሲሆን እነዚህም ምርቶች ለከተማው ነዋሪዎች ልዩ ሽያጭ ተደርጎባቸዋል። በበዓሉ መርሃ ግብር ላይ የተካተቱት የባህል ትርኢቶች በከተማው ውስጥ በሚገኙ አሥራ አምስት ትላልቅ መድረኮች ላይ ለሕዝቡ ቀርበዋል። በበዓሉ ወቅት ለተሳታፊዎች ምቹ እንዲሆን በከተማው ውስጥ አሥራ ሁለት አዳዲስ የመንገድ ማሻሻያ ስራዎች በልዩ ሁኔታ ተከናውነዋል። በበዓሉ ላይ የተሸጡት የሰብል ምርቶች በሙሉ ለከተማው የትምህርት ቤቶች ምግብ አቅርቦት እንዲሆን በልዩ ሁኔታ ተለይተው ተቀምጠዋል። በበዓሉ መርሃ ግብር ላይ የተካተቱት የልጆች የባህል አለባበስ ውድድር በከተማው ነዋሪዎች ዘንድ ከፍተኛ ተወዳጅነትን አግኝቷል። በበዓሉ ማጠቃለያ ላይ የተሰጡት የላቀ ምርት ሽልማቶች ለገበሬው ማህበረሰብ አባላት ትልቅ መነሳሳትንና ተስፋን የሰጡ ናቸው። በበዓሉ ምክንያት በከተማው ውስጥ ለተሳታፊዎች ምቹ እንዲሆን አሥራ ስምንት አዳዲስ የትራንስፖርት ተሽከርካሪዎች ለሕዝብ አገልግሎት እንዲውሉ ተደርጓል። በበዓሉ ላይ የተሳተፉት የንግድ ድርጅቶች ለተሳታፊዎች ልዩ የቅናሽ ሽያጮችን በማዘጋጀት በዓሉን ይበልጥ አስደሳች አድርገውታል። በበዓሉ መርሃ ግብር ላይ የተካተቱት የባህል ሙዚቃዎች በከተማው ውስጥ ለሚገኙ የውጭ ሀገር ጎብኚዎች ትልቅ ትኩረት አግኝተዋል። በበዓሉ ወቅት የተደረጉት የሰላም እና የአንድነት ንግግሮች በከተማው ውስጥ ለሚኖር ሰላም ትልቅ አስተዋጽኦ አድርገዋል። በበዓሉ ማጠቃለያ ላይ የተደረገው የድል አድራጊዎች አክብሮት በከተማው ነዋሪዎች ዘንድ ከፍተኛ አድናቆትንና ክብርን አትርፏል። በበዓሉ ምክንያት የተዘጋጁት ልዩ ልዩ የባህል ምግቦች በከተማው ውስጥ በሚገኙ አሥራ አምስት ምግብ ቤቶች ውስጥ ለሕዝብ ቀርበዋል። በበዓሉ መርሃ ግብር ላይ የተሳተፉት ወጣቶች በሙሉ በበዓሉ መክፈቻ ላይ በጋራ በመዘመር ትልቅ ድምቀት ሰጥተዋል።"
summarisation|287#2,summarisation,,daily_life,"ለዚህ ጽሑፍ አጭር ማጠቃለያ ጻፍ።

Context:
በታላቁ የደብረ ማርቆስ ከተማ ውስጥ በየዓመቱ እንደሚከበረው ሁሉ ዘንድሮም የጥበብ በዓል በታላቅ ድምቀትና በታላቅ ዝግጅት ተከብቦ ተጠናቋል። በበዓሉ መርሃ ግብር ላይ ተገኝተው ንግግር ያደረጉት የጥበብ ማህበር ተቆጣጣሪ አቶ ሳሙኤል በቀለ ለጥበብ አርቲስቶች የላቀ ምስጋናቸውን አቅርበዋል። በበዓሉ ላይ ከሰማንያ በላይ የሚሆኑ የተለያዩ የሥዕል ስራዎች ለዕይታ የቀረቡ ሲሆን እነዚህም ስራዎች ለከተማው ነዋሪዎች ልዩ ሽያጭ ተደርጎባቸዋል። በበዓሉ መርሃ ግብር ላይ የተካተቱት የባህል ትርኢቶች በከተማው ውስጥ በሚገኙ አሥራ አምስት ትላልቅ መድረኮች ላይ ለሕዝቡ ቀርበዋል። በበዓሉ ወቅት ለተሳታፊዎች ምቹ እንዲሆን በከተማው ውስጥ አሥራ ሁለት አዳዲስ የመንገድ ማሻሻያ ስራዎች በልዩ ሁኔታ ተከናውነዋል። በበዓሉ ላይ የተሸጡት የጥበብ ውጤቶች በሙሉ ለከተማው የጥበብ ተማሪዎች የትምህርት ቁሳቁስ እንዲገዛ በልዩ ሁኔታ ተለይተው ተቀምጠዋል። በበዓሉ መርሃ ግብር ላይ የተካተቱት የልጆች የሥዕል ውድድር በከተማው ነዋሪዎች ዘንድ ከፍተኛ ተወዳጅነትን አግኝቷል። በበዓሉ ማጠቃለያ ላይ የተሰጡት የላቀ ጥበብ ሽልማቶች ለጥበብ አርቲስቶች አባላት ትልቅ መነሳሳትንና ተስፋን የሰጡ ናቸው። በበዓሉ ምክንያት በከተማው ውስጥ ለተሳታፊዎች ምቹ እንዲሆን አሥራ ስምንት አዳዲስ የትራንስፖርት ተሽከርካሪዎች ለሕዝብ አገልግሎት እንዲውሉ ተደርጓል። በበዓሉ ላይ የተሳተፉት የንግድ ድርጅቶች ለተሳታፊዎች ልዩ የቅናሽ ሽያጮችን በማዘጋጀት በዓሉን ይበልጥ አስደሳች አድርገውታል። በበዓሉ መርሃ ግብር ላይ የተካተቱት የባህል ሙዚቃዎች በከተማው ውስጥ ለሚገኙ የውጭ ሀገር ጎብኚዎች ትልቅ ትኩረት አግኝተዋል። በበዓሉ ወቅት የተደረጉት የሰላም እና የአንድነት ንግግሮች በከተማው ውስጥ ለሚኖር ሰላም ትልቅ አስተዋጽኦ አድርገዋል። በበዓሉ ማጠቃለያ ላይ የተደረገው የጥበብ አርቲስቶች አክብሮት በከተማው ነዋሪዎች ዘንድ ከፍተኛ አድናቆትንና ክብርን አትርፏል። በበዓሉ ምክንያት የተዘጋጁት ልዩ ልዩ የባህል ምግቦች በከተማው ውስጥ በሚገኙ አሥራ አምስት ምግብ ቤቶች ውስጥ ለሕዝብ ቀርበዋል። በበዓሉ መርሃ ግብር ላይ የተሳተፉት ወጣቶች በሙሉ በበዓሉ መክፈቻ ላይ በጋራ በመዘመር ትልቅ ድምቀት ሰጥተዋል።"
summarisation|291#0,summarisation,,history,"የጽሑፉን ዋና ሐሳብ በአጭሩ ግለጽ።

Context:
በሃያኛው ክፍለ ዘመን መካከለኛ የአፍሪካ አህጉር ከተለያዩ የአውሮፓ መንግስታት የቅኝ ግዛት አገዛዝ ለመላቀቅ ከፍተኛ ትግልና እንቅስቃሴዎችን ሲያደርግ ቆይቷል። በርካታ የአፍሪካ አገራት በሰላማዊ መንገድ ወይም በታጠቀ ትግል የራሳቸውን ሉዓላዊነት ለማረጋገጥ ለረጅም ዓመታት በጽናት ተከራክረዋል። የነፃነት ተዋጊዎች በየአገሪቱ የተሰባሰቡ የፖለቲካ ቡድኖችን በማደራጀት በቅኝ ገዥዎች ላይ ከፍተኛ ጫና እንዲፈጥሩ አድርገዋል። ብዙ የአፍሪካ መሪዎች በውጭ አገራት ትምህርት የተማሩና ስለ ዲሞክራሲና ስለ ነፃነት rights ግንዛቤ ያላቸው ነበሩ። እነዚህ መሪዎች የአገራቸውን ሕዝብ በማነቃቃት በጋራ እንዲቆሙና የራሳቸውን ዕድል እንዲወስኑ በማድረግ ረገድ ትልቅ ሚና ተጫውተዋል። የአውሮፓ አገራት ከሁለተኛው የዓለም ጦርነት በኋላ በነበራቸው የኢኮኖሚ ውድቀት ምክንያት የአፍሪካን አገራት መቆጣጠር አስቸጋሪ ሆኖባቸዋል። በዚህ ወቅት የአፍሪካ አገራት የነፃነት ጥያቄ በዓለም አቀፍ መድረኮች ላይ ትልቅ ትኩረት እንዲያገኝ አድርገዋል። የአሜሪካና የእንግሊዝ ተጽዕኖ በአፍሪካ የፖለቲካ ሁኔታ ላይ ከፍተኛ ለውጥ እንዲመጣ ምክንያት ሆኗል። የአንዳንድ አገራት ነፃነት በሰላማዊ ድርድር ሲገኝ ሌሎቹ ግን በረጅም የጦርነት ዘመናት ውስጥ አልፈዋል። የነፃነት እንቅስቃሴዎቹ የአገሪቱን ባህልና ማንነት ለመጠበቅ ትልቅ ዓላማ ነበራቸው። ሕዝቡ በቅኝ ግዛት ሥርዓት ስር የነበረውን ኢፍትሐዊነትና ጭቆና ለመቃወም በየቦታው ተነሳስቷል። የነፃነት አገዛዝ መምጣት የአፍሪካን አህጉር የፖለቲካ ካርታ ሙሉ በሙሉ እንዲቀየር አድርጓል። አገራቱ ነፃነታቸውን ካገኙ በኋላ የራሳቸውን መንግሥትና ሕግ ለመዘርጋት ከፍተኛ ጥረት አድርገዋል። ይህ የታሪክ ምዕራፍ የአፍሪካን ሕዝብ ለተሻለ የወደፊት ሕይወት መሠረት ጥሏል። በአሁኑ ወቅት የአፍሪካ አገራት በዓለም አቀፍ ደረጃ ያላቸውን ተሳትፎ እያሳደጉ ይገኛሉ።"
summarisation|295#0,summarisation,,health,"የሚከተለውን ጽሑፍ ዋና ዋና ነጥቦች በመያዝ በ2-3 ዓረፍተ ነገሮች አጠቃልል።

ጽሑፍ፡ በሰኔ ፲፪ ቀን በታላቁ የዘመናዊ ጤና ተቋም የጤና ባለሙያዎች በሰሜን አውራጃ በሚገኘው የሰላም ከተማ ውስጥ አዲስ የሥርዓተ ምግብ ማስተዋወቂያ መርሃ ግብር ጀምረዋል። ይህ ፕሮግራም በዋናነት በልጆች ላይ የሚታዩ የሥርዓተ ምግብ እጥረት ችግሮችን ለመቅረፍ በታቀደ መልኩ በታዋቂው የጤና ጥበቃ ማህበር አማካኝነት ተዘጋጅቷል። በፕሮግራሙ መጀመሪያ ላይ በከተማዋ የሚገኙ ፭፻ አምሳ ህፃናት በነፃ የተመጣጠነ ምግብና የቪታሚን ድጋፍ እንዲያገኙ ተደርጓል። የፕሮግራሙ አስተባባሪ የሆኑት አቶ በቀለ ተሰማ እንደገለጹት ይህ ተነሳሽነት በየቀኑ ለሚወሰዱ ምግቦች ጥራት ትልቅ ትኩረት ይሰጣል። በየሳምንቱ በ፪ ቀን የሚሰጡት ስልጠናዎች ወላጆች ስለ ተመጣጣኝ ምግብ አዘገጃጀት በቂ እውቀት እንዲኖራቸው ለማድረግ ታስበው የተዘጋጁ ናቸው። በከተማዋ በሚገኙ ፲፪ ትምህርት ቤቶች ውስጥ የተመሰረቱ የጤና ክለቦች ተማሪዎች ስለ አትክልትና ፍራፍሬ ጥቅም እንዲያውቁ ያደርጋሉ። የጤና ባለሙያዎች በየቀኑ የሚሰጡት ምክር ህፃናት በቂ ፕሮቲንና ማዕድን እንዲያገኙ ትልቅ ሚና ይጫወታል። በፕሮግራሙ ውስጥ የተካተቱት የምግብ አይነቶች በሙሉ ከአካባቢው ገበያ በቀጥታ የሚገኙና ተፈጥሯዊ የሆኑ ናቸው። የጤና ጥበቃ ማህበሩ በጀት ለዚህ ስራ ፪ ሚሊዮን ብር መመደቡን በይፋ አስታውቋል። በቅርቡ በከተማዋ በሚገኙ ማህበረሰብ ማዕከላት ውስጥ የጤና ምርመራና የምግብ ምክር አገልግሎት መስጠት ይጀምራሉ። በፕሮግራሙ ስኬት ላይ ለመድረስ ከወላጆች ጋር በቅርብ መስራት አስፈላጊ መሆኑን ባለሙያዎች አሳስበዋል። ይህ ስራ እስከ ታህሳስ ወር ድረስ እንዲቀጥልና ብዙዎችን እንዲያገለግል ታቅዷል። በከተማዋ ነዋሪዎችም ለዚህ አዲስ መርሃ ግብር ያላቸው ድጋፍ እጅግ ከፍተኛ መሆኑ ተገልጿል። በመጨረሻም የተመጣጠነ ምግብ አጠቃቀም የአንድ ማህበረሰብን የጤና ሁኔታ በእጅጉ እንደሚቀይር ተመላክቷል።"
summarisation|299#0,summarisation,,science,"ጽሑፉን አንብበሽ ማጠቃለያውን ጻፊ።

Context:
በሰኔ ፲፪ ቀን በታላቁ የዝቅተኛ ቦታ የአየር ሁኔታ ተመራማሪዎች ማዕከል በወጣው መግለጫ መሰረት በደቡብ አውራጃ የሚገኘው የዝቅታ ሸለቆ ከፍተኛ የውሃ ትነት እየታየበት መሆኑን አረጋግጠዋል። የሸለቆው የአየር ንብረት ተመራማሪ የሆኑት አቶ በቀለ ተሰማ እንደገለጹት በቅርብ ሳምንታት ውስጥ በሙቀት መጨመር ምክንያት ከወንዞች የሚነሳው የውሃ ትነት በከፍተኛ ሁኔታ ጨምሯል። ይህ ሂደት በደቡብ አውራጃ የሚገኙት የውሃ አካላት ወደ ሰማይ እንዲወጡ በማድረግ የአየር ንብረት ለውጥን እያፋጠነ መሆኑን ተመራማሪዎቹ በዝርዝር አስረድተዋል። በዝቅታ ሸለቆ ውስጥ የሚገኙት ፳፭ ትናንሽ ኩሬዎች በፀሐይ ሙቀት ምክንያት በየቀኑ በአማካይ አምስት ሜትር የውሃ መጠን እያጡ መሆናቸውን የጥናት ቡድኑ ገልጿል። ይህ የውሃ ትነት ሂደት ወደ ላይ በመውጣት ወደ ደመናነት ሲቀየር በከፍተኛ የንፋስ ፍጥነት ወደ ሰሜን አቅጣጫ እንደሚጓዝ ተገልጿል። የደመናዎቹ ክምችት በሰሜን ተራራማ አካባቢዎች ላይ እንዲከማች በማድረግ ለከባድ ዝናብ መከሰት ምክንያት እየሆኑ መሆኑን የጥናቱ ውጤት ያሳያል። በአካባቢው የሚገኙት የግብርና ባለሙያዎች ይህ የውሃ ዑደት ለውጥ በሰብል ምርት ላይ ሊያመጣ የሚችለውን ጉዳት ለመከላከል ዝግጅት እያደረጉ መሆኑን ገልጸዋል። የዝቅታ ሸለቆ የግብርና ማህበር አባል የሆኑት ወይዘሮ አልማዝ አሰፋ በየቀኑ የሚታየው የሙቀት መጠን ለውጥ በውሃው መጠን ላይ ከፍተኛ ተጽዕኖ እያሳደረ መሆኑን ተናግራለች። በሰሜን ተራራማ አካባቢዎች የሚገኙት የዝናብ መጠን ከዚህ ቀደም ከነበረው በሃያ በመቶ እንደሚቀንስ የሳይንስ ተቋሙ አስጠንቅቋል። ይህ ሂደት በውሃው ዑደት ውስጥ ያለውን ሚዛን በመቀየር የአካባቢውን ስነ-ምህዳር ሊያናጋ እንደሚችል ተመራማሪዎቹ በሪፖርታቸው ጠቁመዋል። የውሃው ትነት ወደ ደመናነት መቀየር እና ደመናው ወደ ዝናብነት መለወጥ የሚከናወነው በወቅታዊ የአየር ግፊት ለውጦች አማካኝነት መሆኑን ተገልጿል። በአካባቢው የሚገኙት የውሃ ጥናት ተቋማት ይህንን ሂደት በቅርብ ለመከታተል ዘመናዊ መሣሪያዎችን ማሰማራታቸውን ለህዝቡ አሳውቀዋል። የውሃው ዑደት መዛባት በአካባቢው ለሚገኙ እንስሳት እና ዕፅዋትም ከፍተኛ ስጋት መሆኑን የጥናቱ ባለሙያዎች በሰፊው አብራርተዋል። በመጨረሻም የውሃው መጠን እንዲስተካከል የአየር ንብረት ለውጥን የሚከላከሉ አዳዲስ ዘዴዎች በአስቸኳይ ተግባራዊ መሆን እንዳለባቸው ተመላክቷል።"
summarisation|299#1,summarisation,,science,"ከዚህ በታች ያለውን ጽሑፍ በ2-3 ዓረፍተ ነገሮች አጠቃልለው።

Context:
በነሐሴ ፭ ቀን በሰሜን ተራራማ ክልል የአየር ንብረት መቆጣጠሪያ ጣቢያ የወጣው መረጃ እንደሚያመለክተው በሰሜን ተራራማ አካባቢዎች ከፍተኛ የዝናብ መከማቸት ታይቷል። የጣቢያው ዋና መሃንዲስ አቶ ታደሰ ካሳ በሰሜን ተራራማ ክልል የሚገኙት ሰማያዊ ተራራዎች ላይ ከፍተኛ የደመና ክምችት መፈጠሩን በዝርዝር አብራርተዋል። ይህ የደመና ክምችት በውሃ ትነት አማካኝነት ከታችኛው ሜዳ ወደ ላይኛው ተራራማ ክፍል በመነሳት የተፈጠረ መሆኑን ተመራማሪዎቹ ገልጸዋል። በሰሜን ተራራማ አካባቢዎች የሚገኙት ፲፰ ትናንሽ ወንዞች በዝናብ አማካኝነት በከፍተኛ ፍጥነት እየፈሰሱ መሆናቸውን የውሃ መለኪያ ተቋሙ አስታውቋል። የዝናቡ መጠን በየቀኑ በአማካይ አሥር ሚሊ ሜትር እየጨመረ መሄዱ ለተራራማው አካባቢ የውሃ ክምችት ትልቅ ፋይዳ እንዳለው ተገልጿል። የዝናብ ውሃው ተመልሶ ወደ መሬት በመግባት በከርሰ ምድር ውስጥ እንዲከማች የሚያደርገው ሂደት በሰሜን ተራራማ አካባቢዎች በስፋት እየታየ ነው። የከርሰ ምድር ውሃው መጠን መጨመር ለአካባቢው የግብርና ምርታማነት ትልቅ ተስፋ እንደሚሰጥ የግብርና ባለሙያው ወይዘሮ ሄለን አበበ ገልጻለች። ሆኖም ግን የዝናብ ውሃው በከፍተኛ ፍጥነት መፍሰሱ በአንዳንድ ዝቅተኛ ቦታዎች ላይ የጎርፍ አደጋ ሊያስከትል እንደሚችል ተመራማሪዎቹ አስጠንቅቀዋል። የደመናው መፈጠር እና ዝናብ መዝነብ የሚከናወነው በከፍተኛ የንፋስ እንቅስቃሴ እና የአየር ግፊት ለውጥ አማካኝነት መሆኑን ተገልጿል። በሰሜን ተራራማ ክልል የሚገኙት የውሃ ጥናት ተመራማሪዎች የዝናቡን መጠን እና የውሃውን ፍሰት በየሰዓቱ እየተከታተሉ መሆኑን አረጋግጠዋል። የዝናብ ውሃው ወደ ወንዞች ተመልሶ በመሄድ ወደ ታችኛው ሜዳዎች መፍሰሱ የውሃውን ዑደት በሙሉ አጠናቆታል። ይህ የውሃ ዑደት ሂደት በክልሉ ውስጥ ያለውን የአየር ንብረት ሚዛን ለመጠበቅ ወሳኝ ሚና እንደሚጫወት ተገልጿል። የአየር ንብረት መለኪያ ጣቢያው በየሳምንቱ የሚሰጠው መረጃ ለክልሉ ነዋሪዎች ስለሚቀጥለው ሳምንት ዝግጅት እንዲያደርጉ ይረዳቸዋል። በሰሜን ተራራማ አካባቢዎች የሚታየው ይህ የተፈጥሮ ሂደት ለክልሉ የውሃ አቅርቦት ዋስትና እንደሚሆን ተመላክቷል።"
summarisation|299#2,summarisation,,science,"የጽሑፉን ዋና ሐሳብ በአጭሩ ግለጽ።

Context:
በጥቅምት ፳ ቀን በምስራቅ ሜዳማ የአየር ንብረት ተመዴዎች ማህበር በሰጠው መግለጫ መሰረት በምስራቅ ሜዳማ አካባቢዎች ከፍተኛ የውሃ ትነት እየታየ ነው። የማህበሩ ተቆጣጣሪ የሆኑት አቶ ዮናስ በቀለ በምስራቅ ሜዳማ የሚገኙት ትላልቅ ሐይቆች በፀሐይ ሙቀት ምክንያት እየቀነሱ መሆኑን ገልጸዋል። ይህ የውሃ መቀነስ በውሃው ዑደት ውስጥ ያለውን የትነት ሂደት በማፋጠን ወደ ሰማይ ከፍተኛ የውሃ ትነት እንዲወጣ እያደረገ ነው። በምስራቅ ሜዳማ የሚገኙት ፲፪ ትላልቅ ሐይቆች በየዓመቱ በአማካይ በሦስት ሜትር የውሃ መጠን እየቀነሱ መሄዳቸውን ጥናቱ ያሳያል። የትነት ሂደቱ ወደ ላይ ሲወጣ ወደ ደመናነት መቀየር እና ደመናው በንፋስ ተገፍቶ ወደ ሌላ አቅጣጫ መጓዝ መጀመሩን ተመራማሪዎቹ ገልጸዋል። ይህ ሂደት በምስራቅ ሜዳማ የአየር ንብረት ላይ ከፍተኛ ለውጥ እያመጣ መሆኑን የሳይንስ ተመራማሪው ወይዘሪት ሳራ አበበ ገልጻለች። የደመናው ክምችት በምስራቅ ሜዳማ ላይ በከፍተኛ ሁኔታ መታየቱ ለቀጣይ የዝናብ ወቅት መከሰት መሠረት መሆኑን ተመራማሪዎቹ ገልጸዋል። የዝናብ ውሃው ወደ መሬት ሲመለስ በምስራቅ ሜዳማ የሚገኙት ለም አፈሮች ውስጥ እንዲሰርጽ ማድረግ ለግብርናው ወሳኝ መሆኑ ተገልጿል። የውሃው ዑደት መዛባት በምስራቅ ሜዳማ የሚገኙትን የውሃ አካላት እና የአየር ንብረትን ሚዛን ሊነካ እንደሚችል ተመራማሪዎቹ አስጠንቅቀዋል። በምስራቅ ሜዳማ የሚገኙት የውሃ ተመራማሪዎች የትነት ሂደቱን ለመለካት ዘመናዊ የሙቀት መለኪያ መሣሪያዎችን እየተጠቀሙ መሆኑን አረጋግጠዋል። የውሃው ትነት ወደ ደመናነት መቀየር እና ደመናው ወደ ዝናብነት መለወጥ የሚከናወነው በተፈጥሮአዊ የአየር ግፊት ለውጥ አማካኝነት ነው። ይህ ሂደት በምስራቅ ሜዳማ ውስጥ ያለውን የውሃ አቅርቦት እና የአየር ንብረት ሁኔታ በየጊዜው እየቀየረው ይገኛል። የውሃው ዑደት መዛባት በአካባቢው ስነ-ምህዳር ላይ ሊያመጣ የሚችለውን ተጽዕኖ ለመቀነስ የተለያዩ ጥናቶች እየተደረጉ መሆኑን ተገልጿል። በመጨረሻም የውሃውን መጠን ለመጠበቅ የአካባቢውን የሙቀት መጠን የሚቆጣጠሩ ዘዴዎች አስፈላጊ መሆናቸውን የጥናቱ ባለሙያዎች አሳስበዋል።"
summarisation|319#0,summarisation,,technology,"የሚከተለውን ጽሑፍ ዋና ዋና ነጥቦች በመያዝ በ2-3 ዓረፍተ ነገሮች አጠቃልል።

ጽሑፍ፡ ሰው ሰራሽ አስተውሎት በኢትዮጵያ የቴክኖሎጂ ዘርፍ ውስጥ እያመጣ ያለውን ትልቅ ለውጥ ለመረዳት መጀመሪያ መሰረታዊ የሆኑ ትርጉሞችን በጥልቀት ማጥናት የግድ ይላል። ይህ ዘርፍ ኮምፒውተሮች እንደ ሰው የማሰብ እና የመማር ችሎታ እንዲኖራቸው የሚያደርግ የሳይንስ ዘርፍ መሆኑን መረዳት በጣም አስፈላጊ ነው። ማሽኖች መረጃዎችን በመተንተን አዳዲስ ነገሮችን እንዲገነዘቡ የሚያደርጉበት ዘዴ በዘመናዊው ዓለም ውስጥ ትልቅ ቦታ እየያዘ መምጣቱን ማየት ይቻላል። በኢትዮጵያ ውስጥ ያሉ የቴክኖሎጂ ተማሪዎች ይህንን ትምህርት በመማር ለሀገሪቱ የዲጂታል ኢኮኖሚ እድገት ትልቅ አስተዋጽኦ ለማድረግ እየተዘጋጁ ይገኛሉ። የሰው ሰራሽ አስተውሎት ዋና ዓላማ የሰውን ልጅ የዕለት ተዕለት ስራዎች ቀላል እና ፈጣን ለማድረግ መፈለግ መሆኑን መገንዘብ ያስፈልጋል። መረጃዎችን በብዛት መሰብሰብ እና እነዚያን መረጃዎች ለኮምፒውተር ፕሮግራሞች ማቅረብ ለዚህ ቴክኖሎጂ ስኬት መሰረት የሚጥል ተግባር ነው። ማሽኖች ከቀደሙት ስህተቶቻቸው በመማር የተሻለ ውሳኔ እንዲሰጡ የሚያደርግ የሂሳብ ስሌት ዘዴ በዘርፉ ውስጥ በስፋት ጥቅም ላይ ይውልባል። በኢትዮጵያ የትምህርት ተቋማት ውስጥ የዚህ ቴክኖሎጂ ትምህርት እየተካተተ መምጣቱ ለወጣቱ ትውልድ አዳዲስ የሥራ ዕድሎችን ይፈጥራል። የሰው ሰራሽ አስተውሎት በግብርና ዘርፍ ውስጥ ምርታማነትን ለመጨመር እና የአየር ሁኔታን ለመተንበይ ከፍተኛ ጠቀሜታ ሊኖረው ይችላል። በጤናው ዘርፍ ውስጥ ደግሞ በሽታዎችን ቀድሞ ለመለየት እና ትክክለኛ ምርመራ ለማድረግ ይህ ቴክኖሎጂ ትልቅ እገዛ ያደርጋል። የቴክኖሎጂው እድገት በኢትዮጵያ ውስጥ ያለውን የዲጂታል ክፍተት ለመሙላት እና ዓለም አቀፍ ተወዳዳሪነትን ለመጨመር ወሳኝ ሚና ይጫወታል። የሰው ሰራሽ አስተውሎት መሰረታዊ መርሆችን መረዳት ለወደፊቱ የቴክኖሎጂ መሪዎች መሰረት የሚጥል ትልቅ የዕውቀት መሠረት ነው። በመሆኑም ይህንን ዘርፍ በጥልቀት ማጥናት ለሀገራዊ እድገት እና ለቴክኖሎጂ ሽግግር እጅግ በጣም አስፈላጊ ነው።"
summarisation|319#1,summarisation,,technology,"እባክዎን ይህን ጽሑፍ በአጭሩ ያጠቃልሉ።

Context:
የማሽን መማር ሂደት በሰው ሰራሽ አስተውሎት ውስጥ በጣም ወሳኝ እና መሰረታዊ የሆነ የቴክኖሎጂ ክፍል መሆኑን ማወቅ ያስፈልጋል። ይህ ሂደት ኮምፒውተሮች በሰው ልጆች እርዳታ ሳይደረግላቸው መረጃዎችን በመጠቀም ራሳቸውን እንዲያሻሽሉ የሚያስችል የቴክኖሎጂ ዘዴ ነው። መረጃዎች በብዛት ሲገኙ ማሽኖች የተደበቁ ግንኙነቶችን እና ስርዓቶችን በራሳቸው የማግኘት ልዩ ችሎታ ይኖራቸዋል። በኢትዮጵያ ውስጥ ያሉ የሶፍትዌር ባለሙያዎች ይህንን ዘዴ በመጠቀም ለሀገር ውስጥ ችግሮች መፍትሄ የሚሆኑ መተግበሪያዎችን እየፈጠሩ ነው። የማሽን መማር ሁለት ዋና ዋና ዓይነቶች ሲኖሩ እነሱም በበላይነት መረጃን በመጠቀም እና ያለበላይነት መረጃን በመጠቀም የሚሰሩ ናቸው። በበላይነት መረጃን የመጠቀም ዘዴ ኮምፒውተሩ ትክክለኛውን መልስ እንዲያውቅ መረጃዎችን አስቀድሞ ማሳወቅን የሚጠይቅ ተግባር ነው። ያለበላይነት መረጃን የመጠቀም ዘዴ ግን ኮምፒውተሩ በራሱ ውስጥ ያሉ ተመሳሳይነቶችን እንዲፈልግ የሚያደርግ የላቀ ዘዴ ነው። ይህ ቴክኖሎጂ በኢትዮጵያ የባንክ አገልግሎት ውስጥ የደንበኞችን ባህሪ ለመረዳት እና የደህንነት ጥበቃ ለማድረግ ጥቅም ላይ ይውላል። የዳታ ጥራት እና ብዛት ለማሽኑ መማር ስኬታማነት ወሳኝ መሆኑን ሁልጊዜም ልብ ማለት ያስፈልጋል። በኢትዮጵያ ውስጥ የሚገኙ የዳታ ማዕከላት ይህንን የቴክኖሎጂ እድገት ለመደገፍ የሚያስችሉ መረጃዎችን ማደራጀት ይኖርባቸዋል። ማሽኖች መረጃዎችን ሲተነትኑ ከጊዜ ወደ ጊዜ ትክክለኛነታቸው እየጨመረ መሄዱ የቴክኖሎጂው ትልቁ ስኬት ነው። የዚህ ቴክኖሎጂ መሰረታዊ እውቀት ለወደፊቱ የኢትዮጵያ የቴክኖሎጂ ኢንዱስትሪ እድገት መሰረት ነው። የሰው ሰራሽ አስተውሎት እና የማሽን መማር ግንኙነት እጅግ ጥልቅ እና እርስ በእርስ የተሳሰሩ መሆኑን መረዳት ይገባል።"
summarisation|319#2,summarisation,,technology,"ይህ ጽሑፍ ምን እንደሚናገር በአጭሩ አስረዳ።

Context:
በሰው ሰራሽ አስተውሎት ውስጥ የነርቭ መረቦች ትርጉም እና አስፈላጊነት በዘመናዊው የቴክኖሎጂ ዓለም ውስጥ በጣም ከፍተኛ ነው። እነዚህ መረቦች የሰውን ልጅ አእምሮ አሰራር ለመምሰል ተደርገው የተሰሩ የሂሳብ ስሌቶች ስብስብ መሆናቸውን መረዳት ይገባል። እያንዳንዱ የነርቭ መረብ ክፍል መረጃዎችን በመቀበል እና በማቀነባበር ለቀጣዩ ክፍል የሚያስተላልፍ ውስብስብ ተግባር አለው። በኢትዮጵያ ውስጥ ያሉ የኮምፒውተር ሳይንስ ተማሪዎች ይህንን ውስብስብ ርዕስ ለመረዳት ከፍተኛ ጥረት እያደረጉ ይገኛሉ። የነርቭ መረቦች በምስል መለያ እና በድምጽ መለየት ተግባራት ላይ እጅግ በጣም ውጤታማ መሆናቸውን ማየት ይቻላል። እነዚህ ቴክኖሎጂዎች በኢትዮጵያ የትራፊክ ቁጥጥር እና የደህንነት ካሜራዎች ላይ ጥቅም ላይ እንዲውሉ እየተሰሩ ነው። የነርቭ መረቦች ስልጠና ለመስጠት እጅግ በጣም ብዙ እና ጥራት ያለው መረጃ ያስፈልጋቸዋል የሚለው እውነታ አይካድም። መረጃው በበቂ ሁኔታ ካልቀረበ መረቦቹ ትክክለኛ ውሳኔዎችን የመስጠት አቅማቸው በጣም ሊቀንስ ይችላል። በኢትዮጵያ ውስጥ የዚህ ቴክኖሎጂን መሰረተ ልማት ለማጠናከር የመረጃ አያያዝ ስርዓቶችን ማዘመን በጣም አስፈላጊ ነው። የጥልቅ ትምህርት ዘዴዎች በነርቭ መረቦች ላይ የተመሰረቱ መሆናቸው ለቴክኖሎጂው ፈጣን እድገት ምክንያት ሆኗል። እነዚህ ዘዴዎች በኢትዮጵያ የቋንቋ ትርጉም ስራዎች ላይ ትልቅ ለውጥ ለማምጣት ከፍተኛ ተስፋ ይሰጣሉ። የሰው ሰራሽ አስተውሎት መሠረታዊ ክፍሎች የሆኑት እነዚህ መረቦች ለወደፊቱ የቴክኖሎጂ ፈጠራዎች መሰረት ናቸው። የቴክኖሎጂው ውስብስብነት ቢኖርም ጥቅሙ ግን ለሰው ልጅ ህይወት እጅግ በጣም ሰፊ እና አስተዋጽኦ አለው። በመሆኑም ይህንን ዘርፍ ማጥናት ለሀገር እድገት እና ለቴክኖሎጂ ሽግግር ወሳኝ ተግባር ነው።"
summarisation|323#0,summarisation,,daily_life,"እባክዎን ይህን ጽሑፍ በአጭሩ ያጠቃልሉ።

Context:
በሰኔ 12 ቀን 2016 ዓ.ም በአዲስ አበባ ከተማ ውስጥ በሚገኘው የዝንጅብል ወንዝ የምግብ ማዕከል ውስጥ ታላቅ የምግብ ዝግጅት ውድድር ተካሂዷል። በዝግጅቱ ላይ የባህል ምግብ አፍቃሪዎች በሙሉ ተገኝተው ልዩ ልዩ የኢትዮጵያ የጣዕም ልዩነቶችን ለተመልካቾች አሳይተዋል። በውድድሩ ላይ የተሳተፉት 45 ወጣት ምግብ አብሳይ በየቀኑ ለሶስት ሰዓታት ያህል አዳዲስ የቅመማ ቅመም ውህዶችን ሲሞክሩ ነበር። የውድድሩ ዋና አሸናፊ የሆነችው ወይዘሪት ሰላም አበበ በሰባት የተለያዩ የሽንኩርት እና የበርበሬ አይነቶችን በመጠቀም ልዩ የሆነ የዶሮ ወጥ አዘጋጅታለች። የዳኞች ኮሚቴ አባላት በውድድሩ ላይ የነበረውን ከፍተኛ ጥራት እና የንፅህና አጠባበቅ ደረጃ በጣም አድንቀዋል። በዝግጅቱ ወቅት የተዘጋጁት 200 ኪሎ ግራም ስጋ እና 50 ኪሎ ግራም ቅመማ ቅመም ለተሳታፊዎች እና ለጎብኚዎች በሙሉ በነፃ ተከፋፍለዋል። የዝንጅብል ወንዝ የምግብ ማዕከል አስተዳዳሪ አቶ በቀለ ተስፋዬ በንግግር ወቅት በየዓመቱ ይህንን ዝግጅት እንደሚያደርጉ ገልጸዋል። በዝግጅቱ ላይ የተሳተፉት እንግዶች በምግቡ ጣዕም ተደንቀው የሰላም አበበን የ memasu (የማብሰል) ጥበብ በጣም አሞግተዋል። በዝግጅቱ ማብቂያ ላይ ለተሸናፊዎቹ የ50,000 ብር የገንዘብ ሽልማት እና የኩክና መገልገያ ቁሳቁሶች ተበርክተዋል። በከተማዋ ውስጥ የሚገኙ የንግድ ድርጅቶች ለዚህ ዝግጅት 10,000 ብር የገንዘብ ድጋፍ አድርገዋል። የዝግጅቱ ዓላማ የሀገሪቱን የባህል ምግብ ለዓለም ለማስተዋወቅ እና ወጣቶችን ለማበረታታት መሆኑ ተገልጿል። በዝግጅቱ ወቅት የተሰበሰቡት ሰዎች በሙሉ በደስታ እና በሳቅ የተሞሉ ነበሩ። በቀጣይ አመት በሌላ ቦታ ለማካሄድ ታቅዷል። ይህ ዝግጅት ለከተማዋ የቱሪዝም እድገት ትልቅ አስተዋፅኦ ይኖረዋል ተብሎ ይጠበቃል።"
summarisation|327#0,summarisation,,daily_life,"የሚከተለውን ጽሑፍ ዋና ዋና ነጥቦች ብቻ በመያዝ አጭር አድርገህ ግለጽ።

Context:
በአዲስ አበባ ከተማ ውስጥ በሚገኝ ትልቅ ትምህርት ቤት ውስጥ የሚማሩ ተማሪዎች በየቀኑ ጠዋት በጣም በማለዳ ተነስተው ለትምህርት ዝግጁ ለመሆን ይጥራሉ። ተማሪዎቹ በቤታቸው ተነስተው በሰላም ወደ ትምህርት ቤቱ ለመድረስ በቡድን በመሆን ወይም በብቻቸው በእግር በመጓዝ ረጅም መንገድ ይጓዛሉ። በትምህርት ቤቱ ቅጥር ግቢ ውስጥ ሲገቡ መጀመሪያ የሰላምታ ሥርዓት በመከተል መምህራኖቻቸውን እና ጓደኞቻቸውን በደስታ ሰላምታ ይሰጣሉ። የትምህርት ክፍሎቹ ውስጥ ሲገቡ ደብተራቸውን እና እስክሪብቶአቸውን አዘጋጅተው መምህራኑ ትምህርት እስኪጀምሩ ድረስ በትዕግሥት ይጠብቃሉ። መምህራኑ ትምህርት ሲጀምሩ ተማሪዎቹ ትኩረት ሰጥተው በማዳመጥ አዳዲስ ነገሮችን ለመማር እና እውቀታቸውን ለማሳደግ ከፍተኛ ጥረት ያደርጋሉ። በረሃብ ጊዜ ተማሪዎቹ አብረው ይዞ የመጡትን ምሳ ወይም በረንዳ ላይ የሚሸጡትን ቀላል ምግቦች በመመገብ ጉልበታቸውን ያድሳሉ። ከምሳ በኋላ ባለው የጨዋታ ሰዓት ተማሪዎቹ በሜዳ ላይ ኳስ በመጫወት ወይም በሌሎች ጨዋታዎች በመሳተፍ አእምሮአቸውን ያዝናናሉ። በትምህርት ቤቱ ቤተመጽሐፍት ውስጥ የሚገኙ የተለያዩ መጻሕፍትን በማንበብ ስለ ዓለም አቀፋዊ ጉዳዮች እና ስለ ታሪክ ጥልቅ እውቀት ለማግኘት ይሞክራሉ። መምህራኑ ተማሪዎቹን በየጊዜው ፈተና በመስጠት ያላቸውን የትምህርት ደረጃ እና መረዳት ምን ያህል እንደሆነ ይመዝናሉ። ተማሪዎቹ በፈተና ውጤታቸው ጥሩ ሲሆን ቤተሰቦቻቸውን ለማሳወቅ እና ደስታቸውን ለመጋራት በጣም ይጓጓሉ። በትምህርት ቤቱ ውስጥ የሚታዩ የተለያዩ ማኅበራዊ እንቅስቃሴዎች ተማሪዎች እርስ በእርስ እንዲተዋወቁ እና እንዲግባቡ ትልቅ ዕድል ይሰጣሉ። በትምህርት ቤቱ ውስጥ የሚሰጡ የሥነ-ምግባር ትምህርቶች ተማሪዎች ለወደፊት ሕይወታቸው ጠቃሚ የሆኑ ሥነ-ምግባራዊ እሴቶችን እንዲገነቡ ይረዳሉ። በትምህርት ማብቂያ ሰዓት ተማሪዎቹ የዕለት ተዕለት ትምህርታቸውን አጠናቅቀው ወደ ቤታቸው ለመመለስ በደስታ ይዘጋጃሉ። ወደ ቤት ሲመለሱም ለሚቀጥለው ቀን የሚያስፈልጓቸውን የቤት ሥራዎች ለማከናወን እና መጻሕፍቶቻቸውን ለማደራጀት ጊዜ ይመድባሉ። በዚህ መልኩ የትምህርት ቤት ሕይወት ለተማሪዎቹ የእውቀት እና የሥነ-ምግባር ምንጭ ሆኖ በየቀኑ ይቀጥላል።"
summarisation|327#1,summarisation,,daily_life,"ጽሑፉን አንብበህ ዋናውን ሐሳብ በሁለት ወይም ሦስት ዓረፍተ ነገሮች ግለጽ።

ጽሑፍ፡ በአንድ የገጠር አካባቢ በሚገኝ ትምህርት ቤት ውስጥ የሚማሩ ተማሪዎች በየቀኑ በጣም አስቸጋሪ በሆነ መንገድ ወደ ትምህርት ቤት ይጓዛሉ። ተማሪዎቹ በጠዋት ቀድመው ተነስተው ረጅም ርቀት በኮረብታማ መሬት ላይ በእግራቸው እየተጓዙ በትምህርት ቤቱ ለመድረስ ይጥራሉ። በመንገድ ላይ የሚያጋጥሟቸውን ተፈጥሯዊ እንቅፋቶች በጽናት በመቋቋም ትምህርት እንዳያመልጣቸው ከፍተኛ ጥረትና ትጋት ያሳያሉ። ትምህርት ቤቱ ውስጥ ሲደርሱ መምህራኖቻቸው በደስታ በመቀበል ለቀኑ ትምህርት አስፈላጊ የሆኑ ዝግጅቶችን እንዲያደርጉ ያበረታታሉ። ክፍሎች ውስጥ ሲገቡ በትንሽ ብርሃን እና በቂ ያልሆነ የአየር ዝውውር ውስጥ ሆኖ ትኩረት ሰጥተው ለመማር ይታገላሉ። መምህራኑ በየቀኑ አዳዲስ የሳይንስ እና የሂሳብ ትምህርቶችን በማስተማር የተማሪዎቹን አእምሮ ለማሳደግ በከፍተኛ ሁኔታ ይጥራሉ። ተማሪዎቹ በየቀኑ የሚያገኟቸው አዳዲስ እውቀቶች ለወደፊት የሕይወት ጉዟቸው መሰረት እንደሚሆኑ በሚገባ ይረዳሉ። በዕረፍት ሰዓት ተማሪዎቹ ከጓደኞቻቸው ጋር በመሆን በአካባቢው ባሉ ዛፎች ጥላ ሥር ተቀምጠው ምግብ ይበላሉ። በትምህርት ቤቱ ውስጥ የሚሰጡ የግብርና ትምህርቶች ተማሪዎቹ በአካባቢያቸው ባለው መሬት ላይ እንዴት ማረስ እንዳለባቸው ያስተምራቸዋል። ተማሪዎቹ በትምህርት ቤቱ ውስጥ የሚያገኟቸው መጻሕፍት በጣም ጥቂት ቢሆኑም እነዚያን መጻሕፍት በጥንቃቄ በመጠቀም ይማራሉ። መምህራኑ ተማሪዎቹን በየጊዜው በማነቃቃት እና በማበረታታት በትምህርት ላይ ያላቸውን ፍላጎት እንዲያሳድጉ ይረዳሉ። በትምህርት ቤቱ ውስጥ የሚሰሩ የቡድን ሥራዎች ተማሪዎች እርስ በእርስ እንዲረዳዱ እና እንዲተባበሩ ያደርጋቸዋል። ተማሪዎቹ በትምህርት ቤቱ ውስጥ የሚያሳዩት ትጋት እና ጥንካሬ ለሌሎች ተማሪዎችም አርአያ የሚሆን ተግባር ነው። በትምህርት ማብቂያ ሰዓት ተማሪዎቹ ወደ ቤታቸው ለመመለስ ሲነሱ የዕለቱን ትምህርት በጭንቅላታቸው ውስጥ ለማስቀረት ይሞክራሉ። ወደ ቤታቸው ሲመለሱም ለቤተሰቦቻቸው የትምህርት ቤቱን ሁኔታ እና የተማሩትን ነገር በዝርዝር ይነግራቸዋል። ይህ የትምህርት ቤት ሕይወት ለተማሪዎቹ ብሩህ ተስፋን እና የተሻለ ሕይወትን ለመገንባት ትልቅ መሠረት ነው።"
summarisation|327#2,summarisation,,daily_life,"የጽሑፉን ዋና ሐሳብ በአጭሩ ግለጽ።

Context:
በከተማ ውስጥ በሚገኝ ትልቅ የሁለተኛ ደረጃ ትምህርት ቤት ውስጥ የሚማሩ ተማሪዎች የትምህርት እና የክለብ እንቅስቃሴዎችን ጎን ለጎን ያከናውናሉ። ተማሪዎቹ ጠዋት ትምህርት ከመጀመሩ በፊት በቤተመጽሐፍት ውስጥ በመገኘት ለሚቀጥለው ክፍለ ጊዜ የሚያስፈልጋቸውን መረጃ ይፈልጋሉ። በትምህርት ክፍሎች ውስጥ መምህራኑ በቴክኖሎጂ የታገዙ ትምህርቶችን በመስጠት ተማሪዎቹ ዘመናዊ እውቀት እንዲያገኙ ያደርጋሉ። ተማሪዎቹ በሳይንስ እና በሂሳብ ትምህርቶች ላይ ከፍተኛ ትኩረት በመስጠት ለፈተናዎች በየቀኑ ይዘጋጃሉ። ከትምህርት በተጨማሪ ተማሪዎቹ በተለያዩ የክለብ እንቅስቃሴዎች ማለትም በሙዚቃ እና በስፖርት ውስጥ ይሳተፋሉ። የስፖርት ሰዓት ላይ ተማሪዎቹ በሜዳ ላይ በመሮጥ እና በኳስ ጨዋታዎች በመሳተፍ አካላዊ ብቃታቸውን ያሳድጋሉ። በትምህርት ቤቱ ውስጥ የሚካሄዱ የክርክር ውድድሮች ተማሪዎች በንግግር ችሎታቸው እንዲያድጉ እና በራስ መተማመናቸው እንዲጨምር ያደርጋሉ። ተማሪዎቹ በየቀኑ አብረው የሚማሩ ጓደኞቻቸው ጋር በመሆን የቡድን ጥናት በማድረግ አዳዲስ ነገሮችን ይማራሉ። መምህራኑ ተማሪዎቹን በየጊዜው በመገምገም እና ግብረ መልስ በመስጠት የትምህርት አቅማቸውን እንዲያሻሽሉ ይረዳሉ። በትምህርት ቤቱ ውስጥ የሚገኙ የዲጂታል መሣሪያዎች ተማሪዎች መረጃዎችን በፍጥነት እንዲያገኙ ትልቅ ዕድል ይሰጣቸዋል። ተማሪዎቹ በትምህርት ቤቱ ውስጥ የሚማሩት ሥነ-ምግባር ለወደፊት ማኅበራዊ ሕይወታቸው በጣም አስፈላጊ መሆኑን ይረዳሉ። በትምህርት ቤቱ ውስጥ የሚከናወኑ የሳይንስ ሙከራዎች ተማሪዎች በንድፈ ሃሳብ ብቻ ሳይሆን በተግባር እንዲማሩ ያደርጋሉ። በትምህርት ማብቂያ ሰዓት ተማሪዎቹ የዕለት ተዕለት ተግባራቸውን አጠናቅቀው በደስታ ወደ ቤታቸው ይመለሳሉ። ወደ ቤት ሲመለሱም ለሚቀጥለው ቀን የሚያስፈልጋቸውን የትምህርት ቁሳቁስ በማዘጋጀት ለትምህርት ዝግጁ ይሆናሉ። በትምህርት ቤት ውስጥ የሚገኝ እውቀት እና ልምድ ለተማሪዎቹ ስኬታማ ሕይወት መሰረት ነው።"
summarisation|331#0,summarisation,,history,"ከዚህ በታች ያለውን ጽሑፍ በ2-3 ዓረፍተ ነገሮች አጠቃልለው።

Context:
የኢትዮጵያ የቀን አቆጣጠር ሥርዓት ከዓለም አቀፉ የግሪጎሪያን አቆጣጠር የተለየና ለየት ያለ ታሪካዊ አመጣጥ ያለው ጥንታዊ የዘመን አቆጣጠር ዘዴ ነው። ይህ የዘመን አቆጣጠር በኢትዮጵያ ኦርቶዶክስ ተዋሕዶ ቤተክርስቲያን ሥርዓትና በሀገሪቱ ባህላዊ እሴቶች ላይ ተመስርቶ የተገነባ ነው። የኢትዮጵያ ዘመን አቆጣጠር ከእስራኤላውያንና ከጥንታዊ የዓለም ሥልጣኔዎች ጋር ተያያዥነት ያለው መሆኑን ብዙ የታሪክ ምሁራን ይገልጻሉ። በኢትዮጵያ የቀን አቆጣጠር መሠረት በአመት ውስጥ አሥራ ሁለት ወራት ሲኖሩ እያንዳንዱ ወር ከሰላሳ ቀናት ይደርሳል። ከአሥራ ሁለት ወራት በተጨማሪ thirteenth month የሚባለውኛው ነሐሴ ወር አሥራ አንድ ቀናት ይኖሩታል። ይህ ልዩ አቆጣጠር በዓለም አቀፍ ደረጃ ከሚታወቀው የዘመን አቆጣጠር በሰባት ዓመታት ያህል ወደኋላ ይገኛል። የኢትዮጵያ አቆጣጠር የፀሐይ አቆጣጠር በመሆኑ በፀሐይ እንቅስቃሴ ላይ ተመስርቶ የቀናትንና የወራትን ለውጥ ይለካል። የኢትዮጵያ አቆጣጠር የዓመተ ምሕረት አቆጣጠር ከኢየሱስ ክርስቶስ መወለድ ጋር የተያያዘ መሆኑን የታሪክ መጻሕፍት ይተርካሉ። የሀገሪቱ የዘመን አቆጣጠር ሥርዓት በኢትዮጵያ የሕይወት ዘይቤ፣ በሃይማኖታዊ ሥርዓቶችና በባህላዊ በዓላት ላይ ከፍተኛ ተጽዕኖ አለው። በኢትዮጵያ ውስጥ የሚከበሩ አብዛኞቹ የሃይማኖት በዓላት የሚወሰኑት በዚህ ልዩ የዘመን አቆጣጠር መሠረት ነው። የኢትዮጵያ የቀን አቆጣጠር ሥርዓት ለሀገሪቱ ብሔራዊ ማንነትና ለባህላዊ እሴቶች መቆየት ትልቅ ድርሻ አለው። ይህ አቆጣጠር በኢትዮጵያ ውስጥ ለሚገኙ የንግድ፣ የትምህርትና የሥራ እንቅስቃሴዎች መሠረት ሆኖ ያገለግላል። የዘመን አቆጣጠሩ ልዩነት በዓለም አቀፍ ግንኙነቶች ወቅት ትኩረት የሚስብና ለውይይት የሚቀርብ ጉዳይ ነው። የኢትዮጵያ የቀን አቆጣጠር ሥርዓት በታሪክና በባህል የታጀበ ጥልቅ እውቀት የሚጠይቅ የዘመን መለኪያ ነው።"
summarisation|335#0,summarisation,,health,"የሚከተለውን ጽሑፍ ዋና ዋና ነጥቦች ብቻ በመያዝ አጭር አድርገህ ግለጽ።

Context:
በሰሜን አውራጃ የሰላም ከተማ ውስጥ በሚገኘው የባህር ዳር የጤና ጣቢያ በቅርቡ የተከሰተውን ወባ በሽታ መከላከያ ዘመቻ በተመለከተ አዲስ መረጃ ተሰጥቷል። የጤና ጥበቃ ባለሙያው አቶ በቀለ ታደሰ እንደገለጹት በዘመቻው ወቅት በሰላም ከተማ ውስጥ ለሚኖሩ አምስት መቶ ቤተሰቦች የትንኝ መከላከያ አውታሮች በነጻ ተከፋፍለዋል። ይህ የጤና ዘመቻ በሰኔ አስራ አምስት ቀን ከጠዋት ስድስት ሰዓት ጀምሮ በከተማዋ ውስጥ በተለያዩ መንደሮች ተካሂዶ ተጠናቋል። የከተማዋ የጤና መኮንን ወይዘሪት ሳራ አበበ በዘመቻው ወቅት አምስት መቶ አዳዲስ የትንኝ መከላከያ አውታሮችን ማከፋፈላችንን በደስታ እንገልጻለን ብለዋል። በዘመቻው ወቅት በከተማዋ ውስጥ የሚገኙ ሁለት መቶ አርባ አምስት ህፃናት ስለ ወባ መከላከያ መንገዶች ሰፊ ግንዛቤ እንዲጨብጡ ተደርጓል። የጤና ባለሙያዎች በየቤቱ በመዞር የውሃ መከማቻ ቦታዎችን እንዲያጸዱና የቆመ ውሃ እንዳይኖር አስፈላጊውን ምክር ለነዋሪዎች ሰጥተዋል። በዘመቻው ወቅት የተሰበሰበው መረጃ እንደሚያሳየው በከተማዋ ውስጥ የሚገኙ ሰባት መንደሮች ከፍተኛ ጥንቃቄ ማድረግ እንዳለባቸው አመላካች ሆኗል። የጤና ጣቢያው የበላይ ኃላፊ አቶ ደመሰበ ጌታ በመጀመሪያው ሳምንት ውስጥ ብቻ መቶ ሃያ አዳዲስ የጤና ባለሙያዎች ስልጠና ማግኘታቸውን ገልጸዋል። በሰላም ከተማ ውስጥ የሚገኙ አምስት ትላልቅ ትምህርት ቤቶች በዘመቻው ላይ በመሳተፍ ለተማሪዎች ስለ ወባ መከላከያ ትምህርት ሰጥተዋል። የጤና ባለሙያዎች በየቀኑ ስምንት ሰዓት ለሚቆይ ጊዜ በመንደሮች ውስጥ በመዞር የጤና ትምህርት መስጠት ላይ ትኩረት አድርገዋል። በዘመቻው ወቅት የተገኙ አምስት መቶ ሃያ አምስት የትንኝ መከላከያ አውታሮች ለከተማዋ ነዋሪዎች በሙሉ እንዲደርሱ ተደርጓል። የጤና ጣቢያው የፋይናንስ ክፍል በዘመቻው ወቅት ለተከናወኑ ተግባራት አምስት መቶ ሺህ ብር ወጪ መደረጉን በሪፖርት አቅርቧል። በዘመቻው ወቅት የተሳተፉት ሁለት መቶ አርባ አምስት በጎ ፈቃደኞች ለከተማዋ ነዋሪዎች የጤና ግንዛቤ በመስጠት ረገድ ትልቅ ሚና ተጫውተዋል። የከተማዋ ነዋሪዎች በዘመቻው ላይ በንቃት በመሳተፋቸው ለወባ በሽታ መከላከል ትልቅ ስኬት ተመዝግቧል ተብሏል። በቀጣይ በሰኔ ሃያ ቀን ሌላ ተጨማሪ የጤና ዘመቻ ለመጀመር ታቅዷል ሲባል በዜናው ተገልጿል።"
summarisation|335#1,summarisation,,health,"እባክዎን ይህን ጽሑፍ በአጭሩ ያጠቃልሉ።

Context:
በደቡብ አውራጃ የጥላ ከተማ ውስጥ በሚገኘው የደመራ የጤና ማዕከል በቅርቡ የተካሄደውን የወባ መከላከያ ስልጠና በተመለከተ ዝርዝር መረጃ ተሰጥቷል። የጤና ማዕከሉ ኃላፊ ወይዘሮ አልማዝ አሰፋ እንደገለጹት በስልጠናው ላይ ሁለት መቶ አርባ አምስት የጤና ባለሙያዎች ተሳትፈዋል። ይህ ስልጠና በሐምሌ አምስት ቀን ከጠዋት ሁለት ሰዓት ጀምሮ ለሶስት ተከታታይ ቀናት በከተማዋ ውስጥ በሚገኘው ትልቅ አዳራሽ ተካሂዷል። በስልጠናው ወቅት በከተማዋ ውስጥ የሚገኙ አምስት መቶ አዳዲስ የጤና ሰራተኞች ስለ ወባ መከላከያ ዘዴዎች ሰፊ እውቀት እንዲጨብጡ ተደርጓል። የጤና ባለሙያው አቶ ታደሰ በቀለ በስልጠናው ወቅት የተሰጡት መመሪያዎች በከተማዋ ውስጥ ለሚገኙ አምስት መቶ ቤተሰቦች እንዲደርሱ ተደርጓል። በስልጠናው ወቅት የተዘጋጁት አምስት መቶ ሃያ አምስት የትምህርት መጽሐፍት ለጤና ሰራተኞች በነጻ ተከፋፍለዋል። የጤና ማዕከሉ የቴክኒክ ክፍል በስልጠናው ወቅት አምስት መቶ አርባ አምስት አዳዲስ የጤና መሣሪያዎች መቅረባቸውን ገልጿል። በስልጠናው ወቅት የተሳተፉት ሁለት መቶ አርባ አምስት ባለሙያዎች በየቀኑ ስምንት ሰዓት ለሚቆይ ጊዜ ስልጠና ወስደዋል። የከተማዋ የጤና መኮንን አቶ ዮናስ በቀለ በስልጠናው ወቅት የተሳተፉት ባለሙያዎች ለከተማዋ ነዋሪዎች ትልቅ አገልግሎት እንደሚሰጡ ገልጸዋል። በስልጠናው ወቅት የተሰበሰበው መረጃ እንደሚያሳየው በከተማዋ ውስጥ የሚገኙ ሰባት መንደሮች ከፍተኛ የጤና ትኩረት ያስፈልጋቸዋል። የጤና ማዕከሉ በስልጠናው ወቅት አምስት መቶ ሺህ ብር ለስልጠናው ዝግጅት ወጪ መደረጉን በሪፖርት አቅርቧል። በስልጠናው ወቅት የተገኙ አምስት መቶ ሃያ አምስት የትምህርት ቁሳቁሶች ለጤና ሰራተኞች እንዲደርሱ ተደርጓል። የጤና ማዕከሉ በስልጠናው ወቅት የተሳተፉት ሁለት መቶ አርባ አምስት በጎ ፈቃደኞች ለጤና ሰራተኞች ድጋፍ አድርገዋል። በስልጠናው ወቅት የተሰጡት አምስት መቶ አርባ አምስት መመሪያዎች ለጤና ሰራተኞች እንዲያገለግሉ ተደርጓል። በስልጠናው ወቅት የተሳተፉት ባለሙያዎች በቀጣይ በከተማዋ ውስጥ ወባን ለመከላከል ትልቅ ስራ እንደሚሰሩ ተገልጿል።"
summarisation|335#2,summarisation,,health,"ጽሑፉን አንብበሽ ማጠቃለያውን ጻፊ።

Context:
በምስራቅ አውራጃ የብርሃን ከተማ ውስጥ በሚገኘው የፀሐይ የጤና ጣቢያ በቅርቡ የተከናወነውን የወባ መከላከያ ንቅናቄ በተመለከተ አዲስ መረጃ ተሰጥቷል። የጤና ጣቢያው ኃላፊ አቶ አበበ ጌታ እንደገለጹት በንቅናቄው ወቅት በከተማዋ ውስጥ ለሚኖሩ አምስት መቶ ቤተሰቦች የትንኝ መከላከያ አውታሮች ተከፋፍለዋል። ይህ የጤና ንቅናቄ በነሐሴ አስራ ሁለት ቀን ከጠዋት ስምንት ሰዓት ጀምሮ በከተማዋ ውስጥ በተለያዩ መንደሮች ተካሂዷል። የከተማዋ የጤና መኮንን ወይዘሪት መቅደስ አሰፋ በንቅናቄው ወቅት አምስት መቶ አዳዲስ የትንኝ መከላከያ አውታሮችን ማከፋፈላችንን ገልጻለች። በንቅናቄው ወቅት በከተማዋ ውስጥ የሚገኙ ሁለት መቶ አርባ አምስት ህፃናት ስለ ወባ መከላከያ መንገዶች ሰፊ ግንዛቤ እንዲጨብጡ ተደርጓል። የጤና ባለሙያዎች በየቤቱ በመዞር የውሃ መከማቻ ቦታዎችን እንዲያጸዱና የቆመ ውሃ እንዳይኖር አስፈላጊውን ምክር ሰጥተዋል። በንቅናቄው ወቅት የተሰበሰበው መረጃ እንደሚያሳየው በከተማዋ ውስጥ የሚገኙ ሰባት መንደሮች ከፍተኛ ጥንቃቄ ማድረግ እንዳለባቸው አመላካች ነው። የጤና ጣቢያው የበላይ ኃላፊ አቶ ደመሰበ ጌታ በመጀመሪያው ሳምንት ውስጥ ብቻ መቶ ሃያ አዳዲስ የጤና ባለሙያዎች ስልጠና ማግኘታቸውን ገልጸዋል። በንቅናቄው ወቅት በከተማዋ ውስጥ የሚገኙ አምስት ትላልቅ ትምህርት ቤቶች በንቅናቄው ላይ በመሳተፍ ለተማሪዎች ትምህርት ሰጥተዋል። የጤና ባለሙያዎች በየቀኑ ስምንት ሰዓት ለሚቆይ ጊዜ በመንደሮች ውስጥ በመዞር የጤና ትምህርት መስጠት ላይ ትኩረት አድርገዋል። በንቅናቄው ወቅት የተገኙ አምስት መቶ ሃያ አምስት የትንኝ መከላከያ አውታሮች ለከተማዋ ነዋሪዎች በነጻ ተከፋፍለዋል። የጤና ጣቢያው የፋይናንስ ክፍል በንቅናቄው ወቅት ለተከናወኑ ተግባራት አምስት መቶ ሺህ ብር ወጪ መደረጉን ገልጿል። በንቅናቄው ወቅት የተሳተፉት ሁለት መቶ አርባ አምስት በጎ ፈቃደኞች ለከተማዋ ነዋሪዎች የጤና ግንዛቤ በመስጠት ረገድ ትልቅ ሚና ተጫውተዋል። የከተማዋ ነዋሪዎች በንቅናቄው ላይ በንቃት በመሳተፋቸው ለወባ በሽታ መከላከል ትልቅ ስኬት ተመዝግቧል። በቀጣይ በነሐሴ ሃያ ቀን ሌላ ተጨማሪ የጤና ንቅናቄ ለመጀመር ታቅዷል ሲባል በዜናው ተገልጿል።"
summarisation|339#0,summarisation,,health,"ጽሑፉን አንብበሽ ማጠቃለያውን ጻፊ።

Context:
በሰሜን ኮንሶ ከተማ ውስጥ በሚገኘው የአባይ ተፋሰስ የጤና ጣቢያ ውስጥ ባለፈው ማክሰኞ በድንገት የድንጋይ መንሸራተት አደጋ በመከሰቱ አምስት ሰራተኞች ጉዳት ደርሶባቸዋል። በወቅቱ በቦታው የነበሩት የጤና ባለሙያ አቶ በቀለ ተስፋዬ እንደገለጹት የአደጋው መንስኤ በከባድ ዝናብ ምክንያት የመሬት መሸርሸር መሆኑን በዝርዝር አብራርተዋል። በደረሰው ጉዳት ምክንያት የሁለት ወጣት ሰራተኞች እጅ በከባድ ቁስል የተጎዳ ሲሆን ሌላኛው ደግሞ በጭንቅላት ላይ ጉዳት ደርሶበታል። የጤና ጣቢያው የድንገተኛ አደጋ ቡድን በአፋጣኝ በመነሳት ቁስሉን በንጹህ ውሃ በማጠብ እና በንጹህ ጨርቅ በመጠቅለል የመጀመሪያ እርዳታ መስጠት ችሏል። የቁስሉን ኢንፌክሽን ለመከላከል ሲባል በቦታው የነበሩት ነርሶች በንጹህ አልኮል እና በፀረ ተባይ መድኃኒቶች በመታገዝ የቁስሉን ሁኔታ መቆጣጠር ችለዋል። አቶ በቀለ አክለውም በድንገተኛ አደጋ ወቅት የደም መፍሰስን ለመቀነስ ቁስሉን በጠንካራ ጨርቅ መጫን ወሳኝ መሆኑን ለከተማው ነዋሪዎች አስተምረዋል። በቦታው የነበሩት የጤና ባለሙያዎች በድንገት የሚከሰቱ የደም መፍሰስ አደጋዎችን ለመቀነስ የመጀመሪያ እርዳታ ስልጠና በየወሩ መስጠት እንደሚጀምሩ ገልጸዋል። የከተማዋ የጤና ቢሮ ኃላፊ ወይዘሪት አልማዝ አበበ በደረሰው አደጋ ምክንያት የተጎዱት ሰራተኞች በአሁኑ ወቅት በቅርብ ክትትል ስር መሆናቸውን አረጋግጠዋል። በጤና ጣቢያው ውስጥ የድንገተኛ አደጋ መከላከያ ቁሳቁሶች በበቂ ሁኔታ መኖራቸውን እና ለሚመጡ አደጋዎች ዝግጁ መሆናቸውን በድጋሚ አረጋግጠዋል። የጤና ባለሙያዎች ለህዝቡ የሚሰጡት ምክር በቤት ውስጥ የሚከሰቱ ትናንሽ ቁስሎችን እንዴት በንጽህና መያዝ እንደሚቻል ላይ ትኩረት ያደርጋል። በቦታው የነበሩት የጤና ባለሙያዎች በድንገተኛ አደጋ ወቅት መረጋጋት እና በፍጥነት እርምጃ መውሰድ ለህይወት መትረፍ በጣም አስፈላጊ መሆኑን አሳስበዋል። በሰሜን ኮንሶ ከተማ የሚገኙ የጤና ተቋማት ለወደፊቱ መሰል አደጋዎች የሚሆኑ የድንገተኛ አደጋ መከላከያ መሣሪያዎችን በብዛት ለማሟላት እቅድ አውጥተዋል። በአጠቃላይ በጤና ጣቢያው የነበረው የድንገተኛ አደጋ ምላሽ በጣም ፈጣን እና ውጤታማ እንደነበር የጤና ባለሙያዎቹ በሪፖርታቸው ላይ ጠቅሰዋል።"
summarisation|339#1,summarisation,,health,"እባክዎን ይህን ጽሑፍ በአጭሩ ያጠቃልሉ።

Context:
በደቡብ አባያ ገጠር ውስጥ በሚገኘው የዘር ማዕከል ውስጥ ባለፈው እሁድ በድንገት የተከሰተ የንፋስ አደጋ ሰባት ገበሬዎችን ለከባድ አደጋ አጋልጧል። በወቅቱ በገበሬው ማህበር ውስጥ የነበሩት አቶ ታደሰ ከበቀለ እንደገለጹት ንፋሱ የቤት ጣራዎችን በመስበር በሰዎች ላይ ጉዳት አድርሷል። በደረሰው አደጋ ምክንያት የአንድ ገበሬ እግር ላይ ከፍተኛ የቁስል ጉዳት የደረሰ ሲሆን ሌላኛው ደግሞ በከፍተኛ የደም መፍሰስ ምክንያት ተቸግሯል። የገበሬው ማህበር የድንገተኛ አደጋ አባላት በአፋጣኝ በመድረስ የደም መፍሰስን ለመቆጣጠር ቁስሉን በንጹህ ጨርቅ በመጫን የመጀመሪያ እርዳታ ሰጥተዋል። በወቅቱ የነበሩት የጤና ረዳት አቶ ዮናስ አብዱል የደም መፍሰስን ለመቀነስ ቁስሉን ከፍ አድርጎ መያዝ አስፈላጊ መሆኑን ለተጎጂዎቹ አሳይተዋል። በደረሰው አደጋ ምክንያት የተጎዱት ሰዎች በአፋጣኝ ወደ አቅራቢያው በሚገኘው የሰላም ጤና ጣቢያ እንዲወሰዱ በታክሲ ተደርገው ተልከዋል። የጤና ጣቢያው ዶክተር ወይዘሮ መቅደስ አበበ ቁስሉን በንጹህ ውሃ በማጠብ እና በንጽህና በመያዝ ኢንፌክሽን እንዳይከሰት መደረጉን ገልጻለች። በገበሬው ማህበር ውስጥ የሚገኙ የጤና አጠባበቅ ስልጠናዎች ለሰዎች መሰረታዊ የድንገተኛ አደጋ እውቀት ለመስጠት ትልቅ ሚና እየተጫወቱ መሆኑ ተገልጿል። አቶ ታደሰ አክለውም በንፋስ አደጋ ወቅት ሰዎች ከቤት ውጭ ከመቆም እና ለከባድ ንፋስ እንዳይጋለጡ ጥንቃቄ እንዲያደርጉ አሳስበዋል። በድንገተኛ አደጋ ወቅት የሚከሰቱ የቁስል ጉዳቶችን ለመቀነስ እና ለመቆጣጠር የቤት ውስጥ የመጀመሪያ እርዳታ መስጫ ሳጥን መኖር እንዳለበት አሳስበዋል። የገበሬው ማህበር አመራሮች በየሳምንቱ ለገበሬዎች መሰረታዊ የጤና እና የድንገተኛ አደጋ መከላከያ ስልጠናዎችን ለመስጠት ወስነዋል። በቦታው የነበሩት የጤና ባለሙያዎች በድንገተኛ አደጋ ወቅት መረጋጋት እና ትክክለኛውን የድንገተኛ እርዳታ መስጠት ለህይወት መትረፍ ወሳኝ መሆኑን አሳስበዋል። በአጠቃላይ በገበሬው ማህበር የነበረው የድንገተኛ አደጋ ምላሽ በጣም ፈጣን እና ውጤታማ እንደነበር በሪፖርቱ ላይ ተገልጿል።"
summarisation|339#2,summarisation,,health,"የሚከተለውን ጽሑፍ አጠቃልል።

Context:
በምስራቅ ሸዋ አካባቢ በሚገኘው የጥቁር አባይ የግብርና ማዕከል ውስጥ ባለፈው ረቡዕ በድንገት የኬሚካል መፍሰስ አደጋ ተከስቶ ሶስት ሰራተኞች ለጉዳት ተጋልጠዋል። በወቅቱ በቦታው የነበሩት የኬሚካል ባለሙያ አቶ አሰፋ በቀለ እንደገለጹት የኬሚካሉ መፍሰስ ምክንያት የሆነው የትራንስፖርት መኪና መገልበጥ ነው። በደረሰው አደጋ ምክንያት የሁለት ሰራተኞች ቆዳ ላይ የኬሚካል ንክኪ በመድረሱ ከፍተኛ የማቃጠል ስሜት እና ቁስል ደርሶባቸዋል። የጤና ባለሙያዎች በአፋጣኝ በመድረስ የኬሚካል ንክኪ የደረሰባቸውን አካል በብዛት በንጹህ ውሃ ለሃያ ደቂቃ ያህል በማጠብ መርዳት ችለዋል። አቶ አሰፋ አክለውም በኬሚካል አደጋ ወቅት የቆዳን ጉዳት ለመቀነስ ፈጣን የውሃ መታጠብ ወሳኝ መሆኑን ለሰራተኞች አሳስበዋል። በቦታው የነበሩት የጤና ረዳት ወይዘሪት ሳራ አቤል የኬሚካል ንክኪ የደረሰባቸውን ሰዎች ወደ ጤና ጣቢያ በማጓጓዝ አስፈላጊውን ህክምና ሰጥተዋል። በጤና ጣቢያው የድንገተኛ ክፍል ዶክተር ወይዘሮ ሄለን ተሰማ የቆዳ ቁስሉን ለማከም እና ኢንፌክሽን እንዳይከሰት ለመከላከል ጥንቃቄ የተሞላበት ህክምና መስጠት ችለዋል። በኬሚካል አደጋ ወቅት የዓይን ጉዳት እንዳይከሰት መነጽር መጠቀም እና በአፋጣኝ አይንን በውሃ መታጠብ አስፈላጊ መሆኑን ባለሙያዎቹ ገልጸዋል። የግብርና ማዕከሉ አስተዳደር ለሰራተኞች በየወሩ ስለ ኬሚካል አያያዝ እና ስለ ድንገተኛ አደጋ መከላከያ ስልጠና መስጠት እንደሚጀምር ገልጿል። በድንገተኛ አደጋ ወቅት የሚከሰቱ የኬሚካል ጉዳቶችን ለመቀነስ የደህንነት መሣሪያዎችን መጠቀም የግዴታ መሆኑን አቶ አሰፋ አሳስበዋል። በቦታው የነበሩት የጤና ባለሙያዎች በኬሚካል አደጋ ወቅት መረጋጋት እና ፈጣን እርምጃ መውሰድ ለህይወት መትረፍ ወሳኝ መሆኑን አሳስበዋል። በአጠቃላይ በግብርና ማዕከሉ የነበረው የድንገተኛ አደጋ ምላሽ በጣም ፈጣን እና ውጤታማ እንደነበር በሪፖርቱ ላይ ተገልጿል።"
summarisation|343#0,summarisation,,science,"እባክዎን ይህን ጽሑፍ በአጭሩ ያጠቃልሉ።

Context:
ኤሌክትሪክ ኃይል በዓለም ዙሪያ ለሚገኙ ዘመናዊ መሠረተ ልማቶችና ለዕለት ተዕለት የሰው ልጅ እንቅስቃሴ እጅግ አስፈላጊ የሆነው የኃይል ምንጭ ነው። ይህ የኃይል ዓይነት ከኤሌክትሮኖች እንቅስቃሴ የሚመነጭ ሲሆን በኤሌክትሪክ ገመዶች አማካኝነት ከአንድ ቦታ ወደ ሌላ ቦታ በቀላሉ ሊጓዝ ይችላል። የኤሌክትሪክ አቅርቦት በዋናነት ከተፈጥሮ ምንጮች ማለትም ከፀሐይ ብርሃን ከንፋስ ከውሃና ከሙቀት አማካኝነት የሚገኝ ዘላቂ የኃይል ዓይነት ነው። የፀሐይ ኃይል በፀሐይ ፓነሎች አማካኝነት ብርሃንን ወደ ኤሌክትሪክ በመቀየር ለቤትና ለኢንዱስትሪ አገልግሎት እንዲውል ይደረጋል። የንፋስ ኃይል ደግሞ በትልልቅ የንፋስ ተርባይኖች አማካኝነት ከንፋስ እንቅስቃሴ የሚገኝ ንጹህና ከአካባቢ ብክለት ነፃ የሆነ የኃይል ምንጭ ነው። የውሃ ኃይል በዓለም ላይ ካሉ ትላልቅ የኤሌክትሪክ ማመንጫዎች አንዱ ሲሆን በዓይነት በተለያዩ የዓባይ ተፋሰሶችና ወንዞች አማካኝነት ይገኛል። እነዚህ ሁሉ የኃይል ምንጮች ለኤሌክትሪክ ማመንጫ ጣቢያዎች ግብዓት በመሆን ለከተሞችና ለገጠር አካባቢዎች የኤሌክትሪክ አገልግሎት እንዲደርስ ያደርጋሉ። የኤሌክትሪክ ፍሰት በኤሌክትሪክ ገመዶች ውስጥ ሲጓዝ የቮልቴጅ መጠንና የኤሌክትሪክ መጠን በየደረጃው ሊለወጥ እንደሚችል ማወቅ በጣም አስፈላጊ ነው። የኤሌክትሪክ ኃይል አጠቃቀም በከፍተኛ ሁኔታ እየጨመረ በመምጣቱ የኃይል ብክነትን ለመቀነስ የሚያስችሉ አዳዲስ ቴክኖሎጂዎች በዓለም ላይ እየተሰሩ ነው። የኃይል ማከማቻ ዘዴዎች ማለትም ባትሪዎች የኤሌክትሪክ ኃይልን ለረጅም ጊዜ እንዲቆይ በማድረግ ለተለያዩ መሣሪያዎች አገልግሎት እንዲሰጡ ይረዳሉ። በኤሌክትሪክ ኃይል አማካኝነት የሚሰሩ መሣሪያዎች የሰው ልጅን የሥራ ጫና በመቀነስና የኑሮ ደረጃን በማሻሻል ረገድ ትልቅ ሚና ይጫወታሉ። የኤሌክትሪክ ኃይል አቅርቦት መቆራረጥ በኢንዱስትሪዎችና በጤና ተቋማት ላይ ከፍተኛ ተጽዕኖ ስለሚያሳድር አስተማማኝ የኃይል መሠረተ ልማት መገንባት ይገባል። በአሁኑ ወቅት ዓለም ወደ አረንጓዴ የኃይል ምንጮች ለመሸጋገር የሚያደርገው ጥረት የአየር ንብረት ለውጥን ለመከላከል ትልቅ ተስፋ ይሰጣል። የኤሌክትሪክ ኃይልን በብቃትና በጥንቃቄ መጠቀም ለተሻለና ለዘላቂ የኢኮኖሚ ዕድገት መሠረት መሆኑን መረዳት በጣም አስፈላጊ ነው።"
summarisation|343#1,summarisation,,science,"የሚከተለውን ጽሑፍ አጠቃልል።

Context:
የኃይል ምንጮች በዓለም ላይ ለሚገኙ የተለያዩ የኢንዱስትሪና የቤት ውስጥ አገልግሎቶች ዋነኛ መሠረት በመሆናቸው ትልቅ ትኩረት እየተሰጣቸው ነው። የኃይል ዓይነቶች በሁለት ዋና ዋና ክፍሎች ማለትም በታዳሽና በማይታደሱ የኃይል ምንጮች ተከፍለው ሊታዩ ይችላሉ። የማይታደሱ የኃይል ምንጮች ማለት እንደ ከሰልና ነዳጅ ያሉ ከተጨመሩ በኋላ ዳግም ሊገኙ የማይችሉ የተፈጥሮ ሀብቶች ናቸው። እነዚህ የኃይል ምንጮች ለኤሌክትሪክ ማመንጫነት በስፋት ጥቅም ላይ ቢውሉም የአየር ብክለትና የአየር ንብረት ለውጥን የሚያስከትሉ ናቸው። ታዳሽ የኃይል ምንጮች ደግሞ እንደ ፀሐይና ንፋስ ያሉ ተፈጥሮአዊ ሂደቶችን በመጠቀም ደጋግመው ሊገኙ የሚችሉ የኃይል ዓይነቶች ናቸው። የፀሐይ ኃይልን መጠቀም የአካባቢ ብክለትን ለመቀነስና ለረጅም ጊዜ የሚቆይ የኃይል አቅርቦት ለማግኘት በጣም ውጤታማ መንገድ ነው። የጂኦተርማል ኃይል ከምድር ውስጥ ሙቀት በመነሳት የሚገኝ ሲሆን ይህም በጣም አስተማማኝና ዘላቂ የሆነ የኃይል ምንጭ ነው። የባዮማስ ኃይል ከዕፅዋትና ከእንስሳት ተረፈ ምርቶች የሚገኝ ሲሆን ይህም ለተለያዩ የኃይል ፍላጎቶች አገልግሎት ይሰጣል። የኤሌክትሪክ ኃይልን ለማመንጨትና ለማሰራጨት የሚያስፈልጉ መሠረተ ልማቶች ከፍተኛ የኢንጂነሪንግ እውቀትና ዘመናዊ ቴክኖሎጂን ይጠይቃሉ። የኤሌክትሪክ ኃይል ፍሰት በኤሌክትሪክ ገመዶች ውስጥ ሲጓዝ የኃይል መጥፋት ወይም ብክነት እንዳይኖር ጥንቃቄ ማድረግ ያስፈልጋል። የኃይል ማከማቻ ዘዴዎች ማለትም ዘመናዊ ባትሪዎች የታዳሽ ኃይል ምንጮችን መቆራረጥ ለመቀነስና ለተከታታይ አገልግሎት ለመጠቀም ይረዳሉ። በኤሌክትሪክ ኃይል አማካኝነት የሚሰሩ የኤሌክትሪክ ተሽከርካሪዎች የነዳጅ ፍጆታንና የካርቦን ልቀትን ለመቀነስ ትልቅ ሚና እየተጫወቱ ነው። የኃይል አቅርቦት ደህንነትን ለማረጋገጥና ለኢኮኖሚ ዕድገት እንዲረዳ የኃይል መሠረተ ልማቶችን ማዘመንና ማጠናከር የግድ ይላል። ዓለም አቀፋዊ የኃይል ፍላጎት በየዓመቱ እየጨመረ በመምጣቱ አዳዲስና ንጹህ የኃይል ምንጮችን ማግኘት ወሳኝ ጉዳይ ነው። የኃይል አጠቃቀምን በተመለከተ ግንዛቤ መፍጠርና ኃይልን በአግባቡ መጠቀም ለተሻለ የወደፊት ሕይወት መሠረት ነው።"
summarisation|343#2,summarisation,,science,"የሚከተለውን ጽሑፍ አጠቃልል።

Context:
ኤሌክትሪክ ኃይል በዘመናዊው ዓለም ውስጥ ለሁሉም የሰው ልጅ የዕለት ተዕለት እንቅስቃሴዎችና ለኢንዱስትሪ ዕድገት ወሳኝ ነው። የኤሌክትሪክ ኃይል ምንጮች በዓለም ዙሪያ በተለያዩ መንገዶችና ቴክኖሎጂዎች አማካኝነት ለተጠቃሚዎች እንዲደርሱ ይደረጋል። የኤሌክትሪክ ኃይል ማመንጫ ጣቢያዎች የኃይል ምንጮቹን ወደ ኤሌክትሪክ በመቀየር ለከተሞችና ለገጠር ማኅበረሰቦች ያቀርባሉ። የፀሐይ ኃይል ማመንጫዎች የፀሐይ ብርሃንን በመጠቀም ለቤት ውስጥ መብራትና ለኤሌክትሮኒክስ መሣሪያዎች አገልግሎት ይሰጣሉ። የንፋስ ኃይል ማመንጫዎች ከንፋስ ፍጥነት በመነሳት ኤሌክትሪክ የሚያመነጩ ትላልቅ ተርባይኖችን በመጠቀም ኃይል ያመነጫሉ። የውሃ ኃይል ማመንጫዎች በዓይነት በተለያዩ ወንዞችና ግድቦች አማካኝነት ከፍተኛ መጠን ያለው ኤሌክትሪክ የማመንጨት አቅም አላቸው። የኤሌክትሪክ ኃይልን ለማሰራጨት የሚያገለግሉ የኤሌክትሪክ ገመዶችና ትራንስፎርመሮች የኃይል መጠንን በመቆጣጠር ለተጠቃሚዎች ያደርሳሉ። የኤሌክትሪክ ኃይል አጠቃቀምን በተመለከተ የኃይል ብክነትን መቀነስና ውጤታማ የሆኑ መሣሪያዎችን መጠቀም በጣም አስፈላጊ ነው። የኤሌክትሪክ ኃይልን ለማከማቸት የሚያገለግሉ ባትሪዎች ለተለያዩ የኃይል ፍላጎቶችና ለተንቀሳቃሽ መሣሪያዎች አገልግሎት ይሰጣሉ። የኤሌክትሪክ ኃይል አቅርቦት መረጋጋት ለትላልቅ ፋብሪካዎችና ለጤና ተቋማት ሥራ ቀጣይነት ለማረጋገጥ እጅግ አስፈላጊ ነው። በአሁኑ ወቅት ዓለም ወደ ታዳሽና ንጹህ የኃይል ምንጮች ለመሸጋገር የሚያደርገው ጥረት የአካባቢ ጥበቃን ያረጋግጣል። የኤሌክትሪክ ኃይልን በብቃት መጠቀምና አላስፈላጊ ብክነትን መከላከል ለኢኮኖሚ ዕድገትና ለተፈጥሮ ጥበቃ ይረዳል። የኃይል ቴክኖሎጂዎች በየጊዜው እየተሻሻሉ በመምጣታቸው አዳዲስ የኃይል ምንጮችን ማግኘትና መጠቀም ቀላል እየሆነ መጥቷል። የኤሌክትሪክ ኃይልን በሰላምና በጥንቃቄ መጠቀም ለሰው ልጅ ደህንነትና ለቤት ውስጥ መሣሪያዎች ጥንካሬ ወሳኝ ነው። የኃይል አቅርቦት መሠረተ ልማትን ማጠናከር ለሀገራት ዘላቂ ልማትና ለተሻለ የኑሮ ደረጃ መሠረት ነው።"
summarisation|347#0,summarisation,,agriculture,"የሚከተለውን ጽሑፍ ዋና ዋና ነጥቦች ብቻ በመያዝ አጭር አድርገህ ግለጽ።

Context:
በሰሜን ወባ ዞን ውስጥ በሚገኘው የዝንጅብል ተራራ አካባቢ በሚገኙት የቡና እርሻዎች ላይ በቅርቡ ከፍተኛ የሆነ የጥራት መሻሻል መታየቱን የዞኑ የግብርና ባለሙያ አቶ በቀለ ተናግረዋል። በዘንድሮው የቡና መሰብሰቢያ ወቅት በዞኑ ውስጥ የሚገኙት አምስት ትልልቅ የቡና ማቀነባበሪያ ፋብሪካዎች በአጠቃላይ አምስት መቶ ቶን ምርት ማቅረብ እንደሚችሉ የግብርና ማህበሩ አስታውቋል። የዞኑ የቡና አምራች ማህበር ሰብአዊ የልማት ድርጅት ከሆነው የሰላም ተስፋ ማህበር ጋር በመተባበር ለአርሶ አደሮች አዳዲስ የቡና ችግኞችን በነጻ ማከፋፈል መጀመሩን በሰኔ አምት ቀን አረጋግጧል። በዝንጅብል ተራራ አካባቢ የሚገኙት ገበሬዎች ካለፈው ዓመት ጋር ሲነጻጸር የቡና ምርታማነታቸውን በሃያ አምስት በመቶ ማሳደግ መቻላቸውን በሪፖርታቸው ጠቁመዋል። አዲሱ የቡና ዝርያ በደረቅ የአየር ሁኔታ ውስጥ የመቋቋም አቅሙ ከፍተኛ መሆኑ ለዚህ ስኬት ዋነኛው ምክንያት እንደሆነ የባለሙያዎቹ ጥናት ያሳያል። በዞኑ ውስጥ የሚገኙት የቡና ማቀነባበሪያ ማሽኖች አዳዲስ የቴክኖሎጂ ውጤቶች በመሆናቸው የቡናውን ጣዕም እና ጥራት በከፍተኛ ደረጃ ለመጠበቅ ይረዳሉ። የዞኑ የግብርና መምሪያ በየዓመቱ የሚካሄደውን የቡና ምርት ጥራት ፍተሻ በከፍተኛ ጥንቃቄ እና በዘመናዊ መሣሪያዎች ማከናወኑን ለህዝቡ ገልጿል። በክልሉ የሚገኙ የቡና ገበያ ተዋናዮች በዘንድሮው የቡና ወቅት ከፍተኛ የገበያ እንቅስቃሴ እንደሚታይ እና የውጭ ገበያ ፍላጎት እንደሚጨምር ተስፋ አደርገዋል። አርሶ አደሮች ለቡናቸው የሚጠቀሙባቸውን ማዳበሪያዎች በወቅቱ እንዲያገኙ ለማድረግ የዞኑ አስተዳደር ልዩ የትራንስፖርት አገልግሎት ማመቻቸቱን አስታውቋል። በቅርቡ በተካሄደው የቡና ምርት ኤግዚቢሽን ላይ የተመረቱት አዳዲስ የቡና አይነቶች በዓለም አቀፍ ደረጃ ከፍተኛ ትኩረት ማግኘታቸውን የንግድ ምክር ቤቱ አባላት ገልጸዋል። የቡና ምርቱን ለማቀነባበር የሚያስፈልጉ የሰው ኃይል ስልጠናዎችን በየወሩ በዞኑ ውስጥ በሚገኙ ማህበራት አማካኝነት መስጠት እንደሚቀጥል ተገልጿል። የዞኑ የቡና አምራቾች ማህበር አባላት በቡና ምርት ላይ የሚያደርጉትን ጥረት ለማበረታታት የዓመታዊ ምርት ሽልማት ፕሮግራም ማዘጋጀቱን በደስታ አስታውቋል። በአጠቃላይ በዝንጅብል ተራራ አካባቢ ያለው የቡና ምርት ለዞኑ ኢኮኖሚ ትልቅ ድጋፍ እየሰጠ መሆኑን የዞኑ መስተዳድር ባለስልጣናት በንግግር አረጋግጠዋል።"
summarisation|347#1,summarisation,,agriculture,"እባክዎን ይህን ጽሑፍ በአጭሩ ያጠቃልሉ።

Context:
በደቡብ አውራጃ ውስጥ በሚገኘው የሰማያዊ ተራራ ስር በሚገኙት የቡና እርሻዎች ላይ በዘንድሮው የዝናብ ወቅት የታየው ለውጥ በምርቱ ላይ ከፍተኛ ተጽዕኖ ማሳደሩን የግብርና ተመራማሪዎች ገልጸዋል። በሰማያዊ ተራራ አካባቢ የሚገኙት አርሶ አደሮች በቅርቡ በገጠሙት የድርቅ ችግር ምክንያት የቡና ምርታቸው በሰላሳ በመቶ ሊቀንስ እንደሚችል በሰኔ ሃያ ቀን በወጣው መግለጫ ተናግረዋል። የደቡብ አውራጃ የግብርና ቢሮ ከክልሉ የውሃ ሀብት ባለሙያዎች ጋር በመሆን ለተጎዱ አርሶ አደሮች የውሃ ፓምፖችን በቅናሽ ዋጋ ለማቅረብ መጀመሩን አስታውቋል። በዞኑ የሚገኙት የቡና ማቀነባበሪያ ተቋማት የቡናውን ጥራት ለመጠበቅ ሲሉ አዳዲስ የማቀነባበሪያ ዘዴዎችን መጠቀም መጀመራቸውን የድርጅቱ ስራ አስኪያጅ አቶ ታደሰ ገልጸዋል። በዘንድሮው የቡና ምርት ወቅት በክልሉ ውስጥ የሚገኘው የቡና ፍላጎት ከቀድሞው ዓመት በሃያ በመቶ እንደሚጨምር የንግድ ባለሙያዎች ትንበያ ሰጥተዋል። አርሶ አደሮች የቡናቸውን ምርት በወቅቱ ወደ ገበያ ለማድረስ የሚያስፈልጋቸውን የጭነት መኪናዎች ለማግኘት ከፍተኛ ችግር እየገጠማቸው መሆኑን የገበሬዎች ማህበር አባላት ተናግረዋል። የደቡብ አውራጃ የግብርና መምሪያ አርሶ አደሮች የቡና ችግኞችን ሲያመርቱ የሚጠቀሙባቸውን የጥበቃ ዘዴዎች እንዲያሻሽሉ በየሳምንቱ ስልጠና መስጠት መጀመሩን ገልጿል። በሰማያዊ ተራራ አካባቢ የሚገኙት የቡና ገበሬዎች የቡናቸውን ምርት በጅምላ ለመሸጥ የሚያስችላቸው የገበያ ትስስር እንዲጠናከር ጥሪ እያቀረቡ ይገኛሉ። የክልሉ የግብርና ሚኒስቴር ቅርንጫፍ በዘንድሮው የቡና ምርት ወቅት የሚታየውን የዋጋ መዋዠቅ ለመቆጣጠር ልዩ የክትትል ስራ እንደሚሰራ አስታውቋል። በዞኑ ውስጥ የሚገኙት የቡና ማደባቀቢያ ጣቢያዎች ምርቱን በንጽህና ለመያዝ የሚያስችሉ አዳዲስ የመጋዘን ግንባታ ስራዎችን ማጠናቀቃቸውን ገልጸዋል። አርሶ አደሮች ለቡናቸው የሚያስፈልጉ የኬሚካል ማዳበሪያዎችን በወቅቱ ማግኘት አለመቻላቸው ለምርቱ መቀነስ ዋነኛው ምክንያት መሆኑን ተመራማሪዎች አመልክተዋል። በደቡብ አውራጃ የሚገኙ የቡና ምርት ማህበራት አባላትን በማደራጀት የጋራ የቡና ማቀነባበሪያ ማሽን ለመግዛት ጥረት እያደረጉ መሆኑን የባለሙያዎች ሪፖርት ያሳያል። በአጠቃላይ በሰማያዊ ተራራ አካባቢ ያለው የቡና ምርት ሁኔታ በአየር ንብረት ለውጥ ምክንያት ከፍተኛ ጥንቃቄ የሚሻ ደረጃ ላይ እንደሚገኝ ተገልጿል።"
summarisation|347#2,summarisation,,agriculture,"ከዚህ በታች ያለውን ጽሑፍ በ2-3 ዓረፍተ ነገሮች አጠቃልለው።

Context:
በምስራቅ ሸለቆ ውስጥ በሚገኘው የወርቅ ተራራ አካባቢ የሚገኙት የቡና አምራቾች በዘንድሮው የቡና ምርት ወቅት ከፍተኛ የገቢ ጭማሪ ማሳየታቸውን የገበያ ተንታኞች ገልጸዋል። በወርቅ ተራራ አካባቢ የሚገኙት አምስት መቶ አርሶ አደሮች በዘንድሮው የቡና ምርት ወቅት ከአለፈው ዓመት በሃያ ሁለት በመቶ በላይ ትርፍ ማግኘታቸውን የገበሬዎች ማህበር አባላት ተናግረዋል። በምስራቅ ሸለቆ የግብርና ማህበር በዘንድሮው የቡና ምርት ወቅት የተሸጡትን ምርቶች ጥራት ለመመዘን አዳዲስ የላቦራቶሪ ምርመራዎችን ማካሄዱን በሰኔ አስራ አምስት ቀን አስታውቋል። በዞኑ ውስጥ የሚገኙት የቡና ገበያ አገናኝ ድርጅቶች ከውጭ ሀገራት ካሉ የቡና ገዢዎች ጋር አዲስ የንግድ ውል መፈራረማቸውን በደስታ ገልጸዋል። አርሶ አደሮች የቡና ምርታቸውን ለማቀነባበር የሚያስፈልጋቸውን የቴክኖሎጂ መሣሪያዎች በብድር ለማግኘት የሚያስችል አዲስ መርሃ ግብር መጀመሩን የዞኑ አስተዳደር ገልጿል። በወርቅ ተራራ አካባቢ የሚገኙት የቡና እርሻዎች በዘመናዊ የጥላ ስር የቡና አረንጓዴ ልማት ዘዴን በመጠቀም ምርታማነታቸውን ማሳደጋቸውን የባለሙያዎች ጥናት ያሳያል። በምስራቅ ሸለቆ የቡና ምርት ማህበር አባላት በየዓመቱ የሚካሄደውን የቡና ምርት ጥራት ማሳደጊያ ስልጠና በንቃት እየተከታተሉ መሆናቸውን የድርጅቱ ጸሐፊ ገልጸዋል። በዞኑ ውስጥ የሚገኙት የቡና ማቀነባበሪያ ፋብሪካዎች አዳዲስ የኤሌክትሪክ መሣሪያዎችን በመጠቀም የቡናውን የማድረቂያ ሂደት ፍጥነት ማሳደጋቸውን አስታውቀዋል። አርሶ አደሮች የቡናቸውን ምርት ለገበያ ሲያቀርቡ የሚገጥማቸውን የትራንስፖርት ወጪ ለመቀነስ የጋራ የጭነት መኪና አገልግሎት መጀመሩን ማህበሩ ገልጿል። በወርቅ ተራራ አካባቢ የሚገኙት የቡና ገበሬዎች በዘንድሮው የቡና ወቅት የተገኘውን ትርፍ ለልማት ስራዎች እንዲጠቀሙበት የዞኑ መስተዳድር ጥሪ አቅርቧል። የክልሉ የግብርና መምሪያ በምስራቅ ሸለቆ የሚገኙትን የቡና አምራቾች ለማበረታታት የዓመታዊ ምርት ሽልማት በታላቅ ድምቀት ለማካሄድ መዘጋጀቱን ገልጿል። በዞኑ ውስጥ የሚገኙት የቡና ምርት ማከማቻዎች አዳዲስ የደህንነት መቆጣጠሪያ ዘዴዎችን በመጠቀም ምርቱን ከብክነት ለመጠበቅ እየሰሩ መሆኑን ተመራማሪዎች ገልጸዋል። በአጠቃላይ በምስራቅ ሸለቆ ያለው የቡና ምርት እንቅስቃሴ ለክልሉ የኢኮኖሚ እድገት ትልቅ አስተዋጽኦ እያበረከተ መሆኑን የንግድ ባለሙያዎች አረጋግጠዋል።"
summarisation|351#0,summarisation,,agriculture,"ጽሑፉን አንብበህ ዋናውን ሐሳብ በሁለት ወይም ሦስት ዓረፍተ ነገሮች ግለጽ።

ጽሑፍ፡ በኢትዮጵያ የግብርና ዘርፍ ውስጥ በሰብል በሽታዎች ምክንያት የሚደርሰው ከፍተኛ ጉዳት በአሁኑ ወቅት አርሶ አደሩን በጣም እየተፈታተነው ያለ ትልቅ ችግር ነው። በተለይም በጤፍ እና በገብስ ሰብሎች ላይ የሚከሰቱ የተለያዩ የፈንገስ በሽታዎች የምርት መጠንን በከፍተኛ ሁኔታ እንዲቀንስ እያደረጉ ይገኛሉ። እነዚህ በሽታዎች በብዛት የሚከሰቱት በዝናብ ወቅት የአየር ንብረት ለውጥ በሚኖርበት ጊዜ እና እርጥበት በበዛበት ወቅት መሆኑን ማወቅ አስፈላጊ ነው። አርሶ አደሮች በሽታዎቹን አስቀድመው ለመለየት የሚያስችላቸውን እውቀት ማዳበር ለሰብል ጥበቃ ስራቸው መሰረታዊ እና ወሳኝ እርምጃ ነው። በሽታው በቅጠሎች ላይ የሚታይ ነጠብጣብ ወይም የቅጠል መድረቅ ምልክት ሲያሳይ ወዲያውኑ እርምጃ መውሰድ የሰብልን ህይወት ለመታደግ ይረዳል። የተፈጥሮ መከላከያ ዘዴዎችን በመጠቀም እና በሽታ የመከላከል አቅም ያላቸውን ዘር አይነቶች በመጠቀም ጉዳቱን መቀነስ ይቻላል። በኬሚካል መድሃኒቶች ላይ ብቻ ጥገኛ መሆን ለአፈር እና ለአካባቢ ጥበቃ ስጋት ስለሚፈጥር ጥንቃቄ ማድረግ ያስፈልጋል። የተፈጥሮ ማዳበሪያዎችን እና የተሻሻሉ የግብርና አሰራሮችን መጠቀም ለረጅም ጊዜ ዘላቂነት ያለው ምርት ለማግኘት ይረዳል። በየአካባቢው የሚገኙ የግብርና ባለሙያዎች ለገበሬዎች ትክክለኛ መረጃ መስጠት ለስኬታማ ምርት መሰረት ነው። በሰብል በሽታዎች ምክንያት የሚከሰተውን የምርት መቀነስ ለመከላከል በጋራ መስራት እና አዳዲስ ቴክኖሎጂዎችን መጠቀም የግድ ነው። የአየር ንብረት ለውጥ በበሽታዎች ስርጭት ላይ የሚያሳድረውን ተጽእኖ ለመረዳት ጥልቅ ጥናት ማድረግ ያስፈልጋል። ሰብሎችን ከበሽታ ለመጠበቅ የሚደረገው ጥረት የአገሪቱን የምግብ ዋስትና ለማረጋገጥ ትልቅ ሚና ይጫወታል። በመጨረሻም አርሶ አደሮች ስለ በሽታ አያያዝ ያላቸውን ግንዛቤ ማሳደግ ለሀገራዊ እድገት ወሳኝ ነው።"
summarisation|355#0,summarisation,,news,"ይህን ጽሑፍ በአጭሩ አጠቃልልልኝ።

በሰሜናዊው የዘርባ ሸለቆ ውስጥ የሚገኘው የአባይ ተፋሰስ አካባቢ በድንገተኛ የሙቀት መጨመር ምክንያት ከፍተኛ የደረሰበትን ጉዳት በቅርቡ የዘርባ የአየር ንብረት ተመራማሪዎች ማህበር በዝርዝር አሳውቀዋል። እ.ኤ.አ. በጁላይ ወር በሁለት ሺህ አርባ ሁለት ዓመተ ምህረት የተከሰተው ይህ ያልተለመደ የሙቀት ስሜት በክልሉ ውስጥ የሚገኙ ሰባት ዋና ዋና የውሃ አካላትን በከፍተኛ ሁኔታ እንዲደርቁ አድርጓል። የክልሉ የግብርና ባለሙያ የሆኑት አቶ በቀለ ተሰማ እንደገለጹት በዘንድሮው የዝናብ ወቅት የጎደለው በሃይሌ መቶ ፐርሰንት በመሆኑ በሺዎች የሚቆጠሩ አርሶ አደሮች የሰብል ምርታቸውን ሙሉ በሙሉ እንዲያጡ አድርጓቸዋል። በዞኑ የሚገኙ አምስት ትላልቅ የጥራጥሬ ምርቶች ማከማቻዎች በደረቁ ምክንያት በደረሰባቸው ጉዳት ምክንያት በሃያ ሚሊዮን ብር የሚገመት የኢኮኖሚ ኪሳራ እንደደረሰባቸው ተገልጿል። የዘርባ የአየር ንብረት ተመራማሪዎች ማህበር ባወጣው መግለጫ መሰረት በአካባቢው ያለው የሙቀት መጠን ካለፈው ዓመት ተመሳሳይ ወቅት ጋር ሲነጻጸር በአስራ አምስት ዲግሪ ሴልሺየስ ከፍ ብሏል። ይህ ከፍተኛ የሙቀት ለውጥ በአካባቢው የሚገኙ ብርቅዬ የሆኑ የዱር እንስሳትን እና የዕፅዋትን ስርአት በከፍተኛ ሁኔታ እያናጋው መሆኑን ተመራማሪዎቹ አሳስበዋል። በክልሉ የሚገኙ የውሃ ሀብት አስተዳዳሪዎች በአስቸኳይ የውሃ አጠቃቀም ስርአትን ማሻሻል እና አዳዲስ የውሃ ማጠራቀሚያዎችን መገንባት እንዳለባቸው በሪፖርታቸው ጠቁመዋል። የዞኑ ነዋሪዎች በደረሰባቸው የድርቅ ችግር ምክንያት ወደ ሌላ አካባቢ የመሰደድ ሁኔታ እየታየ መሆኑን የሰብአዊ መብት ተሟጋቾች በሰጡት መግለጫ አረጋግጠዋል። በአካባቢው የሚገኙ የደን ጥበቃ ተቋማትም በሙቀት ምክንያት የሚከሰቱ የደን መቃጠል አደጋዎችን ለመከላከል አዳዲስ የጥበቃ ስልቶችን ተግባራዊ ለማድረግ መዘጋጀታቸውን ገልጸዋል። የዘርባ ሸለቆ የአየር ንብረት ለውጥ ኮሚቴ በየሳምንቱ የሚወጣውን መረጃ መሰረት በማድረግ የአካባቢውን ሁኔታ በቅርብ ክትትል እያደረገ መሆኑን አስታውቋል። የሙቀት መጠኑ መቀነስ እስካልተቻለ ድረስ በአካባቢው የሚኖረው የሥነ-ምህዳር መዛባት ለረጅም ጊዜ ሊቀጥል እንደሚችል የሳይንስ ሊቃውንቱ አስጠንቅቀዋል። በመጨረሻም መንግስታዊ ያልሆኑ ድርጅቶች ለአካባቢው ነዋሪዎች ድጋፍ ለማድረግ እና የዘላቂ ልማት ፕሮጀክቶችን ለመጀመር ዝግጅት እያደረጉ መሆኑ ተገልጿል።"
summarisation|355#1,summarisation,,news,"የሚከተለውን ጽሑፍ አጠቃልል።

Context:
በደቡብ አውራጃ የሚገኘው የኩላሊት ደን ውስጥ በደረሰ ከፍተኛ የደን መቃጠል ምክንያት በሺዎች የሚቆጠሩ የዱር እንስሳት እና ብርቅዬ ዕፅዋት መጥፋታቸውን የኩላሊት የዱር እንስሳት ጥበቃ ማህበር በሰጠው መግለጫ አረጋግጧል። ይህ አደጋ በጥር ወር በሁለት ሺህ አርባ አንድ ዓመተ ምህረት በድንገት የተከሰተ ሲሆን በሃያ አምስት ሄክታር የሚጠጋ የደን ክፍል ሙሉ በሙሉ እንዲቃጠል አድርጓል። የደን ጥበቃ ባለሙያው አቶ ታደሰ መኩሪያ እንደገለጹት የቃጠሎው መንስኤ በአካባቢው የነበረው ከፍተኛ የንፋስ ፍጥነት እና ደረቅ ሳር መሆኑን ተናግረዋል። በቃጠሎው ወቅት በደን ውስጥ ይኖሩ የነበሩ አምስት የዝቅተኛ ዝርያ ያላቸው የሰይጣን አውራ እንስሳት እና የሰማያዊ ወፍ ዝርያዎች መጥፋታቸው ተመዝግቧል። የኩላሊት የዱር እንስሳት ጥበቃ ማህበር ባሰባሰበው መረጃ መሰረት በአካባቢው የነበረው የደን ሽፋን በሃያ ፐርሰንት ቀንሷል። ይህ የደን መጥፋት በአካባቢው የሚገኙ የውሃ ምንጮች እንዲደርቁ እና የአፈር መሸርሸር እንዲጨምር ምክንያት መሆኑን የሳይንስ ተመራማሪዎች ገልጸዋል። በቃጠሎው ምክንያት የደረሰው የኢኮኖሚ ጉዳት በአካባቢው ለሚገኙ የቱሪዝም ተቋማት በሃምሳ ሚሊዮን ብር የሚገመት መሆኑን የንግድ ማህበሩ አስታውቋል። የደን ጥበቃ ባለሙያዎች በአሁኑ ወቅት አዳዲስ ችግኞችን በመትከል እና የደን ሽፋኑን ለመመለስ ሰፊ የሥራ እንቅስቃሴ እያደረጉ መሆኑን ገልጸዋል። የአካባቢው ነዋሪዎችም የደን ጥበቃ ስራዎችን እንዲደግፉ እና የቃጠሎ አደጋዎችን እንዲከላከሉ ጥሪ ተደርጎባቸዋል። የኩላሊት የዱር እንስሳት ጥበቃ ማህበር በየወሩ የደን ሽፋኑን መጠን የሚለካ ሪፖርት ለህዝቡ እንዲያቀርብ ወስኗል። በቃጠሎው ምክንያት የተጎዱ የዱር እንስሳትን ለመመለስ እና ለመንከባከብ የሚያስችል የገንዘብ ድጋፍ እንዲሰባሰብ ጥሪ ተላልፏል። ይህ ክስተት በአካባቢው የአየር ንብረት ለውጥ ምን ያህል አደገኛ መሆኑን የሚያሳይ ትልቅ ማሳያ መሆኑን ተመራማሪዎች አሳስበዋል።"
summarisation|355#2,summarisation,,news,"ከዚህ በታች ያለውን ጽሑፍ በ2-3 ዓረፍተ ነገሮች አጠቃልለው።

Context:
በምስራቅ የሰንጋ ቆላማ አካባቢ የሚገኘው የሰንጋ ወንዝ በከፍተኛ የጎርፍ መጥለቅለቅ ምክንያት በአካባቢው የሚገኙ ሰባት መንደሮችን ሙሉ በሙሉ ማጥለቅለቁን የሰንጋ የአደጋ መከላከል ኮሚቴ አስታውቋል። ይህ ድንገተኛ የጎርፍ አደጋ በሜይ ወር በሁለት ሺህ አርባ ሶስት ዓመተ ምህረት በከፍተኛ ዝናብ ምክንያት የተከሰተ መሆኑ ተገልጿል። በጎርፉ ምክንያት በሰባት መንደሮች ውስጥ የሚገኙ ሁለት መቶ ቤቶች መፍረሳቸው እና በአምስት መቶ ሰዎች ላይ ጉዳት መድረሱ ተመዝግቧል። የሰንጋ የአደጋ መከላከል ኮሚቴ መሪ አቶ ዮናስ አበበ እንደገለጹት የጎርፉ መጠን ከወትሮው በሃያ ሜትር በላይ ከፍ ብሎ ማለፉ ነው። በጎርፉ ምክንያት በአካባቢው የሚገኙ ሰባት ትላልቅ የእርሻ ማሳዎች በውሃ መጥለቅለቅ ምክንያት ሙሉ በሙሉ እንዲወድሙ አድርጓል። የሰብል ምርቱ መጥፋት በአካባቢው ለሚገኙ አምስት ሺህ ነዋሪዎች የምግብ ዋስትና ችግር ሊፈጥር እንደሚችል የግብርና ባለሙያዎች አስጠንቅቀዋል። የጎርፉ ውሃ በአካባቢው የሚገኙ የጤና ጣቢያዎችን እና የትምህርት ቤቶችን አገልግሎት አቋርጦታል ተብሎ ተገምቷል። የሰንጋ የአደጋ መከላከል ኮሚቴ በአስቸኳይ ለተጎዱት ነዋሪዎች ምግብ እና መድሃኒት ለማቅረብ የድንገተኛ እርዳታ ማሰባሰብ መጀመሩን ገልጿል። በአካባቢው የሚገኙ የውሃ ሀብት አስተዳዳሪዎች የጎርፍ መከላከያ ግንባታዎችን በከፍተኛ ሁኔታ ማጠናከር እንዳለባቸው በሪፖርታቸው ጠቁመዋል። የጎርፉ መጥለቅለቅ በአካባቢው ያለውን የአፈር መሸርሸር መጠን በሰላሳ ፐርሰንት ከፍ አድርጎታል ተብሏል። መንግስታዊ ያልሆኑ ድርጅቶችም ለተጎዱት ነዋሪዎች መጠለያ እና መሰረታዊ ቁሳቁሶችን ለማቅረብ ዝግጅት እያደረጉ መሆኑ ተገልጿል። የሰንጋ ወንዝ የጎርፍ መጠን መቀነስ እስካልተረጋገጠ ድረስ ነዋሪዎች ወደ ቤታቸው እንዳይመለሱ ጥብቅ መመሪያ ተሰጥቷል። ይህ ክስተት በአካባቢው የአየር ንብረት መዛባት ምክንያት የሚከሰቱ የተፈጥሮ አደጋዎችን ለመከላከል አዲስ ስትራቴጂ እንደሚያስፈልግ ያሳየ ነው።"
summarisation|363#0,summarisation,,technology,"እባክዎን ይህን ጽሑፍ በአጭሩ ያጠቃልሉ።

Context:
በአሁኑ ጊዜ በኢትዮጵያ ውስጥ የዲጂታል መሠረተ ልማት በፍጥነት እያደገ በመምጣቱ ምክንያት ብዙ ሰዎች የኢንተርኔት አገልግሎትን በየቀኑ በስፋት መጠቀም ጀምረዋል። ይህ የቴክኖሎጂ እድገት ለንግድ ስራዎች እና ለትምህርት ትልቅ እድል ቢፈጥርም አዳዲስ የሳይበር ጥቃቶች እና የደህንነት ስጋቶችም አብረው እየመጡ ነው። ብዙ ተጠቃሚዎች የሶሻል ሚዲያ አካውንቶቻቸውን እንዴት መጠበቅ እንዳለባቸው እና የይለፍ ቃላቸውን እንዴት ጠንካራ ማድረግ እንደሚችሉ በቂ ግንዛቤ የላቸውም። አጭር እና በቀላሉ ሊገመቱ የሚችሉ የይለፍ ቃላትን መጠቀም ለጠላፊዎች መግቢያ በር ስለሚሆን ከፍተኛ ጥንቃቄ ማድረግ ያስፈልጋል። በተጨማሪም በሁለት ደረጃ የሚደረግ የማረጋገጫ ዘዴን መጠቀም የአካውንት ደህንነትን ለማረጋገጥ በጣም አስፈላጊ እና ውጤታማ የሆነ ስልት ነው። ሰዎች በኢንተርኔት ላይ የሚያገኟቸውን መረጃዎች እና ሊንኮች ሳያረጋግጡ መጫን ለቫይረስ እና ለሌሎች የደህንነት ችግሮች ሊዳርጋቸው ይችላል። የማጭበርበሪያ መልዕክቶች በቴሌግራም እና በዋትስአፕ በኩል በብዛት ስለሚላኩ ተጠቃሚዎች ጥንቃቄ ማድረግ ይኖርባቸዋል። የግል መረጃዎችን ለማያውቁት ሰው በኢንተርኔት ላይ አለመስጠት ለሳይበር ወንጀል እንዳይጋለጡ ይረዳል። የዲጂታል መሣሪያዎችን ሶፍትዌር ዘወትር ማዘመን ለደህንነት በጣም ወሳኝ የሆነ ተግባር መሆኑን መዘንጋት የለብንም። የባንክ መረጃዎችን በሕዝብ መሰብሰቢያ የዋይፋይ አገልግሎት መጠቀም ለስርቆት ሊዳርግ ስለሚችል ጥንቃቄ ማድረግ ያስፈልጋል። የዲጂታል ማንነትን ለመጠበቅ የግል መረጃዎችን በየጊዜው መከታተል እና አስፈላጊ ሲሆን መቀየር መልካም ልምድ ነው። በኢትዮጵያ ውስጥ ያሉ የቴክኖሎጂ ተጠቃሚዎች ስለ ዲጂታል ደህንነት ያላቸው ግንዛቤ እንዲጨምር ትምህርት መስጠት በጣም አስፈላጊ ነው። በመጨረሻም የዲጂታል ዓለምን በሰላም ለመጠቀም የራስን ጥንቃቄ እና ጥንበቃ ማሳደግ የሁላችንም የጋራ ኃላፊነት ነው።"
summarisation|363#1,summarisation,,technology,"ጽሑፉን አንብበሽ ማጠቃለያውን ጻፊ።

Context:
የኢንተርኔት አጠቃቀም በኢትዮጵያ ውስጥ እየጨመረ በመምጣቱ ምክንያት የዲጂታል ማጭበርበሪያ ዘዴዎችም በተመሳሳይ ሁኔታ እየተባባሱ መጥተዋል። አጭበርባሪዎች በተለያዩ የማህበራዊ ሚዲያ ገጾች ላይ የውሸት የስራ ማስታወቂያዎችን እና የሽልማት መረጃዎችን በመለጠፍ ሰዎችን ለማታለል ይሞክራሉ። እነዚህ ሰዎች ሰለባዎቹን ለማታለል የባንክ መረጃዎችን ወይም የቴሌብር የይለፍ ቁጥሮችን እንዲሰጡ በማድረግ ገንዘባቸውን ይሰርቃሉ። ተጠቃሚዎች በማንኛውም ጊዜ በኢንተርኔት ላይ የሚመጣላቸውን ያልታወቀ መልዕክት እና ሊንክ በጥንቃቄ መመርመር ይኖርባቸዋል። አንድ ሰው በድንገት ትልቅ የገንዘብ ሽልማት እንዳገኘ ቢነግርዎት መጀመሪያ ጥርጣሬ ሊኖርብዎት ይገባል። የዲጂታል ደህንነትን ለመጠበቅ የመጀመሪያው እርምጃ የማያውቁትን ሰው በኢንተርኔት ላይ አለማመን እና መረጃ አለመስጠት ነው። የዲጂታል መሣሪያዎችዎ ላይ የሚጫኑ አፕሊኬሽኖች ከታወቁ የሶፍትዌር መገኛዎች መሆናቸውን ማረጋገጥ ለደህንነትዎ በጣም አስፈላጊ ነው። በኢንተርኔት ላይ የምናጋራቸው ፎቶዎች እና መረጃዎች ለዘላለም ሊቀሩ ስለሚችሉ ከመለጠፋችን በፊት ማሰብ አለብን። የሳይበር ጥቃት ሰለባ ከሆኑ በአቅራቢያዎ ለሚገኙ የቴክኖሎጂ ባለሙያዎች ወይም ለሚመለከታቸው አካላት ሪፖርት ማድረግ ይገባል። የዲጂታል መረጃዎችን በየጊዜው ባክአፕ ማድረግ ወይም ኮፒ መያዝ መረጃዎች ቢጠፉ እንኳን መልሶ ለማግኘት ይረዳል። በኢትዮጵያ ውስጥ ያሉ የዲጂታል አገልግሎቶች ደህንነት እንዲሻሻል መንግስት እና የግል ተቋማት በትብብር መስራት አለባቸው። ተጠቃሚዎችም ስለ ቴክኖሎጂው አጠቃቀም እና ስለ ደህንነት ስጋቶች ዘወትር መረጃ ማግኘት አለባቸው። የዲጂታል ዓለምን ለበጎ ነገር ለመጠቀም የሳይበር ደህንነትን ማወቅ እና ተግባራዊ ማድረግ የግድ ነው። በመጨረሻም የዲጂታል ማንነታችንን ለመጠበቅ ሁልጊዜ ንቁ እና ጥንቃቄ የተሞላበት መሆን ለሁላችንም አስፈላጊ ነው።"
summarisation|367#0,summarisation,,daily_life,"ለዚህ ጽሑፍ አጭር ማጠቃለያ ጻፍ።

Context:
በሰኔ 12 ቀን 2016 ዓ.ም በደቡብ አውራጃ ውስጥ በሚገኘው አባይ ሸለቆ ከተማ ውስጥ በአዲስ የተገነባው የባቡር መስመር አገልግሎት በይፋ መጀመሩ ተሰማ። የሸለቆ የትራንስፖርት ማኅበር የባቡሩን ጉዞ ለመጀመር በታላቅ ሥነ ሥርዓትና በብዙ እንግዳ ተጋባዥ መገኘት መርሃ ግብሩን አከናውኗል። የባቡሩ መጀመሪያ ጉዞ ከደቡብ ሸለቆ ወደ ሰሜን ተራራማ አካባቢ በሰባት ሰዓታት ውስጥ እንዲደርስ ተደርጎ በታላቅ ጉጉት ተጀምሯል። የባቡሩን የጉዞ ዋጋ በነፍስ ወከፍ 500 ብር አድርጎ ማኅበሩ ለሕዝቡ ተደራሽ እንዲሆን ወስኗል። አዲሱ የባቡር መስመር በየቀኑ 120 ተሳፋሪዎችን ለማጓጓዝ የሚያስችል ከፍተኛ አቅም እንዳለው የባቡር ኦፕሬተሩ አቶ በቀለ ተናግረዋል። የባቡሩ carriages በዘመናዊ ቴክኖሎጂ የተገነቡና ለረጅም መንገድ ጉዞ ምቹ እንዲሆኑ ተደርገው የተሰሩ መሆናቸው ተገልጿል። የከተማዋ ነዋሪዎች በአዲሱ የትራንስፖርት አማራጭ ምክንያት የጉዞ ጊዜያቸው በግማሽ እንደሚቀንስ በመግለጽ ከፍተኛ ደስታቸውን እየገለጹ ነው። የባቡሩ መድረሻ ጣቢያ በከተማዋ መሃል በሚገኘው አዲስ ገበያ አቅራቢያ እንዲገነባ ተደርጎ በታላቅ ጥንቃቄ ተሠርቷል። የባቡር መስመሩን ግንባታ ለማጠናቀቅ የሸለቆ ኢንጂነሪንግ ድርጅት ለሁለት ዓመታት ያህል ከፍተኛ ጥረት ማድረጉ ይታወሳል። በጉዞው ወቅት ደህንነትን ለመጠበቅ በየጣቢያው ዘጠኝ የጥበቃ ሰራተኞች በቋሚነት እንዲሰማሩ ተደርጓል። የባቡሩ መሐንዲሶች የባቡሩን ፍጥነት በሰዓት 80 ኪሎ ሜትር እንዲሆን በማድረግ ለደህንነት ቅድሚያ ሰጥተዋል። የትራንስፖርት ማኅበሩ በቀጣይ ዓመት ተጨማሪ አምስት አዳዲስ ባቡሮችን ለመግዛት እቅድ እንዳለው ለጋዜጠኞች አሳውቋል። ይህ አዲስ የባቡር አገልግሎት በከተማዋ የንግድ እንቅስቃሴ ላይ ትልቅ ለውጥ እንደሚያመጣ ተገምቷል። የባቡሩ ጉዞ በየቀኑ ከጠዋት ሁለት ሰዓት ጀምሮ እስከ ምሽት አስር ሰዓት ድረስ እንዲቀጥል ተወስኗል። በአጠቃላይ አዲሱ የባቡር መስመር ለከተማዋ ነዋሪዎች ዘመናዊና ፈጣን የጉዞ አማራጭ እንደሚሆን ይጠበቃል።"
summarisation|367#1,summarisation,,daily_life,"የሚከተለውን ጽሑፍ ዋና ዋና ነጥቦች ብቻ በመያዝ አጭር አድርገህ ግለጽ።

Context:
በታኅሣሥ 5 ቀን 2015 ዓ.ም በሰሜን ተራራማ ክልል በሚገኘው ጽጌ አበባ ከተማ ውስጥ አዲስ የትራንስፖርት መርከቦች አገልግሎት መጀመሩ ታውቋል። የጽጌ አበባ የውሃ ላይ ትራንስፖርት ድርጅት በዓባይ ወንዝ ላይ የሚንቀሳቀሱ አምስት አዳዲስ መርከቦችን ለሕዝብ እንዲገኙ አድርጓል። እነዚህ መርከቦች በወንዙ ላይ የሚደረገውን የንግድና የሰው ተሳፋሪ ጉዞ ለማቀላጠፍ ታስበው የተመረጡ መሆናቸው ተገልጿል። የመርከቦቹ የጉዞ ክፍያ በአንድ ሰው 150 ብር ሆኖ ለታላላቅ የንግድ ድርጅቶች ልዩ ቅናሽ እንደሚደረግ ተነግሯል። የድርጅቱ ሥራ አስኪያጅ አቶ ታደሰ መርከቦቹ በወንዙ ላይ ያለውን የውሃ ፍሰት ተቋቁመው እንዲጓዙ ተደርገው መሠረታቸው እንደተጣለ ገልጸዋል። መርከቦቹ በየቀኑ ከጠዋት ስድስት ሰዓት ጀምሮ እስከ ምሽት ስምንት ሰዓት ድረስ አገልግሎት ይሰጣሉ። በወንዙ ዳርቻ በሚገኙ አምስት ዋና ዋና ከተሞች መካከል ያለውን ግንኙነት ለማጠናከር መርከቦቹ ትልቅ ሚና ይጫወታሉ። የንግድ ነጋዴዎች ምርቶቻቸውን በፍጥነት ለማጓጓዝ መርከቦቹን ለመጠቀም ከፍተኛ ፍላጎት እንዳላቸው ገልጸዋል። የመርከቦቹ መሳርያዎችና የጉዞ መሣሪያዎች በሙሉ ከውጭ ሀገር በከፍተኛ ጥራት እንዲገቡ ተደርጓል። የድርጅቱ የቴክኒክ ቡድን መርከቦቹን በየሳምንቱ በሰባት ሰዓታት ውስጥ የጥገና ምርመራ እንደሚያደርግ አረጋግጧል። መርከቦቹ በአንድ ጉዞ እስከ 40 ተሳፋሪዎችንና 2 ቶን ጭነት መሸከም እንደሚችሉ ተገልጿል። የከተማዋ አስተዳደር መርከቦቹ በወንዙ ላይ የሚኖራቸውን እንቅስቃሴ በቅርብ እንደሚከታተል ቃል ገብቷል። ይህ አዲስ የውሃ ላይ ትራንስፖርት በክልሉ የኢኮኖሚ እንቅስቃሴ ላይ አዲስ ምዕራፍ እንደሚከፍት ተገምቷል። የንግድ ማኅበሩ አባላት መርከቦቹ ለምርታቸው መሸጫ ቦታዎች መድረሻነት ትልቅ እገዛ እንደሚያደርጉላቸው ገልጸዋል። በአጠቃላይ የጽጌ አበባ መርከቦች ለወንዙ ዳርቻ ነዋሪዎች የኑሮ ሁኔታን ለማሻሻል ትልቅ ተስፋ ሰጪ ናቸው።"
summarisation|375#0,summarisation,,history,"ጽሑፉን አንብበህ ዋናውን ሐሳብ በሁለት ወይም ሦስት ዓረፍተ ነገሮች ግለጽ።

ጽሑፍ፡ በሃያኛው ክፍለ ዘመን መጀመሪያ ላይ በኢትዮጵያ እና በጣሊያን መካከል የተፈጠረው ውጥረት በአፍሪካ አህጉር ላይ ትልቅ ተጽዕኖ ያሳደረ ነበር። የጣሊያን መንግሥት በኢትዮጵያ ላይ ወታደራዊ ዘመቻ ለመጀመር ሲዘጋጅ በአውሮፓ ውስጥ የነበረው የፖለቲካ ሁኔታ በጣም ውስብስብ እና አስቸጋሪ ነበር። የኢትዮጵያ መንግሥት ሉዓላዊነቱን ለመጠበቅ ሲል የተለያዩ የዲፕሎማሲያዊ ጥረቶችን እና የጦርነት ዝግጅቶችን በከፍተኛ ጥንቃቄ ማከናወን ነበረበት። በወቅቱ የነበሩት ዓለም አቀፍ ኃይሎች የጣሊያንን ወረራ ለመቃወም በቂ ድጋፍ አለመስጠታቸው ለኢትዮጵያ ትልቅ ፈተና ሆኖባታል። የጦርነቱ መጀመር በኢትዮጵያ ማኅበራዊ እና ኢኮኖሚያዊ መዋቅር ላይ ከፍተኛ የሆነ መቃወስ እና መፈናቀል እንዲከሰት አድርጓል። የሀገሪቱ ወታደሮች በታላቅ ጀግንነት እና ቁርጠኝነት የጣሊያን ሰራዊትን ለመመከት በየቦታው ተሰልፈው መዋጋት ጀምረዋል። የዓለም አቀፍ ማኅበረሰብ በወቅቱ የነበረው ዝምታ የኢትዮጵያን የነፃነት ትግል የበለጠ አዳጋች እና አስቸጋሪ አድርጎታል። በጦርነቱ ወቅት የተከሰቱት የረሃብ እና የበሽታ ችግሮች በሕዝቡ ላይ ከፍተኛ የሆነ ሰብዓዊ ቀውስ ፈጥረዋል። የኢትዮጵያ የነፃነት ትግል በወቅቱ በነበሩት አፍሪካውያን ሀገራት ዘንድ ትልቅ ተስፋ እና መነሳሳትን የፈጠረ ክስተት ነበር። የጣሊያን ወረራ በጊዜያዊነት ቢከሰትም የኢትዮጵያ ሕዝብ ግን ለሉዓላዊነቱ መቆም የነበረበትን ግዴታ አልተወውም። በዓለም አቀፍ ደረጃ የነበሩት የዲፕሎማሲያዊ ውጥረቶች በኢትዮጵያ የውስጥ ጉዳዮች ላይ ከፍተኛ ተጽዕኖ ማሳደራቸው ይታወሳል። የጦርነቱ ውጤት በኢትዮጵያ የፖለቲካ ታሪክ ውስጥ የማይረሳ እና ትልቅ ትምህርት የሚሰጥ ምዕራፍ ሆኖ ተመዝግቧል። የሀገሪቱ መሪዎች የሕዝቡን አንድነት ለመጠበቅ እና የውጭ ወራሪዎችን ለመመከት ከፍተኛ ጥረት አድርገዋል። ይህ የታሪክ ክስተት በኢትዮጵያ እና በዓለም ታሪክ ውስጥ ያለውን ትስስር በግልጽ የሚያሳይ ትልቅ መረጃ ነው። በመጨረሻም የኢትዮጵያ ድል ለሌሎች የአፍሪካ ሀገራት የነፃነት ትግል ትልቅ አርአያ ሆኖ እንዲቆይ አድርጎታል።"
summarisation|375#1,summarisation,,history,"የሚከተለውን ምንባብ በአጭሩ አጠቃልል፡

በሁለተኛው የዓለም ጦርነት ወቅት ኢትዮጵያ በጣሊያን ወረራ ምክንያት የገጠማት ፈተና በታሪኳ ውስጥ ትልቅ ቦታ የሚሰጠው ክስተት ነው። በወቅቱ የነበረው የዓለም ፖለቲካዊ ሁኔታ በታላላቅ ሀገራት መካከል ለነበረው ግጭት መነሻ ሆኖ አገልግሏል። የጣሊያን ወራሪዎች የኢትዮጵያን መሬት ለመቆጣጠር የጀመሩት ወታደራዊ እንቅስቃሴ በብዙ ንጹሃን ዜጎች ሕይወት ላይ ጉዳት አድርሷል። የኢትዮጵያ ነፃነት ተጥፎ በነበረበት ወቅት የሀገሪቱ መሪዎች በስደት ሆኖ የነፃነት ትግሉን ለመምራት ጥረት አድርገዋል። በወቅቱ የነበሩት የዓለም አቀፍ ድርጅቶች የኢትዮጵያን ሉዓላዊነት ለመጠበቅ የሚያስችል ውጤታማ እርምጃ መውሰድ አልቻሉም ነበር። የኢትዮጵያ ሕዝብ በየአካባቢው በነበረው የነፃነት ትግል የጣሊያን ሰራዊትን ለማዳከም ከፍተኛ ኃይል አውጥቷል። በጦርነቱ ወቅት የተፈጠሩት የኢኮኖሚ መፈናቀሎች እና የሀብት እጥረት በሕዝቡ ላይ ከፍተኛ ጫና አሳድረዋል። የሀገሪቱ መዋቅር እና የሕዝብ ስርአት በወረራው ምክንያት ከፍተኛ መቃወስ እና መዘበራረቅ ውስጥ ገብቶ ነበር። የጣሊያን ወረራ በኢትዮጵያ ላይ ያሳደረው ተጽዕኖ በፖለቲካዊ እና በባህላዊ ዘርፎች ላይ በሰፊው ይታያል። የነፃነት ትግሉ በኢትዮጵያ ውስጥ የነበሩትን የተለያዩ ብሔረሰቦች አንድነት እና ጥንካሬ ለማሳየት አጋጣሚ ሆኗል። የዓለም አቀፍ ኃይሎች የጦርነቱን ሁኔታ ለመቆጣጠር የነበራቸው ፍላጎት በኢትዮጵያ ጉዳይ ላይ ተጽዕኖ አሳድሯል። የኢትዮጵያ መሪዎች በወቅቱ የነበሩትን ዓለም አቀፍ ሁኔታዎች በመረዳት የዲፕሎማሲያዊ ስራዎችን በከፍተኛ ጥንቃቄ አከናውነዋል። የጦርነቱ ማብቂያ እና የኢትዮጵያ ነፃነት መመለስ ለአፍሪካ አህጉር ትልቅ የድል ምልክት ሆኖ ተቆጥሯል። ይህ ታሪካዊ ክስተት በኢትዮጵያ የትውልድ ትውልድ ትምህርት እና ትውስታ ውስጥ በክብር ተቀምጧል። የኢትዮጵያ ታሪክ በነዚህ ክስተቶች ምክንያት በዓለም አቀፍ ደረጃ ትልቅ ትኩረት እንዲያገኝ ምክንያት ሆኗል። የሀገሪቱ ነፃነት ለማስከበር የተደረገው ትግል በታሪክ ውስጥ የማይጠፋ አሻራ ጥሎ አልፏል።"
summarisation|375#2,summarisation,,history,"የጽሑፉን ዋና ሐሳብ በአጭሩ ግለጽ።

Context:
በሃያኛው ክፍለ ዘመን መካከለኛ አካባቢ በኢትዮጵያ የነበረው የፖለቲካ ለውጥ እና ማኅበራዊ ለውጥ ትልቅ ትኩረት የሚስብ ነው። በወቅቱ የነበረው የዓለም አቀፍ ፖለቲካዊ ሁኔታ በኢትዮጵያ የውስጥ ጉዳዮች ላይ ከፍተኛ ተጽዕኖ እያሳደረ ነበር። የሀገሪቱ የኢኮኖሚ መዋቅር እና የግብር ሥርዓት በወቅቱ ለውጥ እንዲያደርጉ ከፍተኛ ጫና ተደርጎባቸው ነበር። የከተማ እና የገጠር ሕዝብ መካከል የነበረው የኑሮ ደረጃ ልዩነት ማኅበራዊ አለመረጋጋትን እየፈጠረ ነበር። የትምህርት እና የጤና አገልግሎት ተደራሽነት በወቅቱ በጣም ውስን እና የተገደበ ነበር። የኢትዮጵያ መሪዎች የሀገሪቱን ዘመናዊነት ለማሳደግ የተለያዩ የልማት ዕቅዶችን እና ፕሮግራሞችን አውጥተው ነበር። በወቅቱ የነበሩት የዓለም አቀፍ ተቋማት ለኢትዮጵያ የልማት ዕቅዶች ድጋፍ ለማድረግ ጥረት አድርገዋል። የሀገሪቱ የፖለቲካ መዋቅር ከነባር ሥርዓቶች ወደ አዲስ ሥርዓት ለመሸጋገር ከፍተኛ ፈተናዎች ገጥመውታል። የሕዝቡ የፖለቲካ ንቃተተ-ህሊና መጨመር ለለውጥ አስፈላጊ የሆኑ ሁኔታዎችን እየፈጠረ መጣ። በወቅቱ የነበሩት የውጭ ሀገራት ተጽዕኖዎች በኢትዮጵያ የውስጥ ፖለቲካ ላይ ከፍተኛ ሚና ነበራቸው። የኢኮኖሚ ለውጦች እና የግብር ሥርዓቱ ማሻሻያ በሕዝቡ ዘንድ የተለያዩ አመለካከቶችን ፈጥረዋል። የከተሞች መስፋፋት እና የሕዝብ ቁጥር መጨመር በከተሞች ላይ ከፍተኛ ጫና እያሳደረ ነበር። የኢትዮጵያ ታሪክ በዚህ ወቅት የነበሩት ለውጦች ለወደፊቱ ትውልድ መሰረት የጣሉ ክስተቶች ናቸው። የሀገሪቱ መዋቅራዊ ለውጦች በረጅም ጊዜ የኢትዮጵያን የፖለቲካ ገጽታ ለመቀየር ትልቅ ሚና ተጫውተዋል። የወቅቱ የዓለም አቀፍ ሁኔታዎች በኢትዮጵያ የልማት ጉዞ ላይ የራሳቸውን አሻራ ጥለው አልፈዋል። ይህ የታሪክ ምዕራፍ በኢትዮጵያ ማኅበራዊ እና ፖለቲካዊ እድገት ውስጥ ትልቅ ትርጉም አለው።"
summarisation|379#0,summarisation,,health,"ጽሑፉን አንብበህ ዋናውን ሐሳብ በሁለት ወይም ሦስት ዓረፍተ ነገሮች ግለጽ።

ጽሑፍ፡ በኢትዮጵያ የጤና ሥርዓት ውስጥ የክትባት አገልግሎት ለሕዝብ ደህንነትና ለልጆች እድገት እጅግ በጣም አስፈላጊ የሆነ መሠረታዊ የሕክምና ተግባር ነው። ወላጆች ልጆቻቸው ከከባድ በሽታዎች እንዲጠበቁ በየጊዜው የሚሰጡትን ክትባቶች በወቅቱ ማግኘት እንዲችሉ ማድረግ የቤተሰብ ኃላፊነት ነው። ክትባቶች እንደ Polio እና Measles ያሉ በልጆች ላይ ከፍተኛ ጉዳት የሚያደርሱ በሽታዎችን ለመከላከል ከፍተኛ ሚና ይጫወታሉ። በየአካባቢው በሚገኙ የጤና ጣቢያዎች አማካኝነት እነዚህ ክትባቶች በነፃ ወይም በጣም በዝቅተኛ ዋጋ ለሕዝቡ እንዲቀርቡ ይደረጋል። የክትባት መርሃ ግብሩ በሀገር አቀፍ ደረጃ በየዓመቱ በታቀደ መሠረት እየተከናወነ የሚገኝ ወሳኝ የጤና ዘርፍ ነው። እናቶች እርጉዝ በሆኑበት ወቅት የሚሰጡ ክትባቶች ለነፍሰ ጡር ሴቶችና ለፅንሱ ጤናማነት ትልቅ አስተዋጽኦ ያደርጋሉ። የክትባት መርሃ ግብሩ ስኬታማ እንዲሆን ማህበረሰቡ ስለ ክትባት ጥቅምና አስፈላጊነት በቂ ግንዛቤ ሊኖረው ይገባል። በጤና ባለሙያዎች የሚሰጡ ትክክለኛ መረጃዎች ወላጆች ልጆቻቸውን ወደ ክትባት እንዲያመጡ ከፍተኛ መነሳሳትን ይፈጥራሉ። ክትባት ከተሰጠ በኋላ ሊከሰቱ የሚችሉ ቀላል የጎንዮሽ ጉዳቶች ስለሚኖሩ ወላጆች አስቀድመው መረዳት ይኖርባቸዋል። እነዚህ ቀላል ምልክቶች እንደ ትኩሳት ወይም የቦታ መቁሰል ሊሆኑ ይችላሉ ነገር ግን ብዙም አያሳስቡም። የክትባት ካርድ መያዝ ለልጆች የወደፊት የጤና ክትትልና ለትምህርት ቤት ምዝገባ እጅግ በጣም አስፈላጊ ነው። በየሰፈሩ በሚገኙ የጤና ኤክስቴንሽን ባለሙያዎች አማካኝነት የክትባት ግንዛቤ የማስጨበጥ ሥራ በስፋት እየተከናወነ ይገኛል። ማህበረሰቡ በክትባት ላይ ያለውን እምነት ማሳደግ ለሀገር አቀፍ የጤና መረጋጋት ትልቅ ፋይዳ አለው። በመሆኑም ወላጆች ልጆቻቸውን ከበሽታ ለመጠበቅ ክትባትን እንደ መሠረታዊ መብትና ግዴታ ሊመለከቱት ይገባል።"
summarisation|387#0,summarisation,,agriculture,"ይህ ጽሑፍ ምን እንደሚናገር በአጭሩ አስረዳ።

Context:
በሰሜን ኮንሶ ተራራማ አካባቢ የሚገኘው የአባይ ሸለቆ የግብርና ማህበር በቅርቡ በሰኔ 15 ቀን 2016 ዓ.ም አዲስ የጤፍ ምርት ማሳ ላይ ስኬታማ ምርት ማግኘቱን በይፋ አስታውቋል። በዚህ ዓመት በክልሉ በሚገኙ 450 አርሶ አደሮች አማካኝነት የተመረተው የጥቁር ጤፍ ምርት ካለፈው ዓመት ጋር ሲነጻጸር በ30 በመቶ ከፍተኛ እድገት ማሳየቱን የድርጅቱ ስራ አስኪያጅ አቶ በቀለ ተስፋዬ ገልጸዋል። አዲሱ የዘር ዝርያ በደረቅ የአየር ሁኔታ ውስጥ የመቋቋም አቅሙ ከፍተኛ በመሆኑ በአካባቢው ለሚገኙ አርሶ አደሮች ትልቅ ተስፋ ሰጥቷል። የግብርና ባለሙያው አቶ ደመሰበ ኃይሌ እንደገለጹት በዘንድሮው የክረምት ወቅት በጣዘው ከፍተኛ ዝናብ ምክንያት የሰብል ምርቱ ሳይበላሽ በሰላም መሰብሰብ ተችሏል። በክልሉ የሚገኙ 12 የግብርና የቴክኖሎጂ ማዕከላት አርሶ አደሩ ዘመናዊ የመከር መቆጠሪያ መሣሪያዎችን እንዲጠቀም ከፍተኛ ድጋፍና ስልጠና ሰጥተዋል። በምርቱ ወቅት የተገኘው ጠቅላላ ምርት 500 ቶን መሆኑን የግብርናው መኮንን አቶ ታደሰ አረጋዊ በሰጡት መግለጫ አረጋግጠዋል። ይህ ከፍተኛ ምርት በአካባቢው ለሚገኙ የጤፍ ፋብሪካዎች ጥሬ እቃ ለማቅረብ ከፍተኛ አስተዋጽኦ ይኖረዋል ተብሎ ይጠበቃል። የገበያ ትስስሩን ለማጠናከር በወር በ2 ጊዜ የሚካሄደው የገበያ መድረክ አርሶ አደሩ ምርቱን በተመጣጣኝ ዋጋ እንዲሸጥ ይረዳዋል። በክልሉ የሚገኙ 3 አዳዲስ የጥራታረጋጠኝ ማረጋገጫ ጣቢያዎች ምርቱ ለተጠቃሚዎች ደረጃውን የጠበቀ መሆኑን በየቀኑ ይፈትሻሉ። የአርሶ አደሩን ገቢ ለማሳደግ በዓመት 2 ሚሊዮን ብር የሚውል የገንዘብ ድጋፍ ከክልሉ መንግስት ተመድቧል። በቀጣይ ዓመት ምርቱን በሁለት እጥፍ ለማሳደግ አዳዲስ የመስኖ ፕሮጀክቶች በቦታው ላይ እንደሚተገበሩ ተገልጿል። የጤፍ ምርቱ ጥራት በጣም ከፍተኛ በመሆኑ ለውጭ ገበያ ለማቅረብ የሚያስችል ዝግጅት እየተደረገ መሆኑን የንግድ ማህበሩ አባላት ተናግረዋል። በአጠቃላይ በኮንሶ አካባቢ የታየው የግብርና ለውጥ ለክልሉ ኢኮኖሚ ትልቅ መሠረት እንደሚጥል ተገምቷል።"
summarisation|387#1,summarisation,,agriculture,"የጽሑፉን ዋና ሐሳብ በአጭሩ ግለጽ።

Context:
በደቡብ ዞን ጌታ ሸለቆ ውስጥ የሚገኘው የሰንበቴ የጥራጥሬ ምርት ማህበር በነሐሴ 20 ቀን 2016 ዓ.ም አዲስ የገብስ እና የጤፍ ምርት ስርጭት መጀመሩን አውጇል። ማህበሩ በዘንድሮው የሰብል ወቅት ከ800 ሄክታር መሬት ላይ የተመረተውን ምርት ለተጠቃሚዎች ለማቅረብ ዝግጅቱን አጠናቅቋል። የዘር ምርት ማሻሻያ ፕሮጀክቱ በባለሙያዎች አማካኝነት በከፍተኛ ጥንቃቄ የተመራ በመሆኑ የሰብል ምርታማነቱ በ45 በመቶ ጨምሯል። የፕሮጀክቱ አስተባባሪ ወይዘሮ አልማዝ አሰፋ እንደገለጹት አርሶ አደሩ የተሻለ ምርት እንዲያገኝ የዘመናዊ ማዳበሪያ አጠቃቀም ስልጠና ተሰጥቷል። በክልሉ የሚገኙ 5 የግብርና መጋዘኖች ምርቱን በጥሩ ሁኔታ ለመያዝ የሚያስችሉ ዘመናዊ የሙቀት መቆጣጠሪያ ዘዴዎችን ተክለዋል። በክልሉ የሚገኙ 200 አነስተኛ የጤፍ አቀነባባሪ ፋብሪካዎች ምርቱን ለገበያ ለማቅረብ በንቃት እየሰሩ ይገኛሉ። የገብስ ምርቱ ለእንስሳት መኖነትም ጭምር ከፍተኛ ፍላጎት ያለው በመሆኑ ገበያው በጣም ሰፊ መሆኑ ተገልጿል። ማህበሩ ምርቱን ለተጠቃሚዎች በቅናሽ ዋጋ ለማቅረብ የገበያ መቆጣጠሪያ ኮሚቴን አቋቁሟል። በየሳምንቱ የሚካሄደው የግብርና መረጃ ልውውጥ አርሶ አደሩ ስለ አዳዲስ በሽታዎችና መፍትሄዎች እንዲያውቅ ረድቶታል። በክልሉ የሚገኙ 15 የግብርና መኮንኖች በየመንደሩ በመዞር አርሶ አደሩን በቅርብ ክትትል እያደረጉ ይገኛሉ። የሰብል ምርቱ ከባህላዊ ዘዴ ወደ ዘመናዊ አሰራር መሸጋገሩ የአካባቢውን የኑሮ ደረጃ እንደሚቀይረው ይታመናል። በክልሉ የሚገኙ 4 የግብርና ባንኮች ለአርሶ አደሩ የሚሰጡትን ብድር መጠን በ15 በመቶ ጨምረዋል። በቀጣይ በክረምት ወቅት የሚታዩትን የዝናብ መዛባት ችግሮች ለመቋቋም አዳዲስ የውሃ ማጠራቀሚያ ጉድጓዶች እንዲቆፈሩ ታቅዷል። ይህ የግብርና ስኬት ለሌሎች አካባቢዎችም አርአያ የሚሆን ትልቅ ስኬት መሆኑን የግብርና ባለሙያዎች ገልጸዋል።"
summarisation|387#2,summarisation,,agriculture,"ይህ ጽሑፍ ምን እንደሚናገር በአጭሩ አስረዳ።

Context:
በምስራቅ ሸለቆ የገበሬዎች ማህበር በጥር 05 ቀን 2017 ዓ.ም በክልሉ የታየውን የጤፍ እና የገብስ ምርት መዛባት ለመቅረፍ አዲስ መመሪያ አውጥቷል። ማህበሩ በክልሉ ውስጥ የሚገኙ 1,200 አርሶ አደሮችን ለመርዳት የሚያስችል የድንገተኛ ጊዜ የሰብል ድጋፍ ፕሮግራም ዘርግቷል። በዘንድሮው የሰብል ወቅት በክልሉ በነበረው ያልተጠበቀ የድርቅ ሁኔታ ምክንያት የጤፍ ምርት በ20 በመቶ መቀነሱን የክልሉ የግብርና መኮንን አቶ ዮናስ ተናግረዋል። ይህንን ችግር ለመቅረፍ ማህበሩ ከዓለም አቀፍ የግብርና ድርጅቶች ጋር በመተባበር 300 ቶን የጥራጥሬ ምርት አቅርቧል። በክልሉ የሚገኙ 8 የግብርና ምርት ማከማቻዎች በአሁኑ ወቅት ምርቱን ለተቸገሩ አርሶ አደሮች በቅናሽ ዋጋ እያከፋፈሉ ይገኛሉ። አርሶ አደሩ በድጋሚ ምርታማ እንዲሆን የድርቅ መቋቋም አቅም ያላቸው የዘር ዝርያዎች በነጻ እንዲከፋፈሉ ተወስኗል። የክልሉ የግብርና ባለሙያ አቶ ካሳሁን በቀለ አርሶ አደሩ የውሃ አጠቃቀም ዘዴውን እንዲያሻሽል ጥብቅ ምክር ሰጥተዋል። በክልሉ የሚገኙ 10 የግብርና የቴክኖሎጂ ማዕከላት አርሶ አደሩን ስለ አነስተኛ መስኖ አጠቃቀም ሰፊ ስልጠና እየሰጡ ነው። የሰብል ምርቱ እንዲቀንስ ምክንያት የሆነው የዝናብ መዛባት በቅርቡ በአዲስ የአየር ሁኔታ መስተካከል እንደሚችል ተገምቷል። ማህበሩ ለወደፊቱ እንዲህ አይነት ችግሮች እንዳይከሰቱ የውሃ ማጠራቀሚያ ስራዎችን በከፍተኛ ሁኔታ ለማስፋት አቅዷል። በክልሉ የሚገኙ 50 የግብርና ትስስር ማህበራት አርሶ አደሩን በማስተባበር ምርቱን በአንድነት እንዲሸጡ እያደረጉ ነው። የክልሉ መንግስት ለግብርና ማሻሻያ በዓመት 500 ሚሊዮን ብር መድቦ መሥራቱን አረጋግጧል። አርሶ አደሩ በክልሉ ውስጥ የሚገኙ የግብርና መረጃ ማዕከላትን በመጠቀም ወቅታዊ መረጃዎችን እንዲያገኝ ይመከራል። ይህ የድንገተኛ ጊዜ እርዳታ ለአካባቢው ሰላምና ለምግብ ዋስትና ትልቅ ሚና እንደሚኖረው ተገልጿል።"
summarisation|391#1,summarisation,,agriculture,"የሚከተለውን ጽሑፍ ዋና ዋና ነጥቦች ብቻ በመያዝ አጭር አድርገህ ግለጽ።

Context:
በሰሜን ኮረብታማ አካባቢዎች የሚገኘው የዝቅተኛው ሸለቆ የግብርና ማህበር በዘመናዊ የውሃ አጠቃቀም ዘዴዎች ላይ ትልቅ ለውጥ ማምጣት መጀመሩን ዛሬ በሰጡት መግለጫ አረጋግጠዋል። በዶክተር አበበ መሪነት የሚመራው ይህ ቡድን በ፪ ሺህ ፳፬ ዓመተ ምህረት ውስጥ በ፪፻ ፳ ሺህ ሄክታር መሬት ላይ መስኖ ለመዘርጋት ትልቅ ዝግጅት አድርጓል። ይህ ስራ በዋናነት በጠብታ መስኖ እና በጭነት ውሃ አጠቃቀም ላይ ትኩረት ያደረገ ሲሆን ይህም የውሃ አጠቃቀምን በ፶ በመቶ ያሻሽላል። በፕሮጀክቱ ውስጥ የተካተቱት ፪ ሺህ ፭ መቶ አርሶ አደሮች ቀደም ሲል በዝናብ ላይ ብቻ ጥገኛ የነበሩ መሆናቸውን የድርጅቱ ጸሐፊ ወይዘሮ መቅዳት ገልጸዋል። አዲሱ የውሃ ማከፋፈያ ሥርዓት ከታላቁ የሰሜን ወንዝ ተነስቶ በቧንቧ አማካኝነት ወደ እርሻ ማሳዎች እንዲደርስ ተደርጓል። የፕሮጀክቱ ጠቅላላ ወጪ በ፪ ቢሊዮን ፭ መቶ ሚሊዮን ብር የሚገመት ሲሆን ይህም ከበርካታ የውጭ ድጋፎች ጋር የተጣመረ ነው። በየወሩ የሚከናወነው የውሃ ፍሰት ቁጥጥር የውሃ ብክነትን ለመቀነስ እና ምርታማነትን ለመጨመር ከፍተኛ አስተዋጽኦ እያደረገ መሆኑ ተገልጿል። የግብርና ባለሙያዎቹ እንደሚሉት ከሆነ ይህ አዲስ ዘዴ የአፈር እርጥበትን በአግባቡ በመጠበቅ ለሰብል እድገት ምቹ ሁኔታን ይፈጥራል። በዞኑ የሚገኙ አነስተኛ አርሶ አደሮች ይህንን ቴክኖሎጂ ለመጠቀም የሚያስችል የፋይናንስ ድጋፍ እንዲያገኙ መንግስት እየረዳ መሆኑ ተጠቅሷል። የውሃ ማጠራቀሚያው ግድብ በ፪ ሺህ ፳፬ ዓመት መሃል ተጠናቆ ወደ ስራ ለመግባት ዝግጁ መሆኑን የኢንጂነሪንግ ቡድኑ አስታውቋል። ይህ ስራ በክልሉ ውስጥ ያለውን የምግብ ዋስትና ለማረጋገጥ እና የገበያ አቅርቦትን ለማሳደግ ትልቅ ፋይዳ አለው። በየዓመቱ የሚታየውን የውሃ እጥረት ለመቋቋም የሚያስችሉ አዳዲስ የውሃ ማጠራቀሚያ ጉድጓዶችም በፕሮጀክቱ ስር ተቆፍረዋል። በመጨረሻም የፕሮጀክቱ ውጤት በክልሉ ውስጥ ያለውን የግብርና ምርት በ፪፭ በመቶ እንዲጨምር እንደሚጠበቅ የባለሙያዎች ትንበያ ነው።"
summarisation|391#2,summarisation,,agriculture,"ይህ ጽሑፍ ምን እንደሚናገር በአጭሩ አስረዳ።

Context:
በምስራቅ ሜዳማ አካባቢዎች የሚገኘው የሰላም እርሻ ማህበር በውሃ አጠቃቀም ቴክኖሎጂ ላይ የጀመረው አዲስ ሙከራ ውጤታማ መሆኑን ዛሬ በሰጡት መግለጫ አረጋግጠዋል። በወይዘሮ አልማዝ መሪነት የሚመራው ይህ ማህበር በ፪ ሺህ ፳፬ ዓመተ ምህረት ውስጥ በ፻ ፵ ሺህ ሄክታር መሬት ላይ ዘመናዊ መስኖ ለመዘርጋት አቅዷል። ይህ ፕሮጀክት በዋናነት በውሃ መቆጠቢያ ዘዴዎች ላይ ያተኮረ ሲሆን ይህም የውሃ አጠቃቀምን በ፵ በመቶ ያሻሽላል። በፕሮጀክቱ ስር የሚገኙ ፪ ሺህ ፭ መቶ አርሶ አደሮች የዘመናዊ መስኖ ቴክኖሎጂን በመጠቀም ምርታማነታቸውን ማሳደግ መጀመራቸውን የዘርፉ ተመራማሪዎች ገልጸዋል። የፕሮጀክቱ የበጀት ምንጭ በ፪ ቢሊዮን ብር የሚገመት ሲሆን ይህም ከክልሉ የግብርና ልማት ፈንድ የተገኘ ነው። አዲሱ የውሃ ማከፋፈያ ሥርዓት በዘመናዊ የቧንቧ መስመር የተገነባ ሲሆን ይህም ውሃ በቀጥታ ወደ ተክሎች እንዲደርስ ያደርጋል። የውሃው ፍሰት በየቀኑ በዲጂታል መሣሪያዎች የሚቆጣጠር በመሆኑ አላስፈላጊ የውሃ ብክነትን ሙሉ በሙሉ ለማስቀረት ያስችላል። በፕሮጀክቱ ውስጥ የተገነቡት አምስት ትላልቅ የውሃ ማጠራቀሚያዎች በድርቅ ወቅት ለሰብሎች የሚያስፈልገውን ውሃ ለማቅረብ ዝግጁ ናቸው። የግብርና ባለሙያው አቶ ታደሰ እንደሚሉት ከሆነ ይህ ዘዴ የአፈርን ጥራት በመጠበቅ ረገድ ከፍተኛ ጠቀሜታ አለው። አርሶ አደሮች ይህንን አዲስ የውሃ አጠቃቀም ዘዴ ለመተግበር የሚያስችል ስልጠና በየወሩ እንዲያገኙ ተደርጓል። በፕሮጀክቱ አማካኝነት በክልሉ ውስጥ የሚመረቱ የጥራጥሬ ምርቶች በ፪ እጥፍ እንዲጨምሩ ታቅዷል። የውሃ አጠቃቀም ስልቱ በዘመናዊ የኮምፒውተር ቁጥጥር ስር መሆኑ ለግብርናው ዘርፍ ትልቅ ለውጥ ያመጣል ተብሎ ይታመናል። በመጨረሻም ይህ ታላቅ ፕሮጀክት በክልሉ ውስጥ ያለውን የኢኮኖሚ መረጋጋት ለማረጋገጥ እና የኑሮ ደረጃን ለማሻሻል ትልቅ ሚና ይጫወታል።"
summarisation|395#0,summarisation,,news,"ከዚህ በታች ያለውን ጽሑፍ በ2-3 ዓረፍተ ነገሮች አጠቃልለው።

Context:
በሰኔ ፲፪ ቀን በታላቁ የዘርባ ቴክኖሎጂ ማዕከል ውስጥ የተካሄደው ዓለም አቀፍ የትምህርት ጉባኤ አዳዲስ የዲጂታል መማሪያ ዘዴዎችን ለማስተዋወቅ ትልቅ እርምጃ ወስዷል። በጉባኤው ላይ የተሳተፉት የሰላም ኮንፈረንስ ተወካዮች በዓመት ፭ ሚሊዮን ዶላር የሚጠጋ በጀት ለትምህርት መሣሪያዎች ማቅረቢያ ለመመደብ በሙሉ ድምፅ ተስማምተዋል። የዘርባ የቴክኖሎጂ ተቋም መሪ አቶ በቀለ አሰፋ እንደገለጹት ይህ አዲስ ፕሮጀክት በዓለም ዙሪያ ለሚገኙ ፲፪ ሺህ ተማሪዎች የላቀ የሳይንስ እውቀት ይሰጣል። በፕሮጀክቱ መጀመሪያ ላይ በኤልዶራ ሪጅን የሚገኙ ፳ አዳዲስ የዲጂታል ቤተ መጻሕፍት ለመገንባት ታቅዶ በታቀደው መሠረት ሥራው ተጀምሯል። በዚሁ መሠረት በየወሩ ፭ መቶ አዳዲስ መምህራን በዘመናዊ የኮምፒውተር አጠቃቀም ላይ ጥልቅ ሥልጠና እንዲያገኙ ይደረጋል። የትምህርት ጥራትን ለማሻሻል የተዘጋጀው ይህ ዕቅድ በሦስት ዓመታት ውስጥ ለ፲ ሚሊዮን ሕፃናት ተደራሽ እንዲሆን ተደርጎ ተቀርጿል። በጉባኤው ላይ የቀረቡት ጥናቶች እንደሚያሳዩት የቴክኖሎጂ አጠቃቀም የተማሪዎችን የፈጠራ ችሎታ በ፵ በመቶ ሊጨምር እንደሚችል ተገልጿል። የሰርቪያ የትምህርት ሚኒስቴር ተወካዮች በዘርባ ማዕከል ለተደረገው ትብብር ያላቸውን ከፍተኛ ምስጋና በንግግራቸው ወቅት በሰፊው አብራርተዋል። በቅርቡ በሚካሄደው ሁለተኛው ምዕራፍ ላይ ተጨማሪ ፲፭ ሚሊዮን ዶላር ከዓለም አቀፍ የገንዘብ ድርጅት ለማግኘት ጥረት እየተደረገ መሆኑ ታውቋል። ተማሪዎች በቤታቸው ሆነው በኢንተርኔት አማካኝነት ትምህርት እንዲከታተሉ የሚያስችሉ የሳተላይት መሣሪያዎች በነፃ እንዲከፋፈሉ ተወስኗል። ይህ አዲስ የትምህርት ሥርዓት በዓለም አቀፍ ደረጃ ያለውን የዕውቀት ክፍተት ለመሙላት ትልቅ ተስፋ ሰጪ እርምጃ ተደርጎ ተቆጥሯል። በዘርባ ማዕከል የቴክኒክ ባለሙያዎች የትምህርት መተግበሪያዎቹን ለተማሪዎች ምቹ በሆነ መንገድ ለመሥራት ከፍተኛ ጥረት እያደረጉ ይገኛሉ። በዓመቱ መጨረሻ ላይ የፕሮጀክቱ የመጀመሪያ ደረጃ ውጤት በዓለም አቀፍ የትምህርት መድረክ ላይ ለሕዝብ ይፋ እንደሚደረግ ተገልጿል። ይህ ታላቅ ለውጥ ለቀጣዩ ትውልድ የተሻለ የሳይንስና የቴክኖሎጂ መሰረት ለመጣል ያለመ መሆኑን ተሳታፊዎች አረጋግጠዋል።"
summarisation|395#1,summarisation,,news,"የሚከተለውን ጽሑፍ ዋና ዋና ነጥቦች በመያዝ በ2-3 ዓረፍተ ነገሮች አጠቃልል።

ጽሑፍ፡ በአባይ ሸለቆ አካባቢ በሚገኘው የንዋይ የትምህርት ከተማ ውስጥ በሰኔ ፭ ቀን የተጀመረው የሙያ ማሰልጠኛ ማዕከል ግንባታ በታቀደለት ጊዜ መጠናቀቁ ተነገረ። የንዋይ የትምህርት ከተማ አስተዳደር በፕሮጀክቱ አማካኝነት ለ፲፭ ሺህ ወጣቶች የቴክኒክና ሙያ ሥልጠና ለመስጠት መዘጋጀቱን በይፋ አስታውቋል። የፕሮጀክቱ ዋና መሐንዲስ አቶ ታደሰ በቀለ ግንባታው ለ፪ ዓመታት የቆየ ሲሆን በአጠቃላይ ፳ ሚሊዮን ብር ወጪ መደረጉን ገልጸዋል። ማዕከሉ በውስጡ ፳ አዳዲስ የላብራቶሪ ክፍሎችንና ፭ ትላልቅ የሥራ ማሳያ አዳራሾችን የያዘ መሆኑን የከተማው ከንቲባ አረገ። በሥልጠናው ወቅት ተማሪዎች በኤሌክትሮኒክስና በሜካኒክስ ዘርፎች ላይ ጥልቅ እውቀት እንዲጨብጡ ልዩ የሆኑ መሣሪያዎች ተሟልተዋል። የከተማዋ የትምህርት ቢሮ በየዓመቱ ፭ ሺህ አዳዲስ ተማሪዎችን ለመቀበልና ለሥራ ለማሰማራት ዝግጅቱን ማጠናቀቁን ገልጿል። በሥልጠናው ተሳታፊዎች በየሦስት ወሩ የብቃት ማረጋገጫ የምስክር ወረቀት እንዲያገኙ መደረጉም ለሥራ ቅጥር ትልቅ ዕድል ይፈጥራል። የንዋይ ከተማ የንግድ ማኅበር በሥልጠናው ተመራቂዎች ላይ ቅድሚያ ለመቅጠር የገባውን ቃል በጉባኤው ላይ በጽኑ አረጋግጧል። በሥልጠናው ሂደት ውስጥ ተማሪዎች በንድፈ ሃሳብ ብቻ ሳይወሰኑ በተግባር ላይ የተመሠረተ ትምህርት እንዲያገኙ ተደርጓል። የፕሮጀክቱ የበጀት አጠቃቀም ግልጽና ውጤታማ መሆኑን የክትትል ኮሚቴው ባደረገው ኦዲት ማረጋገጫ ተሰጥቶታል። በቅርቡ በሚካሄደው የምረቃ ሥነ ሥርዓት ላይ የክልሉ የትምህርት ኮሚሽነር ተገኝተው ለተማሪዎቹ ማበረታቻ እንደሚሰጡ ተገልጿል። ማዕከሉ በየዓመቱ ፲ አዳዲስ የሙያ ዘርፎችን በማካተት የሥልጠናውን ይዘት ለማሳደግ አቅዶ እየሠሩ መሆኑ ታውቋል። ይህ የትምህርት ተቋም በአካባቢው ያለውን የሥራ አጥነት ችግር ለመቀነስ ከፍተኛ አስተዋጽኦ እንደሚያበረክት ተገምቷል። በከተማዋ የሚገኙ ወጣቶች በቴክኖሎጂ የታገዘ የሙያ እውቀት እንዲኖራቸው ለማድረግ የተወሰደው እርምጃ አርአያነት ያለው ነው።"
summarisation|395#2,summarisation,,news,"ለዚህ ጽሑፍ አጭር ማጠቃለያ ጻፍ።

Context:
በሰኔ ፳ ቀን በታላቁ የብሩክ የጥናት ተቋም ውስጥ የተካሄደው ዓለም አቀፍ የሳይንስ ኮንፈረንስ ለወደፊቱ የትምህርት አቅጣጫ አዲስ መመሪያ ሰጥቷል። በኮንፈረንሱ ላይ የቀረቡት ፲ አዳዲስ ጥናቶች ተማሪዎች በቤታቸው ሆነው በምናባዊ ዓለም ውስጥ እንዲማሩ የሚያስችሉ ዘዴዎችን ያሳያሉ። የብሩክ ተቋም ፕሬዝዳንት ወይዘሮ አልማዝ አበበ በንግግራቸው ወቅት የሳይንስ ትምህርት በዓለም አቀፍ ደረጃ መለወጥ እንዳለበት አሳስበዋል። በኮንፈረንሱ ወቅት የተመዘገበው የገንዘብ ድጋፍ ፳፭ ሚሊዮን ዶላር ሲሆን ይህም ለምርምር ሥራዎች እንዲውል ተወስኗል። በዘርፉ የተሰማሩ ፻ ፳ ሳይንቲስቶች በዓለም ዙሪያ ባሉ ፳ አገራት ውስጥ ያሉ የትምህርት ተቋማት እንዲተባበሩ ጥሪ አቅርበዋል። በዘመናዊው የትምህርት ሥርዓት ውስጥ የሰው ሰራሽ አስተውሎት ሚና እጅግ ከፍተኛ መሆኑን ጥናቱ በዝርዝር ያሳያል። ተማሪዎች በሳይንስና በሒሳብ ትምህርቶች ላይ ያላቸውን ፍላጎት ለማሳደግ አዳዲስ የጨዋታ መሣሪያዎች መፈጠር እንዳለባቸው ተመክሯል። የብሩክ ተቋም በየዓመቱ ፲ አዳዲስ የሳይንስ ማዕከላትን በዓለም ዙሪያ ለመክፈት ያለውን ትልቅ ዓላማ ለተሳታፊዎች አብራርቷል። በኮንፈረንሱ ላይ የቀረበው የቴክኖሎጂ ሪፖርት የትምህርት ወጪን በ፴ በመቶ ሊቀንስ እንደሚችል አስታውቋል። ተመራማሪዎች በዓለም አቀፍ ደረጃ ያሉ የትምህርት መረጃዎችን በቀላሉ እንዲያገኙ የሚያስችል የጋራ መድረክ እንዲፈጠር ተጠይቋል። በዓመቱ መጨረሻ ላይ በብሩክ ተቋም ስር የሚገኙ ፭ አዳዲስ የጥናት ማዕከላት ሥራቸውን በይፋ ይጀምራሉ ተብሎ ይጠበቃል። ይህ የሳይንስ ለውጥ ለወደፊቱ ትውልድ የተሻለ የዕውቀት መሠረት ለመጣል ያለመ መሆኑን ተሳታፊዎቹ ገልጸዋል። በኮንፈረንሱ ማጠቃለያ ላይ የተሰጡት ምክረ ሃሳቦች በዓለም አቀፍ የትምህርት ፖሊሲዎች ላይ ተጽዕኖ እንደሚያሳድሩ ተገምቷል። የሳይንስና የቴክኖሎጂ እድገት ከትምህርት ሥርዓት ጋር ተሳስሮ መሄድ እንዳለበት በጽኑ ተስማምተዋል።"
summarisation|399#0,summarisation,,technology,"የሚከተለውን ምንባብ በአጭሩ አጠቃልል፡

በሰኔ ፲፪ ቀን ሁለት ሺህ አሥራ ስድስት ዓመተ ምህረት በዝቅተኛው የቴክኖሎጂ ማዕከል ውስጥ አዲስ የሞባይል ክፍያ ሥርዓት በይፋ ተጀምሯል። በዝቅተኛው የቴክኖሎጂ ማዕከል ውስጥ የሚገኘው አቢሲኒያ ዲጂታል ባንክ በታላቁ የኤሌክትሮኒክስ ኩባንያ ጋር በመተባበር አዲሱን መተግበሪያ ለደንበኞቹ አቅርቧል። አዲሱ መተግበሪያ በየቀኑ በሺዎች የሚቆጠሩ ሰዎች በሞባይላቸው አማካኝነት ገንዘብ እንዲልኩና እንዲቀበሉ የሚያስችል ከፍተኛ አቅም አለው። የኩባንያው ዋና ሥራ አስፈፃሚ አቶ በቀለ ተስፋዬ እንደገለጹት ይህ አዲስ ሥርዓት የፋይናንስ አገልግሎትን ለሁሉም ሰው ተደራሽ ያደርጋል። በዝቅተኛው የቴክኖሎጂ ማዕከል ውስጥ የሚገኙ ነጋዴዎች አዲሱን የክፍያ ዘዴ በመጠቀም የዕለት ተዕለት ሽያጮቻቸውን በቀላሉ መመዝገብ ይችላሉ። የቴክኖሎጂው ባለሙያዎች ሥርዓቱ በጣም ፈጣንና አስተማማኝ መሆኑን ለተጠቃሚዎች በሰፊው ማብራሪያ ሰጥተዋል። በዝቅተኛው የቴክኖሎጂ ማዕከል ውስጥ የሚገኙ የባንክ ባለሙያዎች ደንበኞች መተግበሪያውን እንዴት እንደሚጠቀሙ በነጻ ስልጠና እየሰጡ ይገኛሉ። አዲሱ የሞባይል ገንዘብ አገልግሎት በየወሩ እስከ አምስት ሚሊዮን ብር የሚያሳልፍ የገንዘብ ዝውውር ለማድረግ የሚያስችል ብቃት አለው። የቴክኖሎጂው አዲስ መለያ ቁጥር በየደቂቃው የሚለዋወጥ በመሆኑ ደንበኞች ከፍተኛ የደህንነት ጥበቃ እንዲኖራቸው ተደርጎ ተቀርጿል። በዝቅተኛው የቴክኖሎጂ ማዕከል ውስጥ የሚገኙ የኢንተርኔት አገልግሎት አቅራቢዎች ለዚህ ሥርዓት ልዩ የዳታ ጥቅል አዘጋጅተዋል። የቴክኖሎጂው ውጤታማነት በሦስት ወራት ውስጥ በሃይማኖት ከተማ ውስጥ ለሚገኙ አምስት መቶ አዳዲስ ተጠቃሚዎች ተደርሷል። አዲሱ መተግበሪያ በሞባይል ስልኮች ላይ በቀላሉ እንዲጫን ተደርጎ የተሠራ በመሆኑ ለሁሉም አመቺ ነው። የቴክኖሎጂው ስኬት በቅርቡ ወደ ሌሎች አራት ትላልቅ ከተሞች እንዲስፋፋ በኩባንያው ዕቅድ ተይዟል። አዲሱ የዲጂታል ክፍያ ሥርዓት የንግድ እንቅስቃሴን በማቀላጠፍ ረገድ ትልቅ ሚና እንደሚጫወት ተገምቷል።"
summarisation|399#1,summarisation,,technology,"የሚከተለውን ምንባብ በአጭሩ አጠቃልል፡

በጥቅምት አምስት ቀን ሁለት ሺህ አሥራ አምስት ዓመተ ምህረት በሰማይ ቴክኖሎጂ ኩባንያ አዲስ የሞባይል ስልክ ሞዴል ለገበያ አውጥቷል። ይህ አዲስ ስልክ በሰማይ ቴክኖሎጂ ኩባንያ የተመረተ ሲሆን በውስጡ እጅግ ዘመናዊ የሆነ የሰው ሰራሽ አስተውሎት ሥርዓት ይዟል። የኩባንያው መሐንዲስ አቶ ታደሰ አበበ እንደገለጹት ስልኩ በአንድ ጊዜ ለሁለት መቶ ሰዓታት የሚቆይ የባትሪ አቅም አለው። ስልኩ በሰማይ ቴክኖሎጂ ኩባንያ ምርትነት በዓለም አቀፍ ደረጃ ለሚገኙ አምስት መቶ አዳዲስ የንግድ ድርጅቶች በቅድሚያ ተከፋፍሏል። አዲሱ ስልክ በውስጡ የሰባት መቶ ሜጋ ፒክስል ጥራት ያለው ካሜራ የያዘ በመሆኑ ለፎቶግራፍ ባለሙያዎች በጣም ተመራጭ ነው። በሰማይ ቴክኖሎጂ ኩባንያ የጥናት ክፍል እንደገለጸው ስልኩ በከፍተኛ የደህንነት መቆለፊያ ዘዴዎች የታጠረ ነው። ስልኩን ለመግዛት የሚፈልጉ ደንበኞች በሰማይ ቴክኖሎጂ ኩባንያ በኩል በዲጂታል መንገድ ክፍያ መፈጸም ይችላሉ። በሰማይ ቴክኖሎጂ ኩባንያ የሽያጭ ክፍል እንደገለጸው የመጀመሪያው ዙር ሽያጭ በአንድ ቀን ውስጥ አምስት ሺህ ስልኮችን አሳልፏል። አዲሱ ስልክ በውስጡ የሰባት መቶ ጂጋ ባይት የመረጃ ማከማቻ አለው። ስልኩን ለመጠቀም የሚያስፈልገው የኢንተርኔት ፍጥነት በጣም ከፍተኛ በመሆኑ ለቪዲዮ ጥሪዎች እጅግ ምቹ ነው። በሰማይ ቴክኖሎጂ ኩባንያ የደንበኞች አገልግሎት ክፍል ስልኩን በተመለከተ የሚመጡ ጥያቄዎችን ለመመለስ ዝግጁ ነው። አዲሱ ስልክ በሰማይ ቴክኖሎጂ ኩባንያ የዲዛይን ክፍል ለረጅም ጊዜ ተሰርቶ የተጠናቀቀ ውጤት ነው። ስልኩ በሦስት የተለያዩ ቀለማት ለገበያ የቀረበ ሲሆን ዋጋውም በጣም ተመጣጣኝ ሆኖ ተዘጋጅቷል። በሰማይ ቴክኖሎጂ ኩባንያ የቴክኖሎጂ ባለሙያዎች ስልኩን በየሳምንቱ አዳዲስ ማሻሻያዎችን በማድረግ ለተጠቃሚዎች ያቀርባሉ።"
summarisation|399#2,summarisation,,technology,"ይህን ጽሑፍ በአጭሩ አጠቃልልልኝ።

በጥር ሃያ ቀን ሁለት ሺህ አሥራ ሁለት ዓመተ ምህረት በሰላም የገንዘብ አገልግሎት በታላቁ የንግድ ማዕከል ውስጥ አዲስ መመሪያ አውጥቷል። በሰላም የገንዘብ አገልግሎት በታላቁ የንግድ ማዕከል ውስጥ የሚገኙ ደንበኞች በሞባይል ስልካቸው ብቻ የባንክ አገልግሎት ማግኘት ይችላሉ። የድርጅቱ ስራ አስኪያጅ ወይዘሪት ሳራ በቀለ እንደገለጹት አዲሱ መመሪያ የገንዘብ ዝውውርን በሰላማዊ መንገድ ለማድረግ ታስቦ የተዘጋጀ ነው። በሰላም የገንዘብ አገልግሎት በታላቁ የንግድ ማዕከል ውስጥ የሚገኙ አምስት መቶ የገበያ ማዕከላት አዲሱን ሥርዓት ተቀብለዋል። ደንበኞች በሞባይላቸው አማካኝነት በየቀኑ እስከ አሥር ሺህ ብር ያለ ምንም ተጨማሪ ክፍያ መላክ ይችላሉ። በሰላም የገንዘብ አገልግሎት በታላቁ የንግድ ማዕከል ውስጥ የሚገኙ የቴክኖሎጂ ባለሙያዎች ለደንበኞች የደህንነት ስልጠና ይሰጣሉ። አዲሱ የዲጂታል መመሪያ በየሳምንቱ በሺዎች የሚቆጠሩ አዳዲስ ተጠቃሚዎችን ወደ ሥርዓቱ እያመጣ ይገኛል። በሰላም የገንዘብ አገልግሎት በታላቁ የንግድ ማዕከል ውስጥ የሚገኙ የገንዘብ ምንጮች አዲሱን ሥርዓት ለመጠቀም ዝግጁ ናቸው። ደንበኞች በሞባይላቸው አማካኝነት የገንዘብ መጠንንና የዝውውር ታሪክን በየሰከንዱ ማየት ይችላሉ። በሰላም የገንዘብ አገልግሎት በታላቁ የንግድ ማዕከል ውስጥ የሚገኙ የደህንነት መኮንኖች የደንበኞችን መረጃ በጥብቅ ይጠብቃሉ። አዲሱ የሞባይል አገልግሎት በየቀኑ በሁለት መቶ አዳዲስ የንግድ ቦታዎች ላይ ተግባራዊ እየተደረገ ይገኛል። በሰላም የገንዘብ አገልግሎት በታላቁ የንግድ ማዕከል ውስጥ የሚገኙ የኢንተርኔት አገልግሎቶች ለዚህ ሥርዓት ቅድሚያ ይሰጣሉ። አዲሱ መመሪያ የገንዘብ ዝውውርን ፍጥነት በሃያ በመቶ እንዲጨምር እንደሚያደርግ ተገምቷል። በሰላም የገንዘብ አገልግሎት በታላቁ የንግድ ማዕከል ውስጥ የሚገኙ የቴክኖሎጂ መሣሪያዎች ለሥርዓቱ ምቹ ናቸው። አዲሱ የዲጂታል ክፍያ ሥርዓት በከተማዋ ውስጥ ያለውን የንግድ እንቅስቃሴ ለማሳደግ ትልቅ ተስፋ ይሰጣል።"
summarisation|403#0,summarisation,,technology,"ይህን ጽሑፍ በአጭሩ አጠቃልልልኝ።

ኮምፒውተር ማለት መረጃዎችን ለመቀበል እና ለማቀነባበር እንዲሁም ውጤቶችን በፍጥነት ለማውጣት የሚያገለግል በጣም አስፈላጊ የሆነ የኤሌክትሮኒክስ መሣሪያ ነው። ይህ መሣሪያ በውስጡ የተለያዩ ክፍሎችን የያዘ ሲሆን እያንዳንዱ ክፍል ለራሱ የተለየ እና አስፈላጊ ተግባር አለው። ዋናው የኮምፒውተር ክፍል ሲሆን መረጃዎችን በከፍተኛ ፍጥነት የሚያቀነባብር እና ትዕዛዞችን የሚፈጽም ሲሆን ይህ ክፍል ማዕከል ይባላል። የኮምፒውተር ማሳያ ወይም ሞኒተር መረጃዎች በምስል እና በጽሑፍ መልክ ተዘጋጅተው የሚታዩበት በጣም አስፈላጊ የሆነ የውጭ መሣሪያ ነው። በኪቦርድ አማካኝነት ተጠቃሚዎች የተለያዩ ጽሑፎችን እና ትዕዛዞችን ወደ ኮምፒውተሩ ውስጥ ማስገባት እና መላክ ይችላሉ። ማውጫ ወይም ማውጫ ማለት ኮምፒውተሩ የሰበሰበውን መረጃ በድምፅ ወይም በምስል መልክ ለተጠቃሚው የሚያቀርብ መሣሪያ ነው። ኮምፒውተሮች በሁለት ዋና ዋና ክፍሎች ማለትም በሃርድዌር እና በሶፍትዌር ተከፍለው ሊታወቁ ይችላሉ። ሃርድዌር ማለት በእጃችን ሊጨበጥ የሚችል ማንኛውም አካላዊ የኮምፒውተር ክፍል ማለት ሲሆን ለምሳሌ ማዘዣ እና ማሳያ ናቸው። ሶፍትዌር ደግሞ ኮምፒውተሩ ምን መሥራት እንዳለበት የሚነግር እና የማይጨበጥ የትዕዛዝ ስብስብ ነው። ሶፍትዌሮች ያለ ሃርድዌር መሥራት የማይችሉ በመሆናቸው ሁለቱም ክፍሎች እርስ በእርስ መተባበር አለባቸው። ኮምፒውተርን ለመጠቀም መጀመሪያ የኃይል ምንጭ መኖሩ እና መሣሪያው በትክክል መገናኘቱ መረጋገጥ አለበት። በኢትዮጵያ ውስጥ የኮምፒውተር እውቀት እየጨመረ በመምጣቱ ለተለያዩ የሥራ ዘርፎች ትልቅ ፋይዳ አለው። ተማሪዎች ለትምህርታቸው እና ለምርምር ሥራዎቻቸው ኮምፒውተርን በሰፊው መጠቀም ይጀምራሉ። የኮምፒውተር መሠረታዊ እውቀት መኖሩ በዘመናዊው ዓለም ውስጥ ስኬታማ ለመሆን በጣም አስፈላጊ ነው።"
summarisation|403#1,summarisation,,technology,"ይህ ጽሑፍ ምን እንደሚናገር በአጭሩ አስረዳ።

Context:
የኮምፒውተር መረጃ ማከማቻ ዘዴዎች መረጃን ለረጅም ጊዜ በሰላም ለመያዝ እና ለሌላ ጊዜ ለመጠቀም በጣም ወሳኝ ናቸው። መረጃዎችን በዲጂታል መልክ ለማስቀመጥ የተለያዩ መሣሪያዎች ጥቅም ላይ ይውላሉ እና እያንዳንዳቸው የራሳቸው ጠንካራ ጎን አላቸው። ሃርድ ዲስክ የተባለው መሣሪያ በኮምፒውተሩ ውስጥ ከፍተኛ መጠን ያለው መረጃን ለማከማቸት የሚያገለግል ዋና መሣሪያ ነው። ፍላሽ ድራይቭ ወይም ዩኤስቢ በትንሽ መጠን ተይዞ በቀላሉ ከአንድ ኮምፒውተር ወደ ሌላ ለማንቀሳቀስ በጣም አመቺ ነው። በደመና መረጃ ማከማቻ ወይም ክላውድ ስቶሬጅ መረጃዎችን በኢንተርኔት አማካኝነት በየትኛውም ቦታ ለማግኘት ያስችላል። መረጃዎችን በሥርዓት አለመያዝ ለጠፋ መረጃ እና ለሥራ መስተጓጎል ምክንያት ሊሆን ስለሚችል ጥንቃቄ ማድረግ ያስፈልጋል። ኮምፒውተራችን ላይ ያሉ ፋይሎች በፎልደር ወይም በፋይል መልክ ተከፋፍለው እንዲቀመጡ ማድረግ ሥራን ያቀልላል። የፋይል አይነቶች እንደ ጽሑፍ እና እንደ ምስል እንዲሁም እንደ ቪዲዮ ተብለው በተለያዩ ዘርፎች ሊከፈሉ ይችላሉ። መረጃዎችን በየጊዜው ወደ ሌላ መሣሪያ ኮፒ ማድረግ ወይም ባክአፕ መያዝ በጣም አስፈላጊ ጥንቃቄ ነው። የኮምፒውተር ቫይረሶች መረጃዎችን ሊያጠፉ ወይም ሊሰርቁ ስለሚችሉ የፀረ ቫይረስ መሣሪያዎችን መጠቀም ግዴታ ነው። በኢትዮጵያ ውስጥ ያሉ የቢሮ ሥራዎች በሙሉ አሁን ላይ በዲጂታል መረጃ አያያዝ ላይ የተመሰረቱ ናቸው። መረጃን በአግባቡ ማደራጀት ጊዜን ለመቆጠብ እና ስራን በብቃት ለመሥራት ትልቅ እገዛ ያደርጋል። የዲጂታል መረጃ አያያዝ እውቀት ለወጣቶች የሥራ ዕድልን ለማስፋት ትልቅ ሚና ይጫወታል። መሠረታዊ የፋይል አያያዝ ሥርዓትን መረዳት ማንኛውንም የኮምፒውተር ተጠቃሚ ለላቀ ውጤት ያበቃል።"
summarisation|407#0,summarisation,,daily_life,"እባክዎን ይህን ጽሑፍ በአጭሩ ያጠቃልሉ።

Context:
በሰኔ ፲፪ ቀን በታላቁ የዝቅተኛ ዋጋ የገበያ ማዕከል ውስጥ በአቶ በቀለ አበበ መሪነት ትልቅ የሸቀጣሸቀጥ ዝውውር ተካሂዷል። በዚህ ዝግጅት ላይ ከ፳፬ የተለያዩ አካባቢዎች የመጡ ፻፶ ነጋዴዎች አዳዲስ ምርቶችን ለተጠቃሚዎች ለማቅረብ በሰፊው ተገኝተዋል። በገበያው ውስጥ በተለይም በቅባትና በዱቄት ምርቶች ላይ ከፍተኛ የዋጋ ቅናሽ መኖሩን የገበያ ማዕከሉ አስተዳዳሪ የሆኑት ወይዘሮ አልማዝ ተናግራለች። የገበያ ማዕከሉ የንግድ ኮሚቴ አባል የሆኑት አቶ ታደሰ በዝግጅቱ ላይ እንደገለጹት የሸቀጦች አቅርቦት በ፳ በመቶ መጨመሩ ተመዝግቧል። በገበያው ውስጥ የሚገኙ የጥራታቸው መመዘኛ የሆኑት የጥራጥሬ ምርቶች በሙሉ በልዩ የጥራት ቁጥጥር ቡድን ተፈትሸዋል። በዝግጅቱ ወቅት ከ፪ ሺህ በላይ ደንበኞች የተለያዩ የቤት ውስጥ ቁሳቁሶችን በቅናሽ ዋጋ ለመግዛት ተሰልፈው መጥተዋል። የገበያው ዋና አስተባባሪ የሆኑት አቶ ካሳሁን በገበያው ውስጥ የትራፊክ መጨናነቅ እንዳይከሰት ልዩ የጥበቃ ሰራተኞችን መድበዋል። በገበያው ውስጥ የሚሸጡት የፍራፍሬ ምርቶች በሙሉ ከቅርብ ጊዜው የገበሬዎች ማህበር የተገኙ መሆናቸው ተረጋግጧል። የገበያ ማዕከሉ የፋይናንስ ክፍል ሪፖርት እንደሚያሳየው በዛሬው ዕለት የተከናወነው የንግድ ልውውጥ ከፍተኛ ገቢ አስገኝቷል። በገበያው ውስጥ የሚገኙት የንግድ ድርጅቶች በሙሉ የንግድ ፈቃዳቸውን አድሰዋል ተብሎ በዝርዝር ተገልጿል። በገበያው ውስጥ የሚገኙት የጽዳት ሰራተኞች አካባቢው ንጹህ እንዲሆን ከፍተኛ ጥረት እያደረጉ መሆኑን የጤና ባለሙያዎች አረጋግጠዋል። በገበያው ውስጥ የሚገኙት የጥበቃ ሰራተኞች ደንበኞች በሰላም እንዲገበያዩ አስፈላጊውን ድጋፍ እያደረጉ ይገኛሉ። በገበያው ውስጥ የሚገኙት የንግድ ድርጅቶች አዳዲስ የክፍያ ዘዴዎችን ለደንበኞች ማቅረባቸውን በሰፊው አውርደዋል። በገበያው ውስጥ የሚገኙት የንግድ ድርጅቶች ለደንበኞች ልዩ ስጦታዎችን በማቅረብ የገበያውን ድባብ ማሳደግ ችለዋል። በገበያው ውስጥ የሚገኙት የንግድ ድርጅቶች ለደንበኞች ልዩ ስጦታዎችን በማቅረብ የገበያውን ድባብ ማሳደግ ችለዋል።"
summarisation|407#1,summarisation,,daily_life,"የጽሑፉን ዋና ሐሳብ በአጭሩ ግለጽ።

Context:
በሰኔ ፲፭ ቀን በሰላም ከተማ በሚገኘው የኤሌክትሮኒክስ መታጠቢያ ገበያ ውስጥ አዲስ የቴክኖሎጂ ምርቶች ለገበያ ቀርበዋል። በዘርፉ ስመ ጥር የሆኑት የኤሌክትሮኒክስ ድርጅት የሆኑት አቢሲኒያ ቴክኖሎጂ አዳዲስ ስልኮችንና ኮምፒውተሮችን ለሽያጭ አቅርቧል። በዝግጅቱ ላይ የተገኙት የቴክኖሎጂ ባለሙያዎች አዳዲስ ምርቶች ከቀድሞዎቹ በ፲ አምስት በመቶ የተሻለ አፈጻጸም እንዳላቸው ገልጸዋል። በገበያው ውስጥ የሚገኙት የሽያጭ ሰራተኞች ለደንበኞች ስለ ምርቶቹ አጠቃቀምና ጥገና ሰፊ ማብራሪያ እየሰጡ ይገኛሉ። በገበያው ውስጥ የሚገኙት የቴክኖሎጂ አፍቃሪዎች አዳዲስ ምርቶችን ለመሞከርና ለመግዛት ከፍተኛ ፍላጎት አሳይተዋል። የኤሌክትሮኒክስ መታጠቢያ ገበያው አስተዳዳሪ የሆኑት አቶ ዮናስ በገበያው ውስጥ የቴክኖሎጂ ሽግግር እንዲፋጠን እንደሚፈልጉ ተናግረዋል። በገበያው ውስጥ የሚገኙት የቴክኒክ ባለሙያዎች ለደንበኞች የቴክኒክ ድጋፍ ለመስጠት በዝግጅት ላይ ናቸው። በገበያው ውስጥ የሚገኙት የሽያጭ ድርጅቶች ለደንበኞች የረጅም ጊዜ ዋስትና ለመስጠት መግባባት ላይ ደርሰዋል። በገበያው ውስጥ የሚገኙት የቴክኖሎጂ ምርቶች በሙሉ በታወቁ የጥራት ማረጋገጫ ተቋማት የተፈተሹ መሆናቸው ተገልጿል። በገበያው ውስጥ የሚገኙት የቴክኖሎጂ ባለሙያዎች አዳዲስ ምርቶችን ለደንበኞች ለማስተዋወቅ ልዩ የሙከራ ጊዜ ፈጥረዋል። በገበያው ውስጥ የሚገኙት የቴክኖሎጂ አፍቃሪዎች አዳዲስ ምርቶችን ለመሞከርና ለመግዛት ከፍተኛ ፍላጎት አሳይተዋል። በገበያው ውስጥ የሚገኙት የሽያጭ ሰራተኞች ለደንበኞች ስለ ምርቶቹ አጠቃቀምና ጥገና ሰፊ ማብራሪያ እየሰጡ ይገኛሉ። በገበያው ውስጥ የሚገኙት የቴክኖሎጂ ምርቶች በሙሉ በታወቁ የጥራት ማረጋገጫ ተቋማት የተፈተሹ መሆናቸው ተገልጿል። በገበያው ውስጥ የሚገኙት የቴክኒክ ባለሙያዎች ለደንበኞች የቴክኒክ ድጋፍ ለመስጠት በዝግጅት ላይ ናቸው። በገበያው ውስጥ የሚገኙት የቴክኖሎጂ አፍቃሪዎች አዳዲስ ምርቶችን ለመሞከርና ለመግዛት ከፍተኛ ፍላጎት አሳይተዋል።"
summarisation|411#0,summarisation,,history,"እባክዎን ይህን ጽሑፍ በአጭሩ ያጠቃልሉ።

Context:
በአክሱም የጥንት ከተማ አቅራቢያ በሚገኘው በሰሜን ተራራማ አካባቢ በታላቁ የዘመን አቆጣጠር በ፪፻፵፭ ዓመተ ምሕረት የተገኘው አዲስ የድንጋይ ቅርስ ለዓለም ትልቅ መረጃ ሰጥቷል። በታዋቂው የጥንታዊ ቅርሶች ጥናት ማኅበር አባል የሆኑት አቶ በቀለ ተሰማ እና ቡድን አባሎቻቸው በዚያ አካባቢ በድንገት ያገኙት ትልቅ የድንጋይ ሐውልት ለብዙ ዓመታት ተቀብሮ የነበረ መሆኑን ገልጸዋል። ይህ ግዙፍ የድንጋይ ውጤት ከ፪፼ ዓመታት በፊት በነበሩት የጥንት ሰዎች የተሠራ መሆኑን የሚያሳዩ ጥልቅ ምልክቶችና ልዩ ቅርጾች በውስጡ ይዘዋል። በቅሪተ አካል ምርመራ ውጤት መሠረት ይህ ቦታ በወቅቱ የነበረው የንግድ ማዕከል መሆኑንና ከሩቅ አገራት ጋር የነበረውን ግንኙነት በግልጽ ያሳያል። በቦታው ላይ የተገኙት የሸክላ ዕቃዎችና የነሐስ ጌጣጌጦች በወቅቱ የነበረውን የኢኮኖሚ ብልጽግናና የጥበብ ደረጃ በከፍተኛ ሁኔታ የሚያሳዩ ናቸው። የቅርስ ጥበቃ ተቋሙ የበላይ መኮንን የሆኑት አቶ አበበ ኃይሌ እንደገለጹት ይህ ግኝት የአክሱም ሥልጣኔ ምን ያህል የላቀ እንደነበር ለዓለም የሚያሳይ ነው። በቦታው ላይ የተገኘው ትልቅ የወርቅ ሳንቲም በወቅቱ የነበረውን የገንዘብ ሥርዓትና የንግድ ልውውጥ ዘዴ በዝርዝር ያብራራል። የጥናት ቡድኑ በየቀኑ በቦታው ላይ የሚገኙትን አዳዲስ ቁፋሮዎች በከፍተኛ ጥንቃቄና በሳይንሳዊ መንገድ እየተከታተለ ይገኛል። በቅርቡ በሚደረገው ትልቅ ጉባኤ ላይ ስለዚህ ግኝት ዝርዝር መረጃ ለዓለም አቀፍ ተመራማሪዎች ለማቅረብ ታቅዷል። ይህ ታሪካዊ ቦታ ለቱሪዝም ዘርፍ ትልቅ ዕድል እንደሚፈጥርና የአገሪቱን ታሪክ ለማስተማር እንደሚረዳ ተገልጿል። በቦታው አካባቢ የሚገኙት ነዋሪዎችም ለቅሪተ አካል ጥበቃ አስፈላጊውን ትብብርና ድጋፍ እያደረጉ መሆኑ ተነግሯል። የጥንታዊ ቅርሶች ማኅበር በቦታው ላይ ተጨማሪ ምርመራ ለማድረግ በጀት መድቧል። ይህ ግኝት ለቀጣይ ትውልዶች ስለ አክሱም ታሪክ ትልቅ ትምህርት እንደሚሰጥ ተስፋ ተጥሏል። በመጨረሻም የጥናት ተመራማሪዎቹ በቦታው ላይ የተገኙትን ሌሎች ቁፋሮዎች በዝርዝር ለመመዝገብ እየሰሩ ይገኛሉ።"
summarisation|411#1,summarisation,,history,"ይህ ጽሑፍ ምን እንደሚናገር በአጭሩ አስረዳ።

Context:
በአክሱም ግዛት ውስጥ በነበረው የጥንት የንግድ ሥርዓት ላይ አዲስ ጥናት በሰሜን አቅጣጫ በሚገኘው በዘይቱ ከተማ የተካሄደ መሆኑ ተረጋገጠ። በታዋቂው የኢትዮጵያ ታሪክ ተመራማሪዎች ማኅበር የተመራው የጥናት ቡድን በ፪፻፶፪ ዓመተ ምሕረት ያደረገው ምርመራ ለውጤት መድረሱን አስታውቋል። በቦታው ላይ የተገኙት የንግድ ሰነዶችና የሸክላ ውጤቶች በወቅቱ የነበረውን የንግድ ልውውጥ መጠን በግልጽ ያሳያሉ። በከተማዋ ውስጥ በ፪፼ ዓመታት በፊት የነበሩ የንግድ መጋዘኖችና የገበያ ቦታዎች በስፋት ተገኝተዋል። የጥናቱ መሪ የሆኑት ወይዘሮ ማርታ ኃይሌ እንደገለጹት ይህ ከተማ በወቅቱ የንግድ መገናኛ ነበረች። በከተማዋ ውስጥ የሚገኙት ግዙፍ የድንጋይ ግንባታዎች የከተማዋን የሥልጣኔ ደረጃና የሕንፃ ጥበብ በከፍተኛ ሁኔታ ያሳያሉ። በንግድ መስመሩ ላይ የሚገኙት የሸክላ ዕቃዎችና የብረት መሣሪያዎች ከሌሎች አካባቢዎች የመጡ መሆናቸው ተረጋግጧል። በቦታው ላይ የተገኙት የንግድ መዝገቦች በወቅቱ የነበረውን የታክስ ሥርዓትና የንግድ ሕግ በዝርዝር ይዘዋል። የከተማዋ ነዋሪዎች በግብርናና በንግድ ሥራ ላይ የተሰማሩ መሆናቸውን የሚያሳዩ መረጃዎች ተገኝተዋል። በከተማዋ ውስጥ የነበሩት የውኃ ማጠራቀሚያዎችና የመሠረተ ልማት ግንባታዎች የከተማዋን ዕድገት ያሳያሉ። የጥናት ቡድኑ በቦታው ላይ የተገኙትን ቁፋሮዎች በሙሉ በዲጂታል መንገድ ለመመዝገብ እየሠራ ይገኛል። ይህ ግኝት በአክሱም ታሪክ ላይ አዲስ እይታ እንደሚሰጥና ለታሪክ ተመራማሪዎች ትልቅ መረጃ እንደሚሆን ተገልጿል። በከተማዋ አካባቢ የሚገኙት አዳዲስ ግኝቶች ለወደፊቱ ተጨማሪ ጥናቶችን ለማድረግ መነሻ እንደሚሆኑ ተጠቁሟል። የጥናት ማኅበሩ በቦታው ላይ የሚደረገውን ሥራ በቅርብ ለመከታተል ቃል ገብቷል። ይህ ታሪካዊ ግኝት የአገሪቱን የጥንት የንግድ ታሪክ ለማሳደግ ትልቅ አስተዋጽኦ ይኖረዋል።"
summarisation|411#2,summarisation,,history,"ጽሑፉን አንብበሽ ማጠቃለያውን ጻፊ።

Context:
በአክሱም ሥልጣኔ ዘመን የነበረውን የውኃ አጠቃቀምና የግብርና ሥርዓት በተመለከተ በሰሜን ተራራማ አካባቢ አዲስ ግኝት ተመዝግቧል። በታላቁ የሥልጣኔ ጥናት ተቋም አባል የሆኑት አቶ ዮናስ በቀለና ቡድናቸው በ፪፻፶፯ ዓመተ ምሕረት ያደረጉት ምርመራ ውጤት ወጣ። በቦታው ላይ የተገኙት የውኃ ቦይ መሠረተ ልማቶችና የግብርና መሣሪያዎች የጥንት ሰዎች የውኃ አጠቃቀም ጥበብ ምን ያህል የላቀ እንደነበር ያሳያሉ። በቦታው ላይ የተገኙት ግዙፍ የድንጋይ ቦይዎች በወቅቱ የነበረውን የውኃ ማስተላለፊያ ሥርዓት በዝርዝር ያብራራሉ:: በቦታው አካባቢ የሚገኙት የሰብል ምርቶች መዝገቦች በወቅቱ የነበረውን የግብርና ብልጽግና ያሳያሉ። የጥናቱ መሪ የሆኑት አቶ ዮናስ እንደገለጹት ይህ ሥርዓት ለከተማዋ ነዋሪዎች የውኃ አቅርቦትን ለማረጋገጥ የተዘረጋ ነበር። በቦታው ላይ የተገኙት የብረት መሣሪያዎችና የድንጋይ መቆፈሪያዎች የግብርና ሥራውን ለማሳለጥ የተጠቀሙባቸው መሣሪያዎች ናቸው። በቦታው ላይ የተገኙት የሸክላ ዕቃዎችና የጥራጥሬ መያዣዎች በወቅቱ የነበረውን የግብርና ምርት አያያዝ ዘዴ ያሳያሉ። የጥናት ቡድኑ በቦታው ላይ የተገኙትን ግኝቶች በሳይንሳዊ መንገድ ለመተንተን ከፍተኛ ጥረት እያደረገ ይገኛል። ይህ ግኝት በአክሱም ግዛት ውስጥ የነበረውን የሕዝብ ቁጥርና የሰፈራ ሁኔታ ለመረዳት ይረዳል። በቦታው አካባቢ የሚገኙት የግብርና መሬቶች ለብዙ ዓመታት ለም መሆናቸውን የሚያሳዩ መረጃዎች ተገኝተዋል። የጥናት ተቋሙ በቦታው ላይ ተጨማሪ ቁፋሮዎችን ለማድረግ በጀት መድቧል። ይህ ታሪካዊ ግኝት ስለ ጥንታዊው የኢትዮጵያ ግብርና ሥርዓት አዲስ እውቀት እንደሚሰጥ ተገልጿል። በቦታው ላይ የሚገኙት ግኝቶች ለትምህርትና ለምርምር ዘርፍ ትልቅ ፋይዳ አላቸው። በመጨረሻም የጥናት ቡድኑ በቦታው ላይ የተገኙትን ውጤቶች በዓለም አቀፍ መጽሔት ላይ ለማሳተፍ አቅዷል።"
summarisation|415#0,summarisation,,history,"የሚከተለውን ጽሑፍ አጠቃልል።

Context:
በአዲሱ የዘመነ አክሱም የታሪክ ማህበር የተሰበሰበው የጥንታዊ የዞራ ከተማ ቅሪተ አካላት አገኚዎች በቅርቡ በታላቁ የዘርባ ሸለቆ ውስጥ አዲስ ግኝት አደረጉ። በሰኔ ፲፪ ቀን በ፪፻፲፭ ዓ.ም የተገኘው ይህ ትልቅ የድንጋይ ጽሕፈት በወቅቱ የነበረውን የንግድ ልውውጥ በዝርዝር የሚያሳይ ነው። በጽሕፈቱ ላይ እንደተጠቀሰው የዞራ ንጉሥ አዝራ ፩ በ፪፻፳ ዓ.ም ከጎረቤት የኩማ መንደር ጋር የንግድ ስምምነት አድርጓል። ይህ ስምምነት በወቅቱ የነበረውን የጥቁር አዝራሪ እንስሳት እና የወርቅ ጌጣጌጥ ልውውጥ በከፍተኛ ሁኔታ አሳድጎታል። የጥናት ቡድኑ መሪ አቶ በቀለ ተስፋዬ እንደገለጹት ይህ ግኝት የጥንታዊቷ ዞራ ሥልጣኔ የንግድ የበላይነት ምንጭ ምን እንደነበረ ያሳያል። በጽሕፈቱ ላይ በ፪፻፶ ዓ.ም የተደረገው የሰባት ወር የጦርነት ማቆም ስምምነትም በግልጽ ተጽፎ ተገኝቷል። ይህ ስምምነት በሁለቱ መንግሥታት መካከል የነበረውን የሰላም ሁኔታ ለረጅም ዓመታት ጠብቆ እንዲቆይ አድርጓል። በከተማዋ ውስጥ የነበሩት ፪፻፶ አዳዲስ መኖሪያ ቤቶች አወቃቀርም በድንጋይ የተገነቡ መሆናቸውን ጽሑፉ ያረጋግጣል። የዞራ የንግድ ማዕከል በወቅቱ ፪፻፶ አምስት የንግድ መርከቦችን በየዓመቱ እንደሚያስተናግድ መረጃው ያሳያል። የከተማዋ ዋና መሪ የነበሩት አዝራ ፩ ለሕዝቡ የነበራቸው እንክብካቤ በጽሑፉ ውስጥ በዝርዝር ተገልጿል። በወቅቱ የነበረው የግብር አሰባሰብ ሥርዓት በ፪፻፶ አምስት የገንዘብ ዓይነቶች የሚከናወን መሆኑ ተጠቅሷል። ይህ ታሪካዊ ግኝት በኢትዮጵያ የታሪክ ጥናት ዘርፍ ውስጥ ትልቅ ለውጥ እንደሚያመጣ ተገምቷል። የዞራ ከተማ የንግድ መተግበሪያዎችና የሕግ ሥርዓቶች በወቅቱ በጣም የረቀቁ መሆናቸውን ጽሑፉ ያሳያል። አጠቃላይ የዞራ ሥልጣኔ በ፪፻፶ ዓ.ም ከፍተኛ የሥልጣኔ ደረጃ ላይ እንደደረሰ መረጃው ያረጋግጣል።"
summarisation|419#0,summarisation,,health,"ከዚህ በታች ያለውን ጽሑፍ በ2-3 ዓረፍተ ነገሮች አጠቃልለው።

Context:
በሰሜን ኢትዮጵያ በገጃጅ ከተማ ውስጥ በሚገኘው የአባይ ተፋሰስ የጤና ማዕከል በሰኔ 12 ቀን 2016 ዓ.ም በአዲስ መረጃ መሰረት የሥርዓተ ምግብ ለውጥ መርሃ ግብር ተጀምሯል። የጤና ማዕከሉ የሥነ ምግባር ኮሚቴ አባል የሆኑት ዶክተር አበበ በቀለ በሰጡት መግለጫ የአካባቢው ነዋሪዎች በብዛት የሚጠቀሙባቸውን ጥራታቸው የሳነ ምግቦች መቀነስ እንደሚገባ ገልጸዋል። በከተማዋ ውስጥ የሚገኙ 450 ቤተሰቦች በየቀኑ በቂ የፕሮቲን እና የቪታሚን እጥረት ምክንያት ለተለያዩ የጤና ችግሮች መጋለጣቸውን ጥናቱ ያሳያል። የጤና ባለሙያዎች በየሳምንቱ በየሰፈሩ በመዞር ስለ ተመጣጣኝ ምግብ አዘልነት ለ2000 በላይ ሰዎች ስልጠና ለመስጠት አቅደዋል። በፕሮግራሙ መጀመሪያ ላይ በዋናነት ትኩረት የሚሰጠው በጤናማ የአትክልት እና የፍራፍሬ አጠቃቀም እንዲሁም በጥራቱ በተረጋገጠ የጥራጥሬ ምርቶች ላይ ነው። የገጃጅ የጤና ማዕከል የሥራ አስኪያጅ የሆኑት ወይዘሮ አልማዝ ተስፋዬ በዝግጅቱ ላይ በሰጡት አስተያየት የልጆች እድገት እንዲሻሻል የአመጋገብ ስርዓት መለወጥ የግድ መሆኑን አሳስበዋል። በከተማዋ የሚገኙ 15 ትልልቅ የገበያ ማዕከላት ከጤና ማዕከሉ ጋር በመተባበር ንፁህ እና የተመጣጠነ ምግብ እንዲቀርብ ስምምነት ተፈራርመዋል። የጤና ባለሙያዎች በየቀኑ ጠዋት በየሰፈሩ በሚገኙ የጤና ጣቢያዎች ውስጥ ነፃ የምክር አገልግሎት ለመስጠት ዝግጁ መሆናቸውን ለህዝቡ አሳውቀዋል። በክልሉ የሚገኙ 12 አርሶ አደሮችም የተሻለ የአመጋገብ ስርዓት እንዲኖር የተመረጡ ዘሮች እንዲያመርቱ ከጤና ማዕከሉ ጋር ተቀናጅተው እየሰሩ ይገኛሉ። ይህ አዲስ መርሃ ግብር በሚቀጥሉት ስድስት ወራት ውስጥ በአካባቢው ያለውን የሥርዓተ ምግብ ግንዛቤ በከፍተኛ ደረጃ እንደሚለውጥ ይጠበቃል። የጤና ማዕከሉ የፋይናንስ ክፍል ለዚህ ፕሮጀክት በጀት የ6 ሚሊዮን ብር መመደቡን እና ስራው በታቀደለት ጊዜ እንደሚጠናቀቅ አረጋግጧል። በከተማዋ የሚገኙ ወላጆች ልጆቻቸውን ሲመግቡ የተለያዩ ቀለማት ያላቸው አትክልቶችን እንዲጠቀሙ በልዩ ሁኔታ እየተመከሩ ይገኛል። የጤና ባለሙያዎች በየወሩ የሚሰጡትን የክትትል ሪፖርት ለክልሉ የጤና ቢሮ በየጊዜው እንደሚያቀርቡም ገልጸዋል። በአጠቃላይ ይህ የጤና ዘመቻ በገጃጅ ከተማ ውስጥ ያለውን የጤና ሁኔታ ለማሻሻል ትልቅ ተስፋ ሰጪ እርምጃ ተደርጎ ተወስዷል።"
summarisation|419#1,summarisation,,health,"ጽሑፉን አንብበህ ዋናውን ሐሳብ በሁለት ወይም ሦስት ዓረፍተ ነገሮች ግለጽ።

ጽሑፍ፡ በደቡብ ኢትዮጵያ በሶፋ መርካቶ ከተማ ውስጥ በሚገኘው የጥቁር አባይ የጤና ተቋም በነሐሴ 5 ቀን 2016 ዓ.ም አዲስ የምግብ አዘልነት ጥናት ይፋ ሆኗል። የጥናቱ መሪ የሆኑት ዶክተር ታደሰ ካሳ በሰጡት ዝርዝር መግለጫ መሰረት በአካባቢው የሚገኙ 80 በመቶ ህፃናት በቂ የብረት ንጥረ ነገር እጥረት እንዳለባቸው ተረጋግጧል። ይህ ችግር በህፃናት የአእምሮ እድገት እና በአጠቃላይ የሰውነት ጥንካሬ ላይ ከፍተኛ አሉታዊ ተጽዕኖ እያሳደረ መሆኑን ጥናቱ ያሳያል። የሶፋ መርካቶ የጤና ተቋም በየቀኑ 300 ህፃናትን በመመዝገብ የአመጋገብ ሁኔታቸውን በቅርብ ለመከታተል እና መፍትሄ ለመስጠት ስራ ጀምሯል። የጤና ተቋሙ የሥራ አስፈፃሚ የሆኑት ወይዘሮ ሳራ መለሰ በሰጡት መግለጫ በየቤቱ የሚገኙ እናቶች ስለ ተመጣጣኝ ምግብ በቂ እውቀት እንዲኖራቸው ማድረግ እንደሚገባ አሳስበዋል። በከተማዋ ውስጥ የሚገኙ 10 ትልልቅ ትምህርት ቤቶች ከጤና ተቋሙ ጋር በመተባበር በየሳምንቱ የጤና ትምህርት ለመስጠት ተስማምተዋል። በፕሮግራሙ ስር የሚካተቱት ዋና ዋና ምግቦች እንደ አረንጓዴ ቅጠላቅጠል እና በቂ ፕሮቲን ያላቸው የጥራጥሬ አይነቶች እና የእንቁላል ምርቶች ናቸው። የጤና ባለሙያዎች በየቀኑ 50 ሰራተኞችን በማሰልጠን ለህዝቡ የተሻለ የምክር አገልግሎት እንዲሰጡ ዝግጅት አድርገዋል። የከተማዋ የንግድ ማህበርም ለዚህ የጤና ዘመቻ የሚያስፈልጉ የአትክልት እና ፍራፍሬ ምርቶችን በቅናሽ ዋጋ ለማቅረብ ቃል ገብቷል። በከተማዋ ውስጥ የሚገኙ 25 የጤና ጣቢያዎች ይህንን አዲስ መመሪያ ተግባራዊ ለማድረግ በሙሉ አቅማቸው እየሰሩ ይገኛሉ። የጤና ተቋሙ የጥናት ቡድን በየሁለት ወሩ የአመጋገብ ሁኔታ መሻሻል መኖሩን የሚያሳይ ሪፖርት ለከተማዋ አስተዳደር ያቀርባል። በክልሉ የሚገኙ 5 የጤና ተቋማትም ይህንን ስኬታማ ሞዴል ወደ ሌሎች አካባቢዎች ለማስፋፋት እቅድ አውጥተዋል። የጤና ባለሙያዎች በየቀኑ ጠዋት በየሰፈሩ በሚገኙ ማህበራዊ ማዕከላት ውስጥ በነፃ የምግብ አዘልነት ስልጠና ይሰጣሉ። ይህ የተቀናጀ ጥረት በሶፋ መርካቶ ከተማ ውስጥ ያለውን የሥርዓተ ምግብ ችግር በሁለት ዓመት ውስጥ ሙሉ በሙሉ ለመቅረፍ ያለመ ነው።"
summarisation|427#0,summarisation,,science,"እባክዎን ይህን ጽሑፍ በአጭሩ ያጠቃልሉ።

Context:
በየቀኑ በቤታችን ውስጥ የምንጠቀማቸው የጽዳት ዕቃዎች በውስጣቸው የተለያዩ የኬሚካል ውህዶች እንዲኖሩን ተደርገው ነው የተሰሩት። ለምሳሌ በሳሙና ውስጥ የሚገኙት ሞለኪውሎች በውሃ እና በዘይት መካከል ያለውን ግንኙነት በማቀላቀል እንዲዋሃዱ ያደርጋሉ። የሳሙናው አወቃቀር በአንድ በኩል ውሃን የሚወድ ሌላኛው በኩል ደግሞ ቅባትን የሚወድ ባህሪ እንዲኖረው ተደርጎ የተፈጠረ ነው። ይህም በቆዳችን ላይ ያለውን አቧራ እና ቅባትን በቀላሉ እንዲያስወግድ ትልቅ እገዛ ያደርጋል። በኩሽና ውስጥ የምንጠቀምባቸው የጽዳት ፈሳሾች ደግሞ ጠንካራ የሆኑ አሲዶችን ወይም ቤዞችን በመጠቀም እድፎችን ያጸዳሉ። እነዚህ ንጥረ ነገሮች በገጽታ ላይ ያሉትን ባክቴሪያዎች እና ጥቃቅን ተህዋሲያን በአግባቡ እንዲያጠፉ ተደርገው የተዘጋጁ ናቸው። በምግብ ዝግጅት ወቅት የምንጠቀምባቸው የሎሚ ጭማቂዎች ደግሞ አሲዳማ ባህሪ ስላላቸው የብረታ ብረት ዕቃዎችን እንዳይዝጉ ይረዳሉ። በምግብ ውስጥ የምንጨምራቸው ጨው እና ሌሎች ቅመሞችም በኬሚካላዊ ሁኔታ የምግብን ጣዕም እና ጥንካሬ ለመቀየር ያገለግላሉ። በቤት ውስጥ የሚፈጠሩ የኬሚካል ለውጦች አብዛኛውን ጊዜ በዝግታ የሚከናወኑ እና ለዕለት ተዕለት ሕይወታችን አስፈላጊ የሆኑ ናቸው። እነዚህን ሂደቶች መረዳት በቤታችን ውስጥ ያለውን ደህንነት ለመጠበቅ እና የጽዳት ዕቃዎችን በአግባቡ ለመጠቀም ይረዳናል። የኬሚካል ውህዶችን ያለ እውቀት መቀላቀል ግን አደገኛ የሆኑ ጋዞች እንዲፈጠሩ ሊያደርግ ስለሚችል ጥንቃቄ ማድረግ ያስፈልጋል። በየቀኑ የምናደርጋቸው ቀላል ተግባራት ሁሉ ከኬሚስትሪ ሳይንስ ጋር ጥብቅ ግንኙነት እንዳላቸው መገንዘብ በጣም አስፈላጊ ነው። ስለዚህ በዙሪያችን ያሉትን ንጥረ ነገሮች ባህሪ ማወቅ ለጤናማ እና አስተማማኝ የቤት ውስጥ አኗኗር መሰረት ነው።"
summarisation|427#1,summarisation,,science,"የሚከተለውን ምንባብ በአጭሩ አጠቃልል፡

በኢትዮጵያ የገጠር እና የከተማ አኗኗር ውስጥ የምንጠቀማቸው የቤት ውስጥ ቁሳቁሶች በኬሚካላዊ ለውጥ ሂደት ውስጥ ያልፋሉ። ለምሳሌ በቤት ውስጥ የሚዘጋጅ የዳቦ ማውጫ ወይም እርሾ በኬሚካላዊ ምላሽ አማካኝነት የዱቄቱን አወቃቀር ይለውጠዋል። እርሾ በውስጡ የያዘው ህይወት ያለው ተህዋሲያን ስኳርን በመመገብ ካርቦን ዳይኦክሳይድ ጋዝ እንዲለቅ ያደርጋሉ። ይህ ጋዝ በዱቄቱ ውስጥ አረፋ እንዲፈጠር በማድረግ ዳቦው እንዲነፋ እና ለስላሳ እንዲሆን ያደርገዋል። በሌላ በኩል በምግብ ዝግጅት ወቅት የምንጠቀምባቸው የሎሚ እና የቫኒላ ውጤቶች የምግቡን አሲዳማነት ለመቀየር ይረዳሉ። በምግብ ውስጥ የሚታዩ የኬሚካል ለውጦች የምግቡን ጣዕም እና የምግብነት ዋጋ ለመጠበቅ ትልቅ ሚና ይጫወታሉ። በቤት ውስጥ የምንጠቀምባቸው የቤት ውስጥ ማጣሪያዎችም የውሃን ጥራት ለመጠበቅ የተለያዩ ኬሚካላዊ ሂደቶችን ይጠቀማሉ። ለምሳሌ በውሃ ውስጥ ያሉትን አላስፈላጊ ጨው እና ብረታ ብረት ለመቀነስ የተለያዩ የማጣሪያ ዘዴዎች ይተገበራሉ። በቤት ውስጥ የሚፈጠሩ የኬሚካል ምላሾች አንዳንዴ ለጥቅም ሲሆኑ አንዳንዴ ደግሞ ለጉዳት ሊዳርጉ ይችላሉ። ለምሳሌ በንጽህና መጠበቂያዎች ውስጥ ያሉ ንጥረ ነገሮች በድንገት ከተቀላቀሉ መርዛማ ጭስ ሊፈጥሩ ይችላሉ። ስለዚህ በቤት ውስጥ ያሉ የኬሚካል ቁሳቁሶችን አጠቃቀም ላይ ከፍተኛ ጥንቃቄ ማድረግ ለቤተሰብ ደህንነት ወሳኝ ነው። የኬሚስትሪ ሳይንስ እውቀት በቤት ውስጥ ያለውን አደጋ ለመቀነስ እና ጠቃሚ ነገሮችን ለመጠቀም ይረዳል። በየቀኑ የምናደርጋቸው የምግብ ዝግጅቶች እና የጽዳት ስራዎች ሁሉ በኬሚስትሪ ህጎች የሚመሩ ናቸው። እነዚህን መሰረታዊ የኬሚካል ለውጦች ማወቅ የዕለት ተዕለት ሕይወታችንን ይበልጥ ቀላል እና አስተማማኝ ያደርገዋል።"
summarisation|431#0,summarisation,,agriculture,"የሚከተለውን ጽሑፍ ዋና ዋና ነጥቦች በመያዝ በ2-3 ዓረፍተ ነገሮች አጠቃልል።

ጽሑፍ፡ የእንስሳት እርባታ ስኬታማ እንዲሆን መጀመሪያ ለእንስሳቱ ተስማሚ የሆነና ንጹህ የሆነ የመኖ ማቅረብ በጣም አስፈላጊና መሰረታዊ ተግባር ነው። የእንስሳት ጤናን ለመጠበቅ በየቀኑ ንጹህ ውሃ ማቅረብና የመኖ ጥራትን በየጊዜው መከታተል ለእንስሳቱ እድገት ትልቅ አስተዋጽኦ ያደርጋል። በቤት ውስጥ የሚገኙ እንስሳት በቂ የአየር ዝውውር በሚኖርበትና ብርሃን በሚያገኝበት ስፍራ መኖራቸው ለጤናማ ህይወት መሰረት ነው። የእንስሳት መጠለያ በቂ የሆነ ሙቀትና ጥላ ሊሰጥ የሚችል እንዲሁም ከዝናብና ከንፋስ ሊከላከል የሚችል መሆን አለበት። በየቀኑ የእንስሳትን አካልና አይኖቻቸውን በመመልከት ለሚመጡ የጤና ችግሮች ቅድመ ጥንቃቄ ማድረግ ለተጋላጭነት ይቀንሳል። በቤት ውስጥ የሚገኙ እንስሳት በሽታ እንዳይይዛቸው ከመኖሪያ ስፍራቸው ጋር አብሮ የሚመጣውን ቆሻሻ በየቀኑ ማስወገድ ይገባል። እንስሳት በቂ እረፍት እንዲያገኙና ሳይረበሹ እንዲኖሩ የተረጋጋ አካባቢ መፍጠር ለምርታማነታቸው ከፍተኛ ጠቀሜታ አለው። በየወቅቱ የሚደረጉ የክትባት ስራዎች እንስሳቱ ከከባድ ተላላፊ በሽታዎች እንዲጠበቁ ለማድረግ ወሳኝ ሚና ይጫወታሉ። የእንስሳትን አመጋገብ ሲቀይሩ በዝግታና በጥንቃቄ ማድረግ ለሆድ ዕቃ ስራቸው ምቹ እንዲሆን ይረዳል። በቤት ውስጥ የሚገኙ እንስሳት በቂ የአካል ብቃት እንቅስቃሴ እንዲያደርጉና እንዳይዝሉ ማድረግ ለጤናቸው አስፈላጊ ነው። የእንስሳትን መኖ መጠንና አይነት እንደየእድሜያቸውና እንደየአይነታቸው ማስተካከል ለተሻለ ውጤት ይረዳል። በየጊዜው የሚደረጉ የጤና ምርመራዎች እንስሳቱ ሳይታመሙ ቀድሞ ለመከላከል የሚያስችሉ ዘዴዎች ናቸው። የእንስሳትን መኖ ማከማቻ ንጹህና እርጥበት የሌለበት መሆኑ ለምግቡ ጥራትና ለእንስሳቱ ደህንነት ወሳኝ ነው። በየቀኑ የሚደረጉ የንጽህና ስራዎች ለእንስሳቱ በሽታ የመከላከል አቅም እንዲኖራቸው ከፍተኛ ድጋፍ ይሰጣሉ።"
summarisation|435#0,summarisation,,news,"የሚከተለውን ምንባብ በአጭሩ አጠቃልል፡

በቅርቡ በሰሜን ኢትዮጵያ በሚገኘው የዝቅተኛ ኮረብታማ አካባቢ በሆነው አዲስ ተስፋ ከተማ ውስጥ ትልቅ የንግድ ማዕከል ግንባታ መጀመሩን የከተማው አስተዳደር በዛሬው ዕለት በሰጠው መግለጫ አረጋግጧል። ይህ ግዙፍ የኢንቨስትመንት ፕሮጀክት በታዋቂው አቢሲኒያ የንግድ ድርጅት አማካኝነት በገንዘብ የሚደገፍ ሲሆን በአጠቃላይ አምስት ቢሊዮን ብር ወጪ የሚጠይቅ ትልቅ ስራ ነው። ፕሮጀክቱ በሚቀጥሉት አምስት ዓመታት ውስጥ ተጠናቆ ለህዝቡ አገልግሎት እንዲሰጥ ታቅዶ የተዘጋጀ ሲሆን በግንባታው ሂደት ውስጥ በሺዎች የሚቆጠሩ ወጣት ሰራተኞች የስራ እድል እንደሚያገኙ ተገልጿል። የድርጅቱ ዋና ስራ አስፈጻሚ አቶ በቀለ ተስፋዬ እንደገለጹት ይህ ማዕከል በአካባቢው ያለውን የንግድ እንቅስቃሴ በማቀላጠፍ ረገድ ትልቅ ሚና ይጫወታል። ማዕከሉ ውስጥ ዘመናዊ የገበያ ማዕከላት በኩል የተለያዩ የሀገር ውስጥ ምርቶች ለደንበኞች እንዲቀርቡ ሰፊ ቦታ ተመድቧል። በተጨማሪም በህንፃው ውስጥ ለተማሪዎችና ለንግድ ባለሙያዎች የሚሆኑ ዘመናዊ የመማሪያና የቢሮ ክፍሎች በከፍተኛ ጥራት እንዲገነቡ ተደርጓል። የከተማው ከንቲባ ወይዘሪት አልማዝ አሰፋ በበኩላቸው ይህ ፕሮጀክት የአካባቢውን ኢኮኖሚ ለማነቃቃትና የከተማዋን ገጽታ ለመቀየር ከፍተኛ አስተዋጽኦ እንደሚኖረው ገልጸዋል። የግንባታው ሂደት በየወሩ የሚከናወኑ የቁጥጥር ስራዎችን ተከትሎ በታቀደለት ጊዜ እንዲጠናቀቅ የከተማው የከተማ መሬት አስተዳደር በቅርበት እንደሚከታተለው ተነግሯል። ፕሮጀክቱ ሲጠናቀቅ በአካባቢው የሚገኙ አነስተኛ ነጋዴዎች ምርቶቻቸውን የሚያስተዋውቁበትና የሚያከፋፍሉበት ሰፊ መድረክ እንደሚሆን ይጠበቃል። የፋይናንስ ባለሙያዎች እንደሚሉት ከሆነ ይህ ኢንቨስትመንት በአካባቢው ያለውን የገንዘብ ዝውውር በማሳደግ የንግድ እንቅስቃሴውን ወደ ላቀ ደረጃ ያሸጋግረዋል። የንግድ ማዕከሉ በውስጡ የባንክ አገልግሎቶችና የቴክኖሎጂ ማዕከላት እንዲኖሩት ታቅዶ የተዘጋጀ ሲሆን ይህም ለንግዱ ዘርፍ ምቹ ሁኔታን ይፈጥራል። በግንባታው ወቅት የሚወጣውን የቆሻሻ ስራ በአግባቡ ለመቆጣጠርም ዘመናዊ የፍሳሽ ማስወገጃ ዘዴዎች ጥቅም ላይ እንዲውሉ ተደርጓል። ይህ ታላቅ ስራ በአካባቢው ያለውን የኑሮ ደረጃ ለማሻሻልና ለወጣቶች የረጅም ጊዜ የስራ እድል ለመፍጠር ያለመ መሆኑ ተመዝግቧል።"
summarisation|435#1,summarisation,,news,"የሚከተለውን ጽሑፍ ዋና ዋና ነጥቦች ብቻ በመያዝ አጭር አድርገህ ግለጽ።

Context:
በምስራቅ አውራጃ በሚገኘው የዝቅታ ሜዳ አካባቢ በታቀቀው አዲስ የግብርና ምርቶች ማከማቻና ማከፋፈያ ማዕከል ላይ የተከናወነው የመጀመሪያ ምዕራፍ ስራ በስኬት መጠናቀቁን የግብርና ሚኒስቴር መግለጫ ሰጥቷል። ይህ ማዕከል በወይዘሮ ዘይነብ አበበ የሚመራው የኢትዮ ዴርብ ኮርፖሬሽን አማካኝነት በሰባት መቶ ሚሊዮን ብር በጀት የተገነባ ሲሆን ለክልሉ አምስት ወረዳዎች አገልግሎት ይሰጣል። ማዕከሉ በውስጡ በዘመናዊ መንገድ የተዘጋጁ የቅዝቃዜ መጋዘኖችና የጥራታቸውን ደረጃ ለመጠበቅ የሚያስችሉ የቴክኖሎጂ መሳሪያዎች ተገጥመውለታል። በባለፈው ዓመት በክልሉ የተመረቱትን የስንዴና የጥራጥሬ ምርቶች በብዛት ለማከማቸትና ለገበያ ለማቅረብ እንዲረዳ ተደርጎ የተነደፈ ነው። የኮርፖሬሽኑ ስራ አስኪያጅ አቶ ታደሰ መኩሪያ እንደገለጹት ማዕከሉ በየዓመቱ ከሃያ ሺህ ቶን በላይ ምርት የመያዝ አቅም አለው። ይህ አዲስ ማዕከል በአካባቢው የሚገኙ አነስተኛ አርሶ አደሮች ምርታቸውን በተሻለ ዋጋ እንዲሸጡና ከብክነት እንዲጠበቁ ያደርጋል። የገበያ መዋቅሩን ለማሻሻልና የምርት ዋጋን ተመጣጣኝ ለማድረግ ማዕከሉ በየሳምንቱ የገበያ መረጃዎችን ለገበሬዎች የሚያደርስበት ስርዓት ተዘርግቷል። በቅርቡ በተከናወነው የሙከራ ሂደት ማዕከሉ የጥራታቸውን ደረጃ የጠበቁ ምርቶችን በብቃት ማከማቸት መቻሉ ተረጋግጧል። የክልሉ የግብርና ባለሙያዎች ማዕከሉ ለክልሉ የምግብ ዋስትና መረጋገጥ ትልቅ ፋይዳ እንዳለው በሰፊው ገልጸዋል። በተጨማሪም ማዕከሉ በውስጡ የግብርና መሣሪያዎች ማከራየያና የዘር ማከፋፈያ ክፍሎች እንዲኖሩት ተደርጎ ተቀርጿል። ይህ ፕሮጀክት በክልሉ ውስጥ ያለውን የግብርና ምርት የንግድ እንቅስቃሴ በማሳደግ የገቢ ምንጭ እንዲሆን ታስቦ የተሰሩ እርምጃዎች ናቸው። የፋይናንስ ተቆጣጣሪዎች እንደገለጹት የፕሮጀክቱ ወጪ በአግባቡ ጥቅም ላይ እንዲውል ጥብቅ ቁጥጥር እየተደረገ ይገኛል። ማዕከሉ በሚቀጥሉት ሁለት ዓመታት ውስጥ ተጨማሪ መጋዘኖችን በመገንባት አቅሙን ለማሳደግ እቅድ አለው።"
summarisation|435#2,summarisation,,news,"የሚከተለውን ጽሑፍ አጠቃልል።

Context:
በምዕራብ ኢትዮጵያ በሚገኘው የሰሜን ሸለቆ አካባቢ በታቀቀው አዲስ የኢንዱስትሪ ፓርክ ውስጥ የመጀመሪያዎቹ አምስት የጨርቃጨርቅ ፋብሪካዎች ስራ መጀመራቸውን የኢንዱስትሪ ልማት ባለስልጣን አስታውቋል። ይህ ፓርክ በባለሀብቱ አቶ ዮናስ ከበደ አማካኝነት በሁለት ቢሊዮን ብር ወጪ የተገነባ ሲሆን በውስጡም ዘመናዊ የማምረቻ መስመሮች ተገጥመዋል። ፋብሪካዎቹ በየቀኑ ከአምስት ሺህ በላይ ሜትር ጨርቅ የማምረት አቅም ያላቸው ሲሆን ይህም ለሀገር ውስጥ ፍላጎት ትልቅ ምላሽ ይሰጣል። የፓርኩ ስራ አስኪያች ወይዘሪት ሳራ መብቴ እንደገለጹት ፋብሪካዎቹ በዓመት ውስጥ ከሁለት ሺህ በላይ ለሚሆኑ ወጣቶች የስራ እድል ይፈጥራሉ። ይህ የኢንዱስትሪ ፓርክ በክልሉ ያለውን የኢኮኖሚ እንቅስቃሴ ለማነቃቃትና የውጭ ምንዛሬ ግኝትን ለማሳደግ ታስቦ የተመሰረተ ነው። ፋብሪካዎቹ የሚያመርቱትን ምርት በብዛት ለሀገር ውስጥ ገበያ የሚያቀርቡ ሲሆን የተወሰነውንም ለጎረቤት ሀገራት ለመላክ እቅድ አላቸው። የፓርኩ መሠረተ ልማት ለፋብሪካዎቹ ምቹ እንዲሆን የኤሌክትሪክና የውሃ አቅርቦት በከፍተኛ አቅም እንዲኖር ተደርጓል። የፋብሪካዎቹ ምርቶች ጥራት ደረጃቸውን የጠበቁ እንዲሆኑ ዘመናዊ የላቦራቶሪ ምርመራ ማዕከላት በፓርኩ ውስጥ ተገንብተዋል። የክልሉ የኢኮኖሚ ባለሙያዎች ይህ ኢንቨስትመንት በአካባቢው ያለውን የንግድ እንቅስቃሴና የከተማዋን እድገት በከፍተኛ ሁኔታ እንደሚቀይረው ገልጸዋል። ፋብሪካዎቹ በየወሩ የሚሰሩትን የሥራ አፈጻጸም ሪፖርት ለባለስልጣኑ የሚያቀርቡ ሲሆን ይህም ምርታማነታቸውን ለመቆጣጠር ይረዳል። በፓርኩ ውስጥ የሚገኙ ሰራተኞች የደህንነትና የጤና ጥበቃ እንዲኖራቸው ሰፊ የጤና ማዕከልና የደህንነት ስልጠናዎች ተዘጋጅተዋል። የኢንዱስትሪ ፓርኩ በውስጡ የሎጂስቲክስና የትራንስፖርት አገልግሎት ሰጪ ድርጅቶች እንዲኖሩት በማድረግ የሥራ ሂደቱን ያቀላጥፋል። ይህ ታላቅ ስራ በክልሉ የኢንዱስትሪ ልማት ውስጥ አዲስ ምዕራፍ እንደሚከፍት ተገልጿል።"
summarisation|439#0,summarisation,,news,"ጽሑፉን አንብበሽ ማጠቃለያውን ጻፊ።

Context:
በሰኔ ፲፪ ቀን በወንጌል ከተማ ስታዲየም በተካሄደው ታላቅ የኳስ ውድድር ውስጥ የብሉ ስታር ክለብ ከቀይ አርማ ክለብ ጋር ለሁለት ሰዓታት ተፋጥሞ ተጫውቷል። በጨዋታው መጀመሪያ ላይ የብሉ ስታር ተጫዋች የሆነው አቶ በቀለ ተስፋዬ በ፲፭ኛው ደቂቃ ላይ የመጀመሪያውን ግብ በማስቆጠር ቡድኑን ወደ መሪነት አድርሷል። የቀይ አርማ ክለብ ተጫዋቾች በጨዋታው መሃል ላይ በከፍተኛ ጥረት በመጫወት በ፲፱ኛው ደቂቃ ላይ እኩል የሚያደርግ ግብ ለማስቆጠር ሞክረው አልተሳካላቸውም። በጨዋታው ሁለተኛ አጋማሽ ላይ የዳኛ ውሳኔ በብሉ ስታር ተጫዋች ላይ የቀይ ካርድ በመስጠቱ ቡድኑ በዘጠኝ ተጫዋቾች ብቻ እንዲቀጥል ተደርጓል። ምንም እንኳን ብሉ ስታር በቁጥር ቢቀንስም በሊቀ መጋቢ አቶ ኃይሌ ገብሬ መሪነት በከፍተኛ ጥንካሬ ተከላካይ መስመሩን በመጠበቅ ላይ ነበር። በ፶፭ኛው ደቂቃ ላይ የብሉ ስታር አማካይ ተጫዋች የሆነው አቶ ታደሰ በቀለ በረጅም ርቀት ኳስ ሁለተኛውን ግብ በማስቆጠር ቡድኑን በሁለት ነጥብ አሳድጎታል። የቀይ አርማ ክለብ ተጫዋቾች በጨዋታው መጨረሻ ላይ በሁለት ተጫዋቾች ብልጫ ቢኖራቸውም የብሉ ስታር ጠንካራ መከላከል ግብ እንዳያገኙ አግዶአቸዋል። በጨዋታው ማጠቃለያ ላይ የብሉ ስታር አሰልጣኝ አቶ መለስ ወልዴ የቡድናቸውን ድል በከፍተኛ ደስታ ገልጸው ለተጫዋቾቻቸው ምስጋና አቅርበዋል። በስታዲየሙ ውስጥ የነበሩት ፳፪ ሺህ ደጋፊዎች በቡድናቸው ድል እያከበሩ በታላቅ ድምፅና ጭብጨባ ጨዋታውን አጠናቅቀዋል። ይህ ድል ብሉ ስታር በሊጉ የነበረውን የነጥብ ልዩነት ወደ አምስት በማድረስ ለሻምፒዮንነት የሚያደርገውን ጉዞ አጠናክሮ እንዲቀጥል አድርጎታል። በቀጣይ ሳምንት በሰኔ ፲፱ ቀን በደስታ ከተማ በሚገኘው አዲስ ሜዳ ከጥቁር ድንቢጥ ክለብ ጋር እንዲፋለም ተቆርጧል። የጨዋታው ውጤት በብሉ ስታር በሁለት ለዜሮ በመገኘት ተጠናቆ ለደጋፊዎች ትልቅ ደስታን ሰጥቷል።"
